{"type":"FeatureCollection","features":[{"type":"Feature","geometry":{"type":"Point","coordinates":[-121.668024,39.893613]},"properties":{"c":1,"p":0.016,"t":0,"k":0}},{"type":"Feature","geometry":{"type":"Point","coordinates":[-121.769548,39.871338]},"properties":{"c":1,"p":0.033,"t":0,"k":0}},{"type":"Feature","geometry":{"type":"Point","coordinates":[-121.777843,39.840355]},"properties":{"c":1,"p":0.0,"t":0,"k":1}},{"type":"Feature","geometry":{"type":"Point","coordinates":[-121.724409,39.944771]},"properties":{"c":1,"p":0.001,"t":0,"k":0}},{"type":"Feature","geometry":{"type":"Point","coordinates":[-121.833151,39.82863]},"properties":{"c":1,"p":0.011,"t":0,"k":0}},{"type":"Feature","geometry":{"type":"Point","coordinates":[-121.704333,39.94797]},"properties":{"c":0,"p":0.992,"t":1,"k":0}},{"type":"Feature","geometry":{"type":"Point","coordinates":[-121.724194,39.944524]},"properties":{"c":1,"p":0.0,"t":0,"k":2}},{"type":"Feature","geometry":{"type":"Point","coordinates":[-121.834164,39.82872]},"properties":{"c":1,"p":0.005,"t":0,"k":0}},{"type":"Feature","geometry":{"type":"Point","coordinates":[-121.724511,39.944997]},"properties":{"c":1,"p":0.001,"t":0,"k":2}},{"type":"Feature","geometry":{"type":"Point","coordinates":[-121.722847,39.943555]},"properties":{"c":1,"p":0.0,"t":0,"k":0}},{"type":"Feature","geometry":{"type":"Point","coordinates":[-121.738586,39.919426]},"properties":{"c":1,"p":0.01,"t":0,"k":2}},{"type":"Feature","geometry":{"type":"Point","coordinates":[-121.834365,39.830306]},"properties":{"c":1,"p":0.045,"t":0,"k":0}},{"type":"Feature","geometry":{"type":"Point","coordinates":[-121.833388,39.830846]},"properties":{"c":1,"p":0.063,"t":0,"k":0}},{"type":"Feature","geometry":{"type":"Point","coordinates":[-121.706646,39.948766]},"properties":{"c":0,"p":0.998,"t":1,"k":0}},{"type":"Feature","geometry":{"type":"Point","coordinates":[-121.832002,39.831241]},"properties":{"c":0,"p":0.992,"t":1,"k":0}},{"type":"Feature","geometry":{"type":"Point","coordinates":[-121.722803,39.943622]},"properties":{"c":1,"p":0.0,"t":0,"k":0}},{"type":"Feature","geometry":{"type":"Point","coordinates":[-121.70677,39.949853]},"properties":{"c":0,"p":0.997,"t":1,"k":0}},{"type":"Feature","geometry":{"type":"Point","coordinates":[-121.711266,39.813493]},"properties":{"c":1,"p":0.001,"t":0,"k":0}},{"type":"Feature","geometry":{"type":"Point","coordinates":[-121.713394,39.930451]},"properties":{"c":0,"p":0.998,"t":1,"k":0}},{"type":"Feature","geometry":{"type":"Point","coordinates":[-121.8311,39.831732]},"properties":{"c":1,"p":0.069,"t":0,"k":0}},{"type":"Feature","geometry":{"type":"Point","coordinates":[-121.705571,39.950577]},"properties":{"c":1,"p":0.165,"t":0,"k":1}},{"type":"Feature","geometry":{"type":"Point","coordinates":[-121.723401,39.915379]},"properties":{"c":2,"p":0.988,"t":2,"k":2,"w":"probability 0.99; inspector graded it Affected (1-10%): damaged, not destroyed; most neighbours within 50 m were destroyed (2 of 2); green cover around it before the fire (pre-fire NDVI 0.58)"}},{"type":"Feature","geometry":{"type":"Point","coordinates":[-121.895838,40.313792]},"properties":{"c":1,"p":0.003,"t":0,"k":1}},{"type":"Feature","geometry":{"type":"Point","coordinates":[-121.722609,39.943711]},"properties":{"c":1,"p":0.001,"t":0,"k":2}},{"type":"Feature","geometry":{"type":"Point","coordinates":[-121.723284,39.915128]},"properties":{"c":0,"p":0.997,"t":1,"k":2}},{"type":"Feature","geometry":{"type":"Point","coordinates":[-121.707338,39.949103]},"properties":{"c":0,"p":0.998,"t":1,"k":2}},{"type":"Feature","geometry":{"type":"Point","coordinates":[-121.828188,39.83112]},"properties":{"c":1,"p":0.08,"t":0,"k":0}},{"type":"Feature","geometry":{"type":"Point","coordinates":[-121.702718,39.845519]},"properties":{"c":0,"p":0.988,"t":1,"k":2}},{"type":"Feature","geometry":{"type":"Point","coordinates":[-121.722994,39.94376]},"properties":{"c":1,"p":0.0,"t":0,"k":2}},{"type":"Feature","geometry":{"type":"Point","coordinates":[-121.895818,40.31396]},"properties":{"c":1,"p":0.003,"t":0,"k":2}},{"type":"Feature","geometry":{"type":"Point","coordinates":[-121.723193,39.918167]},"properties":{"c":0,"p":0.991,"t":1,"k":0}},{"type":"Feature","geometry":{"type":"Point","coordinates":[-121.895447,40.313932]},"properties":{"c":1,"p":0.002,"t":0,"k":2}},{"type":"Feature","geometry":{"type":"Point","coordinates":[-121.702354,39.845638]},"properties":{"c":3,"p":0.643,"t":1,"k":2,"w":"probability 0.64; a minor structure (shed or outbuilding) in the inspection record"}},{"type":"Feature","geometry":{"type":"Point","coordinates":[-121.723547,39.943451]},"properties":{"c":1,"p":0.001,"t":0,"k":0}},{"type":"Feature","geometry":{"type":"Point","coordinates":[-121.723559,39.943487]},"properties":{"c":1,"p":0.002,"t":0,"k":2}},{"type":"Feature","geometry":{"type":"Point","coordinates":[-121.723304,39.918054]},"properties":{"c":2,"p":0.987,"t":2,"k":2,"w":"probability 0.99; inspector graded it Affected (1-10%): damaged, not destroyed; most neighbours within 50 m were destroyed (3 of 3); green cover around it before the fire (pre-fire NDVI 0.59)"}},{"type":"Feature","geometry":{"type":"Point","coordinates":[-121.830026,39.829447]},"properties":{"c":1,"p":0.01,"t":0,"k":0}},{"type":"Feature","geometry":{"type":"Point","coordinates":[-121.895178,40.313844]},"properties":{"c":1,"p":0.001,"t":0,"k":1}},{"type":"Feature","geometry":{"type":"Point","coordinates":[-121.723347,39.94334]},"properties":{"c":1,"p":0.001,"t":0,"k":2}},{"type":"Feature","geometry":{"type":"Point","coordinates":[-121.70912,39.851462]},"properties":{"c":0,"p":0.972,"t":1,"k":0}},{"type":"Feature","geometry":{"type":"Point","coordinates":[-121.828092,39.829077]},"properties":{"c":1,"p":0.04,"t":0,"k":0}},{"type":"Feature","geometry":{"type":"Point","coordinates":[-121.722827,39.915349]},"properties":{"c":0,"p":0.987,"t":1,"k":0}},{"type":"Feature","geometry":{"type":"Point","coordinates":[-121.723304,39.941525]},"properties":{"c":1,"p":0.0,"t":0,"k":0}},{"type":"Feature","geometry":{"type":"Point","coordinates":[-121.894618,40.313566]},"properties":{"c":1,"p":0.006,"t":0,"k":3}},{"type":"Feature","geometry":{"type":"Point","coordinates":[-121.616171,40.038385]},"properties":{"c":1,"p":0.002,"t":0,"k":0}},{"type":"Feature","geometry":{"type":"Point","coordinates":[-121.723266,39.918727]},"properties":{"c":2,"p":0.98,"t":0,"k":2,"w":"probability 0.98; green cover around it before the fire (pre-fire NDVI 0.69)"}},{"type":"Feature","geometry":{"type":"Point","coordinates":[-121.828855,39.829195]},"properties":{"c":1,"p":0.111,"t":0,"k":2}},{"type":"Feature","geometry":{"type":"Point","coordinates":[-121.616119,40.038559]},"properties":{"c":1,"p":0.008,"t":0,"k":0}},{"type":"Feature","geometry":{"type":"Point","coordinates":[-121.723162,39.920421]},"properties":{"c":1,"p":0.231,"t":0,"k":0}},{"type":"Feature","geometry":{"type":"Point","coordinates":[-121.723212,39.941247]},"properties":{"c":1,"p":0.0,"t":0,"k":0}},{"type":"Feature","geometry":{"type":"Point","coordinates":[-121.893858,40.313168]},"properties":{"c":1,"p":0.003,"t":0,"k":2}},{"type":"Feature","geometry":{"type":"Point","coordinates":[-121.822925,40.309473]},"properties":{"c":1,"p":0.834,"t":0,"k":0}},{"type":"Feature","geometry":{"type":"Point","coordinates":[-121.702125,39.844517]},"properties":{"c":0,"p":0.997,"t":1,"k":0}},{"type":"Feature","geometry":{"type":"Point","coordinates":[-121.823258,40.309385]},"properties":{"c":1,"p":0.354,"t":0,"k":2}},{"type":"Feature","geometry":{"type":"Point","coordinates":[-121.89494,40.313351]},"properties":{"c":1,"p":0.001,"t":0,"k":2}},{"type":"Feature","geometry":{"type":"Point","coordinates":[-121.776596,39.839872]},"properties":{"c":1,"p":0.015,"t":0,"k":2}},{"type":"Feature","geometry":{"type":"Point","coordinates":[-121.79955,40.293386]},"properties":{"c":1,"p":0.78,"t":0,"k":0}},{"type":"Feature","geometry":{"type":"Point","coordinates":[-121.701737,39.845331]},"properties":{"c":1,"p":0.698,"t":0,"k":2}},{"type":"Feature","geometry":{"type":"Point","coordinates":[-121.701644,39.845428]},"properties":{"c":1,"p":0.263,"t":0,"k":2}},{"type":"Feature","geometry":{"type":"Point","coordinates":[-121.732344,40.00794]},"properties":{"c":0,"p":0.998,"t":1,"k":2}},{"type":"Feature","geometry":{"type":"Point","coordinates":[-121.799333,40.293947]},"properties":{"c":0,"p":0.997,"t":1,"k":2}},{"type":"Feature","geometry":{"type":"Point","coordinates":[-121.896865,40.314982]},"properties":{"c":1,"p":0.046,"t":0,"k":0}},{"type":"Feature","geometry":{"type":"Point","coordinates":[-121.732169,40.008421]},"properties":{"c":0,"p":0.998,"t":1,"k":2}},{"type":"Feature","geometry":{"type":"Point","coordinates":[-121.896266,40.310829]},"properties":{"c":1,"p":0.785,"t":2,"k":4}},{"type":"Feature","geometry":{"type":"Point","coordinates":[-121.820303,39.829333]},"properties":{"c":1,"p":0.831,"t":2,"k":2}},{"type":"Feature","geometry":{"type":"Point","coordinates":[-121.800632,40.298122]},"properties":{"c":0,"p":0.997,"t":1,"k":0}},{"type":"Feature","geometry":{"type":"Point","coordinates":[-121.72637,40.010798]},"properties":{"c":0,"p":0.969,"t":1,"k":0}},{"type":"Feature","geometry":{"type":"Point","coordinates":[-121.776852,39.839751]},"properties":{"c":1,"p":0.004,"t":0,"k":2}},{"type":"Feature","geometry":{"type":"Point","coordinates":[-121.974375,40.160868]},"properties":{"c":1,"p":0.011,"t":0,"k":0}},{"type":"Feature","geometry":{"type":"Point","coordinates":[-121.800435,40.298165]},"properties":{"c":0,"p":0.996,"t":1,"k":2}},{"type":"Feature","geometry":{"type":"Point","coordinates":[-121.716163,40.013562]},"properties":{"c":0,"p":0.991,"t":1,"k":0}},{"type":"Feature","geometry":{"type":"Point","coordinates":[-121.777083,39.839831]},"properties":{"c":1,"p":0.002,"t":0,"k":0}},{"type":"Feature","geometry":{"type":"Point","coordinates":[-121.943182,40.341549]},"properties":{"c":1,"p":0.221,"t":0,"k":2}},{"type":"Feature","geometry":{"type":"Point","coordinates":[-121.974159,40.160576]},"properties":{"c":1,"p":0.05,"t":0,"k":2}},{"type":"Feature","geometry":{"type":"Point","coordinates":[-121.68474,39.87272]},"properties":{"c":1,"p":0.004,"t":0,"k":2}},{"type":"Feature","geometry":{"type":"Point","coordinates":[-121.777114,39.840066]},"properties":{"c":1,"p":0.002,"t":0,"k":2}},{"type":"Feature","geometry":{"type":"Point","coordinates":[-121.738789,39.917882]},"properties":{"c":0,"p":0.992,"t":1,"k":0}},{"type":"Feature","geometry":{"type":"Point","coordinates":[-121.943742,40.341439]},"properties":{"c":1,"p":0.853,"t":0,"k":2}},{"type":"Feature","geometry":{"type":"Point","coordinates":[-121.736472,39.90513]},"properties":{"c":2,"p":0.978,"t":0,"k":0,"w":"probability 0.98; green cover around it before the fire (pre-fire NDVI 0.54)"}},{"type":"Feature","geometry":{"type":"Point","coordinates":[-121.776861,39.840179]},"properties":{"c":1,"p":0.003,"t":0,"k":2}},{"type":"Feature","geometry":{"type":"Point","coordinates":[-121.618339,40.037918]},"properties":{"c":1,"p":0.08,"t":0,"k":0}},{"type":"Feature","geometry":{"type":"Point","coordinates":[-121.760172,39.883157]},"properties":{"c":0,"p":0.999,"t":1,"k":0}},{"type":"Feature","geometry":{"type":"Point","coordinates":[-121.724701,39.936751]},"properties":{"c":1,"p":0.0,"t":0,"k":0}},{"type":"Feature","geometry":{"type":"Point","coordinates":[-121.618342,40.037589]},"properties":{"c":1,"p":0.013,"t":0,"k":2}},{"type":"Feature","geometry":{"type":"Point","coordinates":[-121.759037,39.883955]},"properties":{"c":0,"p":0.971,"t":1,"k":2}},{"type":"Feature","geometry":{"type":"Point","coordinates":[-121.745938,39.896459]},"properties":{"c":1,"p":0.037,"t":0,"k":0}},{"type":"Feature","geometry":{"type":"Point","coordinates":[-121.77712,39.8403]},"properties":{"c":1,"p":0.002,"t":0,"k":0}},{"type":"Feature","geometry":{"type":"Point","coordinates":[-121.728772,39.933289]},"properties":{"c":1,"p":0.001,"t":0,"k":0}},{"type":"Feature","geometry":{"type":"Point","coordinates":[-121.77745,39.840349]},"properties":{"c":1,"p":0.002,"t":0,"k":2}},{"type":"Feature","geometry":{"type":"Point","coordinates":[-121.61849,40.037981]},"properties":{"c":1,"p":0.104,"t":0,"k":2}},{"type":"Feature","geometry":{"type":"Point","coordinates":[-121.759085,39.883998]},"properties":{"c":0,"p":0.971,"t":1,"k":2}},{"type":"Feature","geometry":{"type":"Point","coordinates":[-121.727975,39.933597]},"properties":{"c":1,"p":0.0,"t":0,"k":1}},{"type":"Feature","geometry":{"type":"Point","coordinates":[-121.745762,39.897012]},"properties":{"c":0,"p":0.971,"t":1,"k":0}},{"type":"Feature","geometry":{"type":"Point","coordinates":[-121.618446,40.03808]},"properties":{"c":1,"p":0.047,"t":0,"k":2}},{"type":"Feature","geometry":{"type":"Point","coordinates":[-121.777318,39.840458]},"properties":{"c":1,"p":0.002,"t":0,"k":2}},{"type":"Feature","geometry":{"type":"Point","coordinates":[-121.730516,39.93356]},"properties":{"c":1,"p":0.001,"t":0,"k":2}},{"type":"Feature","geometry":{"type":"Point","coordinates":[-121.901602,40.344772]},"properties":{"c":0,"p":0.989,"t":1,"k":2}},{"type":"Feature","geometry":{"type":"Point","coordinates":[-121.754661,39.887659]},"properties":{"c":0,"p":0.985,"t":1,"k":4}},{"type":"Feature","geometry":{"type":"Point","coordinates":[-121.740605,39.919407]},"properties":{"c":1,"p":0.013,"t":0,"k":0}},{"type":"Feature","geometry":{"type":"Point","coordinates":[-121.731055,39.933666]},"properties":{"c":1,"p":0.0,"t":0,"k":2}},{"type":"Feature","geometry":{"type":"Point","coordinates":[-121.682145,39.886418]},"properties":{"c":0,"p":0.99,"t":1,"k":0}},{"type":"Feature","geometry":{"type":"Point","coordinates":[-121.75574,39.886388]},"properties":{"c":0,"p":0.995,"t":1,"k":0}},{"type":"Feature","geometry":{"type":"Point","coordinates":[-121.73675,39.918218]},"properties":{"c":1,"p":0.378,"t":0,"k":2}},{"type":"Feature","geometry":{"type":"Point","coordinates":[-121.912218,40.339784]},"properties":{"c":1,"p":0.062,"t":0,"k":0}},{"type":"Feature","geometry":{"type":"Point","coordinates":[-121.73324,39.933975]},"properties":{"c":1,"p":0.001,"t":0,"k":0}},{"type":"Feature","geometry":{"type":"Point","coordinates":[-121.679636,39.887216]},"properties":{"c":1,"p":0.001,"t":0,"k":0}},{"type":"Feature","geometry":{"type":"Point","coordinates":[-121.679616,39.887484]},"properties":{"c":1,"p":0.003,"t":0,"k":2}},{"type":"Feature","geometry":{"type":"Point","coordinates":[-121.739243,39.916653]},"properties":{"c":0,"p":0.998,"t":1,"k":0}},{"type":"Feature","geometry":{"type":"Point","coordinates":[-121.912169,40.348846]},"properties":{"c":0,"p":0.948,"t":1,"k":2}},{"type":"Feature","geometry":{"type":"Point","coordinates":[-121.777609,39.840211]},"properties":{"c":1,"p":0.001,"t":0,"k":2}},{"type":"Feature","geometry":{"type":"Point","coordinates":[-121.730952,39.941418]},"properties":{"c":1,"p":0.0,"t":0,"k":0}},{"type":"Feature","geometry":{"type":"Point","coordinates":[-121.943794,40.341575]},"properties":{"c":3,"p":0.649,"t":1,"k":2,"w":"probability 0.65; a minor structure (shed or outbuilding) in the inspection record"}},{"type":"Feature","geometry":{"type":"Point","coordinates":[-121.682966,39.885804]},"properties":{"c":0,"p":0.995,"t":1,"k":0}},{"type":"Feature","geometry":{"type":"Point","coordinates":[-121.777603,39.840163]},"properties":{"c":1,"p":0.001,"t":0,"k":2}},{"type":"Feature","geometry":{"type":"Point","coordinates":[-121.712796,39.921891]},"properties":{"c":0,"p":0.997,"t":1,"k":0}},{"type":"Feature","geometry":{"type":"Point","coordinates":[-121.729779,39.937064]},"properties":{"c":1,"p":0.0,"t":0,"k":0}},{"type":"Feature","geometry":{"type":"Point","coordinates":[-121.755648,39.887862]},"properties":{"c":1,"p":0.075,"t":0,"k":0}},{"type":"Feature","geometry":{"type":"Point","coordinates":[-121.720391,40.020607]},"properties":{"c":2,"p":0.985,"t":0,"k":2,"w":"probability 0.99; most neighbours within 50 m were destroyed (2 of 2)"}},{"type":"Feature","geometry":{"type":"Point","coordinates":[-121.75545,39.888038]},"properties":{"c":1,"p":0.085,"t":0,"k":2}},{"type":"Feature","geometry":{"type":"Point","coordinates":[-121.759139,39.884849]},"properties":{"c":1,"p":0.168,"t":0,"k":0}},{"type":"Feature","geometry":{"type":"Point","coordinates":[-121.777624,39.84011]},"properties":{"c":1,"p":0.001,"t":0,"k":2}},{"type":"Feature","geometry":{"type":"Point","coordinates":[-121.684072,39.872407]},"properties":{"c":1,"p":0.003,"t":0,"k":0}},{"type":"Feature","geometry":{"type":"Point","coordinates":[-121.729637,39.937297]},"properties":{"c":1,"p":0.001,"t":0,"k":2}},{"type":"Feature","geometry":{"type":"Point","coordinates":[-121.777623,39.84005]},"properties":{"c":1,"p":0.001,"t":0,"k":2}},{"type":"Feature","geometry":{"type":"Point","coordinates":[-121.924883,40.374023]},"properties":{"c":1,"p":0.011,"t":0,"k":0}},{"type":"Feature","geometry":{"type":"Point","coordinates":[-121.680102,39.885034]},"properties":{"c":1,"p":0.001,"t":0,"k":0}},{"type":"Feature","geometry":{"type":"Point","coordinates":[-121.755568,39.888066]},"properties":{"c":1,"p":0.092,"t":0,"k":2}},{"type":"Feature","geometry":{"type":"Point","coordinates":[-121.679294,39.886089]},"properties":{"c":1,"p":0.002,"t":0,"k":0}},{"type":"Feature","geometry":{"type":"Point","coordinates":[-121.727974,39.937182]},"properties":{"c":1,"p":0.002,"t":0,"k":2}},{"type":"Feature","geometry":{"type":"Point","coordinates":[-121.777629,39.839989]},"properties":{"c":1,"p":0.001,"t":0,"k":2}},{"type":"Feature","geometry":{"type":"Point","coordinates":[-121.679142,39.886354]},"properties":{"c":1,"p":0.0,"t":0,"k":2}},{"type":"Feature","geometry":{"type":"Point","coordinates":[-121.947489,40.34476]},"properties":{"c":1,"p":0.343,"t":0,"k":4}},{"type":"Feature","geometry":{"type":"Point","coordinates":[-121.92394,40.37517]},"properties":{"c":1,"p":0.021,"t":0,"k":2}},{"type":"Feature","geometry":{"type":"Point","coordinates":[-121.711854,39.961818]},"properties":{"c":1,"p":0.219,"t":0,"k":1}},{"type":"Feature","geometry":{"type":"Point","coordinates":[-121.728027,39.93711]},"properties":{"c":1,"p":0.001,"t":0,"k":0}},{"type":"Feature","geometry":{"type":"Point","coordinates":[-121.945025,40.346129]},"properties":{"c":1,"p":0.153,"t":0,"k":2}},{"type":"Feature","geometry":{"type":"Point","coordinates":[-121.902257,40.344538]},"properties":{"c":1,"p":0.075,"t":0,"k":0}},{"type":"Feature","geometry":{"type":"Point","coordinates":[-121.923489,40.373553]},"properties":{"c":1,"p":0.019,"t":0,"k":2}},{"type":"Feature","geometry":{"type":"Point","coordinates":[-121.777659,39.839831]},"properties":{"c":1,"p":0.002,"t":0,"k":2}},{"type":"Feature","geometry":{"type":"Point","coordinates":[-121.727979,39.936882]},"properties":{"c":1,"p":0.002,"t":0,"k":2}},{"type":"Feature","geometry":{"type":"Point","coordinates":[-121.945008,40.34617]},"properties":{"c":1,"p":0.055,"t":0,"k":2}},{"type":"Feature","geometry":{"type":"Point","coordinates":[-121.777663,39.839754]},"properties":{"c":1,"p":0.001,"t":0,"k":2}},{"type":"Feature","geometry":{"type":"Point","coordinates":[-121.734651,39.932626]},"properties":{"c":1,"p":0.001,"t":0,"k":0}},{"type":"Feature","geometry":{"type":"Point","coordinates":[-121.726661,39.93769]},"properties":{"c":1,"p":0.0,"t":0,"k":0}},{"type":"Feature","geometry":{"type":"Point","coordinates":[-121.720266,40.027321]},"properties":{"c":1,"p":0.83,"t":0,"k":0}},{"type":"Feature","geometry":{"type":"Point","coordinates":[-121.679815,39.887875]},"properties":{"c":1,"p":0.012,"t":0,"k":0}},{"type":"Feature","geometry":{"type":"Point","coordinates":[-121.735747,39.932491]},"properties":{"c":1,"p":0.001,"t":0,"k":0}},{"type":"Feature","geometry":{"type":"Point","coordinates":[-121.777657,39.839673]},"properties":{"c":1,"p":0.001,"t":0,"k":2}},{"type":"Feature","geometry":{"type":"Point","coordinates":[-121.726588,39.937832]},"properties":{"c":1,"p":0.0,"t":0,"k":2}},{"type":"Feature","geometry":{"type":"Point","coordinates":[-121.726815,39.937898]},"properties":{"c":1,"p":0.001,"t":0,"k":2}},{"type":"Feature","geometry":{"type":"Point","coordinates":[-121.679594,39.887784]},"properties":{"c":1,"p":0.002,"t":0,"k":0}},{"type":"Feature","geometry":{"type":"Point","coordinates":[-121.736357,39.932213]},"properties":{"c":1,"p":0.001,"t":0,"k":0}},{"type":"Feature","geometry":{"type":"Point","coordinates":[-121.777652,39.839607]},"properties":{"c":1,"p":0.001,"t":0,"k":2}},{"type":"Feature","geometry":{"type":"Point","coordinates":[-121.743145,39.898993]},"properties":{"c":0,"p":0.998,"t":1,"k":2}},{"type":"Feature","geometry":{"type":"Point","coordinates":[-121.725741,39.937841]},"properties":{"c":1,"p":0.002,"t":0,"k":0}},{"type":"Feature","geometry":{"type":"Point","coordinates":[-121.720623,40.024475]},"properties":{"c":1,"p":0.439,"t":0,"k":0}},{"type":"Feature","geometry":{"type":"Point","coordinates":[-121.725751,39.937996]},"properties":{"c":1,"p":0.001,"t":0,"k":2}},{"type":"Feature","geometry":{"type":"Point","coordinates":[-121.777677,39.839571]},"properties":{"c":1,"p":0.001,"t":0,"k":2}},{"type":"Feature","geometry":{"type":"Point","coordinates":[-121.720738,40.020837]},"properties":{"c":0,"p":0.995,"t":1,"k":0}},{"type":"Feature","geometry":{"type":"Point","coordinates":[-121.681538,39.883687]},"properties":{"c":1,"p":0.003,"t":0,"k":2}},{"type":"Feature","geometry":{"type":"Point","coordinates":[-121.777678,39.839521]},"properties":{"c":1,"p":0.001,"t":0,"k":2}},{"type":"Feature","geometry":{"type":"Point","coordinates":[-121.724957,39.937993]},"properties":{"c":1,"p":0.0,"t":0,"k":0}},{"type":"Feature","geometry":{"type":"Point","coordinates":[-121.724492,40.024884]},"properties":{"c":0,"p":0.991,"t":1,"k":0}},{"type":"Feature","geometry":{"type":"Point","coordinates":[-121.729222,39.93723]},"properties":{"c":1,"p":0.0,"t":0,"k":2}},{"type":"Feature","geometry":{"type":"Point","coordinates":[-121.777531,39.83959]},"properties":{"c":1,"p":0.001,"t":0,"k":2}},{"type":"Feature","geometry":{"type":"Point","coordinates":[-121.720375,40.020434]},"properties":{"c":0,"p":0.992,"t":1,"k":0}},{"type":"Feature","geometry":{"type":"Point","coordinates":[-121.728584,39.937343]},"properties":{"c":1,"p":0.001,"t":0,"k":2}},{"type":"Feature","geometry":{"type":"Point","coordinates":[-121.682046,39.883558]},"properties":{"c":1,"p":0.01,"t":0,"k":0}},{"type":"Feature","geometry":{"type":"Point","coordinates":[-121.708117,39.938601]},"properties":{"c":0,"p":0.996,"t":1,"k":0}},{"type":"Feature","geometry":{"type":"Point","coordinates":[-121.728274,39.937209]},"properties":{"c":1,"p":0.0,"t":0,"k":2}},{"type":"Feature","geometry":{"type":"Point","coordinates":[-121.895898,40.312897]},"properties":{"c":1,"p":0.008,"t":0,"k":1}},{"type":"Feature","geometry":{"type":"Point","coordinates":[-121.777521,39.839525]},"properties":{"c":1,"p":0.001,"t":0,"k":2}},{"type":"Feature","geometry":{"type":"Point","coordinates":[-121.895321,40.3126]},"properties":{"c":1,"p":0.006,"t":0,"k":1}},{"type":"Feature","geometry":{"type":"Point","coordinates":[-121.680063,39.88368]},"properties":{"c":1,"p":0.002,"t":0,"k":0}},{"type":"Feature","geometry":{"type":"Point","coordinates":[-121.895167,40.312401]},"properties":{"c":1,"p":0.017,"t":0,"k":1}},{"type":"Feature","geometry":{"type":"Point","coordinates":[-121.726808,39.937279]},"properties":{"c":1,"p":0.001,"t":0,"k":0}},{"type":"Feature","geometry":{"type":"Point","coordinates":[-121.894916,40.312374]},"properties":{"c":1,"p":0.021,"t":0,"k":1}},{"type":"Feature","geometry":{"type":"Point","coordinates":[-121.680139,39.883821]},"properties":{"c":1,"p":0.0,"t":0,"k":2}},{"type":"Feature","geometry":{"type":"Point","coordinates":[-121.777532,39.839646]},"properties":{"c":1,"p":0.001,"t":0,"k":2}},{"type":"Feature","geometry":{"type":"Point","coordinates":[-121.72713,39.936821]},"properties":{"c":1,"p":0.001,"t":0,"k":2}},{"type":"Feature","geometry":{"type":"Point","coordinates":[-121.706747,39.940058]},"properties":{"c":0,"p":0.999,"t":1,"k":2}},{"type":"Feature","geometry":{"type":"Point","coordinates":[-121.743412,39.899766]},"properties":{"c":0,"p":0.998,"t":1,"k":0}},{"type":"Feature","geometry":{"type":"Point","coordinates":[-121.756275,39.887149]},"properties":{"c":1,"p":0.438,"t":0,"k":0}},{"type":"Feature","geometry":{"type":"Point","coordinates":[-121.725634,39.937213]},"properties":{"c":1,"p":0.001,"t":0,"k":0}},{"type":"Feature","geometry":{"type":"Point","coordinates":[-121.706089,39.941734]},"properties":{"c":0,"p":0.999,"t":1,"k":2}},{"type":"Feature","geometry":{"type":"Point","coordinates":[-121.781113,39.83932]},"properties":{"c":1,"p":0.006,"t":0,"k":2}},{"type":"Feature","geometry":{"type":"Point","coordinates":[-121.743074,39.89928]},"properties":{"c":0,"p":0.997,"t":1,"k":2}},{"type":"Feature","geometry":{"type":"Point","coordinates":[-121.756559,39.887392]},"properties":{"c":1,"p":0.586,"t":0,"k":0}},{"type":"Feature","geometry":{"type":"Point","coordinates":[-121.725535,39.937283]},"properties":{"c":1,"p":0.0,"t":0,"k":2}},{"type":"Feature","geometry":{"type":"Point","coordinates":[-121.780974,39.839314]},"properties":{"c":1,"p":0.003,"t":0,"k":2}},{"type":"Feature","geometry":{"type":"Point","coordinates":[-121.72391,40.022388]},"properties":{"c":0,"p":0.992,"t":1,"k":0}},{"type":"Feature","geometry":{"type":"Point","coordinates":[-121.756374,39.887541]},"properties":{"c":1,"p":0.075,"t":0,"k":0}},{"type":"Feature","geometry":{"type":"Point","coordinates":[-121.666404,39.895416]},"properties":{"c":1,"p":0.001,"t":0,"k":0}},{"type":"Feature","geometry":{"type":"Point","coordinates":[-121.725522,39.937139]},"properties":{"c":1,"p":0.0,"t":0,"k":2}},{"type":"Feature","geometry":{"type":"Point","coordinates":[-121.780604,39.839359]},"properties":{"c":1,"p":0.003,"t":0,"k":2}},{"type":"Feature","geometry":{"type":"Point","coordinates":[-121.725151,39.937759]},"properties":{"c":1,"p":0.001,"t":0,"k":2}},{"type":"Feature","geometry":{"type":"Point","coordinates":[-121.666351,39.895479]},"properties":{"c":1,"p":0.001,"t":0,"k":2}},{"type":"Feature","geometry":{"type":"Point","coordinates":[-121.780599,39.839262]},"properties":{"c":1,"p":0.014,"t":0,"k":2}},{"type":"Feature","geometry":{"type":"Point","coordinates":[-121.731919,39.929492]},"properties":{"c":1,"p":0.001,"t":0,"k":2}},{"type":"Feature","geometry":{"type":"Point","coordinates":[-121.719534,40.032903]},"properties":{"c":0,"p":0.997,"t":1,"k":0}},{"type":"Feature","geometry":{"type":"Point","coordinates":[-121.732868,39.922314]},"properties":{"c":1,"p":0.003,"t":2,"k":0}},{"type":"Feature","geometry":{"type":"Point","coordinates":[-121.732237,39.92787]},"properties":{"c":1,"p":0.001,"t":0,"k":0}},{"type":"Feature","geometry":{"type":"Point","coordinates":[-121.666393,39.895461]},"properties":{"c":1,"p":0.001,"t":0,"k":2}},{"type":"Feature","geometry":{"type":"Point","coordinates":[-121.732353,39.922369]},"properties":{"c":1,"p":0.054,"t":0,"k":2}},{"type":"Feature","geometry":{"type":"Point","coordinates":[-121.73289,39.927856]},"properties":{"c":1,"p":0.0,"t":0,"k":0}},{"type":"Feature","geometry":{"type":"Point","coordinates":[-121.780712,39.839471]},"properties":{"c":1,"p":0.004,"t":0,"k":2}},{"type":"Feature","geometry":{"type":"Point","coordinates":[-121.676811,39.890767]},"properties":{"c":1,"p":0.001,"t":0,"k":0}},{"type":"Feature","geometry":{"type":"Point","coordinates":[-121.719428,40.02803]},"properties":{"c":0,"p":0.99,"t":1,"k":2}},{"type":"Feature","geometry":{"type":"Point","coordinates":[-121.733007,39.928133]},"properties":{"c":1,"p":0.0,"t":0,"k":2}},{"type":"Feature","geometry":{"type":"Point","coordinates":[-121.780578,39.839472]},"properties":{"c":1,"p":0.003,"t":0,"k":2}},{"type":"Feature","geometry":{"type":"Point","coordinates":[-121.732129,39.921371]},"properties":{"c":1,"p":0.39,"t":0,"k":0}},{"type":"Feature","geometry":{"type":"Point","coordinates":[-121.677054,39.890622]},"properties":{"c":1,"p":0.003,"t":0,"k":2}},{"type":"Feature","geometry":{"type":"Point","coordinates":[-121.731948,39.929225]},"properties":{"c":1,"p":0.0,"t":0,"k":0}},{"type":"Feature","geometry":{"type":"Point","coordinates":[-121.780209,39.839296]},"properties":{"c":1,"p":0.003,"t":0,"k":0}},{"type":"Feature","geometry":{"type":"Point","coordinates":[-121.733899,39.921047]},"properties":{"c":0,"p":0.995,"t":1,"k":0}},{"type":"Feature","geometry":{"type":"Point","coordinates":[-121.677936,39.890545]},"properties":{"c":1,"p":0.007,"t":0,"k":0}},{"type":"Feature","geometry":{"type":"Point","coordinates":[-121.73404,39.920697]},"properties":{"c":0,"p":0.994,"t":1,"k":0}},{"type":"Feature","geometry":{"type":"Point","coordinates":[-121.732609,39.928561]},"properties":{"c":1,"p":0.001,"t":0,"k":0}},{"type":"Feature","geometry":{"type":"Point","coordinates":[-121.780648,39.839824]},"properties":{"c":1,"p":0.002,"t":0,"k":4}},{"type":"Feature","geometry":{"type":"Point","coordinates":[-121.677306,39.890578]},"properties":{"c":1,"p":0.002,"t":0,"k":2}},{"type":"Feature","geometry":{"type":"Point","coordinates":[-121.719705,40.028031]},"properties":{"c":3,"p":0.878,"t":1,"k":0,"w":"probability 0.878, just under the 0.88 cut; green cover around it before the fire (pre-fire NDVI 0.62)"}},{"type":"Feature","geometry":{"type":"Point","coordinates":[-121.733874,39.920687]},"properties":{"c":0,"p":0.996,"t":1,"k":2}},{"type":"Feature","geometry":{"type":"Point","coordinates":[-121.732962,39.928308]},"properties":{"c":1,"p":0.001,"t":0,"k":2}},{"type":"Feature","geometry":{"type":"Point","coordinates":[-121.678772,39.889584]},"properties":{"c":1,"p":0.003,"t":0,"k":2}},{"type":"Feature","geometry":{"type":"Point","coordinates":[-121.779483,39.839903]},"properties":{"c":1,"p":0.002,"t":0,"k":1}},{"type":"Feature","geometry":{"type":"Point","coordinates":[-121.726413,39.945909]},"properties":{"c":1,"p":0.001,"t":0,"k":2}},{"type":"Feature","geometry":{"type":"Point","coordinates":[-121.733916,39.919924]},"properties":{"c":1,"p":0.07,"t":0,"k":2}},{"type":"Feature","geometry":{"type":"Point","coordinates":[-121.679725,39.889453]},"properties":{"c":0,"p":0.994,"t":1,"k":0}},{"type":"Feature","geometry":{"type":"Point","coordinates":[-121.720453,40.027081]},"properties":{"c":0,"p":0.95,"t":1,"k":2}},{"type":"Feature","geometry":{"type":"Point","coordinates":[-121.819389,39.829706]},"properties":{"c":1,"p":0.145,"t":0,"k":2}},{"type":"Feature","geometry":{"type":"Point","coordinates":[-121.819394,39.829495]},"properties":{"c":1,"p":0.313,"t":0,"k":0}},{"type":"Feature","geometry":{"type":"Point","coordinates":[-121.732521,39.92238]},"properties":{"c":1,"p":0.02,"t":0,"k":2}},{"type":"Feature","geometry":{"type":"Point","coordinates":[-121.739151,39.910059]},"properties":{"c":1,"p":0.338,"t":0,"k":0}},{"type":"Feature","geometry":{"type":"Point","coordinates":[-121.720462,40.0248]},"properties":{"c":1,"p":0.399,"t":0,"k":0}},{"type":"Feature","geometry":{"type":"Point","coordinates":[-121.726221,39.947342]},"properties":{"c":1,"p":0.001,"t":0,"k":0}},{"type":"Feature","geometry":{"type":"Point","coordinates":[-121.733433,39.922078]},"properties":{"c":1,"p":0.02,"t":0,"k":0}},{"type":"Feature","geometry":{"type":"Point","coordinates":[-121.778101,39.840622]},"properties":{"c":1,"p":0.001,"t":0,"k":1}},{"type":"Feature","geometry":{"type":"Point","coordinates":[-121.722459,40.022478]},"properties":{"c":0,"p":0.986,"t":1,"k":2}},{"type":"Feature","geometry":{"type":"Point","coordinates":[-121.736926,39.911588]},"properties":{"c":0,"p":0.998,"t":1,"k":0}},{"type":"Feature","geometry":{"type":"Point","coordinates":[-121.72769,39.943999]},"properties":{"c":1,"p":0.002,"t":0,"k":2}},{"type":"Feature","geometry":{"type":"Point","coordinates":[-121.73198,39.921235]},"properties":{"c":1,"p":0.56,"t":0,"k":2}},{"type":"Feature","geometry":{"type":"Point","coordinates":[-121.778324,39.839845]},"properties":{"c":1,"p":0.004,"t":0,"k":1}},{"type":"Feature","geometry":{"type":"Point","coordinates":[-121.738554,39.911142]},"properties":{"c":0,"p":0.995,"t":1,"k":0}},{"type":"Feature","geometry":{"type":"Point","coordinates":[-121.723136,40.024502]},"properties":{"c":0,"p":0.998,"t":1,"k":2}},{"type":"Feature","geometry":{"type":"Point","coordinates":[-121.728568,39.944803]},"properties":{"c":1,"p":0.005,"t":0,"k":0}},{"type":"Feature","geometry":{"type":"Point","coordinates":[-121.778714,39.840564]},"properties":{"c":1,"p":0.001,"t":0,"k":0}},{"type":"Feature","geometry":{"type":"Point","coordinates":[-121.732989,39.921474]},"properties":{"c":1,"p":0.763,"t":0,"k":0}},{"type":"Feature","geometry":{"type":"Point","coordinates":[-121.736753,39.911038]},"properties":{"c":1,"p":0.547,"t":0,"k":0}},{"type":"Feature","geometry":{"type":"Point","coordinates":[-121.923874,40.35664]},"properties":{"c":0,"p":0.994,"t":1,"k":0}},{"type":"Feature","geometry":{"type":"Point","coordinates":[-121.778862,39.840557]},"properties":{"c":1,"p":0.003,"t":0,"k":0}},{"type":"Feature","geometry":{"type":"Point","coordinates":[-121.734344,39.920338]},"properties":{"c":1,"p":0.806,"t":0,"k":0}},{"type":"Feature","geometry":{"type":"Point","coordinates":[-121.679296,39.887229]},"properties":{"c":1,"p":0.001,"t":0,"k":2}},{"type":"Feature","geometry":{"type":"Point","coordinates":[-121.923261,40.356836]},"properties":{"c":1,"p":0.671,"t":0,"k":2}},{"type":"Feature","geometry":{"type":"Point","coordinates":[-121.724951,39.937091]},"properties":{"c":1,"p":0.001,"t":0,"k":2}},{"type":"Feature","geometry":{"type":"Point","coordinates":[-121.734403,39.920295]},"properties":{"c":1,"p":0.774,"t":0,"k":2}},{"type":"Feature","geometry":{"type":"Point","coordinates":[-121.779003,39.840547]},"properties":{"c":1,"p":0.004,"t":0,"k":0}},{"type":"Feature","geometry":{"type":"Point","coordinates":[-121.711985,39.961001]},"properties":{"c":1,"p":0.582,"t":0,"k":4}},{"type":"Feature","geometry":{"type":"Point","coordinates":[-121.679483,39.888013]},"properties":{"c":1,"p":0.001,"t":0,"k":2}},{"type":"Feature","geometry":{"type":"Point","coordinates":[-121.72531,39.937136]},"properties":{"c":1,"p":0.0,"t":0,"k":2}},{"type":"Feature","geometry":{"type":"Point","coordinates":[-121.734057,39.920349]},"properties":{"c":0,"p":0.948,"t":1,"k":2}},{"type":"Feature","geometry":{"type":"Point","coordinates":[-121.779145,39.840539]},"properties":{"c":1,"p":0.004,"t":0,"k":0}},{"type":"Feature","geometry":{"type":"Point","coordinates":[-121.714164,39.962691]},"properties":{"c":2,"p":0.954,"t":0,"k":2,"w":"probability 0.95"}},{"type":"Feature","geometry":{"type":"Point","coordinates":[-121.730171,39.934201]},"properties":{"c":1,"p":0.0,"t":0,"k":0}},{"type":"Feature","geometry":{"type":"Point","coordinates":[-121.715405,39.965191]},"properties":{"c":0,"p":0.998,"t":1,"k":2}},{"type":"Feature","geometry":{"type":"Point","coordinates":[-121.779287,39.840529]},"properties":{"c":1,"p":0.003,"t":0,"k":0}},{"type":"Feature","geometry":{"type":"Point","coordinates":[-121.734073,39.920379]},"properties":{"c":0,"p":0.948,"t":1,"k":2}},{"type":"Feature","geometry":{"type":"Point","coordinates":[-121.734184,39.919604]},"properties":{"c":1,"p":0.333,"t":0,"k":0}},{"type":"Feature","geometry":{"type":"Point","coordinates":[-121.730855,39.933538]},"properties":{"c":1,"p":0.001,"t":0,"k":0}},{"type":"Feature","geometry":{"type":"Point","coordinates":[-121.679499,39.888108]},"properties":{"c":1,"p":0.001,"t":0,"k":2}},{"type":"Feature","geometry":{"type":"Point","coordinates":[-121.736203,39.919011]},"properties":{"c":1,"p":0.188,"t":2,"k":0}},{"type":"Feature","geometry":{"type":"Point","coordinates":[-121.779426,39.840528]},"properties":{"c":1,"p":0.003,"t":0,"k":0}},{"type":"Feature","geometry":{"type":"Point","coordinates":[-121.730694,39.93379]},"properties":{"c":1,"p":0.001,"t":0,"k":2}},{"type":"Feature","geometry":{"type":"Point","coordinates":[-121.729388,39.935478]},"properties":{"c":1,"p":0.0,"t":0,"k":0}},{"type":"Feature","geometry":{"type":"Point","coordinates":[-121.715469,39.964367]},"properties":{"c":0,"p":0.997,"t":1,"k":0}},{"type":"Feature","geometry":{"type":"Point","coordinates":[-121.704056,39.939206]},"properties":{"c":0,"p":0.999,"t":1,"k":2}},{"type":"Feature","geometry":{"type":"Point","coordinates":[-121.839616,39.833474]},"properties":{"c":1,"p":0.006,"t":0,"k":0}},{"type":"Feature","geometry":{"type":"Point","coordinates":[-121.6757,39.890865]},"properties":{"c":1,"p":0.001,"t":0,"k":0}},{"type":"Feature","geometry":{"type":"Point","coordinates":[-121.73254,39.93561]},"properties":{"c":1,"p":0.001,"t":0,"k":0}},{"type":"Feature","geometry":{"type":"Point","coordinates":[-121.71557,39.964384]},"properties":{"c":0,"p":0.996,"t":1,"k":2}},{"type":"Feature","geometry":{"type":"Point","coordinates":[-121.83988,39.833885]},"properties":{"c":1,"p":0.028,"t":0,"k":2}},{"type":"Feature","geometry":{"type":"Point","coordinates":[-121.736734,39.932671]},"properties":{"c":1,"p":0.002,"t":0,"k":0}},{"type":"Feature","geometry":{"type":"Point","coordinates":[-121.675563,39.890605]},"properties":{"c":1,"p":0.002,"t":0,"k":2}},{"type":"Feature","geometry":{"type":"Point","coordinates":[-121.732038,39.935361]},"properties":{"c":1,"p":0.0,"t":0,"k":2}},{"type":"Feature","geometry":{"type":"Point","coordinates":[-121.719791,39.963415]},"properties":{"c":1,"p":0.777,"t":0,"k":2}},{"type":"Feature","geometry":{"type":"Point","coordinates":[-121.840863,39.838652]},"properties":{"c":1,"p":0.254,"t":0,"k":2}},{"type":"Feature","geometry":{"type":"Point","coordinates":[-121.840415,39.838727]},"properties":{"c":1,"p":0.013,"t":0,"k":0}},{"type":"Feature","geometry":{"type":"Point","coordinates":[-121.945055,40.345818]},"properties":{"c":1,"p":0.047,"t":0,"k":4}},{"type":"Feature","geometry":{"type":"Point","coordinates":[-121.677137,39.889378]},"properties":{"c":1,"p":0.001,"t":0,"k":3}},{"type":"Feature","geometry":{"type":"Point","coordinates":[-121.736277,39.933342]},"properties":{"c":1,"p":0.001,"t":0,"k":0}},{"type":"Feature","geometry":{"type":"Point","coordinates":[-121.729462,39.942234]},"properties":{"c":1,"p":0.001,"t":0,"k":0}},{"type":"Feature","geometry":{"type":"Point","coordinates":[-121.677402,39.889355]},"properties":{"c":1,"p":0.001,"t":0,"k":0}},{"type":"Feature","geometry":{"type":"Point","coordinates":[-121.945112,40.345766]},"properties":{"c":1,"p":0.05,"t":0,"k":4}},{"type":"Feature","geometry":{"type":"Point","coordinates":[-121.735877,39.934359]},"properties":{"c":1,"p":0.0,"t":0,"k":0}},{"type":"Feature","geometry":{"type":"Point","coordinates":[-121.840905,39.838595]},"properties":{"c":1,"p":0.188,"t":0,"k":2}},{"type":"Feature","geometry":{"type":"Point","coordinates":[-121.690103,39.933726]},"properties":{"c":0,"p":0.998,"t":1,"k":2}},{"type":"Feature","geometry":{"type":"Point","coordinates":[-121.729111,39.91268]},"properties":{"c":0,"p":0.998,"t":1,"k":0}},{"type":"Feature","geometry":{"type":"Point","coordinates":[-121.923924,40.356833]},"properties":{"c":0,"p":0.999,"t":1,"k":0}},{"type":"Feature","geometry":{"type":"Point","coordinates":[-121.735377,39.9352]},"properties":{"c":1,"p":0.001,"t":0,"k":0}},{"type":"Feature","geometry":{"type":"Point","coordinates":[-121.841889,39.8384]},"properties":{"c":0,"p":0.992,"t":1,"k":0}},{"type":"Feature","geometry":{"type":"Point","coordinates":[-121.924132,40.356713]},"properties":{"c":3,"p":0.767,"t":1,"k":2,"w":"probability 0.77; a minor structure (shed or outbuilding) in the inspection record"}},{"type":"Feature","geometry":{"type":"Point","coordinates":[-121.677545,39.889334]},"properties":{"c":1,"p":0.002,"t":0,"k":2}},{"type":"Feature","geometry":{"type":"Point","coordinates":[-121.841637,39.838476]},"properties":{"c":0,"p":0.997,"t":1,"k":2}},{"type":"Feature","geometry":{"type":"Point","coordinates":[-121.7277,40.022136]},"properties":{"c":0,"p":0.996,"t":1,"k":0}},{"type":"Feature","geometry":{"type":"Point","coordinates":[-121.924163,40.357]},"properties":{"c":1,"p":0.229,"t":0,"k":2}},{"type":"Feature","geometry":{"type":"Point","coordinates":[-121.678821,39.889992]},"properties":{"c":1,"p":0.004,"t":0,"k":0}},{"type":"Feature","geometry":{"type":"Point","coordinates":[-121.732116,39.914031]},"properties":{"c":0,"p":0.999,"t":1,"k":0}},{"type":"Feature","geometry":{"type":"Point","coordinates":[-121.837371,39.837418]},"properties":{"c":1,"p":0.205,"t":0,"k":2}},{"type":"Feature","geometry":{"type":"Point","coordinates":[-121.70604,39.932239]},"properties":{"c":0,"p":0.998,"t":1,"k":0}},{"type":"Feature","geometry":{"type":"Point","coordinates":[-121.730989,39.912871]},"properties":{"c":1,"p":0.29,"t":0,"k":0}},{"type":"Feature","geometry":{"type":"Point","coordinates":[-121.679377,39.889277]},"properties":{"c":0,"p":0.987,"t":1,"k":2}},{"type":"Feature","geometry":{"type":"Point","coordinates":[-121.758277,39.888148]},"properties":{"c":0,"p":0.997,"t":1,"k":0}},{"type":"Feature","geometry":{"type":"Point","coordinates":[-121.705976,39.932447]},"properties":{"c":0,"p":0.998,"t":1,"k":2}},{"type":"Feature","geometry":{"type":"Point","coordinates":[-121.833822,39.843819]},"properties":{"c":1,"p":0.682,"t":0,"k":2}},{"type":"Feature","geometry":{"type":"Point","coordinates":[-121.733852,39.910494]},"properties":{"c":0,"p":0.997,"t":1,"k":0}},{"type":"Feature","geometry":{"type":"Point","coordinates":[-121.759258,39.8863]},"properties":{"c":1,"p":0.131,"t":0,"k":0}},{"type":"Feature","geometry":{"type":"Point","coordinates":[-121.732417,39.909686]},"properties":{"c":0,"p":0.998,"t":1,"k":0}},{"type":"Feature","geometry":{"type":"Point","coordinates":[-121.677748,39.888404]},"properties":{"c":1,"p":0.004,"t":0,"k":2}},{"type":"Feature","geometry":{"type":"Point","coordinates":[-121.70593,39.932435]},"properties":{"c":0,"p":0.997,"t":1,"k":2}},{"type":"Feature","geometry":{"type":"Point","coordinates":[-121.8337,39.844066]},"properties":{"c":1,"p":0.021,"t":0,"k":0}},{"type":"Feature","geometry":{"type":"Point","coordinates":[-121.757547,39.88628]},"properties":{"c":0,"p":0.997,"t":1,"k":0}},{"type":"Feature","geometry":{"type":"Point","coordinates":[-121.684236,39.872446]},"properties":{"c":1,"p":0.001,"t":0,"k":0}},{"type":"Feature","geometry":{"type":"Point","coordinates":[-121.731793,39.909989]},"properties":{"c":0,"p":0.963,"t":1,"k":0}},{"type":"Feature","geometry":{"type":"Point","coordinates":[-121.679721,39.888533]},"properties":{"c":1,"p":0.027,"t":0,"k":0}},{"type":"Feature","geometry":{"type":"Point","coordinates":[-121.834035,39.843923]},"properties":{"c":1,"p":0.484,"t":2,"k":2}},{"type":"Feature","geometry":{"type":"Point","coordinates":[-121.708658,39.96185]},"properties":{"c":0,"p":0.999,"t":1,"k":2}},{"type":"Feature","geometry":{"type":"Point","coordinates":[-121.785258,40.343904]},"properties":{"c":1,"p":0.005,"t":0,"k":0}},{"type":"Feature","geometry":{"type":"Point","coordinates":[-121.733072,39.908917]},"properties":{"c":0,"p":0.997,"t":1,"k":0}},{"type":"Feature","geometry":{"type":"Point","coordinates":[-121.785114,40.343675]},"properties":{"c":1,"p":0.004,"t":0,"k":0}},{"type":"Feature","geometry":{"type":"Point","coordinates":[-121.708567,39.961673]},"properties":{"c":0,"p":0.997,"t":1,"k":0}},{"type":"Feature","geometry":{"type":"Point","coordinates":[-121.834237,39.8412]},"properties":{"c":1,"p":0.004,"t":0,"k":2}},{"type":"Feature","geometry":{"type":"Point","coordinates":[-121.679476,39.88879]},"properties":{"c":1,"p":0.006,"t":0,"k":0}},{"type":"Feature","geometry":{"type":"Point","coordinates":[-121.834204,39.843908]},"properties":{"c":1,"p":0.012,"t":0,"k":0}},{"type":"Feature","geometry":{"type":"Point","coordinates":[-121.733223,39.908154]},"properties":{"c":0,"p":0.979,"t":1,"k":0}},{"type":"Feature","geometry":{"type":"Point","coordinates":[-121.707548,39.961017]},"properties":{"c":2,"p":0.986,"t":0,"k":0,"w":"probability 0.99; green cover around it before the fire (pre-fire NDVI 0.56)"}},{"type":"Feature","geometry":{"type":"Point","coordinates":[-121.733424,39.908091]},"properties":{"c":0,"p":0.997,"t":1,"k":2}},{"type":"Feature","geometry":{"type":"Point","coordinates":[-121.785172,40.343119]},"properties":{"c":1,"p":0.006,"t":0,"k":0}},{"type":"Feature","geometry":{"type":"Point","coordinates":[-121.679344,39.888727]},"properties":{"c":1,"p":0.006,"t":0,"k":2}},{"type":"Feature","geometry":{"type":"Point","coordinates":[-121.834389,39.841442]},"properties":{"c":1,"p":0.033,"t":0,"k":0}},{"type":"Feature","geometry":{"type":"Point","coordinates":[-121.679522,39.888304]},"properties":{"c":1,"p":0.001,"t":0,"k":2}},{"type":"Feature","geometry":{"type":"Point","coordinates":[-121.7356,39.907134]},"properties":{"c":2,"p":0.989,"t":3,"k":0,"w":"probability 0.99; inspector graded it Minor (10-25%): damaged, not destroyed; green cover around it before the fire (pre-fire NDVI 0.54)"}},{"type":"Feature","geometry":{"type":"Point","coordinates":[-121.785036,40.342907]},"properties":{"c":1,"p":0.005,"t":0,"k":0}},{"type":"Feature","geometry":{"type":"Point","coordinates":[-121.827232,39.84427]},"properties":{"c":0,"p":0.996,"t":1,"k":2}},{"type":"Feature","geometry":{"type":"Point","coordinates":[-121.70218,39.931898]},"properties":{"c":0,"p":0.999,"t":1,"k":2}},{"type":"Feature","geometry":{"type":"Point","coordinates":[-121.826211,39.844188]},"properties":{"c":0,"p":0.994,"t":1,"k":0}},{"type":"Feature","geometry":{"type":"Point","coordinates":[-121.785181,40.342813]},"properties":{"c":1,"p":0.003,"t":0,"k":0}},{"type":"Feature","geometry":{"type":"Point","coordinates":[-121.682057,39.884631]},"properties":{"c":0,"p":0.993,"t":1,"k":0}},{"type":"Feature","geometry":{"type":"Point","coordinates":[-121.736105,39.909876]},"properties":{"c":0,"p":0.998,"t":1,"k":0}},{"type":"Feature","geometry":{"type":"Point","coordinates":[-121.680868,39.884576]},"properties":{"c":1,"p":0.004,"t":3,"k":2}},{"type":"Feature","geometry":{"type":"Point","coordinates":[-121.826583,39.844138]},"properties":{"c":0,"p":0.979,"t":1,"k":0}},{"type":"Feature","geometry":{"type":"Point","coordinates":[-121.835196,39.843222]},"properties":{"c":1,"p":0.021,"t":0,"k":0}},{"type":"Feature","geometry":{"type":"Point","coordinates":[-121.785022,40.34257]},"properties":{"c":1,"p":0.012,"t":0,"k":0}},{"type":"Feature","geometry":{"type":"Point","coordinates":[-121.728101,40.023672]},"properties":{"c":0,"p":0.997,"t":1,"k":2}},{"type":"Feature","geometry":{"type":"Point","coordinates":[-121.731794,39.914064]},"properties":{"c":0,"p":0.999,"t":1,"k":2}},{"type":"Feature","geometry":{"type":"Point","coordinates":[-121.680561,39.883816]},"properties":{"c":1,"p":0.004,"t":0,"k":2}},{"type":"Feature","geometry":{"type":"Point","coordinates":[-121.731659,39.914019]},"properties":{"c":0,"p":0.994,"t":1,"k":0}},{"type":"Feature","geometry":{"type":"Point","coordinates":[-121.818468,40.310178]},"properties":{"c":2,"p":0.974,"t":0,"k":0,"w":"probability 0.97; green cover around it before the fire (pre-fire NDVI 0.61)"}},{"type":"Feature","geometry":{"type":"Point","coordinates":[-121.83593,39.843231]},"properties":{"c":1,"p":0.003,"t":0,"k":0}},{"type":"Feature","geometry":{"type":"Point","coordinates":[-121.680713,39.883604]},"properties":{"c":1,"p":0.008,"t":0,"k":2}},{"type":"Feature","geometry":{"type":"Point","coordinates":[-121.816949,39.8486]},"properties":{"c":1,"p":0.016,"t":0,"k":0}},{"type":"Feature","geometry":{"type":"Point","coordinates":[-121.785107,40.342139]},"properties":{"c":1,"p":0.008,"t":0,"k":0}},{"type":"Feature","geometry":{"type":"Point","coordinates":[-121.730885,39.912593]},"properties":{"c":0,"p":0.981,"t":1,"k":2}},{"type":"Feature","geometry":{"type":"Point","coordinates":[-121.817891,40.310215]},"properties":{"c":2,"p":0.913,"t":0,"k":0,"w":"probability 0.91, just over the 0.88 cut; green cover around it before the fire (pre-fire NDVI 0.70)"}},{"type":"Feature","geometry":{"type":"Point","coordinates":[-121.78501,40.342093]},"properties":{"c":1,"p":0.008,"t":0,"k":2}},{"type":"Feature","geometry":{"type":"Point","coordinates":[-121.743399,39.899131]},"properties":{"c":0,"p":0.998,"t":1,"k":1}},{"type":"Feature","geometry":{"type":"Point","coordinates":[-121.73202,39.909786]},"properties":{"c":0,"p":0.992,"t":1,"k":2}},{"type":"Feature","geometry":{"type":"Point","coordinates":[-121.742321,39.899014]},"properties":{"c":0,"p":0.998,"t":1,"k":0}},{"type":"Feature","geometry":{"type":"Point","coordinates":[-121.817177,40.310097]},"properties":{"c":0,"p":0.993,"t":1,"k":0}},{"type":"Feature","geometry":{"type":"Point","coordinates":[-121.816757,39.848819]},"properties":{"c":1,"p":0.854,"t":2,"k":0}},{"type":"Feature","geometry":{"type":"Point","coordinates":[-121.785721,40.342289]},"properties":{"c":1,"p":0.006,"t":0,"k":0}},{"type":"Feature","geometry":{"type":"Point","coordinates":[-121.817064,39.84828]},"properties":{"c":1,"p":0.107,"t":0,"k":2}},{"type":"Feature","geometry":{"type":"Point","coordinates":[-121.750885,39.900626]},"properties":{"c":1,"p":0.137,"t":0,"k":0}},{"type":"Feature","geometry":{"type":"Point","coordinates":[-121.817084,40.310097]},"properties":{"c":0,"p":0.99,"t":1,"k":2}},{"type":"Feature","geometry":{"type":"Point","coordinates":[-121.732499,39.909645]},"properties":{"c":0,"p":0.997,"t":1,"k":0}},{"type":"Feature","geometry":{"type":"Point","coordinates":[-121.783157,40.341691]},"properties":{"c":1,"p":0.003,"t":0,"k":0}},{"type":"Feature","geometry":{"type":"Point","coordinates":[-121.836271,39.842819]},"properties":{"c":1,"p":0.023,"t":0,"k":2}},{"type":"Feature","geometry":{"type":"Point","coordinates":[-121.816491,40.310206]},"properties":{"c":1,"p":0.131,"t":0,"k":0}},{"type":"Feature","geometry":{"type":"Point","coordinates":[-121.733226,39.907925]},"properties":{"c":0,"p":0.998,"t":1,"k":0}},{"type":"Feature","geometry":{"type":"Point","coordinates":[-121.750603,39.900231]},"properties":{"c":1,"p":0.21,"t":0,"k":2}},{"type":"Feature","geometry":{"type":"Point","coordinates":[-121.78269,40.341608]},"properties":{"c":1,"p":0.007,"t":0,"k":2}},{"type":"Feature","geometry":{"type":"Point","coordinates":[-121.81642,40.310269]},"properties":{"c":1,"p":0.44,"t":0,"k":0}},{"type":"Feature","geometry":{"type":"Point","coordinates":[-121.817538,39.848322]},"properties":{"c":1,"p":0.08,"t":0,"k":2}},{"type":"Feature","geometry":{"type":"Point","coordinates":[-121.733388,39.907811]},"properties":{"c":0,"p":0.998,"t":1,"k":2}},{"type":"Feature","geometry":{"type":"Point","coordinates":[-121.893857,40.345454]},"properties":{"c":1,"p":0.051,"t":0,"k":0}},{"type":"Feature","geometry":{"type":"Point","coordinates":[-121.81636,40.310191]},"properties":{"c":1,"p":0.36,"t":0,"k":2}},{"type":"Feature","geometry":{"type":"Point","coordinates":[-121.83661,39.843112]},"properties":{"c":1,"p":0.006,"t":0,"k":2}},{"type":"Feature","geometry":{"type":"Point","coordinates":[-121.733516,39.90742]},"properties":{"c":0,"p":0.996,"t":1,"k":2}},{"type":"Feature","geometry":{"type":"Point","coordinates":[-121.894569,40.345004]},"properties":{"c":0,"p":0.99,"t":1,"k":0}},{"type":"Feature","geometry":{"type":"Point","coordinates":[-121.831116,39.828141]},"properties":{"c":1,"p":0.022,"t":0,"k":2}},{"type":"Feature","geometry":{"type":"Point","coordinates":[-121.815655,40.310392]},"properties":{"c":0,"p":0.997,"t":1,"k":0}},{"type":"Feature","geometry":{"type":"Point","coordinates":[-121.736391,39.909619]},"properties":{"c":0,"p":0.974,"t":1,"k":2}},{"type":"Feature","geometry":{"type":"Point","coordinates":[-121.685156,39.872532]},"properties":{"c":0,"p":0.993,"t":1,"k":0}},{"type":"Feature","geometry":{"type":"Point","coordinates":[-121.781169,40.341552]},"properties":{"c":1,"p":0.007,"t":0,"k":0}},{"type":"Feature","geometry":{"type":"Point","coordinates":[-121.836194,39.844489]},"properties":{"c":1,"p":0.027,"t":0,"k":0}},{"type":"Feature","geometry":{"type":"Point","coordinates":[-121.815865,40.310387]},"properties":{"c":0,"p":0.995,"t":1,"k":2}},{"type":"Feature","geometry":{"type":"Point","coordinates":[-121.73933,39.905114]},"properties":{"c":1,"p":0.302,"t":0,"k":0}},{"type":"Feature","geometry":{"type":"Point","coordinates":[-121.685148,39.872392]},"properties":{"c":0,"p":0.996,"t":1,"k":2}},{"type":"Feature","geometry":{"type":"Point","coordinates":[-121.816295,40.309856]},"properties":{"c":1,"p":0.198,"t":0,"k":0}},{"type":"Feature","geometry":{"type":"Point","coordinates":[-121.738887,39.905073]},"properties":{"c":2,"p":0.903,"t":0,"k":2,"w":"probability 0.90, just over the 0.88 cut"}},{"type":"Feature","geometry":{"type":"Point","coordinates":[-121.837013,39.842274]},"properties":{"c":1,"p":0.035,"t":0,"k":0}},{"type":"Feature","geometry":{"type":"Point","coordinates":[-121.685153,39.872327]},"properties":{"c":0,"p":0.997,"t":1,"k":2}},{"type":"Feature","geometry":{"type":"Point","coordinates":[-121.780799,40.341572]},"properties":{"c":1,"p":0.003,"t":0,"k":2}},{"type":"Feature","geometry":{"type":"Point","coordinates":[-121.81619,40.309815]},"properties":{"c":1,"p":0.191,"t":0,"k":2}},{"type":"Feature","geometry":{"type":"Point","coordinates":[-121.815767,40.309812]},"properties":{"c":1,"p":0.025,"t":0,"k":0}},{"type":"Feature","geometry":{"type":"Point","coordinates":[-121.817057,39.840254]},"properties":{"c":1,"p":0.036,"t":0,"k":0}},{"type":"Feature","geometry":{"type":"Point","coordinates":[-121.684884,39.872771]},"properties":{"c":1,"p":0.06,"t":2,"k":0}},{"type":"Feature","geometry":{"type":"Point","coordinates":[-121.780891,40.34143]},"properties":{"c":1,"p":0.009,"t":0,"k":2}},{"type":"Feature","geometry":{"type":"Point","coordinates":[-121.739114,39.90496]},"properties":{"c":1,"p":0.465,"t":0,"k":0}},{"type":"Feature","geometry":{"type":"Point","coordinates":[-121.816845,39.840064]},"properties":{"c":1,"p":0.218,"t":0,"k":0}},{"type":"Feature","geometry":{"type":"Point","coordinates":[-121.815783,40.309829]},"properties":{"c":1,"p":0.025,"t":0,"k":2}},{"type":"Feature","geometry":{"type":"Point","coordinates":[-121.780486,40.341561]},"properties":{"c":1,"p":0.006,"t":0,"k":0}},{"type":"Feature","geometry":{"type":"Point","coordinates":[-121.750296,39.900654]},"properties":{"c":1,"p":0.02,"t":0,"k":0}},{"type":"Feature","geometry":{"type":"Point","coordinates":[-121.731716,39.933955]},"properties":{"c":1,"p":0.001,"t":0,"k":2}},{"type":"Feature","geometry":{"type":"Point","coordinates":[-121.836967,39.841825]},"properties":{"c":1,"p":0.112,"t":0,"k":0}},{"type":"Feature","geometry":{"type":"Point","coordinates":[-121.81549,40.309826]},"properties":{"c":0,"p":0.991,"t":1,"k":0}},{"type":"Feature","geometry":{"type":"Point","coordinates":[-121.758263,39.88819]},"properties":{"c":0,"p":0.997,"t":1,"k":2}},{"type":"Feature","geometry":{"type":"Point","coordinates":[-121.759679,39.88611]},"properties":{"c":0,"p":0.995,"t":1,"k":2}},{"type":"Feature","geometry":{"type":"Point","coordinates":[-121.815361,40.309724]},"properties":{"c":0,"p":0.995,"t":1,"k":2}},{"type":"Feature","geometry":{"type":"Point","coordinates":[-121.813562,39.841899]},"properties":{"c":0,"p":0.912,"t":1,"k":0}},{"type":"Feature","geometry":{"type":"Point","coordinates":[-121.732339,39.936931]},"properties":{"c":1,"p":0.001,"t":0,"k":2}},{"type":"Feature","geometry":{"type":"Point","coordinates":[-121.750131,39.900559]},"properties":{"c":1,"p":0.08,"t":0,"k":2}},{"type":"Feature","geometry":{"type":"Point","coordinates":[-121.813706,39.842129]},"properties":{"c":1,"p":0.126,"t":0,"k":2}},{"type":"Feature","geometry":{"type":"Point","coordinates":[-121.737163,39.916549]},"properties":{"c":0,"p":0.998,"t":1,"k":0}},{"type":"Feature","geometry":{"type":"Point","coordinates":[-121.727978,39.938741]},"properties":{"c":1,"p":0.001,"t":0,"k":2}},{"type":"Feature","geometry":{"type":"Point","coordinates":[-121.726229,39.934355]},"properties":{"c":1,"p":0.001,"t":0,"k":2}},{"type":"Feature","geometry":{"type":"Point","coordinates":[-121.75779,39.88688]},"properties":{"c":0,"p":0.998,"t":1,"k":0}},{"type":"Feature","geometry":{"type":"Point","coordinates":[-121.814812,39.843548]},"properties":{"c":1,"p":0.058,"t":0,"k":0}},{"type":"Feature","geometry":{"type":"Point","coordinates":[-121.73726,39.916452]},"properties":{"c":0,"p":0.996,"t":1,"k":2}},{"type":"Feature","geometry":{"type":"Point","coordinates":[-121.758177,39.886717]},"properties":{"c":0,"p":0.998,"t":1,"k":2}},{"type":"Feature","geometry":{"type":"Point","coordinates":[-121.723469,39.940759]},"properties":{"c":1,"p":0.0,"t":0,"k":0}},{"type":"Feature","geometry":{"type":"Point","coordinates":[-121.72686,39.934198]},"properties":{"c":1,"p":0.001,"t":0,"k":2}},{"type":"Feature","geometry":{"type":"Point","coordinates":[-121.739932,39.915355]},"properties":{"c":0,"p":0.984,"t":1,"k":2}},{"type":"Feature","geometry":{"type":"Point","coordinates":[-121.723157,39.940488]},"properties":{"c":1,"p":0.001,"t":0,"k":0}},{"type":"Feature","geometry":{"type":"Point","coordinates":[-121.815064,39.843645]},"properties":{"c":1,"p":0.078,"t":0,"k":2}},{"type":"Feature","geometry":{"type":"Point","coordinates":[-121.720323,39.963659]},"properties":{"c":0,"p":0.999,"t":1,"k":0}},{"type":"Feature","geometry":{"type":"Point","coordinates":[-121.731935,39.934109]},"properties":{"c":1,"p":0.001,"t":0,"k":0}},{"type":"Feature","geometry":{"type":"Point","coordinates":[-121.723123,39.939804]},"properties":{"c":1,"p":0.31,"t":0,"k":0}},{"type":"Feature","geometry":{"type":"Point","coordinates":[-121.737992,39.915143]},"properties":{"c":0,"p":0.999,"t":1,"k":0}},{"type":"Feature","geometry":{"type":"Point","coordinates":[-121.715019,39.957764]},"properties":{"c":1,"p":0.054,"t":0,"k":4}},{"type":"Feature","geometry":{"type":"Point","coordinates":[-121.72289,39.939172]},"properties":{"c":2,"p":0.925,"t":0,"k":0,"w":"probability 0.92, just over the 0.88 cut"}},{"type":"Feature","geometry":{"type":"Point","coordinates":[-121.734527,39.931594]},"properties":{"c":1,"p":0.001,"t":0,"k":0}},{"type":"Feature","geometry":{"type":"Point","coordinates":[-121.837245,39.840865]},"properties":{"c":0,"p":0.994,"t":1,"k":0}},{"type":"Feature","geometry":{"type":"Point","coordinates":[-121.734848,39.931168]},"properties":{"c":1,"p":0.0,"t":0,"k":2}},{"type":"Feature","geometry":{"type":"Point","coordinates":[-121.723082,39.939]},"properties":{"c":1,"p":0.013,"t":0,"k":2}},{"type":"Feature","geometry":{"type":"Point","coordinates":[-121.734894,39.931836]},"properties":{"c":1,"p":0.001,"t":0,"k":2}},{"type":"Feature","geometry":{"type":"Point","coordinates":[-121.812882,39.845266]},"properties":{"c":1,"p":0.047,"t":0,"k":2}},{"type":"Feature","geometry":{"type":"Point","coordinates":[-121.714953,39.957807]},"properties":{"c":1,"p":0.133,"t":0,"k":4}},{"type":"Feature","geometry":{"type":"Point","coordinates":[-121.738485,39.914229]},"properties":{"c":0,"p":0.999,"t":1,"k":2}},{"type":"Feature","geometry":{"type":"Point","coordinates":[-121.714541,39.958099]},"properties":{"c":1,"p":0.015,"t":0,"k":4}},{"type":"Feature","geometry":{"type":"Point","coordinates":[-121.792936,40.293057]},"properties":{"c":0,"p":0.998,"t":1,"k":2}},{"type":"Feature","geometry":{"type":"Point","coordinates":[-121.732924,39.935402]},"properties":{"c":1,"p":0.001,"t":0,"k":2}},{"type":"Feature","geometry":{"type":"Point","coordinates":[-121.913243,40.335469]},"properties":{"c":1,"p":0.005,"t":0,"k":1}},{"type":"Feature","geometry":{"type":"Point","coordinates":[-121.745966,39.901354]},"properties":{"c":0,"p":0.995,"t":1,"k":0}},{"type":"Feature","geometry":{"type":"Point","coordinates":[-121.812548,39.845449]},"properties":{"c":1,"p":0.028,"t":0,"k":0}},{"type":"Feature","geometry":{"type":"Point","coordinates":[-121.913316,40.33562]},"properties":{"c":1,"p":0.004,"t":0,"k":1}},{"type":"Feature","geometry":{"type":"Point","coordinates":[-121.732228,39.936833]},"properties":{"c":1,"p":0.002,"t":0,"k":0}},{"type":"Feature","geometry":{"type":"Point","coordinates":[-121.905935,40.336451]},"properties":{"c":1,"p":0.141,"t":0,"k":0}},{"type":"Feature","geometry":{"type":"Point","coordinates":[-121.738435,39.913586]},"properties":{"c":0,"p":0.996,"t":1,"k":0}},{"type":"Feature","geometry":{"type":"Point","coordinates":[-121.713761,39.946562]},"properties":{"c":0,"p":0.999,"t":1,"k":0}},{"type":"Feature","geometry":{"type":"Point","coordinates":[-121.728269,39.938657]},"properties":{"c":1,"p":0.0,"t":0,"k":0}},{"type":"Feature","geometry":{"type":"Point","coordinates":[-121.899212,40.334558]},"properties":{"c":1,"p":0.003,"t":0,"k":2}},{"type":"Feature","geometry":{"type":"Point","coordinates":[-121.837449,39.840801]},"properties":{"c":0,"p":0.974,"t":1,"k":2}},{"type":"Feature","geometry":{"type":"Point","coordinates":[-121.713452,39.94653]},"properties":{"c":0,"p":0.998,"t":1,"k":0}},{"type":"Feature","geometry":{"type":"Point","coordinates":[-121.725952,39.935628]},"properties":{"c":1,"p":0.0,"t":0,"k":0}},{"type":"Feature","geometry":{"type":"Point","coordinates":[-121.89906,40.334537]},"properties":{"c":1,"p":0.003,"t":0,"k":2}},{"type":"Feature","geometry":{"type":"Point","coordinates":[-121.726469,39.934567]},"properties":{"c":1,"p":0.0,"t":0,"k":0}},{"type":"Feature","geometry":{"type":"Point","coordinates":[-121.895331,40.338158]},"properties":{"c":1,"p":0.004,"t":0,"k":0}},{"type":"Feature","geometry":{"type":"Point","coordinates":[-121.683613,39.945899]},"properties":{"c":0,"p":0.943,"t":1,"k":0}},{"type":"Feature","geometry":{"type":"Point","coordinates":[-121.895223,40.338249]},"properties":{"c":1,"p":0.01,"t":0,"k":2}},{"type":"Feature","geometry":{"type":"Point","coordinates":[-121.718116,39.944057]},"properties":{"c":3,"p":0.842,"t":1,"k":0,"w":"probability 0.84, just under the 0.88 cut"}},{"type":"Feature","geometry":{"type":"Point","coordinates":[-121.713551,39.94642]},"properties":{"c":0,"p":0.998,"t":1,"k":2}},{"type":"Feature","geometry":{"type":"Point","coordinates":[-121.713741,39.945024]},"properties":{"c":0,"p":0.999,"t":1,"k":0}},{"type":"Feature","geometry":{"type":"Point","coordinates":[-121.895257,40.337838]},"properties":{"c":1,"p":0.003,"t":0,"k":2}},{"type":"Feature","geometry":{"type":"Point","coordinates":[-121.813276,39.845536]},"properties":{"c":1,"p":0.004,"t":0,"k":0}},{"type":"Feature","geometry":{"type":"Point","coordinates":[-121.738521,39.913756]},"properties":{"c":0,"p":0.999,"t":1,"k":2}},{"type":"Feature","geometry":{"type":"Point","coordinates":[-121.894945,40.338061]},"properties":{"c":1,"p":0.028,"t":0,"k":2}},{"type":"Feature","geometry":{"type":"Point","coordinates":[-121.865997,39.898696]},"properties":{"c":0,"p":0.986,"t":1,"k":0}},{"type":"Feature","geometry":{"type":"Point","coordinates":[-121.739335,39.911537]},"properties":{"c":0,"p":0.961,"t":1,"k":0}},{"type":"Feature","geometry":{"type":"Point","coordinates":[-121.833192,39.845124]},"properties":{"c":1,"p":0.002,"t":0,"k":0}},{"type":"Feature","geometry":{"type":"Point","coordinates":[-121.913803,40.335547]},"properties":{"c":1,"p":0.001,"t":0,"k":1}},{"type":"Feature","geometry":{"type":"Point","coordinates":[-121.715477,39.947352]},"properties":{"c":1,"p":0.043,"t":0,"k":0}},{"type":"Feature","geometry":{"type":"Point","coordinates":[-121.864019,39.899023]},"properties":{"c":1,"p":0.277,"t":3,"k":2}},{"type":"Feature","geometry":{"type":"Point","coordinates":[-121.710461,39.951634]},"properties":{"c":0,"p":0.998,"t":1,"k":0}},{"type":"Feature","geometry":{"type":"Point","coordinates":[-121.740204,39.916029]},"properties":{"c":0,"p":0.991,"t":1,"k":2}},{"type":"Feature","geometry":{"type":"Point","coordinates":[-121.833833,39.844779]},"properties":{"c":1,"p":0.017,"t":0,"k":0}},{"type":"Feature","geometry":{"type":"Point","coordinates":[-121.91508,40.335315]},"properties":{"c":1,"p":0.002,"t":0,"k":1}},{"type":"Feature","geometry":{"type":"Point","coordinates":[-121.717083,39.947943]},"properties":{"c":3,"p":0.858,"t":1,"k":2,"w":"probability 0.86, just under the 0.88 cut; a minor structure (shed or outbuilding) in the inspection record"}},{"type":"Feature","geometry":{"type":"Point","coordinates":[-121.832838,39.845392]},"properties":{"c":1,"p":0.007,"t":0,"k":0}},{"type":"Feature","geometry":{"type":"Point","coordinates":[-121.740463,39.916145]},"properties":{"c":0,"p":0.997,"t":1,"k":0}},{"type":"Feature","geometry":{"type":"Point","coordinates":[-121.899326,40.334775]},"properties":{"c":1,"p":0.004,"t":0,"k":0}},{"type":"Feature","geometry":{"type":"Point","coordinates":[-121.709077,39.948794]},"properties":{"c":0,"p":0.991,"t":1,"k":0}},{"type":"Feature","geometry":{"type":"Point","coordinates":[-121.86483,39.89882]},"properties":{"c":0,"p":0.982,"t":1,"k":0}},{"type":"Feature","geometry":{"type":"Point","coordinates":[-121.808994,39.845189]},"properties":{"c":1,"p":0.105,"t":0,"k":2}},{"type":"Feature","geometry":{"type":"Point","coordinates":[-121.896902,40.336617]},"properties":{"c":1,"p":0.036,"t":0,"k":2}},{"type":"Feature","geometry":{"type":"Point","coordinates":[-121.708957,39.948588]},"properties":{"c":2,"p":0.992,"t":0,"k":2,"w":"probability 0.99; green cover around it before the fire (pre-fire NDVI 0.68)"}},{"type":"Feature","geometry":{"type":"Point","coordinates":[-121.718759,39.909793]},"properties":{"c":0,"p":0.997,"t":1,"k":0}},{"type":"Feature","geometry":{"type":"Point","coordinates":[-121.833764,39.844901]},"properties":{"c":1,"p":0.014,"t":0,"k":2}},{"type":"Feature","geometry":{"type":"Point","coordinates":[-121.707796,39.946845]},"properties":{"c":0,"p":0.999,"t":1,"k":0}},{"type":"Feature","geometry":{"type":"Point","coordinates":[-121.716573,39.939866]},"properties":{"c":2,"p":0.935,"t":0,"k":0,"w":"probability 0.94; green cover around it before the fire (pre-fire NDVI 0.63)"}},{"type":"Feature","geometry":{"type":"Point","coordinates":[-121.741243,39.91534]},"properties":{"c":1,"p":0.33,"t":0,"k":0}},{"type":"Feature","geometry":{"type":"Point","coordinates":[-121.896091,40.337346]},"properties":{"c":1,"p":0.001,"t":0,"k":2}},{"type":"Feature","geometry":{"type":"Point","coordinates":[-121.83267,39.845579]},"properties":{"c":1,"p":0.034,"t":0,"k":2}},{"type":"Feature","geometry":{"type":"Point","coordinates":[-121.707806,39.946547]},"properties":{"c":0,"p":0.997,"t":1,"k":2}},{"type":"Feature","geometry":{"type":"Point","coordinates":[-121.726428,39.940091]},"properties":{"c":1,"p":0.001,"t":0,"k":2}},{"type":"Feature","geometry":{"type":"Point","coordinates":[-121.738187,39.91446]},"properties":{"c":0,"p":0.999,"t":1,"k":0}},{"type":"Feature","geometry":{"type":"Point","coordinates":[-121.895318,40.338107]},"properties":{"c":1,"p":0.004,"t":0,"k":2}},{"type":"Feature","geometry":{"type":"Point","coordinates":[-121.776045,39.838833]},"properties":{"c":1,"p":0.002,"t":0,"k":0}},{"type":"Feature","geometry":{"type":"Point","coordinates":[-121.72728,39.94003]},"properties":{"c":1,"p":0.0,"t":0,"k":2}},{"type":"Feature","geometry":{"type":"Point","coordinates":[-121.893427,40.31215]},"properties":{"c":1,"p":0.006,"t":0,"k":1}},{"type":"Feature","geometry":{"type":"Point","coordinates":[-121.739533,39.911187]},"properties":{"c":0,"p":0.986,"t":1,"k":0}},{"type":"Feature","geometry":{"type":"Point","coordinates":[-121.715685,39.947366]},"properties":{"c":1,"p":0.057,"t":0,"k":2}},{"type":"Feature","geometry":{"type":"Point","coordinates":[-121.776223,39.838981]},"properties":{"c":1,"p":0.002,"t":0,"k":3}},{"type":"Feature","geometry":{"type":"Point","coordinates":[-121.729366,40.024093]},"properties":{"c":0,"p":0.999,"t":1,"k":0}},{"type":"Feature","geometry":{"type":"Point","coordinates":[-121.726458,39.939462]},"properties":{"c":1,"p":0.001,"t":0,"k":2}},{"type":"Feature","geometry":{"type":"Point","coordinates":[-121.730309,39.929196]},"properties":{"c":1,"p":0.002,"t":0,"k":0}},{"type":"Feature","geometry":{"type":"Point","coordinates":[-121.776531,39.838979]},"properties":{"c":1,"p":0.001,"t":0,"k":0}},{"type":"Feature","geometry":{"type":"Point","coordinates":[-121.894692,40.312342]},"properties":{"c":1,"p":0.011,"t":0,"k":1}},{"type":"Feature","geometry":{"type":"Point","coordinates":[-121.715773,39.947334]},"properties":{"c":1,"p":0.128,"t":0,"k":2}},{"type":"Feature","geometry":{"type":"Point","coordinates":[-121.730591,39.929147]},"properties":{"c":1,"p":0.001,"t":0,"k":2}},{"type":"Feature","geometry":{"type":"Point","coordinates":[-121.727805,39.941343]},"properties":{"c":1,"p":0.001,"t":0,"k":0}},{"type":"Feature","geometry":{"type":"Point","coordinates":[-121.723505,39.937791]},"properties":{"c":1,"p":0.001,"t":0,"k":0}},{"type":"Feature","geometry":{"type":"Point","coordinates":[-121.89437,40.312698]},"properties":{"c":1,"p":0.004,"t":0,"k":1}},{"type":"Feature","geometry":{"type":"Point","coordinates":[-121.731076,39.929525]},"properties":{"c":1,"p":0.001,"t":0,"k":0}},{"type":"Feature","geometry":{"type":"Point","coordinates":[-121.726842,39.939981]},"properties":{"c":1,"p":0.001,"t":0,"k":0}},{"type":"Feature","geometry":{"type":"Point","coordinates":[-121.918993,40.359188]},"properties":{"c":1,"p":0.297,"t":0,"k":0}},{"type":"Feature","geometry":{"type":"Point","coordinates":[-121.72493,39.941444]},"properties":{"c":1,"p":0.001,"t":0,"k":0}},{"type":"Feature","geometry":{"type":"Point","coordinates":[-121.730618,39.929911]},"properties":{"c":1,"p":0.001,"t":0,"k":0}},{"type":"Feature","geometry":{"type":"Point","coordinates":[-121.727307,39.939829]},"properties":{"c":1,"p":0.0,"t":0,"k":2}},{"type":"Feature","geometry":{"type":"Point","coordinates":[-121.776531,39.838746]},"properties":{"c":1,"p":0.002,"t":0,"k":0}},{"type":"Feature","geometry":{"type":"Point","coordinates":[-121.728403,39.940859]},"properties":{"c":1,"p":0.001,"t":0,"k":2}},{"type":"Feature","geometry":{"type":"Point","coordinates":[-121.904939,40.36702]},"properties":{"c":1,"p":0.054,"t":0,"k":0}},{"type":"Feature","geometry":{"type":"Point","coordinates":[-121.725208,39.94161]},"properties":{"c":1,"p":0.001,"t":0,"k":0}},{"type":"Feature","geometry":{"type":"Point","coordinates":[-121.730753,39.929868]},"properties":{"c":1,"p":0.0,"t":0,"k":2}},{"type":"Feature","geometry":{"type":"Point","coordinates":[-121.725125,39.940555]},"properties":{"c":1,"p":0.001,"t":0,"k":3}},{"type":"Feature","geometry":{"type":"Point","coordinates":[-121.72773,39.940958]},"properties":{"c":1,"p":0.001,"t":0,"k":0}},{"type":"Feature","geometry":{"type":"Point","coordinates":[-121.730289,39.930219]},"properties":{"c":1,"p":0.0,"t":0,"k":0}},{"type":"Feature","geometry":{"type":"Point","coordinates":[-121.776962,39.83891]},"properties":{"c":1,"p":0.002,"t":0,"k":2}},{"type":"Feature","geometry":{"type":"Point","coordinates":[-121.725164,39.940683]},"properties":{"c":1,"p":0.0,"t":0,"k":2}},{"type":"Feature","geometry":{"type":"Point","coordinates":[-121.705706,39.829525]},"properties":{"c":1,"p":0.089,"t":0,"k":0}},{"type":"Feature","geometry":{"type":"Point","coordinates":[-121.715733,39.910985]},"properties":{"c":1,"p":0.06,"t":0,"k":0}},{"type":"Feature","geometry":{"type":"Point","coordinates":[-121.730097,39.930347]},"properties":{"c":1,"p":0.0,"t":0,"k":2}},{"type":"Feature","geometry":{"type":"Point","coordinates":[-121.777151,39.838963]},"properties":{"c":1,"p":0.004,"t":0,"k":0}},{"type":"Feature","geometry":{"type":"Point","coordinates":[-121.724845,39.939565]},"properties":{"c":1,"p":0.001,"t":0,"k":0}},{"type":"Feature","geometry":{"type":"Point","coordinates":[-121.704097,39.832485]},"properties":{"c":1,"p":0.003,"t":0,"k":0}},{"type":"Feature","geometry":{"type":"Point","coordinates":[-121.894523,40.312792]},"properties":{"c":1,"p":0.003,"t":0,"k":1}},{"type":"Feature","geometry":{"type":"Point","coordinates":[-121.891576,40.312637]},"properties":{"c":1,"p":0.014,"t":0,"k":1}},{"type":"Feature","geometry":{"type":"Point","coordinates":[-121.891575,40.312448]},"properties":{"c":1,"p":0.006,"t":0,"k":1}},{"type":"Feature","geometry":{"type":"Point","coordinates":[-121.891496,40.312255]},"properties":{"c":1,"p":0.009,"t":0,"k":1}},{"type":"Feature","geometry":{"type":"Point","coordinates":[-121.891317,40.312248]},"properties":{"c":1,"p":0.007,"t":0,"k":1}},{"type":"Feature","geometry":{"type":"Point","coordinates":[-121.756631,39.885743]},"properties":{"c":2,"p":0.888,"t":0,"k":0,"w":"probability 0.888, just over the 0.88 cut; green cover around it before the fire (pre-fire NDVI 0.66)"}},{"type":"Feature","geometry":{"type":"Point","coordinates":[-121.911682,40.358045]},"properties":{"c":1,"p":0.021,"t":0,"k":0}},{"type":"Feature","geometry":{"type":"Point","coordinates":[-121.725139,39.938939]},"properties":{"c":1,"p":0.0,"t":0,"k":0}},{"type":"Feature","geometry":{"type":"Point","coordinates":[-121.739847,39.904655]},"properties":{"c":3,"p":0.861,"t":1,"k":2,"w":"probability 0.86, just under the 0.88 cut; a minor structure (shed or outbuilding) in the inspection record; green cover around it before the fire (pre-fire NDVI 0.76)"}},{"type":"Feature","geometry":{"type":"Point","coordinates":[-121.777151,39.838837]},"properties":{"c":1,"p":0.005,"t":0,"k":3}},{"type":"Feature","geometry":{"type":"Point","coordinates":[-121.725721,39.938776]},"properties":{"c":1,"p":0.001,"t":0,"k":2}},{"type":"Feature","geometry":{"type":"Point","coordinates":[-121.730004,39.930696]},"properties":{"c":1,"p":0.002,"t":0,"k":0}},{"type":"Feature","geometry":{"type":"Point","coordinates":[-121.718116,39.943991]},"properties":{"c":2,"p":0.934,"t":2,"k":0,"w":"probability 0.93; inspector graded it Affected (1-10%): damaged, not destroyed"}},{"type":"Feature","geometry":{"type":"Point","coordinates":[-121.725412,39.938562]},"properties":{"c":1,"p":0.001,"t":0,"k":3}},{"type":"Feature","geometry":{"type":"Point","coordinates":[-121.911809,40.358192]},"properties":{"c":1,"p":0.04,"t":0,"k":0}},{"type":"Feature","geometry":{"type":"Point","coordinates":[-121.729809,39.930928]},"properties":{"c":1,"p":0.002,"t":0,"k":0}},{"type":"Feature","geometry":{"type":"Point","coordinates":[-121.777454,39.838665]},"properties":{"c":1,"p":0.002,"t":0,"k":0}},{"type":"Feature","geometry":{"type":"Point","coordinates":[-121.717278,39.947909]},"properties":{"c":1,"p":0.028,"t":0,"k":0}},{"type":"Feature","geometry":{"type":"Point","coordinates":[-121.724683,39.938833]},"properties":{"c":1,"p":0.001,"t":0,"k":2}},{"type":"Feature","geometry":{"type":"Point","coordinates":[-121.729138,39.930621]},"properties":{"c":1,"p":0.001,"t":0,"k":0}},{"type":"Feature","geometry":{"type":"Point","coordinates":[-121.777567,39.838616]},"properties":{"c":1,"p":0.001,"t":0,"k":0}},{"type":"Feature","geometry":{"type":"Point","coordinates":[-121.717501,39.9479]},"properties":{"c":0,"p":0.922,"t":1,"k":2}},{"type":"Feature","geometry":{"type":"Point","coordinates":[-121.647711,39.935203]},"properties":{"c":1,"p":0.035,"t":0,"k":4}},{"type":"Feature","geometry":{"type":"Point","coordinates":[-121.715465,39.94088]},"properties":{"c":0,"p":0.996,"t":1,"k":0}},{"type":"Feature","geometry":{"type":"Point","coordinates":[-121.715926,39.910863]},"properties":{"c":1,"p":0.503,"t":0,"k":0}},{"type":"Feature","geometry":{"type":"Point","coordinates":[-121.647778,39.935329]},"properties":{"c":1,"p":0.047,"t":0,"k":4}},{"type":"Feature","geometry":{"type":"Point","coordinates":[-121.650476,39.931665]},"properties":{"c":1,"p":0.001,"t":0,"k":2}},{"type":"Feature","geometry":{"type":"Point","coordinates":[-121.911948,40.358099]},"properties":{"c":1,"p":0.04,"t":0,"k":2}},{"type":"Feature","geometry":{"type":"Point","coordinates":[-121.77766,39.838539]},"properties":{"c":1,"p":0.001,"t":0,"k":0}},{"type":"Feature","geometry":{"type":"Point","coordinates":[-121.72928,39.931105]},"properties":{"c":1,"p":0.001,"t":0,"k":0}},{"type":"Feature","geometry":{"type":"Point","coordinates":[-121.91167,40.357562]},"properties":{"c":1,"p":0.026,"t":0,"k":2}},{"type":"Feature","geometry":{"type":"Point","coordinates":[-121.72912,39.931022]},"properties":{"c":1,"p":0.0,"t":0,"k":0}},{"type":"Feature","geometry":{"type":"Point","coordinates":[-121.884835,40.34233]},"properties":{"c":1,"p":0.038,"t":0,"k":0}},{"type":"Feature","geometry":{"type":"Point","coordinates":[-121.729043,39.930945]},"properties":{"c":1,"p":0.0,"t":0,"k":2}},{"type":"Feature","geometry":{"type":"Point","coordinates":[-121.885048,40.341868]},"properties":{"c":0,"p":0.979,"t":1,"k":2}},{"type":"Feature","geometry":{"type":"Point","coordinates":[-121.729512,39.931171]},"properties":{"c":1,"p":0.001,"t":0,"k":2}},{"type":"Feature","geometry":{"type":"Point","coordinates":[-121.712698,39.957703]},"properties":{"c":0,"p":0.998,"t":1,"k":2}},{"type":"Feature","geometry":{"type":"Point","coordinates":[-121.873447,39.893855]},"properties":{"c":1,"p":0.053,"t":0,"k":2}},{"type":"Feature","geometry":{"type":"Point","coordinates":[-121.713417,39.957353]},"properties":{"c":0,"p":0.997,"t":1,"k":2}},{"type":"Feature","geometry":{"type":"Point","coordinates":[-121.65039,39.931515]},"properties":{"c":1,"p":0.002,"t":0,"k":2}},{"type":"Feature","geometry":{"type":"Point","coordinates":[-121.728821,39.931582]},"properties":{"c":1,"p":0.001,"t":0,"k":2}},{"type":"Feature","geometry":{"type":"Point","coordinates":[-121.777768,39.838506]},"properties":{"c":1,"p":0.002,"t":0,"k":0}},{"type":"Feature","geometry":{"type":"Point","coordinates":[-121.647672,39.9361]},"properties":{"c":1,"p":0.065,"t":0,"k":2}},{"type":"Feature","geometry":{"type":"Point","coordinates":[-121.647403,39.935874]},"properties":{"c":1,"p":0.033,"t":0,"k":2}},{"type":"Feature","geometry":{"type":"Point","coordinates":[-121.710012,39.956576]},"properties":{"c":0,"p":0.999,"t":1,"k":0}},{"type":"Feature","geometry":{"type":"Point","coordinates":[-121.865586,39.899211]},"properties":{"c":0,"p":0.996,"t":1,"k":2}},{"type":"Feature","geometry":{"type":"Point","coordinates":[-121.71006,39.956265]},"properties":{"c":0,"p":0.997,"t":1,"k":2}},{"type":"Feature","geometry":{"type":"Point","coordinates":[-121.727341,39.933362]},"properties":{"c":1,"p":0.001,"t":0,"k":0}},{"type":"Feature","geometry":{"type":"Point","coordinates":[-121.891223,40.312229]},"properties":{"c":1,"p":0.007,"t":0,"k":2}},{"type":"Feature","geometry":{"type":"Point","coordinates":[-121.725607,39.933462]},"properties":{"c":1,"p":0.001,"t":0,"k":0}},{"type":"Feature","geometry":{"type":"Point","coordinates":[-121.777843,39.838449]},"properties":{"c":1,"p":0.003,"t":0,"k":0}},{"type":"Feature","geometry":{"type":"Point","coordinates":[-121.86583,39.899207]},"properties":{"c":0,"p":0.937,"t":1,"k":2}},{"type":"Feature","geometry":{"type":"Point","coordinates":[-121.891113,40.312239]},"properties":{"c":1,"p":0.011,"t":0,"k":1}},{"type":"Feature","geometry":{"type":"Point","coordinates":[-121.882208,40.390113]},"properties":{"c":1,"p":0.024,"t":0,"k":2}},{"type":"Feature","geometry":{"type":"Point","coordinates":[-121.647641,39.935853]},"properties":{"c":1,"p":0.05,"t":0,"k":2}},{"type":"Feature","geometry":{"type":"Point","coordinates":[-121.719068,39.93677]},"properties":{"c":1,"p":0.023,"t":0,"k":0}},{"type":"Feature","geometry":{"type":"Point","coordinates":[-121.778302,39.838886]},"properties":{"c":1,"p":0.003,"t":0,"k":0}},{"type":"Feature","geometry":{"type":"Point","coordinates":[-121.890869,40.31223]},"properties":{"c":1,"p":0.004,"t":0,"k":1}},{"type":"Feature","geometry":{"type":"Point","coordinates":[-121.885397,40.34294]},"properties":{"c":1,"p":0.031,"t":0,"k":0}},{"type":"Feature","geometry":{"type":"Point","coordinates":[-121.721365,39.933455]},"properties":{"c":1,"p":0.002,"t":0,"k":0}},{"type":"Feature","geometry":{"type":"Point","coordinates":[-121.777926,39.838941]},"properties":{"c":1,"p":0.003,"t":0,"k":0}},{"type":"Feature","geometry":{"type":"Point","coordinates":[-121.650265,39.931791]},"properties":{"c":1,"p":0.001,"t":0,"k":0}},{"type":"Feature","geometry":{"type":"Point","coordinates":[-121.883267,40.390731]},"properties":{"c":1,"p":0.023,"t":0,"k":2}},{"type":"Feature","geometry":{"type":"Point","coordinates":[-121.777547,39.838942]},"properties":{"c":1,"p":0.003,"t":0,"k":0}},{"type":"Feature","geometry":{"type":"Point","coordinates":[-121.649978,39.931972]},"properties":{"c":1,"p":0.005,"t":0,"k":2}},{"type":"Feature","geometry":{"type":"Point","coordinates":[-121.88491,40.342987]},"properties":{"c":1,"p":0.077,"t":0,"k":2}},{"type":"Feature","geometry":{"type":"Point","coordinates":[-121.985682,40.055405]},"properties":{"c":1,"p":0.479,"t":0,"k":4}},{"type":"Feature","geometry":{"type":"Point","coordinates":[-121.777716,39.839342]},"properties":{"c":1,"p":0.002,"t":0,"k":0}},{"type":"Feature","geometry":{"type":"Point","coordinates":[-121.777795,39.839406]},"properties":{"c":1,"p":0.002,"t":0,"k":0}},{"type":"Feature","geometry":{"type":"Point","coordinates":[-121.723224,39.933878]},"properties":{"c":1,"p":0.0,"t":0,"k":0}},{"type":"Feature","geometry":{"type":"Point","coordinates":[-121.756961,39.884835]},"properties":{"c":0,"p":0.994,"t":1,"k":2}},{"type":"Feature","geometry":{"type":"Point","coordinates":[-121.8394,40.360986]},"properties":{"c":1,"p":0.105,"t":0,"k":0}},{"type":"Feature","geometry":{"type":"Point","coordinates":[-121.722909,39.933633]},"properties":{"c":1,"p":0.001,"t":0,"k":2}},{"type":"Feature","geometry":{"type":"Point","coordinates":[-121.755713,39.882705]},"properties":{"c":1,"p":0.067,"t":0,"k":0}},{"type":"Feature","geometry":{"type":"Point","coordinates":[-121.647976,39.932055]},"properties":{"c":1,"p":0.003,"t":0,"k":2}},{"type":"Feature","geometry":{"type":"Point","coordinates":[-121.778066,39.839299]},"properties":{"c":1,"p":0.001,"t":0,"k":0}},{"type":"Feature","geometry":{"type":"Point","coordinates":[-121.723176,39.935177]},"properties":{"c":1,"p":0.0,"t":0,"k":0}},{"type":"Feature","geometry":{"type":"Point","coordinates":[-121.838687,40.36101]},"properties":{"c":1,"p":0.05,"t":0,"k":2}},{"type":"Feature","geometry":{"type":"Point","coordinates":[-121.755705,39.882926]},"properties":{"c":1,"p":0.594,"t":0,"k":2}},{"type":"Feature","geometry":{"type":"Point","coordinates":[-121.894322,40.345467]},"properties":{"c":1,"p":0.068,"t":0,"k":2}},{"type":"Feature","geometry":{"type":"Point","coordinates":[-121.721727,39.934957]},"properties":{"c":1,"p":0.0,"t":0,"k":0}},{"type":"Feature","geometry":{"type":"Point","coordinates":[-121.83891,40.361097]},"properties":{"c":1,"p":0.023,"t":0,"k":2}},{"type":"Feature","geometry":{"type":"Point","coordinates":[-121.778205,39.839329]},"properties":{"c":1,"p":0.002,"t":0,"k":0}},{"type":"Feature","geometry":{"type":"Point","coordinates":[-121.800387,40.297992]},"properties":{"c":0,"p":0.981,"t":1,"k":0}},{"type":"Feature","geometry":{"type":"Point","coordinates":[-121.839116,40.361042]},"properties":{"c":1,"p":0.105,"t":0,"k":2}},{"type":"Feature","geometry":{"type":"Point","coordinates":[-121.757843,39.885616]},"properties":{"c":1,"p":0.814,"t":0,"k":0}},{"type":"Feature","geometry":{"type":"Point","coordinates":[-121.735063,39.906951]},"properties":{"c":0,"p":0.995,"t":1,"k":0}},{"type":"Feature","geometry":{"type":"Point","coordinates":[-121.778342,39.839327]},"properties":{"c":1,"p":0.002,"t":0,"k":0}},{"type":"Feature","geometry":{"type":"Point","coordinates":[-121.800024,40.29805]},"properties":{"c":0,"p":0.994,"t":1,"k":2}},{"type":"Feature","geometry":{"type":"Point","coordinates":[-121.757036,39.88507]},"properties":{"c":0,"p":0.999,"t":1,"k":0}},{"type":"Feature","geometry":{"type":"Point","coordinates":[-121.728119,39.911374]},"properties":{"c":2,"p":0.995,"t":0,"k":2,"w":"probability 0.995; green cover around it before the fire (pre-fire NDVI 0.81)"}},{"type":"Feature","geometry":{"type":"Point","coordinates":[-121.940094,40.075533]},"properties":{"c":1,"p":0.521,"t":0,"k":0}},{"type":"Feature","geometry":{"type":"Point","coordinates":[-121.757211,39.885028]},"properties":{"c":0,"p":0.995,"t":1,"k":2}},{"type":"Feature","geometry":{"type":"Point","coordinates":[-121.758097,39.882491]},"properties":{"c":1,"p":0.189,"t":0,"k":0}},{"type":"Feature","geometry":{"type":"Point","coordinates":[-121.757466,39.846116]},"properties":{"c":0,"p":0.976,"t":1,"k":2}},{"type":"Feature","geometry":{"type":"Point","coordinates":[-121.781392,39.840194]},"properties":{"c":1,"p":0.004,"t":0,"k":1}},{"type":"Feature","geometry":{"type":"Point","coordinates":[-121.794169,40.298169]},"properties":{"c":2,"p":0.988,"t":0,"k":0,"w":"probability 0.99; green cover around it before the fire (pre-fire NDVI 0.88)"}},{"type":"Feature","geometry":{"type":"Point","coordinates":[-121.72738,39.911694]},"properties":{"c":1,"p":0.224,"t":0,"k":0}},{"type":"Feature","geometry":{"type":"Point","coordinates":[-121.739864,40.033647]},"properties":{"c":0,"p":0.989,"t":1,"k":2}},{"type":"Feature","geometry":{"type":"Point","coordinates":[-121.793143,40.293097]},"properties":{"c":0,"p":0.998,"t":1,"k":0}},{"type":"Feature","geometry":{"type":"Point","coordinates":[-121.715964,39.91435]},"properties":{"c":0,"p":0.997,"t":1,"k":0}},{"type":"Feature","geometry":{"type":"Point","coordinates":[-121.756424,39.882472]},"properties":{"c":1,"p":0.001,"t":0,"k":2}},{"type":"Feature","geometry":{"type":"Point","coordinates":[-121.745105,40.032482]},"properties":{"c":3,"p":0.729,"t":1,"k":0,"w":"probability 0.73"}},{"type":"Feature","geometry":{"type":"Point","coordinates":[-121.784501,39.840263]},"properties":{"c":2,"p":0.96,"t":0,"k":1,"w":"probability 0.96"}},{"type":"Feature","geometry":{"type":"Point","coordinates":[-121.754313,39.883349]},"properties":{"c":1,"p":0.015,"t":0,"k":0}},{"type":"Feature","geometry":{"type":"Point","coordinates":[-121.748266,40.032256]},"properties":{"c":0,"p":0.995,"t":1,"k":0}},{"type":"Feature","geometry":{"type":"Point","coordinates":[-121.711522,39.924523]},"properties":{"c":0,"p":0.996,"t":1,"k":0}},{"type":"Feature","geometry":{"type":"Point","coordinates":[-121.907044,40.080841]},"properties":{"c":1,"p":0.279,"t":0,"k":2}},{"type":"Feature","geometry":{"type":"Point","coordinates":[-121.777857,39.841003]},"properties":{"c":1,"p":0.003,"t":0,"k":2}},{"type":"Feature","geometry":{"type":"Point","coordinates":[-121.690092,39.853253]},"properties":{"c":1,"p":0.001,"t":0,"k":2}},{"type":"Feature","geometry":{"type":"Point","coordinates":[-121.939527,40.075057]},"properties":{"c":0,"p":0.985,"t":1,"k":2}},{"type":"Feature","geometry":{"type":"Point","coordinates":[-121.754327,39.883676]},"properties":{"c":1,"p":0.104,"t":0,"k":2}},{"type":"Feature","geometry":{"type":"Point","coordinates":[-121.707032,39.939917]},"properties":{"c":0,"p":0.999,"t":1,"k":0}},{"type":"Feature","geometry":{"type":"Point","coordinates":[-121.919116,40.359341]},"properties":{"c":1,"p":0.773,"t":0,"k":2}},{"type":"Feature","geometry":{"type":"Point","coordinates":[-121.906736,40.081003]},"properties":{"c":1,"p":0.147,"t":0,"k":0}},{"type":"Feature","geometry":{"type":"Point","coordinates":[-121.69006,39.853505]},"properties":{"c":1,"p":0.001,"t":0,"k":2}},{"type":"Feature","geometry":{"type":"Point","coordinates":[-121.706265,39.941562]},"properties":{"c":0,"p":0.999,"t":1,"k":0}},{"type":"Feature","geometry":{"type":"Point","coordinates":[-121.772981,39.839092]},"properties":{"c":3,"p":0.826,"t":1,"k":4,"w":"probability 0.83, just under the 0.88 cut; green cover around it before the fire (pre-fire NDVI 0.59)"}},{"type":"Feature","geometry":{"type":"Point","coordinates":[-121.904347,40.367016]},"properties":{"c":1,"p":0.037,"t":0,"k":0}},{"type":"Feature","geometry":{"type":"Point","coordinates":[-121.744351,40.032185]},"properties":{"c":0,"p":0.976,"t":1,"k":0}},{"type":"Feature","geometry":{"type":"Point","coordinates":[-121.737227,39.901383]},"properties":{"c":0,"p":0.998,"t":1,"k":0}},{"type":"Feature","geometry":{"type":"Point","coordinates":[-121.74945,40.031117]},"properties":{"c":0,"p":0.994,"t":1,"k":0}},{"type":"Feature","geometry":{"type":"Point","coordinates":[-121.734152,39.902841]},"properties":{"c":0,"p":0.999,"t":1,"k":0}},{"type":"Feature","geometry":{"type":"Point","coordinates":[-121.911259,40.357913]},"properties":{"c":1,"p":0.027,"t":0,"k":0}},{"type":"Feature","geometry":{"type":"Point","coordinates":[-121.808645,40.361425]},"properties":{"c":1,"p":0.049,"t":0,"k":2}},{"type":"Feature","geometry":{"type":"Point","coordinates":[-121.733859,39.905495]},"properties":{"c":0,"p":0.997,"t":1,"k":0}},{"type":"Feature","geometry":{"type":"Point","coordinates":[-121.910984,40.357999]},"properties":{"c":1,"p":0.038,"t":0,"k":2}},{"type":"Feature","geometry":{"type":"Point","coordinates":[-121.713868,39.952237]},"properties":{"c":0,"p":0.997,"t":1,"k":0}},{"type":"Feature","geometry":{"type":"Point","coordinates":[-121.91108,40.357276]},"properties":{"c":1,"p":0.008,"t":0,"k":2}},{"type":"Feature","geometry":{"type":"Point","coordinates":[-121.707998,39.945636]},"properties":{"c":0,"p":0.998,"t":1,"k":2}},{"type":"Feature","geometry":{"type":"Point","coordinates":[-121.691143,39.861771]},"properties":{"c":1,"p":0.007,"t":0,"k":0}},{"type":"Feature","geometry":{"type":"Point","coordinates":[-121.775579,39.838815]},"properties":{"c":1,"p":0.002,"t":0,"k":0}},{"type":"Feature","geometry":{"type":"Point","coordinates":[-121.703609,39.939243]},"properties":{"c":0,"p":0.999,"t":1,"k":0}},{"type":"Feature","geometry":{"type":"Point","coordinates":[-121.756986,39.887149]},"properties":{"c":0,"p":0.998,"t":1,"k":2}},{"type":"Feature","geometry":{"type":"Point","coordinates":[-121.708798,39.944643]},"properties":{"c":0,"p":0.998,"t":1,"k":2}},{"type":"Feature","geometry":{"type":"Point","coordinates":[-121.703512,39.932625]},"properties":{"c":0,"p":0.998,"t":1,"k":0}},{"type":"Feature","geometry":{"type":"Point","coordinates":[-121.776404,39.838918]},"properties":{"c":1,"p":0.002,"t":0,"k":0}},{"type":"Feature","geometry":{"type":"Point","coordinates":[-121.753925,39.883599]},"properties":{"c":1,"p":0.006,"t":0,"k":2}},{"type":"Feature","geometry":{"type":"Point","coordinates":[-121.68967,39.851968]},"properties":{"c":1,"p":0.01,"t":0,"k":0}},{"type":"Feature","geometry":{"type":"Point","coordinates":[-121.708215,39.945629]},"properties":{"c":0,"p":0.997,"t":1,"k":2}},{"type":"Feature","geometry":{"type":"Point","coordinates":[-121.702864,39.931974]},"properties":{"c":0,"p":0.999,"t":1,"k":2}},{"type":"Feature","geometry":{"type":"Point","coordinates":[-121.779776,40.341468]},"properties":{"c":1,"p":0.009,"t":0,"k":0}},{"type":"Feature","geometry":{"type":"Point","coordinates":[-121.776347,39.838834]},"properties":{"c":1,"p":0.002,"t":0,"k":0}},{"type":"Feature","geometry":{"type":"Point","coordinates":[-121.730503,39.929661]},"properties":{"c":1,"p":0.001,"t":0,"k":2}},{"type":"Feature","geometry":{"type":"Point","coordinates":[-121.708366,39.945888]},"properties":{"c":0,"p":0.998,"t":1,"k":0}},{"type":"Feature","geometry":{"type":"Point","coordinates":[-121.780065,40.341621]},"properties":{"c":1,"p":0.007,"t":0,"k":2}},{"type":"Feature","geometry":{"type":"Point","coordinates":[-121.689974,39.853074]},"properties":{"c":1,"p":0.001,"t":0,"k":2}},{"type":"Feature","geometry":{"type":"Point","coordinates":[-121.776369,39.838713]},"properties":{"c":1,"p":0.002,"t":0,"k":0}},{"type":"Feature","geometry":{"type":"Point","coordinates":[-121.70964,39.944708]},"properties":{"c":0,"p":0.998,"t":1,"k":2}},{"type":"Feature","geometry":{"type":"Point","coordinates":[-121.780138,40.341332]},"properties":{"c":1,"p":0.021,"t":0,"k":2}},{"type":"Feature","geometry":{"type":"Point","coordinates":[-121.690154,39.853412]},"properties":{"c":1,"p":0.001,"t":0,"k":2}},{"type":"Feature","geometry":{"type":"Point","coordinates":[-121.776833,39.839126]},"properties":{"c":1,"p":0.001,"t":0,"k":0}},{"type":"Feature","geometry":{"type":"Point","coordinates":[-121.689887,39.853286]},"properties":{"c":1,"p":0.006,"t":0,"k":2}},{"type":"Feature","geometry":{"type":"Point","coordinates":[-121.708248,39.946981]},"properties":{"c":0,"p":0.999,"t":1,"k":2}},{"type":"Feature","geometry":{"type":"Point","coordinates":[-121.785743,40.343018]},"properties":{"c":1,"p":0.004,"t":0,"k":0}},{"type":"Feature","geometry":{"type":"Point","coordinates":[-121.776996,39.83917]},"properties":{"c":1,"p":0.002,"t":0,"k":0}},{"type":"Feature","geometry":{"type":"Point","coordinates":[-121.73013,39.930104]},"properties":{"c":1,"p":0.0,"t":0,"k":0}},{"type":"Feature","geometry":{"type":"Point","coordinates":[-121.691977,39.861271]},"properties":{"c":1,"p":0.037,"t":2,"k":4}},{"type":"Feature","geometry":{"type":"Point","coordinates":[-121.818934,40.358713]},"properties":{"c":1,"p":0.031,"t":0,"k":0}},{"type":"Feature","geometry":{"type":"Point","coordinates":[-121.786028,40.342936]},"properties":{"c":1,"p":0.015,"t":0,"k":2}},{"type":"Feature","geometry":{"type":"Point","coordinates":[-121.777155,39.838983]},"properties":{"c":1,"p":0.002,"t":0,"k":0}},{"type":"Feature","geometry":{"type":"Point","coordinates":[-121.690908,39.861922]},"properties":{"c":1,"p":0.004,"t":0,"k":0}},{"type":"Feature","geometry":{"type":"Point","coordinates":[-121.819115,40.358584]},"properties":{"c":1,"p":0.084,"t":0,"k":2}},{"type":"Feature","geometry":{"type":"Point","coordinates":[-121.78575,40.34318]},"properties":{"c":1,"p":0.003,"t":0,"k":0}},{"type":"Feature","geometry":{"type":"Point","coordinates":[-121.777546,39.838943]},"properties":{"c":1,"p":0.003,"t":0,"k":0}},{"type":"Feature","geometry":{"type":"Point","coordinates":[-121.729914,39.930771]},"properties":{"c":1,"p":0.001,"t":0,"k":2}},{"type":"Feature","geometry":{"type":"Point","coordinates":[-121.652375,39.926315]},"properties":{"c":1,"p":0.007,"t":0,"k":0}},{"type":"Feature","geometry":{"type":"Point","coordinates":[-121.65943,39.900582]},"properties":{"c":1,"p":0.001,"t":0,"k":0}},{"type":"Feature","geometry":{"type":"Point","coordinates":[-121.785699,40.343531]},"properties":{"c":1,"p":0.002,"t":0,"k":0}},{"type":"Feature","geometry":{"type":"Point","coordinates":[-121.777675,39.838948]},"properties":{"c":1,"p":0.002,"t":0,"k":0}},{"type":"Feature","geometry":{"type":"Point","coordinates":[-121.728406,39.930846]},"properties":{"c":1,"p":0.002,"t":0,"k":0}},{"type":"Feature","geometry":{"type":"Point","coordinates":[-121.819042,40.358373]},"properties":{"c":1,"p":0.217,"t":0,"k":2}},{"type":"Feature","geometry":{"type":"Point","coordinates":[-121.785705,40.342833]},"properties":{"c":1,"p":0.006,"t":0,"k":2}},{"type":"Feature","geometry":{"type":"Point","coordinates":[-121.716362,40.0242]},"properties":{"c":0,"p":0.999,"t":1,"k":0}},{"type":"Feature","geometry":{"type":"Point","coordinates":[-121.729156,39.931231]},"properties":{"c":1,"p":0.0,"t":0,"k":0}},{"type":"Feature","geometry":{"type":"Point","coordinates":[-121.777659,39.838741]},"properties":{"c":1,"p":0.003,"t":0,"k":0}},{"type":"Feature","geometry":{"type":"Point","coordinates":[-121.81832,40.357578]},"properties":{"c":3,"p":0.393,"t":1,"k":2,"w":"probability 0.39; a minor structure (shed or outbuilding) in the inspection record"}},{"type":"Feature","geometry":{"type":"Point","coordinates":[-121.716567,40.023725]},"properties":{"c":0,"p":0.998,"t":1,"k":0}},{"type":"Feature","geometry":{"type":"Point","coordinates":[-121.777744,39.838751]},"properties":{"c":1,"p":0.003,"t":0,"k":2}},{"type":"Feature","geometry":{"type":"Point","coordinates":[-121.728597,39.931679]},"properties":{"c":1,"p":0.001,"t":0,"k":0}},{"type":"Feature","geometry":{"type":"Point","coordinates":[-121.807837,40.360291]},"properties":{"c":0,"p":0.987,"t":1,"k":0}},{"type":"Feature","geometry":{"type":"Point","coordinates":[-121.684518,39.87185]},"properties":{"c":1,"p":0.001,"t":0,"k":0}},{"type":"Feature","geometry":{"type":"Point","coordinates":[-121.785746,40.342671]},"properties":{"c":1,"p":0.009,"t":0,"k":0}},{"type":"Feature","geometry":{"type":"Point","coordinates":[-121.777841,39.83878]},"properties":{"c":1,"p":0.003,"t":0,"k":0}},{"type":"Feature","geometry":{"type":"Point","coordinates":[-121.727878,39.93163]},"properties":{"c":1,"p":0.001,"t":0,"k":0}},{"type":"Feature","geometry":{"type":"Point","coordinates":[-121.731818,39.904231]},"properties":{"c":0,"p":0.998,"t":1,"k":0}},{"type":"Feature","geometry":{"type":"Point","coordinates":[-121.782996,40.342052]},"properties":{"c":1,"p":0.006,"t":0,"k":0}},{"type":"Feature","geometry":{"type":"Point","coordinates":[-121.778038,39.838731]},"properties":{"c":1,"p":0.003,"t":0,"k":2}},{"type":"Feature","geometry":{"type":"Point","coordinates":[-121.728187,39.932014]},"properties":{"c":1,"p":0.002,"t":0,"k":0}},{"type":"Feature","geometry":{"type":"Point","coordinates":[-121.875723,40.087904]},"properties":{"c":2,"p":0.964,"t":0,"k":2,"w":"probability 0.96"}},{"type":"Feature","geometry":{"type":"Point","coordinates":[-121.782811,40.34206]},"properties":{"c":1,"p":0.008,"t":0,"k":2}},{"type":"Feature","geometry":{"type":"Point","coordinates":[-121.732444,39.906306]},"properties":{"c":0,"p":0.994,"t":1,"k":2}},{"type":"Feature","geometry":{"type":"Point","coordinates":[-121.727119,39.933091]},"properties":{"c":1,"p":0.002,"t":0,"k":1}},{"type":"Feature","geometry":{"type":"Point","coordinates":[-121.778107,39.838914]},"properties":{"c":1,"p":0.003,"t":0,"k":0}},{"type":"Feature","geometry":{"type":"Point","coordinates":[-121.702267,39.931876]},"properties":{"c":0,"p":0.999,"t":1,"k":2}},{"type":"Feature","geometry":{"type":"Point","coordinates":[-121.782477,40.342026]},"properties":{"c":1,"p":0.004,"t":0,"k":0}},{"type":"Feature","geometry":{"type":"Point","coordinates":[-121.732491,39.906496]},"properties":{"c":2,"p":0.996,"t":2,"k":2,"w":"probability 0.996; inspector graded it Affected (1-10%): damaged, not destroyed; most neighbours within 50 m were destroyed (2 of 2); green cover around it before the fire (pre-fire NDVI 0.75)"}},{"type":"Feature","geometry":{"type":"Point","coordinates":[-121.72726,39.933034]},"properties":{"c":1,"p":0.003,"t":0,"k":2}},{"type":"Feature","geometry":{"type":"Point","coordinates":[-121.737981,39.898749]},"properties":{"c":1,"p":0.607,"t":0,"k":0}},{"type":"Feature","geometry":{"type":"Point","coordinates":[-121.781756,40.342027]},"properties":{"c":1,"p":0.012,"t":0,"k":0}},{"type":"Feature","geometry":{"type":"Point","coordinates":[-121.808207,40.359617]},"properties":{"c":3,"p":0.674,"t":1,"k":0,"w":"probability 0.67"}},{"type":"Feature","geometry":{"type":"Point","coordinates":[-121.725143,39.933439]},"properties":{"c":1,"p":0.005,"t":0,"k":2}},{"type":"Feature","geometry":{"type":"Point","coordinates":[-121.777792,39.83895]},"properties":{"c":1,"p":0.003,"t":0,"k":0}},{"type":"Feature","geometry":{"type":"Point","coordinates":[-121.737512,39.898831]},"properties":{"c":0,"p":0.993,"t":1,"k":2}},{"type":"Feature","geometry":{"type":"Point","coordinates":[-121.852292,39.861359]},"properties":{"c":0,"p":0.985,"t":1,"k":2}},{"type":"Feature","geometry":{"type":"Point","coordinates":[-121.719063,39.936136]},"properties":{"c":0,"p":0.986,"t":1,"k":0}},{"type":"Feature","geometry":{"type":"Point","coordinates":[-121.737253,39.899048]},"properties":{"c":0,"p":0.996,"t":1,"k":2}},{"type":"Feature","geometry":{"type":"Point","coordinates":[-121.782032,40.342017]},"properties":{"c":1,"p":0.007,"t":0,"k":2}},{"type":"Feature","geometry":{"type":"Point","coordinates":[-121.851807,39.861678]},"properties":{"c":0,"p":0.992,"t":1,"k":0}},{"type":"Feature","geometry":{"type":"Point","coordinates":[-121.77934,40.341969]},"properties":{"c":1,"p":0.005,"t":0,"k":0}},{"type":"Feature","geometry":{"type":"Point","coordinates":[-121.918285,39.986384]},"properties":{"c":1,"p":0.016,"t":0,"k":0}},{"type":"Feature","geometry":{"type":"Point","coordinates":[-121.779247,40.342024]},"properties":{"c":1,"p":0.006,"t":0,"k":2}},{"type":"Feature","geometry":{"type":"Point","coordinates":[-121.738057,39.899519]},"properties":{"c":0,"p":0.996,"t":1,"k":2}},{"type":"Feature","geometry":{"type":"Point","coordinates":[-121.918336,39.986455]},"properties":{"c":1,"p":0.124,"t":0,"k":2}},{"type":"Feature","geometry":{"type":"Point","coordinates":[-121.737572,39.900481]},"properties":{"c":0,"p":0.998,"t":1,"k":0}},{"type":"Feature","geometry":{"type":"Point","coordinates":[-121.694084,39.851077]},"properties":{"c":0,"p":0.996,"t":1,"k":0}},{"type":"Feature","geometry":{"type":"Point","coordinates":[-121.718845,39.93665]},"properties":{"c":1,"p":0.023,"t":0,"k":2}},{"type":"Feature","geometry":{"type":"Point","coordinates":[-121.77801,39.839542]},"properties":{"c":1,"p":0.001,"t":0,"k":0}},{"type":"Feature","geometry":{"type":"Point","coordinates":[-121.694273,39.851378]},"properties":{"c":0,"p":0.995,"t":1,"k":0}},{"type":"Feature","geometry":{"type":"Point","coordinates":[-121.65322,39.926354]},"properties":{"c":1,"p":0.005,"t":0,"k":2}},{"type":"Feature","geometry":{"type":"Point","coordinates":[-121.778111,39.839538]},"properties":{"c":1,"p":0.001,"t":0,"k":0}},{"type":"Feature","geometry":{"type":"Point","coordinates":[-121.721157,39.933493]},"properties":{"c":1,"p":0.003,"t":0,"k":2}},{"type":"Feature","geometry":{"type":"Point","coordinates":[-121.69332,39.851013]},"properties":{"c":3,"p":0.736,"t":1,"k":0,"w":"probability 0.74"}},{"type":"Feature","geometry":{"type":"Point","coordinates":[-121.737618,39.900684]},"properties":{"c":0,"p":0.998,"t":1,"k":2}},{"type":"Feature","geometry":{"type":"Point","coordinates":[-122.002155,40.134898]},"properties":{"c":1,"p":0.194,"t":0,"k":0}},{"type":"Feature","geometry":{"type":"Point","coordinates":[-121.778256,39.839528]},"properties":{"c":1,"p":0.001,"t":0,"k":0}},{"type":"Feature","geometry":{"type":"Point","coordinates":[-121.723424,39.933026]},"properties":{"c":1,"p":0.0,"t":0,"k":2}},{"type":"Feature","geometry":{"type":"Point","coordinates":[-121.732482,39.904104]},"properties":{"c":0,"p":0.998,"t":1,"k":2}},{"type":"Feature","geometry":{"type":"Point","coordinates":[-121.967717,40.137679]},"properties":{"c":1,"p":0.102,"t":0,"k":0}},{"type":"Feature","geometry":{"type":"Point","coordinates":[-121.694485,39.852172]},"properties":{"c":1,"p":0.003,"t":2,"k":0}},{"type":"Feature","geometry":{"type":"Point","coordinates":[-121.72332,39.935287]},"properties":{"c":1,"p":0.001,"t":0,"k":2}},{"type":"Feature","geometry":{"type":"Point","coordinates":[-121.778384,39.839515]},"properties":{"c":1,"p":0.001,"t":0,"k":0}},{"type":"Feature","geometry":{"type":"Point","coordinates":[-121.732135,39.907]},"properties":{"c":0,"p":0.998,"t":1,"k":0}},{"type":"Feature","geometry":{"type":"Point","coordinates":[-121.732122,39.906355]},"properties":{"c":0,"p":0.994,"t":1,"k":0}},{"type":"Feature","geometry":{"type":"Point","coordinates":[-121.694509,39.852512]},"properties":{"c":1,"p":0.012,"t":0,"k":0}},{"type":"Feature","geometry":{"type":"Point","coordinates":[-121.734781,39.936209]},"properties":{"c":1,"p":0.001,"t":0,"k":0}},{"type":"Feature","geometry":{"type":"Point","coordinates":[-121.778484,39.839539]},"properties":{"c":1,"p":0.002,"t":0,"k":0}},{"type":"Feature","geometry":{"type":"Point","coordinates":[-121.693421,39.851488]},"properties":{"c":1,"p":0.046,"t":0,"k":0}},{"type":"Feature","geometry":{"type":"Point","coordinates":[-121.707969,39.946726]},"properties":{"c":0,"p":0.999,"t":1,"k":2}},{"type":"Feature","geometry":{"type":"Point","coordinates":[-121.766152,40.339465]},"properties":{"c":1,"p":0.467,"t":0,"k":0}},{"type":"Feature","geometry":{"type":"Point","coordinates":[-121.781597,39.840368]},"properties":{"c":1,"p":0.004,"t":0,"k":1}},{"type":"Feature","geometry":{"type":"Point","coordinates":[-121.736118,39.938597]},"properties":{"c":1,"p":0.001,"t":0,"k":0}},{"type":"Feature","geometry":{"type":"Point","coordinates":[-121.694301,39.85361]},"properties":{"c":1,"p":0.006,"t":0,"k":0}},{"type":"Feature","geometry":{"type":"Point","coordinates":[-121.789177,39.839751]},"properties":{"c":1,"p":0.016,"t":0,"k":0}},{"type":"Feature","geometry":{"type":"Point","coordinates":[-121.708403,39.946658]},"properties":{"c":0,"p":0.997,"t":1,"k":2}},{"type":"Feature","geometry":{"type":"Point","coordinates":[-121.809131,39.831244]},"properties":{"c":3,"p":0.404,"t":1,"k":0,"w":"probability 0.40; green cover around it before the fire (pre-fire NDVI 0.51)"}},{"type":"Feature","geometry":{"type":"Point","coordinates":[-121.733022,39.938688]},"properties":{"c":1,"p":0.001,"t":0,"k":0}},{"type":"Feature","geometry":{"type":"Point","coordinates":[-121.656793,39.903298]},"properties":{"c":1,"p":0.004,"t":0,"k":0}},{"type":"Feature","geometry":{"type":"Point","coordinates":[-121.650646,39.926575]},"properties":{"c":1,"p":0.002,"t":0,"k":0}},{"type":"Feature","geometry":{"type":"Point","coordinates":[-121.783832,40.341738]},"properties":{"c":1,"p":0.007,"t":0,"k":0}},{"type":"Feature","geometry":{"type":"Point","coordinates":[-121.656789,39.903073]},"properties":{"c":1,"p":0.02,"t":0,"k":0}},{"type":"Feature","geometry":{"type":"Point","coordinates":[-121.734137,39.940135]},"properties":{"c":1,"p":0.0,"t":0,"k":0}},{"type":"Feature","geometry":{"type":"Point","coordinates":[-121.710006,39.947159]},"properties":{"c":0,"p":0.998,"t":1,"k":0}},{"type":"Feature","geometry":{"type":"Point","coordinates":[-121.809251,39.831125]},"properties":{"c":3,"p":0.811,"t":1,"k":2,"w":"probability 0.81, just under the 0.88 cut; a minor structure (shed or outbuilding) in the inspection record"}},{"type":"Feature","geometry":{"type":"Point","coordinates":[-121.688948,39.881205]},"properties":{"c":0,"p":0.995,"t":1,"k":0}},{"type":"Feature","geometry":{"type":"Point","coordinates":[-121.709938,39.944449]},"properties":{"c":0,"p":0.997,"t":1,"k":0}},{"type":"Feature","geometry":{"type":"Point","coordinates":[-121.658434,39.904762]},"properties":{"c":1,"p":0.006,"t":0,"k":0}},{"type":"Feature","geometry":{"type":"Point","coordinates":[-121.809778,39.830917]},"properties":{"c":1,"p":0.122,"t":0,"k":0}},{"type":"Feature","geometry":{"type":"Point","coordinates":[-121.734229,39.939918]},"properties":{"c":1,"p":0.0,"t":0,"k":0}},{"type":"Feature","geometry":{"type":"Point","coordinates":[-121.844544,39.936241]},"properties":{"c":0,"p":0.991,"t":1,"k":2}},{"type":"Feature","geometry":{"type":"Point","coordinates":[-121.707123,39.945892]},"properties":{"c":0,"p":0.996,"t":1,"k":2}},{"type":"Feature","geometry":{"type":"Point","coordinates":[-121.65831,39.904766]},"properties":{"c":1,"p":0.002,"t":0,"k":2}},{"type":"Feature","geometry":{"type":"Point","coordinates":[-121.91493,40.154573]},"properties":{"c":1,"p":0.146,"t":0,"k":0}},{"type":"Feature","geometry":{"type":"Point","coordinates":[-121.810137,39.831452]},"properties":{"c":0,"p":0.991,"t":1,"k":0}},{"type":"Feature","geometry":{"type":"Point","coordinates":[-121.734074,39.940361]},"properties":{"c":1,"p":0.0,"t":0,"k":2}},{"type":"Feature","geometry":{"type":"Point","coordinates":[-121.694315,39.853912]},"properties":{"c":1,"p":0.007,"t":0,"k":0}},{"type":"Feature","geometry":{"type":"Point","coordinates":[-121.706359,39.946439]},"properties":{"c":0,"p":0.998,"t":1,"k":0}},{"type":"Feature","geometry":{"type":"Point","coordinates":[-122.024485,40.191081]},"properties":{"c":1,"p":0.103,"t":0,"k":0}},{"type":"Feature","geometry":{"type":"Point","coordinates":[-121.816848,39.826301]},"properties":{"c":1,"p":0.872,"t":0,"k":0}},{"type":"Feature","geometry":{"type":"Point","coordinates":[-121.694443,39.857905]},"properties":{"c":1,"p":0.002,"t":0,"k":2}},{"type":"Feature","geometry":{"type":"Point","coordinates":[-121.706831,39.942461]},"properties":{"c":0,"p":0.999,"t":1,"k":0}},{"type":"Feature","geometry":{"type":"Point","coordinates":[-121.811139,39.952693]},"properties":{"c":0,"p":0.991,"t":1,"k":2}},{"type":"Feature","geometry":{"type":"Point","coordinates":[-121.832421,39.845813]},"properties":{"c":1,"p":0.009,"t":0,"k":0}},{"type":"Feature","geometry":{"type":"Point","coordinates":[-121.91193,40.154931]},"properties":{"c":0,"p":0.937,"t":1,"k":0}},{"type":"Feature","geometry":{"type":"Point","coordinates":[-121.707279,39.941563]},"properties":{"c":0,"p":0.999,"t":1,"k":0}},{"type":"Feature","geometry":{"type":"Point","coordinates":[-121.694415,39.857702]},"properties":{"c":1,"p":0.004,"t":0,"k":2}},{"type":"Feature","geometry":{"type":"Point","coordinates":[-121.831952,39.846146]},"properties":{"c":1,"p":0.002,"t":0,"k":0}},{"type":"Feature","geometry":{"type":"Point","coordinates":[-122.01853,40.310324]},"properties":{"c":1,"p":0.09,"t":0,"k":0}},{"type":"Feature","geometry":{"type":"Point","coordinates":[-121.971836,40.141134]},"properties":{"c":2,"p":0.924,"t":0,"k":0,"w":"probability 0.92, just over the 0.88 cut"}},{"type":"Feature","geometry":{"type":"Point","coordinates":[-121.70734,39.941452]},"properties":{"c":0,"p":0.997,"t":1,"k":2}},{"type":"Feature","geometry":{"type":"Point","coordinates":[-121.694384,39.857506]},"properties":{"c":1,"p":0.001,"t":0,"k":2}},{"type":"Feature","geometry":{"type":"Point","coordinates":[-121.83174,39.846182]},"properties":{"c":1,"p":0.002,"t":0,"k":2}},{"type":"Feature","geometry":{"type":"Point","coordinates":[-121.77161,40.242283]},"properties":{"c":0,"p":0.998,"t":1,"k":0}},{"type":"Feature","geometry":{"type":"Point","coordinates":[-121.694332,39.857363]},"properties":{"c":1,"p":0.003,"t":0,"k":2}},{"type":"Feature","geometry":{"type":"Point","coordinates":[-121.707605,39.943349]},"properties":{"c":0,"p":0.998,"t":1,"k":0}},{"type":"Feature","geometry":{"type":"Point","coordinates":[-121.815062,39.826766]},"properties":{"c":1,"p":0.029,"t":0,"k":0}},{"type":"Feature","geometry":{"type":"Point","coordinates":[-121.771852,40.242056]},"properties":{"c":0,"p":0.998,"t":1,"k":2}},{"type":"Feature","geometry":{"type":"Point","coordinates":[-122.018969,40.310429]},"properties":{"c":1,"p":0.548,"t":0,"k":2}},{"type":"Feature","geometry":{"type":"Point","coordinates":[-121.694247,39.857525]},"properties":{"c":1,"p":0.003,"t":0,"k":2}},{"type":"Feature","geometry":{"type":"Point","coordinates":[-121.831519,39.84645]},"properties":{"c":1,"p":0.009,"t":0,"k":0}},{"type":"Feature","geometry":{"type":"Point","coordinates":[-121.770704,40.24124]},"properties":{"c":0,"p":0.999,"t":1,"k":0}},{"type":"Feature","geometry":{"type":"Point","coordinates":[-122.020963,40.312292]},"properties":{"c":1,"p":0.01,"t":0,"k":0}},{"type":"Feature","geometry":{"type":"Point","coordinates":[-121.694287,39.857719]},"properties":{"c":1,"p":0.001,"t":2,"k":2}},{"type":"Feature","geometry":{"type":"Point","coordinates":[-121.769921,40.240925]},"properties":{"c":0,"p":0.998,"t":1,"k":0}},{"type":"Feature","geometry":{"type":"Point","coordinates":[-122.020452,40.312241]},"properties":{"c":1,"p":0.002,"t":0,"k":2}},{"type":"Feature","geometry":{"type":"Point","coordinates":[-121.831232,39.846569]},"properties":{"c":1,"p":0.102,"t":0,"k":2}},{"type":"Feature","geometry":{"type":"Point","coordinates":[-121.693642,39.851837]},"properties":{"c":1,"p":0.007,"t":0,"k":0}},{"type":"Feature","geometry":{"type":"Point","coordinates":[-121.770129,40.24068]},"properties":{"c":0,"p":0.999,"t":1,"k":0}},{"type":"Feature","geometry":{"type":"Point","coordinates":[-121.709807,39.945284]},"properties":{"c":0,"p":0.995,"t":1,"k":0}},{"type":"Feature","geometry":{"type":"Point","coordinates":[-122.018911,40.310349]},"properties":{"c":1,"p":0.611,"t":0,"k":2}},{"type":"Feature","geometry":{"type":"Point","coordinates":[-121.829558,39.847564]},"properties":{"c":1,"p":0.006,"t":0,"k":0}},{"type":"Feature","geometry":{"type":"Point","coordinates":[-121.82978,39.846558]},"properties":{"c":1,"p":0.348,"t":0,"k":2}},{"type":"Feature","geometry":{"type":"Point","coordinates":[-121.770033,40.240683]},"properties":{"c":0,"p":0.997,"t":1,"k":2}},{"type":"Feature","geometry":{"type":"Point","coordinates":[-121.694394,39.854319]},"properties":{"c":1,"p":0.002,"t":0,"k":0}},{"type":"Feature","geometry":{"type":"Point","coordinates":[-121.742707,39.911185]},"properties":{"c":1,"p":0.175,"t":0,"k":0}},{"type":"Feature","geometry":{"type":"Point","coordinates":[-121.661878,39.899173]},"properties":{"c":1,"p":0.038,"t":0,"k":0}},{"type":"Feature","geometry":{"type":"Point","coordinates":[-121.771161,40.240347]},"properties":{"c":0,"p":0.999,"t":1,"k":0}},{"type":"Feature","geometry":{"type":"Point","coordinates":[-121.709842,39.943499]},"properties":{"c":0,"p":0.994,"t":1,"k":0}},{"type":"Feature","geometry":{"type":"Point","coordinates":[-121.742579,39.911347]},"properties":{"c":1,"p":0.291,"t":0,"k":2}},{"type":"Feature","geometry":{"type":"Point","coordinates":[-121.828957,39.848699]},"properties":{"c":0,"p":0.997,"t":1,"k":0}},{"type":"Feature","geometry":{"type":"Point","coordinates":[-121.661662,39.899484]},"properties":{"c":1,"p":0.008,"t":0,"k":2}},{"type":"Feature","geometry":{"type":"Point","coordinates":[-121.771161,40.240419]},"properties":{"c":0,"p":0.998,"t":1,"k":0}},{"type":"Feature","geometry":{"type":"Point","coordinates":[-121.708269,39.945445]},"properties":{"c":0,"p":0.998,"t":1,"k":2}},{"type":"Feature","geometry":{"type":"Point","coordinates":[-121.743088,39.911785]},"properties":{"c":1,"p":0.394,"t":2,"k":2}},{"type":"Feature","geometry":{"type":"Point","coordinates":[-121.782825,39.859018]},"properties":{"c":1,"p":0.085,"t":0,"k":2}},{"type":"Feature","geometry":{"type":"Point","coordinates":[-121.694539,39.855493]},"properties":{"c":1,"p":0.009,"t":0,"k":0}},{"type":"Feature","geometry":{"type":"Point","coordinates":[-121.706759,39.942503]},"properties":{"c":0,"p":0.999,"t":1,"k":0}},{"type":"Feature","geometry":{"type":"Point","coordinates":[-121.76751,40.240237]},"properties":{"c":0,"p":0.995,"t":1,"k":0}},{"type":"Feature","geometry":{"type":"Point","coordinates":[-121.779003,39.859777]},"properties":{"c":0,"p":0.982,"t":1,"k":0}},{"type":"Feature","geometry":{"type":"Point","coordinates":[-121.723465,39.926184]},"properties":{"c":1,"p":0.077,"t":0,"k":2}},{"type":"Feature","geometry":{"type":"Point","coordinates":[-121.659657,39.902354]},"properties":{"c":1,"p":0.009,"t":0,"k":0}},{"type":"Feature","geometry":{"type":"Point","coordinates":[-121.767986,40.240932]},"properties":{"c":0,"p":0.999,"t":1,"k":0}},{"type":"Feature","geometry":{"type":"Point","coordinates":[-121.774941,39.866872]},"properties":{"c":0,"p":0.995,"t":1,"k":0}},{"type":"Feature","geometry":{"type":"Point","coordinates":[-121.721967,39.927961]},"properties":{"c":1,"p":0.034,"t":0,"k":2}},{"type":"Feature","geometry":{"type":"Point","coordinates":[-121.659811,39.902404]},"properties":{"c":1,"p":0.014,"t":0,"k":2}},{"type":"Feature","geometry":{"type":"Point","coordinates":[-121.721062,39.92742]},"properties":{"c":1,"p":0.042,"t":0,"k":2}},{"type":"Feature","geometry":{"type":"Point","coordinates":[-121.774382,39.867294]},"properties":{"c":3,"p":0.878,"t":1,"k":0,"w":"probability 0.878, just under the 0.88 cut"}},{"type":"Feature","geometry":{"type":"Point","coordinates":[-121.76667,40.240894]},"properties":{"c":0,"p":0.999,"t":1,"k":0}},{"type":"Feature","geometry":{"type":"Point","coordinates":[-121.721369,39.927077]},"properties":{"c":1,"p":0.001,"t":0,"k":0}},{"type":"Feature","geometry":{"type":"Point","coordinates":[-121.693645,39.85226]},"properties":{"c":1,"p":0.001,"t":0,"k":0}},{"type":"Feature","geometry":{"type":"Point","coordinates":[-121.707553,39.941718]},"properties":{"c":2,"p":0.996,"t":0,"k":2,"w":"probability 0.996; most neighbours within 50 m were destroyed (2 of 2)"}},{"type":"Feature","geometry":{"type":"Point","coordinates":[-121.764808,40.240465]},"properties":{"c":0,"p":0.999,"t":1,"k":0}},{"type":"Feature","geometry":{"type":"Point","coordinates":[-121.722416,39.92673]},"properties":{"c":1,"p":0.014,"t":0,"k":2}},{"type":"Feature","geometry":{"type":"Point","coordinates":[-121.693629,39.855271]},"properties":{"c":1,"p":0.001,"t":0,"k":0}},{"type":"Feature","geometry":{"type":"Point","coordinates":[-121.775098,39.866939]},"properties":{"c":0,"p":0.994,"t":1,"k":0}},{"type":"Feature","geometry":{"type":"Point","coordinates":[-121.764907,40.240367]},"properties":{"c":0,"p":0.999,"t":1,"k":0}},{"type":"Feature","geometry":{"type":"Point","coordinates":[-121.834837,39.843773]},"properties":{"c":1,"p":0.017,"t":0,"k":0}},{"type":"Feature","geometry":{"type":"Point","coordinates":[-121.695053,39.856777]},"properties":{"c":1,"p":0.003,"t":0,"k":0}},{"type":"Feature","geometry":{"type":"Point","coordinates":[-121.738348,39.916104]},"properties":{"c":0,"p":0.995,"t":1,"k":2}},{"type":"Feature","geometry":{"type":"Point","coordinates":[-121.723171,39.923059]},"properties":{"c":1,"p":0.256,"t":0,"k":0}},{"type":"Feature","geometry":{"type":"Point","coordinates":[-121.763523,40.240785]},"properties":{"c":0,"p":0.999,"t":1,"k":0}},{"type":"Feature","geometry":{"type":"Point","coordinates":[-121.735173,39.915518]},"properties":{"c":1,"p":0.17,"t":0,"k":2}},{"type":"Feature","geometry":{"type":"Point","coordinates":[-121.694177,39.856825]},"properties":{"c":1,"p":0.003,"t":0,"k":2}},{"type":"Feature","geometry":{"type":"Point","coordinates":[-121.723442,39.917449]},"properties":{"c":0,"p":0.99,"t":1,"k":0}},{"type":"Feature","geometry":{"type":"Point","coordinates":[-121.660602,39.901262]},"properties":{"c":1,"p":0.028,"t":0,"k":0}},{"type":"Feature","geometry":{"type":"Point","coordinates":[-121.83499,39.843653]},"properties":{"c":1,"p":0.007,"t":0,"k":2}},{"type":"Feature","geometry":{"type":"Point","coordinates":[-121.914663,40.331353]},"properties":{"c":0,"p":0.993,"t":1,"k":4}},{"type":"Feature","geometry":{"type":"Point","coordinates":[-121.735695,39.915976]},"properties":{"c":1,"p":0.219,"t":0,"k":2}},{"type":"Feature","geometry":{"type":"Point","coordinates":[-121.835267,39.843575]},"properties":{"c":1,"p":0.004,"t":0,"k":0}},{"type":"Feature","geometry":{"type":"Point","coordinates":[-121.858462,40.041332]},"properties":{"c":0,"p":0.993,"t":1,"k":2}},{"type":"Feature","geometry":{"type":"Point","coordinates":[-121.723361,39.917629]},"properties":{"c":0,"p":0.997,"t":1,"k":2}},{"type":"Feature","geometry":{"type":"Point","coordinates":[-121.735204,39.916232]},"properties":{"c":0,"p":0.997,"t":1,"k":0}},{"type":"Feature","geometry":{"type":"Point","coordinates":[-121.694846,39.856037]},"properties":{"c":1,"p":0.069,"t":0,"k":0}},{"type":"Feature","geometry":{"type":"Point","coordinates":[-121.724354,39.916241]},"properties":{"c":0,"p":0.997,"t":1,"k":0}},{"type":"Feature","geometry":{"type":"Point","coordinates":[-121.835209,39.842701]},"properties":{"c":1,"p":0.001,"t":0,"k":1}},{"type":"Feature","geometry":{"type":"Point","coordinates":[-121.862172,40.041047]},"properties":{"c":1,"p":0.107,"t":0,"k":0}},{"type":"Feature","geometry":{"type":"Point","coordinates":[-121.693602,39.854899]},"properties":{"c":1,"p":0.002,"t":0,"k":0}},{"type":"Feature","geometry":{"type":"Point","coordinates":[-121.862043,40.041141]},"properties":{"c":1,"p":0.287,"t":0,"k":2}},{"type":"Feature","geometry":{"type":"Point","coordinates":[-121.734632,39.911746]},"properties":{"c":0,"p":0.999,"t":1,"k":2}},{"type":"Feature","geometry":{"type":"Point","coordinates":[-121.724819,39.91545]},"properties":{"c":1,"p":0.029,"t":2,"k":0}},{"type":"Feature","geometry":{"type":"Point","coordinates":[-121.835499,39.842355]},"properties":{"c":1,"p":0.001,"t":0,"k":1}},{"type":"Feature","geometry":{"type":"Point","coordinates":[-121.735531,39.911985]},"properties":{"c":1,"p":0.829,"t":0,"k":2}},{"type":"Feature","geometry":{"type":"Point","coordinates":[-121.763365,40.24079]},"properties":{"c":0,"p":0.999,"t":1,"k":2}},{"type":"Feature","geometry":{"type":"Point","coordinates":[-121.835697,39.843229]},"properties":{"c":1,"p":0.02,"t":0,"k":2}},{"type":"Feature","geometry":{"type":"Point","coordinates":[-121.738178,39.912265]},"properties":{"c":1,"p":0.549,"t":0,"k":0}},{"type":"Feature","geometry":{"type":"Point","coordinates":[-121.724677,39.915502]},"properties":{"c":1,"p":0.065,"t":0,"k":2}},{"type":"Feature","geometry":{"type":"Point","coordinates":[-121.693572,39.85253]},"properties":{"c":1,"p":0.001,"t":0,"k":0}},{"type":"Feature","geometry":{"type":"Point","coordinates":[-121.763605,40.240854]},"properties":{"c":0,"p":0.999,"t":1,"k":2}},{"type":"Feature","geometry":{"type":"Point","coordinates":[-121.738232,39.911889]},"properties":{"c":0,"p":0.99,"t":1,"k":2}},{"type":"Feature","geometry":{"type":"Point","coordinates":[-121.725633,39.914497]},"properties":{"c":1,"p":0.028,"t":0,"k":0}},{"type":"Feature","geometry":{"type":"Point","coordinates":[-121.69358,39.854549]},"properties":{"c":1,"p":0.001,"t":0,"k":0}},{"type":"Feature","geometry":{"type":"Point","coordinates":[-121.76383,40.239275]},"properties":{"c":0,"p":0.999,"t":1,"k":2}},{"type":"Feature","geometry":{"type":"Point","coordinates":[-121.693646,39.853021]},"properties":{"c":1,"p":0.001,"t":0,"k":0}},{"type":"Feature","geometry":{"type":"Point","coordinates":[-121.737707,39.916104]},"properties":{"c":0,"p":0.997,"t":1,"k":0}},{"type":"Feature","geometry":{"type":"Point","coordinates":[-121.725287,39.913824]},"properties":{"c":1,"p":0.082,"t":0,"k":2}},{"type":"Feature","geometry":{"type":"Point","coordinates":[-121.836962,39.842825]},"properties":{"c":1,"p":0.004,"t":0,"k":0}},{"type":"Feature","geometry":{"type":"Point","coordinates":[-121.771898,40.240245]},"properties":{"c":0,"p":0.999,"t":1,"k":2}},{"type":"Feature","geometry":{"type":"Point","coordinates":[-121.693502,39.854112]},"properties":{"c":1,"p":0.001,"t":0,"k":0}},{"type":"Feature","geometry":{"type":"Point","coordinates":[-121.736237,39.915993]},"properties":{"c":1,"p":0.633,"t":3,"k":0}},{"type":"Feature","geometry":{"type":"Point","coordinates":[-121.740342,39.909725]},"properties":{"c":0,"p":0.996,"t":1,"k":0}},{"type":"Feature","geometry":{"type":"Point","coordinates":[-121.771818,40.239782]},"properties":{"c":0,"p":0.999,"t":1,"k":0}},{"type":"Feature","geometry":{"type":"Point","coordinates":[-121.735881,39.915987]},"properties":{"c":1,"p":0.123,"t":0,"k":0}},{"type":"Feature","geometry":{"type":"Point","coordinates":[-121.69356,39.853737]},"properties":{"c":1,"p":0.001,"t":0,"k":0}},{"type":"Feature","geometry":{"type":"Point","coordinates":[-121.74136,39.908673]},"properties":{"c":0,"p":0.886,"t":1,"k":0}},{"type":"Feature","geometry":{"type":"Point","coordinates":[-121.836208,39.844101]},"properties":{"c":1,"p":0.019,"t":0,"k":2}},{"type":"Feature","geometry":{"type":"Point","coordinates":[-121.735471,39.916693]},"properties":{"c":3,"p":0.688,"t":1,"k":0,"w":"probability 0.69"}},{"type":"Feature","geometry":{"type":"Point","coordinates":[-121.771875,40.239061]},"properties":{"c":0,"p":0.999,"t":1,"k":0}},{"type":"Feature","geometry":{"type":"Point","coordinates":[-121.88736,40.365227]},"properties":{"c":0,"p":0.924,"t":1,"k":1}},{"type":"Feature","geometry":{"type":"Point","coordinates":[-121.812549,40.309841]},"properties":{"c":0,"p":0.98,"t":1,"k":0}},{"type":"Feature","geometry":{"type":"Point","coordinates":[-121.836469,39.844114]},"properties":{"c":1,"p":0.009,"t":0,"k":2}},{"type":"Feature","geometry":{"type":"Point","coordinates":[-121.771626,40.237394]},"properties":{"c":0,"p":0.999,"t":1,"k":0}},{"type":"Feature","geometry":{"type":"Point","coordinates":[-121.693592,39.853396]},"properties":{"c":1,"p":0.001,"t":0,"k":0}},{"type":"Feature","geometry":{"type":"Point","coordinates":[-121.836624,39.8444]},"properties":{"c":1,"p":0.017,"t":0,"k":2}},{"type":"Feature","geometry":{"type":"Point","coordinates":[-121.734364,39.911457]},"properties":{"c":0,"p":0.998,"t":1,"k":0}},{"type":"Feature","geometry":{"type":"Point","coordinates":[-121.812479,40.309995]},"properties":{"c":0,"p":0.992,"t":1,"k":2}},{"type":"Feature","geometry":{"type":"Point","coordinates":[-121.770593,40.238362]},"properties":{"c":0,"p":1.0,"t":1,"k":0}},{"type":"Feature","geometry":{"type":"Point","coordinates":[-121.682502,39.882331]},"properties":{"c":0,"p":0.997,"t":1,"k":0}},{"type":"Feature","geometry":{"type":"Point","coordinates":[-121.836897,39.841996]},"properties":{"c":1,"p":0.222,"t":0,"k":2}},{"type":"Feature","geometry":{"type":"Point","coordinates":[-121.836739,39.842364]},"properties":{"c":1,"p":0.325,"t":0,"k":2}},{"type":"Feature","geometry":{"type":"Point","coordinates":[-121.812991,40.310311]},"properties":{"c":0,"p":0.997,"t":1,"k":2}},{"type":"Feature","geometry":{"type":"Point","coordinates":[-121.770507,40.23871]},"properties":{"c":0,"p":0.999,"t":1,"k":0}},{"type":"Feature","geometry":{"type":"Point","coordinates":[-121.682586,39.882154]},"properties":{"c":0,"p":0.985,"t":1,"k":2}},{"type":"Feature","geometry":{"type":"Point","coordinates":[-121.770819,40.238984]},"properties":{"c":0,"p":0.999,"t":1,"k":0}},{"type":"Feature","geometry":{"type":"Point","coordinates":[-121.813316,40.31035]},"properties":{"c":0,"p":0.999,"t":1,"k":0}},{"type":"Feature","geometry":{"type":"Point","coordinates":[-121.836774,39.841881]},"properties":{"c":2,"p":0.929,"t":2,"k":0,"w":"probability 0.93, just over the 0.88 cut; inspector graded it Affected (1-10%): damaged, not destroyed"}},{"type":"Feature","geometry":{"type":"Point","coordinates":[-121.682105,39.881657]},"properties":{"c":1,"p":0.16,"t":2,"k":0}},{"type":"Feature","geometry":{"type":"Point","coordinates":[-121.734198,39.911662]},"properties":{"c":0,"p":0.998,"t":1,"k":2}},{"type":"Feature","geometry":{"type":"Point","coordinates":[-121.770739,40.239633]},"properties":{"c":0,"p":0.999,"t":1,"k":2}},{"type":"Feature","geometry":{"type":"Point","coordinates":[-121.813595,40.31032]},"properties":{"c":0,"p":0.997,"t":1,"k":0}},{"type":"Feature","geometry":{"type":"Point","coordinates":[-121.837008,39.840973]},"properties":{"c":0,"p":0.983,"t":1,"k":2}},{"type":"Feature","geometry":{"type":"Point","coordinates":[-121.770567,40.239612]},"properties":{"c":0,"p":1.0,"t":1,"k":0}},{"type":"Feature","geometry":{"type":"Point","coordinates":[-121.680197,39.880625]},"properties":{"c":1,"p":0.002,"t":0,"k":2}},{"type":"Feature","geometry":{"type":"Point","coordinates":[-121.73537,39.912255]},"properties":{"c":1,"p":0.321,"t":0,"k":0}},{"type":"Feature","geometry":{"type":"Point","coordinates":[-121.837493,39.84072]},"properties":{"c":0,"p":0.991,"t":1,"k":2}},{"type":"Feature","geometry":{"type":"Point","coordinates":[-121.813472,40.3102]},"properties":{"c":0,"p":0.998,"t":1,"k":0}},{"type":"Feature","geometry":{"type":"Point","coordinates":[-121.770216,40.239681]},"properties":{"c":0,"p":0.998,"t":1,"k":0}},{"type":"Feature","geometry":{"type":"Point","coordinates":[-121.681429,39.880595]},"properties":{"c":1,"p":0.01,"t":0,"k":2}},{"type":"Feature","geometry":{"type":"Point","coordinates":[-121.830372,39.846907]},"properties":{"c":3,"p":0.439,"t":1,"k":0,"w":"probability 0.44"}},{"type":"Feature","geometry":{"type":"Point","coordinates":[-121.813285,40.310615]},"properties":{"c":0,"p":0.985,"t":1,"k":2}},{"type":"Feature","geometry":{"type":"Point","coordinates":[-121.764834,40.239639]},"properties":{"c":0,"p":0.999,"t":1,"k":0}},{"type":"Feature","geometry":{"type":"Point","coordinates":[-121.681988,39.879916]},"properties":{"c":1,"p":0.002,"t":0,"k":2}},{"type":"Feature","geometry":{"type":"Point","coordinates":[-121.77209,40.24057]},"properties":{"c":0,"p":0.997,"t":1,"k":0}},{"type":"Feature","geometry":{"type":"Point","coordinates":[-121.814036,40.310702]},"properties":{"c":1,"p":0.057,"t":0,"k":0}},{"type":"Feature","geometry":{"type":"Point","coordinates":[-121.829229,39.848087]},"properties":{"c":0,"p":0.998,"t":1,"k":0}},{"type":"Feature","geometry":{"type":"Point","coordinates":[-121.681914,39.879419]},"properties":{"c":1,"p":0.005,"t":0,"k":2}},{"type":"Feature","geometry":{"type":"Point","coordinates":[-121.738168,39.91194]},"properties":{"c":0,"p":0.989,"t":1,"k":2}},{"type":"Feature","geometry":{"type":"Point","coordinates":[-121.772042,40.2399]},"properties":{"c":0,"p":0.999,"t":1,"k":2}},{"type":"Feature","geometry":{"type":"Point","coordinates":[-121.814164,40.310891]},"properties":{"c":3,"p":0.217,"t":1,"k":2,"w":"probability 0.22; a minor structure (shed or outbuilding) in the inspection record"}},{"type":"Feature","geometry":{"type":"Point","coordinates":[-121.828768,39.849057]},"properties":{"c":0,"p":0.998,"t":1,"k":0}},{"type":"Feature","geometry":{"type":"Point","coordinates":[-121.7449,39.892477]},"properties":{"c":0,"p":0.999,"t":1,"k":0}},{"type":"Feature","geometry":{"type":"Point","coordinates":[-121.771912,40.238625]},"properties":{"c":0,"p":0.999,"t":1,"k":0}},{"type":"Feature","geometry":{"type":"Point","coordinates":[-121.683215,39.87842]},"properties":{"c":1,"p":0.013,"t":0,"k":0}},{"type":"Feature","geometry":{"type":"Point","coordinates":[-121.761411,39.882244]},"properties":{"c":0,"p":0.999,"t":1,"k":0}},{"type":"Feature","geometry":{"type":"Point","coordinates":[-121.813906,40.309841]},"properties":{"c":1,"p":0.267,"t":0,"k":0}},{"type":"Feature","geometry":{"type":"Point","coordinates":[-121.744868,39.892057]},"properties":{"c":0,"p":0.996,"t":1,"k":2}},{"type":"Feature","geometry":{"type":"Point","coordinates":[-121.771994,40.238136]},"properties":{"c":0,"p":0.999,"t":1,"k":0}},{"type":"Feature","geometry":{"type":"Point","coordinates":[-121.761373,39.881883]},"properties":{"c":0,"p":0.999,"t":1,"k":0}},{"type":"Feature","geometry":{"type":"Point","coordinates":[-121.813703,40.309794]},"properties":{"c":1,"p":0.365,"t":0,"k":2}},{"type":"Feature","geometry":{"type":"Point","coordinates":[-121.770267,40.239219]},"properties":{"c":0,"p":0.999,"t":1,"k":0}},{"type":"Feature","geometry":{"type":"Point","coordinates":[-121.746113,39.892954]},"properties":{"c":2,"p":0.971,"t":0,"k":0,"w":"probability 0.97; green cover around it before the fire (pre-fire NDVI 0.56)"}},{"type":"Feature","geometry":{"type":"Point","coordinates":[-121.814375,40.309889]},"properties":{"c":1,"p":0.737,"t":0,"k":0}},{"type":"Feature","geometry":{"type":"Point","coordinates":[-121.681519,39.882389]},"properties":{"c":1,"p":0.001,"t":0,"k":2}},{"type":"Feature","geometry":{"type":"Point","coordinates":[-121.76156,39.881883]},"properties":{"c":0,"p":0.997,"t":1,"k":2}},{"type":"Feature","geometry":{"type":"Point","coordinates":[-121.768843,40.242708]},"properties":{"c":0,"p":0.999,"t":1,"k":0}},{"type":"Feature","geometry":{"type":"Point","coordinates":[-121.682816,39.88254]},"properties":{"c":0,"p":0.997,"t":1,"k":2}},{"type":"Feature","geometry":{"type":"Point","coordinates":[-121.745952,39.893847]},"properties":{"c":0,"p":0.993,"t":1,"k":0}},{"type":"Feature","geometry":{"type":"Point","coordinates":[-121.814208,40.309873]},"properties":{"c":1,"p":0.63,"t":0,"k":0}},{"type":"Feature","geometry":{"type":"Point","coordinates":[-121.746682,39.893689]},"properties":{"c":0,"p":0.997,"t":1,"k":0}},{"type":"Feature","geometry":{"type":"Point","coordinates":[-121.767572,40.243137]},"properties":{"c":2,"p":0.91,"t":0,"k":0,"w":"probability 0.91, just over the 0.88 cut"}},{"type":"Feature","geometry":{"type":"Point","coordinates":[-121.680237,39.880861]},"properties":{"c":1,"p":0.002,"t":0,"k":0}},{"type":"Feature","geometry":{"type":"Point","coordinates":[-121.814159,40.309811]},"properties":{"c":1,"p":0.739,"t":0,"k":0}},{"type":"Feature","geometry":{"type":"Point","coordinates":[-121.760943,39.882306]},"properties":{"c":0,"p":0.998,"t":1,"k":0}},{"type":"Feature","geometry":{"type":"Point","coordinates":[-121.681843,39.880453]},"properties":{"c":1,"p":0.003,"t":0,"k":0}},{"type":"Feature","geometry":{"type":"Point","coordinates":[-121.742694,39.892792]},"properties":{"c":1,"p":0.445,"t":0,"k":0}},{"type":"Feature","geometry":{"type":"Point","coordinates":[-121.767535,40.243216]},"properties":{"c":2,"p":0.97,"t":0,"k":2,"w":"probability 0.97"}},{"type":"Feature","geometry":{"type":"Point","coordinates":[-121.82993,39.84717]},"properties":{"c":0,"p":0.981,"t":1,"k":0}},{"type":"Feature","geometry":{"type":"Point","coordinates":[-121.68189,39.880306]},"properties":{"c":1,"p":0.01,"t":0,"k":2}},{"type":"Feature","geometry":{"type":"Point","coordinates":[-121.814431,40.31025]},"properties":{"c":1,"p":0.366,"t":0,"k":0}},{"type":"Feature","geometry":{"type":"Point","coordinates":[-121.767842,40.243381]},"properties":{"c":2,"p":0.947,"t":0,"k":2,"w":"probability 0.95"}},{"type":"Feature","geometry":{"type":"Point","coordinates":[-121.682231,39.879667]},"properties":{"c":1,"p":0.002,"t":0,"k":0}},{"type":"Feature","geometry":{"type":"Point","coordinates":[-121.742824,39.892648]},"properties":{"c":2,"p":0.973,"t":0,"k":0,"w":"probability 0.97; green cover around it before the fire (pre-fire NDVI 0.59)"}},{"type":"Feature","geometry":{"type":"Point","coordinates":[-121.814904,40.310213]},"properties":{"c":0,"p":0.975,"t":1,"k":2}},{"type":"Feature","geometry":{"type":"Point","coordinates":[-121.826927,39.850096]},"properties":{"c":1,"p":0.031,"t":0,"k":0}},{"type":"Feature","geometry":{"type":"Point","coordinates":[-121.767307,40.241927]},"properties":{"c":0,"p":0.998,"t":1,"k":0}},{"type":"Feature","geometry":{"type":"Point","coordinates":[-121.742696,39.892183]},"properties":{"c":0,"p":0.997,"t":1,"k":0}},{"type":"Feature","geometry":{"type":"Point","coordinates":[-121.682939,39.878353]},"properties":{"c":1,"p":0.002,"t":0,"k":2}},{"type":"Feature","geometry":{"type":"Point","coordinates":[-121.745372,39.893657]},"properties":{"c":0,"p":0.997,"t":1,"k":0}},{"type":"Feature","geometry":{"type":"Point","coordinates":[-121.826578,39.850449]},"properties":{"c":0,"p":0.977,"t":1,"k":0}},{"type":"Feature","geometry":{"type":"Point","coordinates":[-121.815262,40.310342]},"properties":{"c":1,"p":0.118,"t":0,"k":0}},{"type":"Feature","geometry":{"type":"Point","coordinates":[-121.767375,40.24201]},"properties":{"c":0,"p":0.999,"t":1,"k":2}},{"type":"Feature","geometry":{"type":"Point","coordinates":[-121.761096,39.882165]},"properties":{"c":0,"p":0.998,"t":1,"k":2}},{"type":"Feature","geometry":{"type":"Point","coordinates":[-121.742265,39.89284]},"properties":{"c":0,"p":0.942,"t":1,"k":2}},{"type":"Feature","geometry":{"type":"Point","coordinates":[-121.68306,39.878152]},"properties":{"c":1,"p":0.001,"t":0,"k":0}},{"type":"Feature","geometry":{"type":"Point","coordinates":[-121.761322,39.882278]},"properties":{"c":0,"p":0.999,"t":1,"k":2}},{"type":"Feature","geometry":{"type":"Point","coordinates":[-121.767282,40.240543]},"properties":{"c":0,"p":0.996,"t":1,"k":0}},{"type":"Feature","geometry":{"type":"Point","coordinates":[-121.662599,39.89809]},"properties":{"c":1,"p":0.003,"t":0,"k":0}},{"type":"Feature","geometry":{"type":"Point","coordinates":[-121.782679,40.307268]},"properties":{"c":0,"p":0.997,"t":1,"k":2}},{"type":"Feature","geometry":{"type":"Point","coordinates":[-121.742195,39.892522]},"properties":{"c":1,"p":0.066,"t":0,"k":2}},{"type":"Feature","geometry":{"type":"Point","coordinates":[-121.723344,39.926144]},"properties":{"c":1,"p":0.045,"t":0,"k":0}},{"type":"Feature","geometry":{"type":"Point","coordinates":[-121.767282,40.240625]},"properties":{"c":0,"p":0.998,"t":1,"k":2}},{"type":"Feature","geometry":{"type":"Point","coordinates":[-121.8287,39.848858]},"properties":{"c":0,"p":0.949,"t":1,"k":2}},{"type":"Feature","geometry":{"type":"Point","coordinates":[-121.952557,40.377391]},"properties":{"c":1,"p":0.091,"t":0,"k":0}},{"type":"Feature","geometry":{"type":"Point","coordinates":[-121.694427,39.858575]},"properties":{"c":1,"p":0.005,"t":0,"k":0}},{"type":"Feature","geometry":{"type":"Point","coordinates":[-121.72363,39.92616]},"properties":{"c":1,"p":0.165,"t":0,"k":2}},{"type":"Feature","geometry":{"type":"Point","coordinates":[-121.767175,40.240625]},"properties":{"c":0,"p":0.995,"t":1,"k":2}},{"type":"Feature","geometry":{"type":"Point","coordinates":[-121.828462,39.849344]},"properties":{"c":1,"p":0.004,"t":0,"k":0}},{"type":"Feature","geometry":{"type":"Point","coordinates":[-121.952623,40.377463]},"properties":{"c":1,"p":0.091,"t":0,"k":2}},{"type":"Feature","geometry":{"type":"Point","coordinates":[-121.828155,39.849677]},"properties":{"c":1,"p":0.008,"t":0,"k":0}},{"type":"Feature","geometry":{"type":"Point","coordinates":[-121.767183,40.240551]},"properties":{"c":0,"p":0.995,"t":1,"k":2}},{"type":"Feature","geometry":{"type":"Point","coordinates":[-121.720941,39.928025]},"properties":{"c":1,"p":0.048,"t":0,"k":0}},{"type":"Feature","geometry":{"type":"Point","coordinates":[-121.750882,39.887325]},"properties":{"c":0,"p":0.997,"t":1,"k":2}},{"type":"Feature","geometry":{"type":"Point","coordinates":[-121.694835,39.858182]},"properties":{"c":1,"p":0.013,"t":0,"k":0}},{"type":"Feature","geometry":{"type":"Point","coordinates":[-121.827627,39.849834]},"properties":{"c":1,"p":0.037,"t":0,"k":0}},{"type":"Feature","geometry":{"type":"Point","coordinates":[-121.830742,39.846581]},"properties":{"c":1,"p":0.006,"t":0,"k":0}},{"type":"Feature","geometry":{"type":"Point","coordinates":[-121.720672,39.928091]},"properties":{"c":2,"p":0.89,"t":0,"k":2,"w":"probability 0.890, just over the 0.88 cut; green cover around it before the fire (pre-fire NDVI 0.60)"}},{"type":"Feature","geometry":{"type":"Point","coordinates":[-121.749464,39.885262]},"properties":{"c":0,"p":0.998,"t":1,"k":0}},{"type":"Feature","geometry":{"type":"Point","coordinates":[-121.69498,39.857765]},"properties":{"c":1,"p":0.015,"t":0,"k":0}},{"type":"Feature","geometry":{"type":"Point","coordinates":[-121.765582,40.242531]},"properties":{"c":0,"p":0.999,"t":1,"k":0}},{"type":"Feature","geometry":{"type":"Point","coordinates":[-121.727856,39.924025]},"properties":{"c":0,"p":0.981,"t":1,"k":2}},{"type":"Feature","geometry":{"type":"Point","coordinates":[-121.827214,39.850022]},"properties":{"c":1,"p":0.006,"t":0,"k":0}},{"type":"Feature","geometry":{"type":"Point","coordinates":[-121.695066,39.857248]},"properties":{"c":1,"p":0.023,"t":0,"k":0}},{"type":"Feature","geometry":{"type":"Point","coordinates":[-121.82958,39.847561]},"properties":{"c":1,"p":0.003,"t":0,"k":0}},{"type":"Feature","geometry":{"type":"Point","coordinates":[-121.755081,39.877259]},"properties":{"c":0,"p":0.997,"t":1,"k":0}},{"type":"Feature","geometry":{"type":"Point","coordinates":[-121.765497,40.242655]},"properties":{"c":0,"p":0.999,"t":1,"k":2}},{"type":"Feature","geometry":{"type":"Point","coordinates":[-121.723247,39.91763]},"properties":{"c":0,"p":0.994,"t":1,"k":0}},{"type":"Feature","geometry":{"type":"Point","coordinates":[-121.754964,39.876787]},"properties":{"c":0,"p":0.97,"t":1,"k":0}},{"type":"Feature","geometry":{"type":"Point","coordinates":[-121.764721,40.243459]},"properties":{"c":0,"p":0.998,"t":1,"k":0}},{"type":"Feature","geometry":{"type":"Point","coordinates":[-121.745713,39.883404]},"properties":{"c":1,"p":0.223,"t":2,"k":2}},{"type":"Feature","geometry":{"type":"Point","coordinates":[-121.724635,39.915395]},"properties":{"c":1,"p":0.055,"t":0,"k":2}},{"type":"Feature","geometry":{"type":"Point","coordinates":[-121.694965,39.856397]},"properties":{"c":1,"p":0.009,"t":2,"k":0}},{"type":"Feature","geometry":{"type":"Point","coordinates":[-121.782723,39.8655]},"properties":{"c":0,"p":0.99,"t":1,"k":0}},{"type":"Feature","geometry":{"type":"Point","coordinates":[-121.764261,40.243625]},"properties":{"c":0,"p":0.997,"t":1,"k":0}},{"type":"Feature","geometry":{"type":"Point","coordinates":[-121.763905,40.243582]},"properties":{"c":0,"p":0.997,"t":1,"k":0}},{"type":"Feature","geometry":{"type":"Point","coordinates":[-121.724325,39.915222]},"properties":{"c":1,"p":0.201,"t":0,"k":2}},{"type":"Feature","geometry":{"type":"Point","coordinates":[-121.753136,39.889282]},"properties":{"c":1,"p":0.066,"t":0,"k":0}},{"type":"Feature","geometry":{"type":"Point","coordinates":[-121.782541,39.86527]},"properties":{"c":2,"p":0.969,"t":0,"k":2,"w":"probability 0.97"}},{"type":"Feature","geometry":{"type":"Point","coordinates":[-121.752145,39.889396]},"properties":{"c":2,"p":0.994,"t":3,"k":2,"w":"probability 0.99; inspector graded it Minor (10-25%): damaged, not destroyed; green cover around it before the fire (pre-fire NDVI 0.69)"}},{"type":"Feature","geometry":{"type":"Point","coordinates":[-121.762638,40.243404]},"properties":{"c":0,"p":0.999,"t":1,"k":0}},{"type":"Feature","geometry":{"type":"Point","coordinates":[-121.753275,39.885346]},"properties":{"c":1,"p":0.24,"t":0,"k":0}},{"type":"Feature","geometry":{"type":"Point","coordinates":[-121.781839,39.86581]},"properties":{"c":1,"p":0.457,"t":3,"k":2}},{"type":"Feature","geometry":{"type":"Point","coordinates":[-121.75158,39.887063]},"properties":{"c":0,"p":0.993,"t":1,"k":0}},{"type":"Feature","geometry":{"type":"Point","coordinates":[-121.72436,39.915109]},"properties":{"c":1,"p":0.295,"t":0,"k":2}},{"type":"Feature","geometry":{"type":"Point","coordinates":[-121.751171,39.89125]},"properties":{"c":2,"p":0.949,"t":0,"k":2,"w":"probability 0.95; most neighbours within 50 m were destroyed (2 of 3); green cover around it before the fire (pre-fire NDVI 0.66)"}},{"type":"Feature","geometry":{"type":"Point","coordinates":[-121.762739,40.242455]},"properties":{"c":0,"p":0.999,"t":1,"k":0}},{"type":"Feature","geometry":{"type":"Point","coordinates":[-121.720501,40.034495]},"properties":{"c":0,"p":0.981,"t":1,"k":0}},{"type":"Feature","geometry":{"type":"Point","coordinates":[-121.751378,39.891027]},"properties":{"c":0,"p":0.984,"t":1,"k":0}},{"type":"Feature","geometry":{"type":"Point","coordinates":[-121.750366,39.885303]},"properties":{"c":0,"p":0.998,"t":1,"k":0}},{"type":"Feature","geometry":{"type":"Point","coordinates":[-121.763891,40.243068]},"properties":{"c":0,"p":0.999,"t":1,"k":0}},{"type":"Feature","geometry":{"type":"Point","coordinates":[-121.778352,39.87061]},"properties":{"c":2,"p":0.993,"t":0,"k":2,"w":"probability 0.99"}},{"type":"Feature","geometry":{"type":"Point","coordinates":[-121.714831,40.022408]},"properties":{"c":0,"p":0.996,"t":1,"k":0}},{"type":"Feature","geometry":{"type":"Point","coordinates":[-121.750645,39.891607]},"properties":{"c":1,"p":0.058,"t":0,"k":0}},{"type":"Feature","geometry":{"type":"Point","coordinates":[-121.763823,40.242944]},"properties":{"c":0,"p":0.999,"t":1,"k":2}},{"type":"Feature","geometry":{"type":"Point","coordinates":[-121.721158,40.034383]},"properties":{"c":0,"p":0.969,"t":1,"k":0}},{"type":"Feature","geometry":{"type":"Point","coordinates":[-121.71606,40.02264]},"properties":{"c":0,"p":0.998,"t":1,"k":0}},{"type":"Feature","geometry":{"type":"Point","coordinates":[-121.75074,39.891622]},"properties":{"c":1,"p":0.126,"t":0,"k":2}},{"type":"Feature","geometry":{"type":"Point","coordinates":[-121.763281,40.242019]},"properties":{"c":0,"p":1.0,"t":1,"k":0}},{"type":"Feature","geometry":{"type":"Point","coordinates":[-121.69309,39.878832]},"properties":{"c":2,"p":0.939,"t":0,"k":2,"w":"probability 0.94; most neighbours within 50 m were destroyed (2 of 3)"}},{"type":"Feature","geometry":{"type":"Point","coordinates":[-121.720143,40.034896]},"properties":{"c":3,"p":0.854,"t":1,"k":0,"w":"probability 0.85, just under the 0.88 cut; green cover around it before the fire (pre-fire NDVI 0.52)"}},{"type":"Feature","geometry":{"type":"Point","coordinates":[-121.750121,39.891775]},"properties":{"c":1,"p":0.091,"t":0,"k":0}},{"type":"Feature","geometry":{"type":"Point","coordinates":[-121.750743,39.88514]},"properties":{"c":0,"p":0.998,"t":1,"k":1}},{"type":"Feature","geometry":{"type":"Point","coordinates":[-121.763225,40.24198]},"properties":{"c":0,"p":0.999,"t":1,"k":2}},{"type":"Feature","geometry":{"type":"Point","coordinates":[-121.693032,39.878724]},"properties":{"c":2,"p":0.904,"t":0,"k":2,"w":"probability 0.90, just over the 0.88 cut; most neighbours within 50 m were destroyed (2 of 3)"}},{"type":"Feature","geometry":{"type":"Point","coordinates":[-121.722396,40.034206]},"properties":{"c":0,"p":0.942,"t":1,"k":0}},{"type":"Feature","geometry":{"type":"Point","coordinates":[-121.749644,39.89221]},"properties":{"c":1,"p":0.006,"t":0,"k":0}},{"type":"Feature","geometry":{"type":"Point","coordinates":[-121.763321,40.241908]},"properties":{"c":0,"p":0.999,"t":1,"k":0}},{"type":"Feature","geometry":{"type":"Point","coordinates":[-121.778088,39.869544]},"properties":{"c":0,"p":0.995,"t":1,"k":0}},{"type":"Feature","geometry":{"type":"Point","coordinates":[-121.708235,39.87597]},"properties":{"c":1,"p":0.06,"t":0,"k":0}},{"type":"Feature","geometry":{"type":"Point","coordinates":[-121.749511,39.892394]},"properties":{"c":1,"p":0.006,"t":0,"k":2}},{"type":"Feature","geometry":{"type":"Point","coordinates":[-121.756075,39.877417]},"properties":{"c":0,"p":0.996,"t":1,"k":2}},{"type":"Feature","geometry":{"type":"Point","coordinates":[-121.762598,40.241427]},"properties":{"c":0,"p":0.999,"t":1,"k":0}},{"type":"Feature","geometry":{"type":"Point","coordinates":[-121.731399,39.9266]},"properties":{"c":1,"p":0.0,"t":0,"k":1}},{"type":"Feature","geometry":{"type":"Point","coordinates":[-121.747599,39.892888]},"properties":{"c":1,"p":0.075,"t":0,"k":2}},{"type":"Feature","geometry":{"type":"Point","coordinates":[-121.746676,39.880329]},"properties":{"c":0,"p":0.986,"t":1,"k":0}},{"type":"Feature","geometry":{"type":"Point","coordinates":[-121.76256,40.241523]},"properties":{"c":0,"p":0.999,"t":1,"k":2}},{"type":"Feature","geometry":{"type":"Point","coordinates":[-121.731295,39.926297]},"properties":{"c":1,"p":0.0,"t":0,"k":1}},{"type":"Feature","geometry":{"type":"Point","coordinates":[-121.74732,39.879958]},"properties":{"c":1,"p":0.248,"t":0,"k":0}},{"type":"Feature","geometry":{"type":"Point","coordinates":[-121.762545,40.240898]},"properties":{"c":0,"p":0.998,"t":1,"k":0}},{"type":"Feature","geometry":{"type":"Point","coordinates":[-121.752368,39.889984]},"properties":{"c":0,"p":0.998,"t":1,"k":0}},{"type":"Feature","geometry":{"type":"Point","coordinates":[-121.730155,40.03008]},"properties":{"c":1,"p":0.087,"t":0,"k":0}},{"type":"Feature","geometry":{"type":"Point","coordinates":[-121.693577,39.893232]},"properties":{"c":1,"p":0.288,"t":0,"k":2}},{"type":"Feature","geometry":{"type":"Point","coordinates":[-121.732328,40.007939]},"properties":{"c":0,"p":0.998,"t":1,"k":0}},{"type":"Feature","geometry":{"type":"Point","coordinates":[-121.771328,40.240864]},"properties":{"c":0,"p":0.997,"t":1,"k":0}},{"type":"Feature","geometry":{"type":"Point","coordinates":[-121.75124,39.89116]},"properties":{"c":0,"p":0.985,"t":1,"k":0}},{"type":"Feature","geometry":{"type":"Point","coordinates":[-121.731818,39.923564]},"properties":{"c":1,"p":0.001,"t":0,"k":4}},{"type":"Feature","geometry":{"type":"Point","coordinates":[-121.750676,39.891429]},"properties":{"c":2,"p":0.956,"t":0,"k":2,"w":"probability 0.96"}},{"type":"Feature","geometry":{"type":"Point","coordinates":[-121.77021,40.239949]},"properties":{"c":0,"p":0.999,"t":1,"k":0}},{"type":"Feature","geometry":{"type":"Point","coordinates":[-121.726301,40.010933]},"properties":{"c":0,"p":0.983,"t":1,"k":0}},{"type":"Feature","geometry":{"type":"Point","coordinates":[-121.771062,39.875094]},"properties":{"c":0,"p":0.996,"t":1,"k":0}},{"type":"Feature","geometry":{"type":"Point","coordinates":[-121.733261,39.941826]},"properties":{"c":1,"p":0.007,"t":2,"k":0}},{"type":"Feature","geometry":{"type":"Point","coordinates":[-121.74982,39.891758]},"properties":{"c":1,"p":0.78,"t":0,"k":2}},{"type":"Feature","geometry":{"type":"Point","coordinates":[-121.769502,40.239668]},"properties":{"c":0,"p":0.997,"t":1,"k":0}},{"type":"Feature","geometry":{"type":"Point","coordinates":[-121.768818,40.238076]},"properties":{"c":0,"p":0.998,"t":1,"k":0}},{"type":"Feature","geometry":{"type":"Point","coordinates":[-121.732113,39.923709]},"properties":{"c":1,"p":0.0,"t":0,"k":2}},{"type":"Feature","geometry":{"type":"Point","coordinates":[-121.733309,39.940828]},"properties":{"c":1,"p":0.004,"t":0,"k":0}},{"type":"Feature","geometry":{"type":"Point","coordinates":[-121.750104,39.891845]},"properties":{"c":1,"p":0.364,"t":0,"k":2}},{"type":"Feature","geometry":{"type":"Point","coordinates":[-121.736629,39.914363]},"properties":{"c":0,"p":0.998,"t":1,"k":0}},{"type":"Feature","geometry":{"type":"Point","coordinates":[-121.76618,40.237144]},"properties":{"c":0,"p":0.998,"t":1,"k":0}},{"type":"Feature","geometry":{"type":"Point","coordinates":[-121.731298,39.927554]},"properties":{"c":1,"p":0.002,"t":0,"k":0}},{"type":"Feature","geometry":{"type":"Point","coordinates":[-121.748996,39.892721]},"properties":{"c":1,"p":0.014,"t":0,"k":2}},{"type":"Feature","geometry":{"type":"Point","coordinates":[-121.743202,39.904279]},"properties":{"c":1,"p":0.15,"t":0,"k":0}},{"type":"Feature","geometry":{"type":"Point","coordinates":[-121.735335,39.919277]},"properties":{"c":0,"p":0.994,"t":1,"k":0}},{"type":"Feature","geometry":{"type":"Point","coordinates":[-121.765319,40.237116]},"properties":{"c":0,"p":0.999,"t":1,"k":0}},{"type":"Feature","geometry":{"type":"Point","coordinates":[-121.731453,39.927405]},"properties":{"c":1,"p":0.002,"t":0,"k":2}},{"type":"Feature","geometry":{"type":"Point","coordinates":[-121.742161,39.904362]},"properties":{"c":0,"p":0.997,"t":1,"k":0}},{"type":"Feature","geometry":{"type":"Point","coordinates":[-121.749381,39.892598]},"properties":{"c":1,"p":0.009,"t":0,"k":0}},{"type":"Feature","geometry":{"type":"Point","coordinates":[-121.764848,40.236641]},"properties":{"c":0,"p":0.999,"t":1,"k":0}},{"type":"Feature","geometry":{"type":"Point","coordinates":[-121.930214,40.331895]},"properties":{"c":1,"p":0.334,"t":0,"k":2}},{"type":"Feature","geometry":{"type":"Point","coordinates":[-121.707758,39.962213]},"properties":{"c":0,"p":0.998,"t":1,"k":0}},{"type":"Feature","geometry":{"type":"Point","coordinates":[-121.73997,39.910346]},"properties":{"c":2,"p":0.94,"t":0,"k":0,"w":"probability 0.94; green cover around it before the fire (pre-fire NDVI 0.78)"}},{"type":"Feature","geometry":{"type":"Point","coordinates":[-121.763709,40.236748]},"properties":{"c":0,"p":0.999,"t":1,"k":0}},{"type":"Feature","geometry":{"type":"Point","coordinates":[-121.931057,40.332096]},"properties":{"c":1,"p":0.02,"t":0,"k":0}},{"type":"Feature","geometry":{"type":"Point","coordinates":[-121.741473,39.908825]},"properties":{"c":0,"p":0.998,"t":1,"k":2}},{"type":"Feature","geometry":{"type":"Point","coordinates":[-121.740038,39.910523]},"properties":{"c":2,"p":0.988,"t":0,"k":2,"w":"probability 0.99"}},{"type":"Feature","geometry":{"type":"Point","coordinates":[-121.763143,40.23793]},"properties":{"c":0,"p":0.997,"t":1,"k":0}},{"type":"Feature","geometry":{"type":"Point","coordinates":[-121.929686,40.330797]},"properties":{"c":1,"p":0.043,"t":0,"k":2}},{"type":"Feature","geometry":{"type":"Point","coordinates":[-121.929629,40.332291]},"properties":{"c":0,"p":0.984,"t":1,"k":2}},{"type":"Feature","geometry":{"type":"Point","coordinates":[-121.74719,39.892768]},"properties":{"c":1,"p":0.361,"t":0,"k":0}},{"type":"Feature","geometry":{"type":"Point","coordinates":[-121.695977,39.871482]},"properties":{"c":0,"p":0.997,"t":1,"k":2}},{"type":"Feature","geometry":{"type":"Point","coordinates":[-121.764473,40.237653]},"properties":{"c":0,"p":0.998,"t":1,"k":0}},{"type":"Feature","geometry":{"type":"Point","coordinates":[-121.696383,39.871478]},"properties":{"c":0,"p":0.995,"t":1,"k":0}},{"type":"Feature","geometry":{"type":"Point","coordinates":[-121.659632,39.902014]},"properties":{"c":1,"p":0.006,"t":0,"k":2}},{"type":"Feature","geometry":{"type":"Point","coordinates":[-121.693156,39.878458]},"properties":{"c":0,"p":0.994,"t":1,"k":2}},{"type":"Feature","geometry":{"type":"Point","coordinates":[-121.928438,40.331805]},"properties":{"c":0,"p":0.993,"t":1,"k":0}},{"type":"Feature","geometry":{"type":"Point","coordinates":[-121.740218,39.910334]},"properties":{"c":2,"p":0.953,"t":0,"k":2,"w":"probability 0.95; green cover around it before the fire (pre-fire NDVI 0.86)"}},{"type":"Feature","geometry":{"type":"Point","coordinates":[-121.764181,40.239263]},"properties":{"c":0,"p":0.999,"t":1,"k":0}},{"type":"Feature","geometry":{"type":"Point","coordinates":[-121.926666,40.332445]},"properties":{"c":1,"p":0.007,"t":2,"k":2}},{"type":"Feature","geometry":{"type":"Point","coordinates":[-121.693242,39.87902]},"properties":{"c":0,"p":0.916,"t":1,"k":0}},{"type":"Feature","geometry":{"type":"Point","coordinates":[-121.685015,39.869677]},"properties":{"c":1,"p":0.002,"t":0,"k":0}},{"type":"Feature","geometry":{"type":"Point","coordinates":[-121.659922,39.902034]},"properties":{"c":1,"p":0.006,"t":0,"k":0}},{"type":"Feature","geometry":{"type":"Point","coordinates":[-121.766385,40.239247]},"properties":{"c":0,"p":0.999,"t":1,"k":0}},{"type":"Feature","geometry":{"type":"Point","coordinates":[-121.926612,40.332965]},"properties":{"c":1,"p":0.003,"t":0,"k":0}},{"type":"Feature","geometry":{"type":"Point","coordinates":[-121.52669,40.324252]},"properties":{"c":1,"p":0.004,"t":0,"k":0}},{"type":"Feature","geometry":{"type":"Point","coordinates":[-121.675068,39.891163]},"properties":{"c":1,"p":0.001,"t":0,"k":0}},{"type":"Feature","geometry":{"type":"Point","coordinates":[-121.530573,40.322325]},"properties":{"c":1,"p":0.004,"t":0,"k":0}},{"type":"Feature","geometry":{"type":"Point","coordinates":[-121.684836,39.871472]},"properties":{"c":1,"p":0.002,"t":0,"k":2}},{"type":"Feature","geometry":{"type":"Point","coordinates":[-121.925269,40.333962]},"properties":{"c":1,"p":0.006,"t":0,"k":2}},{"type":"Feature","geometry":{"type":"Point","coordinates":[-121.708145,39.875854]},"properties":{"c":1,"p":0.059,"t":0,"k":0}},{"type":"Feature","geometry":{"type":"Point","coordinates":[-121.682885,39.8769]},"properties":{"c":1,"p":0.0,"t":0,"k":0}},{"type":"Feature","geometry":{"type":"Point","coordinates":[-121.530705,40.322569]},"properties":{"c":1,"p":0.004,"t":0,"k":2}},{"type":"Feature","geometry":{"type":"Point","coordinates":[-121.674666,39.891294]},"properties":{"c":1,"p":0.001,"t":0,"k":2}},{"type":"Feature","geometry":{"type":"Point","coordinates":[-121.693408,39.89329]},"properties":{"c":1,"p":0.087,"t":0,"k":0}},{"type":"Feature","geometry":{"type":"Point","coordinates":[-121.925157,40.332177]},"properties":{"c":1,"p":0.001,"t":0,"k":4}},{"type":"Feature","geometry":{"type":"Point","coordinates":[-121.52194,40.327356]},"properties":{"c":1,"p":0.002,"t":0,"k":0}},{"type":"Feature","geometry":{"type":"Point","coordinates":[-121.674455,39.891459]},"properties":{"c":1,"p":0.01,"t":0,"k":0}},{"type":"Feature","geometry":{"type":"Point","coordinates":[-121.696632,39.897285]},"properties":{"c":0,"p":0.993,"t":1,"k":2}},{"type":"Feature","geometry":{"type":"Point","coordinates":[-121.682828,39.876392]},"properties":{"c":1,"p":0.001,"t":0,"k":0}},{"type":"Feature","geometry":{"type":"Point","coordinates":[-121.764727,40.345226]},"properties":{"c":1,"p":0.003,"t":0,"k":0}},{"type":"Feature","geometry":{"type":"Point","coordinates":[-121.925322,40.332255]},"properties":{"c":1,"p":0.003,"t":0,"k":4}},{"type":"Feature","geometry":{"type":"Point","coordinates":[-121.522069,40.326939]},"properties":{"c":1,"p":0.006,"t":0,"k":0}},{"type":"Feature","geometry":{"type":"Point","coordinates":[-121.682772,39.875853]},"properties":{"c":1,"p":0.0,"t":0,"k":2}},{"type":"Feature","geometry":{"type":"Point","coordinates":[-121.67378,39.892532]},"properties":{"c":1,"p":0.005,"t":0,"k":0}},{"type":"Feature","geometry":{"type":"Point","coordinates":[-121.769449,40.342927]},"properties":{"c":1,"p":0.008,"t":0,"k":4}},{"type":"Feature","geometry":{"type":"Point","coordinates":[-121.673756,39.892519]},"properties":{"c":1,"p":0.004,"t":0,"k":0}},{"type":"Feature","geometry":{"type":"Point","coordinates":[-121.522793,40.326776]},"properties":{"c":1,"p":0.002,"t":0,"k":0}},{"type":"Feature","geometry":{"type":"Point","coordinates":[-121.673931,39.892513]},"properties":{"c":1,"p":0.005,"t":0,"k":2}},{"type":"Feature","geometry":{"type":"Point","coordinates":[-121.730657,39.906825]},"properties":{"c":0,"p":0.999,"t":1,"k":0}},{"type":"Feature","geometry":{"type":"Point","coordinates":[-121.73724,39.929375]},"properties":{"c":1,"p":0.005,"t":0,"k":0}},{"type":"Feature","geometry":{"type":"Point","coordinates":[-121.92507,40.331913]},"properties":{"c":1,"p":0.001,"t":0,"k":4}},{"type":"Feature","geometry":{"type":"Point","coordinates":[-121.522784,40.326517]},"properties":{"c":1,"p":0.001,"t":0,"k":0}},{"type":"Feature","geometry":{"type":"Point","coordinates":[-121.923616,40.332082]},"properties":{"c":1,"p":0.005,"t":0,"k":0}},{"type":"Feature","geometry":{"type":"Point","coordinates":[-121.728656,39.908908]},"properties":{"c":0,"p":0.999,"t":1,"k":0}},{"type":"Feature","geometry":{"type":"Point","coordinates":[-121.672303,39.894394]},"properties":{"c":3,"p":0.121,"t":1,"k":0,"w":"probability 0.12; green cover around it before the fire (pre-fire NDVI 0.52)"}},{"type":"Feature","geometry":{"type":"Point","coordinates":[-121.734879,39.929697]},"properties":{"c":1,"p":0.001,"t":0,"k":0}},{"type":"Feature","geometry":{"type":"Point","coordinates":[-121.523584,40.326255]},"properties":{"c":1,"p":0.001,"t":0,"k":0}},{"type":"Feature","geometry":{"type":"Point","coordinates":[-121.691653,39.856495]},"properties":{"c":1,"p":0.001,"t":0,"k":0}},{"type":"Feature","geometry":{"type":"Point","coordinates":[-121.728512,39.908493]},"properties":{"c":0,"p":0.994,"t":1,"k":2}},{"type":"Feature","geometry":{"type":"Point","coordinates":[-121.734659,39.929593]},"properties":{"c":1,"p":0.001,"t":0,"k":2}},{"type":"Feature","geometry":{"type":"Point","coordinates":[-121.727294,39.907781]},"properties":{"c":2,"p":0.989,"t":0,"k":2,"w":"probability 0.99; green cover around it before the fire (pre-fire NDVI 0.82)"}},{"type":"Feature","geometry":{"type":"Point","coordinates":[-121.923417,40.332121]},"properties":{"c":1,"p":0.009,"t":0,"k":2}},{"type":"Feature","geometry":{"type":"Point","coordinates":[-121.524,40.326138]},"properties":{"c":1,"p":0.002,"t":0,"k":0}},{"type":"Feature","geometry":{"type":"Point","coordinates":[-121.924362,40.334129]},"properties":{"c":1,"p":0.005,"t":0,"k":0}},{"type":"Feature","geometry":{"type":"Point","coordinates":[-121.737101,39.930733]},"properties":{"c":1,"p":0.004,"t":0,"k":0}},{"type":"Feature","geometry":{"type":"Point","coordinates":[-121.524087,40.3262]},"properties":{"c":1,"p":0.002,"t":0,"k":2}},{"type":"Feature","geometry":{"type":"Point","coordinates":[-121.855081,40.341197]},"properties":{"c":0,"p":0.994,"t":1,"k":2}},{"type":"Feature","geometry":{"type":"Point","coordinates":[-121.691292,39.856455]},"properties":{"c":1,"p":0.035,"t":0,"k":2}},{"type":"Feature","geometry":{"type":"Point","coordinates":[-121.524767,40.326039]},"properties":{"c":1,"p":0.006,"t":0,"k":0}},{"type":"Feature","geometry":{"type":"Point","coordinates":[-121.737232,39.931618]},"properties":{"c":1,"p":0.003,"t":0,"k":0}},{"type":"Feature","geometry":{"type":"Point","coordinates":[-121.692744,39.865787]},"properties":{"c":0,"p":0.996,"t":1,"k":0}},{"type":"Feature","geometry":{"type":"Point","coordinates":[-121.85608,40.341979]},"properties":{"c":0,"p":0.996,"t":1,"k":4}},{"type":"Feature","geometry":{"type":"Point","coordinates":[-121.931693,40.329427]},"properties":{"c":1,"p":0.018,"t":0,"k":4}},{"type":"Feature","geometry":{"type":"Point","coordinates":[-121.526959,40.324184]},"properties":{"c":1,"p":0.003,"t":0,"k":0}},{"type":"Feature","geometry":{"type":"Point","coordinates":[-121.736977,39.931377]},"properties":{"c":1,"p":0.001,"t":0,"k":0}},{"type":"Feature","geometry":{"type":"Point","coordinates":[-121.882107,40.319461]},"properties":{"c":0,"p":0.997,"t":1,"k":0}},{"type":"Feature","geometry":{"type":"Point","coordinates":[-121.778807,40.341581]},"properties":{"c":1,"p":0.004,"t":0,"k":2}},{"type":"Feature","geometry":{"type":"Point","coordinates":[-121.930827,40.332447]},"properties":{"c":1,"p":0.022,"t":0,"k":2}},{"type":"Feature","geometry":{"type":"Point","coordinates":[-121.530313,40.322541]},"properties":{"c":1,"p":0.006,"t":0,"k":0}},{"type":"Feature","geometry":{"type":"Point","coordinates":[-121.881726,40.325016]},"properties":{"c":1,"p":0.693,"t":0,"k":2}},{"type":"Feature","geometry":{"type":"Point","coordinates":[-121.857602,40.342487]},"properties":{"c":1,"p":0.179,"t":0,"k":2}},{"type":"Feature","geometry":{"type":"Point","coordinates":[-121.734339,39.918057]},"properties":{"c":0,"p":0.998,"t":1,"k":0}},{"type":"Feature","geometry":{"type":"Point","coordinates":[-121.672152,39.894184]},"properties":{"c":1,"p":0.017,"t":0,"k":2}},{"type":"Feature","geometry":{"type":"Point","coordinates":[-121.530422,40.322648]},"properties":{"c":1,"p":0.004,"t":0,"k":2}},{"type":"Feature","geometry":{"type":"Point","coordinates":[-121.7344,39.918171]},"properties":{"c":0,"p":0.999,"t":1,"k":2}},{"type":"Feature","geometry":{"type":"Point","coordinates":[-121.929691,40.331968]},"properties":{"c":0,"p":0.997,"t":1,"k":2}},{"type":"Feature","geometry":{"type":"Point","coordinates":[-121.740376,39.895565]},"properties":{"c":2,"p":0.996,"t":3,"k":2,"w":"probability 0.996; inspector graded it Minor (10-25%): damaged, not destroyed; most neighbours within 50 m were destroyed (4 of 4); green cover around it before the fire (pre-fire NDVI 0.59)"}},{"type":"Feature","geometry":{"type":"Point","coordinates":[-121.529946,40.322688]},"properties":{"c":1,"p":0.004,"t":0,"k":0}},{"type":"Feature","geometry":{"type":"Point","coordinates":[-121.928191,40.331573]},"properties":{"c":0,"p":0.997,"t":1,"k":0}},{"type":"Feature","geometry":{"type":"Point","coordinates":[-121.733925,39.91858]},"properties":{"c":0,"p":0.999,"t":1,"k":0}},{"type":"Feature","geometry":{"type":"Point","coordinates":[-121.740398,39.89527]},"properties":{"c":0,"p":0.996,"t":1,"k":0}},{"type":"Feature","geometry":{"type":"Point","coordinates":[-121.670686,39.894299]},"properties":{"c":1,"p":0.003,"t":0,"k":0}},{"type":"Feature","geometry":{"type":"Point","coordinates":[-121.529714,40.322774]},"properties":{"c":1,"p":0.004,"t":0,"k":0}},{"type":"Feature","geometry":{"type":"Point","coordinates":[-121.714695,39.955326]},"properties":{"c":1,"p":0.659,"t":0,"k":2}},{"type":"Feature","geometry":{"type":"Point","coordinates":[-121.926363,40.333111]},"properties":{"c":1,"p":0.003,"t":0,"k":0}},{"type":"Feature","geometry":{"type":"Point","coordinates":[-121.733907,39.918681]},"properties":{"c":0,"p":0.999,"t":1,"k":2}},{"type":"Feature","geometry":{"type":"Point","coordinates":[-121.854384,40.341087]},"properties":{"c":1,"p":0.246,"t":0,"k":0}},{"type":"Feature","geometry":{"type":"Point","coordinates":[-121.528906,40.322286]},"properties":{"c":1,"p":0.001,"t":0,"k":0}},{"type":"Feature","geometry":{"type":"Point","coordinates":[-121.855184,40.341438]},"properties":{"c":1,"p":0.532,"t":0,"k":0}},{"type":"Feature","geometry":{"type":"Point","coordinates":[-121.527874,40.322619]},"properties":{"c":1,"p":0.003,"t":0,"k":0}},{"type":"Feature","geometry":{"type":"Point","coordinates":[-121.8555,40.341806]},"properties":{"c":1,"p":0.183,"t":0,"k":2}},{"type":"Feature","geometry":{"type":"Point","coordinates":[-121.71463,39.955174]},"properties":{"c":2,"p":0.929,"t":0,"k":0,"w":"probability 0.93, just over the 0.88 cut; green cover around it before the fire (pre-fire NDVI 0.70)"}},{"type":"Feature","geometry":{"type":"Point","coordinates":[-121.52073,40.328077]},"properties":{"c":1,"p":0.003,"t":0,"k":0}},{"type":"Feature","geometry":{"type":"Point","coordinates":[-121.72014,39.947864]},"properties":{"c":1,"p":0.001,"t":0,"k":0}},{"type":"Feature","geometry":{"type":"Point","coordinates":[-121.521008,40.327901]},"properties":{"c":1,"p":0.006,"t":0,"k":0}},{"type":"Feature","geometry":{"type":"Point","coordinates":[-121.856647,40.342153]},"properties":{"c":1,"p":0.088,"t":0,"k":2}},{"type":"Feature","geometry":{"type":"Point","coordinates":[-121.734484,39.918588]},"properties":{"c":2,"p":0.996,"t":2,"k":2,"w":"probability 0.996; inspector graded it Affected (1-10%): damaged, not destroyed; most neighbours within 50 m were destroyed (2 of 2); green cover around it before the fire (pre-fire NDVI 0.66)"}},{"type":"Feature","geometry":{"type":"Point","coordinates":[-121.926545,40.333217]},"properties":{"c":1,"p":0.008,"t":0,"k":2}},{"type":"Feature","geometry":{"type":"Point","coordinates":[-121.85777,40.342963]},"properties":{"c":1,"p":0.083,"t":0,"k":0}},{"type":"Feature","geometry":{"type":"Point","coordinates":[-121.521308,40.327793]},"properties":{"c":1,"p":0.001,"t":0,"k":0}},{"type":"Feature","geometry":{"type":"Point","coordinates":[-121.925278,40.333748]},"properties":{"c":1,"p":0.001,"t":0,"k":0}},{"type":"Feature","geometry":{"type":"Point","coordinates":[-121.706728,39.922879]},"properties":{"c":0,"p":0.995,"t":1,"k":1}},{"type":"Feature","geometry":{"type":"Point","coordinates":[-121.68289,39.875874]},"properties":{"c":1,"p":0.003,"t":0,"k":0}},{"type":"Feature","geometry":{"type":"Point","coordinates":[-121.720051,39.947935]},"properties":{"c":1,"p":0.001,"t":0,"k":2}},{"type":"Feature","geometry":{"type":"Point","coordinates":[-121.521318,40.327939]},"properties":{"c":1,"p":0.004,"t":0,"k":2}},{"type":"Feature","geometry":{"type":"Point","coordinates":[-121.925607,40.331966]},"properties":{"c":1,"p":0.001,"t":0,"k":4}},{"type":"Feature","geometry":{"type":"Point","coordinates":[-121.708827,39.917713]},"properties":{"c":0,"p":0.998,"t":1,"k":0}},{"type":"Feature","geometry":{"type":"Point","coordinates":[-121.721288,39.937539]},"properties":{"c":1,"p":0.013,"t":0,"k":0}},{"type":"Feature","geometry":{"type":"Point","coordinates":[-121.730327,39.907541]},"properties":{"c":0,"p":0.998,"t":1,"k":0}},{"type":"Feature","geometry":{"type":"Point","coordinates":[-121.521758,40.327075]},"properties":{"c":1,"p":0.002,"t":0,"k":0}},{"type":"Feature","geometry":{"type":"Point","coordinates":[-121.925346,40.331856]},"properties":{"c":1,"p":0.005,"t":0,"k":2}},{"type":"Feature","geometry":{"type":"Point","coordinates":[-121.727409,39.908053]},"properties":{"c":0,"p":0.992,"t":1,"k":0}},{"type":"Feature","geometry":{"type":"Point","coordinates":[-121.719845,39.947792]},"properties":{"c":1,"p":0.001,"t":0,"k":2}},{"type":"Feature","geometry":{"type":"Point","coordinates":[-121.522558,40.326559]},"properties":{"c":1,"p":0.002,"t":0,"k":0}},{"type":"Feature","geometry":{"type":"Point","coordinates":[-121.923101,40.332311]},"properties":{"c":1,"p":0.003,"t":0,"k":0}},{"type":"Feature","geometry":{"type":"Point","coordinates":[-121.923266,40.332079]},"properties":{"c":1,"p":0.026,"t":0,"k":2}},{"type":"Feature","geometry":{"type":"Point","coordinates":[-121.722758,39.936262]},"properties":{"c":1,"p":0.001,"t":0,"k":0}},{"type":"Feature","geometry":{"type":"Point","coordinates":[-121.72217,39.946541]},"properties":{"c":1,"p":0.001,"t":0,"k":4}},{"type":"Feature","geometry":{"type":"Point","coordinates":[-121.522477,40.326459]},"properties":{"c":1,"p":0.001,"t":0,"k":2}},{"type":"Feature","geometry":{"type":"Point","coordinates":[-121.721961,39.945621]},"properties":{"c":1,"p":0.002,"t":0,"k":2}},{"type":"Feature","geometry":{"type":"Point","coordinates":[-121.728636,39.907016]},"properties":{"c":0,"p":0.997,"t":1,"k":0}},{"type":"Feature","geometry":{"type":"Point","coordinates":[-121.71949,39.937917]},"properties":{"c":0,"p":0.985,"t":1,"k":0}},{"type":"Feature","geometry":{"type":"Point","coordinates":[-121.73134,39.927538]},"properties":{"c":1,"p":0.002,"t":0,"k":2}},{"type":"Feature","geometry":{"type":"Point","coordinates":[-121.524332,40.326048]},"properties":{"c":1,"p":0.001,"t":0,"k":0}},{"type":"Feature","geometry":{"type":"Point","coordinates":[-121.740312,39.895814]},"properties":{"c":0,"p":0.997,"t":1,"k":2}},{"type":"Feature","geometry":{"type":"Point","coordinates":[-121.71834,39.938184]},"properties":{"c":1,"p":0.086,"t":0,"k":0}},{"type":"Feature","geometry":{"type":"Point","coordinates":[-121.7704,39.877195]},"properties":{"c":1,"p":0.104,"t":0,"k":0}},{"type":"Feature","geometry":{"type":"Point","coordinates":[-121.524333,40.325957]},"properties":{"c":1,"p":0.002,"t":0,"k":2}},{"type":"Feature","geometry":{"type":"Point","coordinates":[-121.823508,39.852123]},"properties":{"c":1,"p":0.017,"t":0,"k":0}},{"type":"Feature","geometry":{"type":"Point","coordinates":[-121.718345,39.938335]},"properties":{"c":1,"p":0.144,"t":0,"k":2}},{"type":"Feature","geometry":{"type":"Point","coordinates":[-121.740157,39.895278]},"properties":{"c":0,"p":0.991,"t":1,"k":2}},{"type":"Feature","geometry":{"type":"Point","coordinates":[-121.723666,39.945304]},"properties":{"c":1,"p":0.001,"t":0,"k":0}},{"type":"Feature","geometry":{"type":"Point","coordinates":[-121.826056,39.851211]},"properties":{"c":0,"p":0.979,"t":1,"k":2}},{"type":"Feature","geometry":{"type":"Point","coordinates":[-121.723294,39.945699]},"properties":{"c":1,"p":0.001,"t":0,"k":2}},{"type":"Feature","geometry":{"type":"Point","coordinates":[-121.525697,40.325506]},"properties":{"c":1,"p":0.003,"t":0,"k":0}},{"type":"Feature","geometry":{"type":"Point","coordinates":[-121.717631,39.939621]},"properties":{"c":1,"p":0.057,"t":0,"k":0}},{"type":"Feature","geometry":{"type":"Point","coordinates":[-121.740457,39.89504]},"properties":{"c":0,"p":0.99,"t":1,"k":0}},{"type":"Feature","geometry":{"type":"Point","coordinates":[-121.717606,39.939866]},"properties":{"c":1,"p":0.036,"t":0,"k":2}},{"type":"Feature","geometry":{"type":"Point","coordinates":[-121.827179,39.848186]},"properties":{"c":0,"p":0.998,"t":1,"k":0}},{"type":"Feature","geometry":{"type":"Point","coordinates":[-121.723243,39.94579]},"properties":{"c":1,"p":0.001,"t":0,"k":2}},{"type":"Feature","geometry":{"type":"Point","coordinates":[-121.740702,39.895054]},"properties":{"c":0,"p":0.997,"t":1,"k":2}},{"type":"Feature","geometry":{"type":"Point","coordinates":[-121.717088,39.941017]},"properties":{"c":1,"p":0.309,"t":0,"k":0}},{"type":"Feature","geometry":{"type":"Point","coordinates":[-121.720517,39.948636]},"properties":{"c":1,"p":0.001,"t":0,"k":2}},{"type":"Feature","geometry":{"type":"Point","coordinates":[-121.828758,39.847251]},"properties":{"c":1,"p":0.755,"t":0,"k":2}},{"type":"Feature","geometry":{"type":"Point","coordinates":[-121.720281,39.948517]},"properties":{"c":1,"p":0.001,"t":0,"k":0}},{"type":"Feature","geometry":{"type":"Point","coordinates":[-121.525711,40.325021]},"properties":{"c":1,"p":0.001,"t":0,"k":0}},{"type":"Feature","geometry":{"type":"Point","coordinates":[-121.731459,39.927893]},"properties":{"c":1,"p":0.0,"t":0,"k":0}},{"type":"Feature","geometry":{"type":"Point","coordinates":[-121.721568,39.940759]},"properties":{"c":1,"p":0.001,"t":0,"k":0}},{"type":"Feature","geometry":{"type":"Point","coordinates":[-121.720669,39.948454]},"properties":{"c":1,"p":0.001,"t":0,"k":2}},{"type":"Feature","geometry":{"type":"Point","coordinates":[-121.740171,39.895945]},"properties":{"c":0,"p":0.997,"t":1,"k":0}},{"type":"Feature","geometry":{"type":"Point","coordinates":[-121.536857,40.363423]},"properties":{"c":1,"p":0.073,"t":0,"k":2}},{"type":"Feature","geometry":{"type":"Point","coordinates":[-121.770599,39.877167]},"properties":{"c":1,"p":0.544,"t":0,"k":2}},{"type":"Feature","geometry":{"type":"Point","coordinates":[-121.721577,39.940589]},"properties":{"c":1,"p":0.001,"t":0,"k":2}},{"type":"Feature","geometry":{"type":"Point","coordinates":[-121.725118,39.909097]},"properties":{"c":0,"p":0.986,"t":1,"k":2}},{"type":"Feature","geometry":{"type":"Point","coordinates":[-121.536283,40.363463]},"properties":{"c":1,"p":0.214,"t":0,"k":2}},{"type":"Feature","geometry":{"type":"Point","coordinates":[-121.721191,39.9484]},"properties":{"c":1,"p":0.001,"t":0,"k":2}},{"type":"Feature","geometry":{"type":"Point","coordinates":[-121.721863,39.940556]},"properties":{"c":1,"p":0.002,"t":0,"k":0}},{"type":"Feature","geometry":{"type":"Point","coordinates":[-121.731447,39.927999]},"properties":{"c":1,"p":0.0,"t":0,"k":2}},{"type":"Feature","geometry":{"type":"Point","coordinates":[-121.72563,39.909661]},"properties":{"c":0,"p":0.991,"t":1,"k":2}},{"type":"Feature","geometry":{"type":"Point","coordinates":[-121.526895,40.324041]},"properties":{"c":1,"p":0.003,"t":0,"k":2}},{"type":"Feature","geometry":{"type":"Point","coordinates":[-121.527613,40.323798]},"properties":{"c":1,"p":0.004,"t":0,"k":0}},{"type":"Feature","geometry":{"type":"Point","coordinates":[-121.72079,39.937529]},"properties":{"c":0,"p":0.99,"t":1,"k":2}},{"type":"Feature","geometry":{"type":"Point","coordinates":[-121.770249,39.877794]},"properties":{"c":1,"p":0.132,"t":0,"k":2}},{"type":"Feature","geometry":{"type":"Point","coordinates":[-121.742362,39.89152]},"properties":{"c":1,"p":0.228,"t":0,"k":3}},{"type":"Feature","geometry":{"type":"Point","coordinates":[-121.770128,39.877968]},"properties":{"c":1,"p":0.081,"t":0,"k":2}},{"type":"Feature","geometry":{"type":"Point","coordinates":[-121.527742,40.323896]},"properties":{"c":1,"p":0.005,"t":0,"k":2}},{"type":"Feature","geometry":{"type":"Point","coordinates":[-121.72271,39.935939]},"properties":{"c":1,"p":0.001,"t":0,"k":2}},{"type":"Feature","geometry":{"type":"Point","coordinates":[-121.742557,39.889898]},"properties":{"c":1,"p":0.864,"t":0,"k":0}},{"type":"Feature","geometry":{"type":"Point","coordinates":[-121.717998,39.938349]},"properties":{"c":0,"p":0.967,"t":1,"k":2}},{"type":"Feature","geometry":{"type":"Point","coordinates":[-121.721035,39.947878]},"properties":{"c":1,"p":0.001,"t":0,"k":0}},{"type":"Feature","geometry":{"type":"Point","coordinates":[-121.731648,39.928559]},"properties":{"c":1,"p":0.0,"t":0,"k":0}},{"type":"Feature","geometry":{"type":"Point","coordinates":[-121.714525,39.955644]},"properties":{"c":0,"p":0.998,"t":1,"k":0}},{"type":"Feature","geometry":{"type":"Point","coordinates":[-121.528217,40.323521]},"properties":{"c":1,"p":0.002,"t":0,"k":0}},{"type":"Feature","geometry":{"type":"Point","coordinates":[-121.769446,39.87802]},"properties":{"c":0,"p":0.995,"t":1,"k":2}},{"type":"Feature","geometry":{"type":"Point","coordinates":[-121.718237,39.938524]},"properties":{"c":1,"p":0.13,"t":0,"k":2}},{"type":"Feature","geometry":{"type":"Point","coordinates":[-121.714584,39.955898]},"properties":{"c":0,"p":0.998,"t":1,"k":2}},{"type":"Feature","geometry":{"type":"Point","coordinates":[-121.74276,39.891852]},"properties":{"c":0,"p":0.996,"t":1,"k":2}},{"type":"Feature","geometry":{"type":"Point","coordinates":[-121.769428,39.878262]},"properties":{"c":0,"p":0.984,"t":1,"k":2}},{"type":"Feature","geometry":{"type":"Point","coordinates":[-121.718442,39.938507]},"properties":{"c":1,"p":0.008,"t":0,"k":2}},{"type":"Feature","geometry":{"type":"Point","coordinates":[-121.528486,40.323593]},"properties":{"c":1,"p":0.003,"t":0,"k":2}},{"type":"Feature","geometry":{"type":"Point","coordinates":[-121.717225,39.939633]},"properties":{"c":1,"p":0.415,"t":0,"k":2}},{"type":"Feature","geometry":{"type":"Point","coordinates":[-121.820137,39.854212]},"properties":{"c":1,"p":0.039,"t":0,"k":0}},{"type":"Feature","geometry":{"type":"Point","coordinates":[-121.714613,39.955915]},"properties":{"c":0,"p":0.998,"t":1,"k":2}},{"type":"Feature","geometry":{"type":"Point","coordinates":[-121.742441,39.891845]},"properties":{"c":2,"p":0.943,"t":2,"k":2,"w":"probability 0.94; inspector graded it Affected (1-10%): damaged, not destroyed; most neighbours within 50 m were destroyed (2 of 3); green cover around it before the fire (pre-fire NDVI 0.67)"}},{"type":"Feature","geometry":{"type":"Point","coordinates":[-121.528761,40.32321]},"properties":{"c":1,"p":0.003,"t":0,"k":0}},{"type":"Feature","geometry":{"type":"Point","coordinates":[-121.820272,39.85406]},"properties":{"c":1,"p":0.095,"t":0,"k":2}},{"type":"Feature","geometry":{"type":"Point","coordinates":[-121.717161,39.941756]},"properties":{"c":1,"p":0.446,"t":0,"k":2}},{"type":"Feature","geometry":{"type":"Point","coordinates":[-121.742307,39.890454]},"properties":{"c":0,"p":0.928,"t":1,"k":2}},{"type":"Feature","geometry":{"type":"Point","coordinates":[-121.529364,40.32289]},"properties":{"c":1,"p":0.002,"t":0,"k":0}},{"type":"Feature","geometry":{"type":"Point","coordinates":[-121.713106,39.95554]},"properties":{"c":0,"p":0.998,"t":1,"k":0}},{"type":"Feature","geometry":{"type":"Point","coordinates":[-121.529321,40.322966]},"properties":{"c":1,"p":0.004,"t":0,"k":2}},{"type":"Feature","geometry":{"type":"Point","coordinates":[-121.820454,39.854184]},"properties":{"c":1,"p":0.092,"t":0,"k":2}},{"type":"Feature","geometry":{"type":"Point","coordinates":[-121.721243,39.940313]},"properties":{"c":1,"p":0.002,"t":0,"k":2}},{"type":"Feature","geometry":{"type":"Point","coordinates":[-121.528452,40.322375]},"properties":{"c":1,"p":0.002,"t":0,"k":0}},{"type":"Feature","geometry":{"type":"Point","coordinates":[-121.742986,39.891586]},"properties":{"c":0,"p":0.988,"t":1,"k":2}},{"type":"Feature","geometry":{"type":"Point","coordinates":[-121.721824,39.940825]},"properties":{"c":1,"p":0.002,"t":0,"k":2}},{"type":"Feature","geometry":{"type":"Point","coordinates":[-121.825699,39.851357]},"properties":{"c":1,"p":0.018,"t":0,"k":0}},{"type":"Feature","geometry":{"type":"Point","coordinates":[-121.528312,40.3227]},"properties":{"c":1,"p":0.0,"t":0,"k":0}},{"type":"Feature","geometry":{"type":"Point","coordinates":[-121.744972,39.890235]},"properties":{"c":1,"p":0.127,"t":0,"k":0}},{"type":"Feature","geometry":{"type":"Point","coordinates":[-121.720302,39.947466]},"properties":{"c":1,"p":0.001,"t":0,"k":2}},{"type":"Feature","geometry":{"type":"Point","coordinates":[-121.764546,40.345052]},"properties":{"c":1,"p":0.008,"t":0,"k":2}},{"type":"Feature","geometry":{"type":"Point","coordinates":[-121.720794,39.946805]},"properties":{"c":1,"p":0.001,"t":0,"k":0}},{"type":"Feature","geometry":{"type":"Point","coordinates":[-121.826328,39.849139]},"properties":{"c":0,"p":0.998,"t":1,"k":0}},{"type":"Feature","geometry":{"type":"Point","coordinates":[-121.528119,40.322621]},"properties":{"c":1,"p":0.002,"t":0,"k":2}},{"type":"Feature","geometry":{"type":"Point","coordinates":[-121.823804,39.852048]},"properties":{"c":1,"p":0.028,"t":0,"k":2}},{"type":"Feature","geometry":{"type":"Point","coordinates":[-121.744369,39.889792]},"properties":{"c":0,"p":0.941,"t":1,"k":2}},{"type":"Feature","geometry":{"type":"Point","coordinates":[-121.525979,40.326408]},"properties":{"c":1,"p":0.002,"t":0,"k":2}},{"type":"Feature","geometry":{"type":"Point","coordinates":[-121.826585,39.848625]},"properties":{"c":2,"p":0.947,"t":3,"k":0,"w":"probability 0.95; inspector graded it Minor (10-25%): damaged, not destroyed"}},{"type":"Feature","geometry":{"type":"Point","coordinates":[-121.7692,40.343081]},"properties":{"c":1,"p":0.004,"t":0,"k":0}},{"type":"Feature","geometry":{"type":"Point","coordinates":[-121.746206,39.891049]},"properties":{"c":1,"p":0.37,"t":0,"k":0}},{"type":"Feature","geometry":{"type":"Point","coordinates":[-121.720784,39.94674]},"properties":{"c":1,"p":0.001,"t":0,"k":2}},{"type":"Feature","geometry":{"type":"Point","coordinates":[-121.521785,40.327545]},"properties":{"c":1,"p":0.003,"t":0,"k":0}},{"type":"Feature","geometry":{"type":"Point","coordinates":[-121.720822,39.946536]},"properties":{"c":1,"p":0.001,"t":0,"k":0}},{"type":"Feature","geometry":{"type":"Point","coordinates":[-121.828176,39.847584]},"properties":{"c":1,"p":0.111,"t":0,"k":0}},{"type":"Feature","geometry":{"type":"Point","coordinates":[-121.769451,40.343111]},"properties":{"c":1,"p":0.016,"t":0,"k":0}},{"type":"Feature","geometry":{"type":"Point","coordinates":[-121.684007,39.872763]},"properties":{"c":1,"p":0.001,"t":0,"k":0}},{"type":"Feature","geometry":{"type":"Point","coordinates":[-121.522678,40.326933]},"properties":{"c":1,"p":0.003,"t":0,"k":0}},{"type":"Feature","geometry":{"type":"Point","coordinates":[-121.769442,40.343314]},"properties":{"c":1,"p":0.018,"t":0,"k":0}},{"type":"Feature","geometry":{"type":"Point","coordinates":[-121.767372,39.886031]},"properties":{"c":1,"p":0.234,"t":0,"k":0}},{"type":"Feature","geometry":{"type":"Point","coordinates":[-121.725126,39.908685]},"properties":{"c":0,"p":0.993,"t":1,"k":2}},{"type":"Feature","geometry":{"type":"Point","coordinates":[-121.721065,39.946695]},"properties":{"c":1,"p":0.001,"t":0,"k":2}},{"type":"Feature","geometry":{"type":"Point","coordinates":[-121.523309,40.326658]},"properties":{"c":1,"p":0.002,"t":0,"k":0}},{"type":"Feature","geometry":{"type":"Point","coordinates":[-121.779161,40.341644]},"properties":{"c":1,"p":0.005,"t":0,"k":0}},{"type":"Feature","geometry":{"type":"Point","coordinates":[-121.725139,39.908727]},"properties":{"c":0,"p":0.993,"t":1,"k":0}},{"type":"Feature","geometry":{"type":"Point","coordinates":[-121.723024,39.94578]},"properties":{"c":1,"p":0.001,"t":0,"k":0}},{"type":"Feature","geometry":{"type":"Point","coordinates":[-121.523209,40.326379]},"properties":{"c":1,"p":0.001,"t":0,"k":0}},{"type":"Feature","geometry":{"type":"Point","coordinates":[-121.69282,39.969881]},"properties":{"c":0,"p":0.997,"t":1,"k":0}},{"type":"Feature","geometry":{"type":"Point","coordinates":[-121.723294,39.94573]},"properties":{"c":1,"p":0.001,"t":0,"k":2}},{"type":"Feature","geometry":{"type":"Point","coordinates":[-121.726254,39.907609]},"properties":{"c":0,"p":0.999,"t":1,"k":0}},{"type":"Feature","geometry":{"type":"Point","coordinates":[-121.524118,40.326422]},"properties":{"c":1,"p":0.002,"t":0,"k":0}},{"type":"Feature","geometry":{"type":"Point","coordinates":[-121.707762,39.958868]},"properties":{"c":0,"p":0.99,"t":1,"k":2}},{"type":"Feature","geometry":{"type":"Point","coordinates":[-121.731471,39.928519]},"properties":{"c":1,"p":0.001,"t":0,"k":2}},{"type":"Feature","geometry":{"type":"Point","coordinates":[-121.685697,39.870846]},"properties":{"c":1,"p":0.428,"t":3,"k":0}},{"type":"Feature","geometry":{"type":"Point","coordinates":[-121.735677,39.917657]},"properties":{"c":0,"p":0.998,"t":1,"k":2}},{"type":"Feature","geometry":{"type":"Point","coordinates":[-121.524554,40.326304]},"properties":{"c":1,"p":0.004,"t":0,"k":0}},{"type":"Feature","geometry":{"type":"Point","coordinates":[-121.729508,39.906561]},"properties":{"c":0,"p":0.997,"t":1,"k":0}},{"type":"Feature","geometry":{"type":"Point","coordinates":[-121.683687,39.872876]},"properties":{"c":1,"p":0.002,"t":0,"k":0}},{"type":"Feature","geometry":{"type":"Point","coordinates":[-121.524857,40.3262]},"properties":{"c":1,"p":0.003,"t":0,"k":0}},{"type":"Feature","geometry":{"type":"Point","coordinates":[-121.665844,39.896616]},"properties":{"c":1,"p":0.007,"t":0,"k":0}},{"type":"Feature","geometry":{"type":"Point","coordinates":[-121.737452,39.923721]},"properties":{"c":1,"p":0.015,"t":0,"k":0}},{"type":"Feature","geometry":{"type":"Point","coordinates":[-121.731508,39.928882]},"properties":{"c":1,"p":0.0,"t":0,"k":0}},{"type":"Feature","geometry":{"type":"Point","coordinates":[-121.774408,40.301343]},"properties":{"c":0,"p":0.989,"t":1,"k":0}},{"type":"Feature","geometry":{"type":"Point","coordinates":[-121.525911,40.325905]},"properties":{"c":1,"p":0.011,"t":0,"k":0}},{"type":"Feature","geometry":{"type":"Point","coordinates":[-121.73736,39.92371]},"properties":{"c":1,"p":0.015,"t":0,"k":2}},{"type":"Feature","geometry":{"type":"Point","coordinates":[-121.730822,39.92352]},"properties":{"c":1,"p":0.0,"t":0,"k":2}},{"type":"Feature","geometry":{"type":"Point","coordinates":[-121.773926,40.301537]},"properties":{"c":0,"p":0.982,"t":1,"k":2}},{"type":"Feature","geometry":{"type":"Point","coordinates":[-121.52569,40.325251]},"properties":{"c":1,"p":0.005,"t":0,"k":2}},{"type":"Feature","geometry":{"type":"Point","coordinates":[-121.77657,40.300345]},"properties":{"c":0,"p":0.995,"t":1,"k":0}},{"type":"Feature","geometry":{"type":"Point","coordinates":[-121.679344,39.903858]},"properties":{"c":0,"p":0.989,"t":1,"k":0}},{"type":"Feature","geometry":{"type":"Point","coordinates":[-121.757902,39.893988]},"properties":{"c":1,"p":0.06,"t":0,"k":0}},{"type":"Feature","geometry":{"type":"Point","coordinates":[-121.729665,39.906755]},"properties":{"c":0,"p":0.998,"t":1,"k":0}},{"type":"Feature","geometry":{"type":"Point","coordinates":[-121.523538,40.34217]},"properties":{"c":1,"p":0.008,"t":0,"k":0}},{"type":"Feature","geometry":{"type":"Point","coordinates":[-121.780182,40.30665]},"properties":{"c":1,"p":0.066,"t":0,"k":0}},{"type":"Feature","geometry":{"type":"Point","coordinates":[-121.751233,39.892381]},"properties":{"c":1,"p":0.121,"t":2,"k":2}},{"type":"Feature","geometry":{"type":"Point","coordinates":[-121.757098,39.894869]},"properties":{"c":1,"p":0.035,"t":0,"k":0}},{"type":"Feature","geometry":{"type":"Point","coordinates":[-121.749533,39.891588]},"properties":{"c":0,"p":0.98,"t":1,"k":2}},{"type":"Feature","geometry":{"type":"Point","coordinates":[-121.522893,40.342532]},"properties":{"c":1,"p":0.005,"t":0,"k":0}},{"type":"Feature","geometry":{"type":"Point","coordinates":[-121.75109,39.892277]},"properties":{"c":1,"p":0.14,"t":0,"k":0}},{"type":"Feature","geometry":{"type":"Point","coordinates":[-121.780046,40.307308]},"properties":{"c":0,"p":0.996,"t":1,"k":2}},{"type":"Feature","geometry":{"type":"Point","coordinates":[-121.733247,39.944856]},"properties":{"c":1,"p":0.002,"t":2,"k":2}},{"type":"Feature","geometry":{"type":"Point","coordinates":[-121.755135,39.897423]},"properties":{"c":1,"p":0.008,"t":0,"k":0}},{"type":"Feature","geometry":{"type":"Point","coordinates":[-121.522513,40.342761]},"properties":{"c":1,"p":0.005,"t":0,"k":0}},{"type":"Feature","geometry":{"type":"Point","coordinates":[-121.780431,40.307285]},"properties":{"c":3,"p":0.763,"t":1,"k":2,"w":"probability 0.76; a minor structure (shed or outbuilding) in the inspection record"}},{"type":"Feature","geometry":{"type":"Point","coordinates":[-121.750821,39.892204]},"properties":{"c":1,"p":0.224,"t":0,"k":2}},{"type":"Feature","geometry":{"type":"Point","coordinates":[-121.523763,40.342929]},"properties":{"c":1,"p":0.002,"t":0,"k":0}},{"type":"Feature","geometry":{"type":"Point","coordinates":[-121.781821,40.309228]},"properties":{"c":1,"p":0.11,"t":0,"k":0}},{"type":"Feature","geometry":{"type":"Point","coordinates":[-121.730626,39.94644]},"properties":{"c":1,"p":0.003,"t":0,"k":0}},{"type":"Feature","geometry":{"type":"Point","coordinates":[-121.755016,39.89813]},"properties":{"c":1,"p":0.015,"t":0,"k":0}},{"type":"Feature","geometry":{"type":"Point","coordinates":[-121.781672,40.309372]},"properties":{"c":1,"p":0.233,"t":0,"k":2}},{"type":"Feature","geometry":{"type":"Point","coordinates":[-121.749377,39.893429]},"properties":{"c":1,"p":0.014,"t":0,"k":0}},{"type":"Feature","geometry":{"type":"Point","coordinates":[-121.52641,40.324419]},"properties":{"c":1,"p":0.003,"t":0,"k":0}},{"type":"Feature","geometry":{"type":"Point","coordinates":[-121.762027,39.889523]},"properties":{"c":2,"p":0.935,"t":0,"k":2,"w":"probability 0.93"}},{"type":"Feature","geometry":{"type":"Point","coordinates":[-121.730714,39.946626]},"properties":{"c":1,"p":0.121,"t":0,"k":2}},{"type":"Feature","geometry":{"type":"Point","coordinates":[-121.78167,40.309956]},"properties":{"c":0,"p":0.994,"t":1,"k":2}},{"type":"Feature","geometry":{"type":"Point","coordinates":[-121.733335,39.94285]},"properties":{"c":1,"p":0.006,"t":0,"k":0}},{"type":"Feature","geometry":{"type":"Point","coordinates":[-121.527958,40.323673]},"properties":{"c":1,"p":0.003,"t":0,"k":0}},{"type":"Feature","geometry":{"type":"Point","coordinates":[-121.733632,39.942472]},"properties":{"c":1,"p":0.028,"t":0,"k":2}},{"type":"Feature","geometry":{"type":"Point","coordinates":[-121.762281,39.888921]},"properties":{"c":1,"p":0.024,"t":0,"k":0}},{"type":"Feature","geometry":{"type":"Point","coordinates":[-121.782146,40.309827]},"properties":{"c":0,"p":0.923,"t":1,"k":2}},{"type":"Feature","geometry":{"type":"Point","coordinates":[-121.749066,39.89356]},"properties":{"c":1,"p":0.034,"t":0,"k":0}},{"type":"Feature","geometry":{"type":"Point","coordinates":[-121.528135,40.32369]},"properties":{"c":1,"p":0.003,"t":0,"k":2}},{"type":"Feature","geometry":{"type":"Point","coordinates":[-121.528613,40.323464]},"properties":{"c":1,"p":0.003,"t":0,"k":3}},{"type":"Feature","geometry":{"type":"Point","coordinates":[-121.747286,39.895414]},"properties":{"c":1,"p":0.034,"t":0,"k":2}},{"type":"Feature","geometry":{"type":"Point","coordinates":[-121.733679,39.942624]},"properties":{"c":1,"p":0.008,"t":0,"k":2}},{"type":"Feature","geometry":{"type":"Point","coordinates":[-121.78169,40.308993]},"properties":{"c":0,"p":0.995,"t":1,"k":2}},{"type":"Feature","geometry":{"type":"Point","coordinates":[-121.73331,39.943074]},"properties":{"c":1,"p":0.014,"t":0,"k":2}},{"type":"Feature","geometry":{"type":"Point","coordinates":[-121.52912,40.323024]},"properties":{"c":1,"p":0.001,"t":0,"k":0}},{"type":"Feature","geometry":{"type":"Point","coordinates":[-121.757666,39.894002]},"properties":{"c":1,"p":0.119,"t":0,"k":2}},{"type":"Feature","geometry":{"type":"Point","coordinates":[-121.781533,40.309059]},"properties":{"c":0,"p":0.992,"t":1,"k":2}},{"type":"Feature","geometry":{"type":"Point","coordinates":[-121.747248,39.895519]},"properties":{"c":1,"p":0.047,"t":0,"k":0}},{"type":"Feature","geometry":{"type":"Point","coordinates":[-121.729273,39.943529]},"properties":{"c":1,"p":0.0,"t":0,"k":0}},{"type":"Feature","geometry":{"type":"Point","coordinates":[-121.529214,40.32303]},"properties":{"c":1,"p":0.001,"t":0,"k":2}},{"type":"Feature","geometry":{"type":"Point","coordinates":[-121.756509,39.89503]},"properties":{"c":1,"p":0.364,"t":0,"k":2}},{"type":"Feature","geometry":{"type":"Point","coordinates":[-121.78368,40.308165]},"properties":{"c":1,"p":0.786,"t":0,"k":0}},{"type":"Feature","geometry":{"type":"Point","coordinates":[-121.753556,39.89597]},"properties":{"c":1,"p":0.003,"t":0,"k":0}},{"type":"Feature","geometry":{"type":"Point","coordinates":[-121.725634,39.913771]},"properties":{"c":1,"p":0.03,"t":0,"k":0}},{"type":"Feature","geometry":{"type":"Point","coordinates":[-121.520003,40.328176]},"properties":{"c":1,"p":0.004,"t":0,"k":3}},{"type":"Feature","geometry":{"type":"Point","coordinates":[-121.783904,40.3082]},"properties":{"c":0,"p":0.991,"t":1,"k":2}},{"type":"Feature","geometry":{"type":"Point","coordinates":[-121.746708,39.896604]},"properties":{"c":1,"p":0.183,"t":0,"k":2}},{"type":"Feature","geometry":{"type":"Point","coordinates":[-121.753547,39.895568]},"properties":{"c":1,"p":0.512,"t":0,"k":2}},{"type":"Feature","geometry":{"type":"Point","coordinates":[-121.725403,39.913531]},"properties":{"c":1,"p":0.308,"t":0,"k":2}},{"type":"Feature","geometry":{"type":"Point","coordinates":[-121.785813,40.30815]},"properties":{"c":0,"p":0.994,"t":1,"k":0}},{"type":"Feature","geometry":{"type":"Point","coordinates":[-121.748549,39.896396]},"properties":{"c":0,"p":0.996,"t":1,"k":0}},{"type":"Feature","geometry":{"type":"Point","coordinates":[-121.755089,39.897178]},"properties":{"c":1,"p":0.017,"t":0,"k":2}},{"type":"Feature","geometry":{"type":"Point","coordinates":[-121.724378,39.914237]},"properties":{"c":1,"p":0.421,"t":0,"k":0}},{"type":"Feature","geometry":{"type":"Point","coordinates":[-121.520083,40.328245]},"properties":{"c":1,"p":0.001,"t":0,"k":2}},{"type":"Feature","geometry":{"type":"Point","coordinates":[-121.748648,39.896666]},"properties":{"c":0,"p":0.998,"t":1,"k":0}},{"type":"Feature","geometry":{"type":"Point","coordinates":[-121.793641,40.312531]},"properties":{"c":3,"p":0.828,"t":1,"k":2,"w":"probability 0.83, just under the 0.88 cut; a minor structure (shed or outbuilding) in the inspection record; most neighbours within 50 m survived (2 of 3)"}},{"type":"Feature","geometry":{"type":"Point","coordinates":[-121.723347,39.913573]},"properties":{"c":1,"p":0.754,"t":0,"k":0}},{"type":"Feature","geometry":{"type":"Point","coordinates":[-121.763206,39.88229]},"properties":{"c":1,"p":0.757,"t":0,"k":0}},{"type":"Feature","geometry":{"type":"Point","coordinates":[-121.519753,40.328321]},"properties":{"c":1,"p":0.001,"t":0,"k":3}},{"type":"Feature","geometry":{"type":"Point","coordinates":[-121.683611,39.877741]},"properties":{"c":1,"p":0.006,"t":0,"k":2}},{"type":"Feature","geometry":{"type":"Point","coordinates":[-121.794177,40.31245]},"properties":{"c":0,"p":0.987,"t":1,"k":0}},{"type":"Feature","geometry":{"type":"Point","coordinates":[-121.724598,39.91351]},"properties":{"c":1,"p":0.855,"t":0,"k":0}},{"type":"Feature","geometry":{"type":"Point","coordinates":[-121.51968,40.328395]},"properties":{"c":1,"p":0.006,"t":0,"k":2}},{"type":"Feature","geometry":{"type":"Point","coordinates":[-121.683897,39.877392]},"properties":{"c":1,"p":0.406,"t":0,"k":0}},{"type":"Feature","geometry":{"type":"Point","coordinates":[-121.521042,40.32748]},"properties":{"c":1,"p":0.002,"t":0,"k":0}},{"type":"Feature","geometry":{"type":"Point","coordinates":[-121.806616,40.309625]},"properties":{"c":1,"p":0.875,"t":0,"k":0}},{"type":"Feature","geometry":{"type":"Point","coordinates":[-121.724638,39.91372]},"properties":{"c":1,"p":0.541,"t":0,"k":2}},{"type":"Feature","geometry":{"type":"Point","coordinates":[-121.763323,39.88236]},"properties":{"c":1,"p":0.459,"t":0,"k":2}},{"type":"Feature","geometry":{"type":"Point","coordinates":[-121.808301,40.309654]},"properties":{"c":3,"p":0.349,"t":1,"k":0,"w":"probability 0.35"}},{"type":"Feature","geometry":{"type":"Point","coordinates":[-121.523734,40.326584]},"properties":{"c":1,"p":0.004,"t":0,"k":3}},{"type":"Feature","geometry":{"type":"Point","coordinates":[-121.731037,39.928749]},"properties":{"c":1,"p":0.001,"t":0,"k":2}},{"type":"Feature","geometry":{"type":"Point","coordinates":[-121.729705,39.910189]},"properties":{"c":1,"p":0.648,"t":2,"k":2}},{"type":"Feature","geometry":{"type":"Point","coordinates":[-121.808685,40.310095]},"properties":{"c":1,"p":0.141,"t":0,"k":0}},{"type":"Feature","geometry":{"type":"Point","coordinates":[-121.683632,39.877421]},"properties":{"c":1,"p":0.004,"t":0,"k":2}},{"type":"Feature","geometry":{"type":"Point","coordinates":[-121.524636,40.325661]},"properties":{"c":1,"p":0.002,"t":0,"k":3}},{"type":"Feature","geometry":{"type":"Point","coordinates":[-121.76334,39.883118]},"properties":{"c":1,"p":0.793,"t":0,"k":2}},{"type":"Feature","geometry":{"type":"Point","coordinates":[-121.725238,39.914548]},"properties":{"c":1,"p":0.031,"t":0,"k":2}},{"type":"Feature","geometry":{"type":"Point","coordinates":[-121.683449,39.87642]},"properties":{"c":1,"p":0.002,"t":0,"k":2}},{"type":"Feature","geometry":{"type":"Point","coordinates":[-121.809631,40.309607]},"properties":{"c":1,"p":0.687,"t":0,"k":0}},{"type":"Feature","geometry":{"type":"Point","coordinates":[-121.725419,39.913604]},"properties":{"c":1,"p":0.039,"t":0,"k":2}},{"type":"Feature","geometry":{"type":"Point","coordinates":[-121.683749,39.876365]},"properties":{"c":1,"p":0.169,"t":0,"k":0}},{"type":"Feature","geometry":{"type":"Point","coordinates":[-121.752482,39.898759]},"properties":{"c":1,"p":0.007,"t":0,"k":0}},{"type":"Feature","geometry":{"type":"Point","coordinates":[-121.809465,40.310726]},"properties":{"c":1,"p":0.186,"t":2,"k":2}},{"type":"Feature","geometry":{"type":"Point","coordinates":[-121.524673,40.325605]},"properties":{"c":1,"p":0.002,"t":0,"k":2}},{"type":"Feature","geometry":{"type":"Point","coordinates":[-121.811045,40.309887]},"properties":{"c":0,"p":0.997,"t":1,"k":0}},{"type":"Feature","geometry":{"type":"Point","coordinates":[-121.723674,39.914023]},"properties":{"c":2,"p":0.943,"t":0,"k":0,"w":"probability 0.94; green cover around it before the fire (pre-fire NDVI 0.71)"}},{"type":"Feature","geometry":{"type":"Point","coordinates":[-121.683731,39.876031]},"properties":{"c":1,"p":0.001,"t":0,"k":0}},{"type":"Feature","geometry":{"type":"Point","coordinates":[-121.731338,39.928838]},"properties":{"c":1,"p":0.0,"t":0,"k":2}},{"type":"Feature","geometry":{"type":"Point","coordinates":[-121.523082,40.342032]},"properties":{"c":1,"p":0.003,"t":0,"k":0}},{"type":"Feature","geometry":{"type":"Point","coordinates":[-121.683507,39.875684]},"properties":{"c":1,"p":0.003,"t":0,"k":0}},{"type":"Feature","geometry":{"type":"Point","coordinates":[-121.811277,40.309899]},"properties":{"c":0,"p":0.993,"t":1,"k":0}},{"type":"Feature","geometry":{"type":"Point","coordinates":[-121.731524,39.925585]},"properties":{"c":1,"p":0.0,"t":0,"k":1}},{"type":"Feature","geometry":{"type":"Point","coordinates":[-121.723144,39.913755]},"properties":{"c":2,"p":0.972,"t":0,"k":2,"w":"probability 0.97; green cover around it before the fire (pre-fire NDVI 0.69)"}},{"type":"Feature","geometry":{"type":"Point","coordinates":[-121.522116,40.348673]},"properties":{"c":1,"p":0.014,"t":0,"k":2}},{"type":"Feature","geometry":{"type":"Point","coordinates":[-121.811512,40.309906]},"properties":{"c":2,"p":0.979,"t":0,"k":0,"w":"probability 0.98; green cover around it before the fire (pre-fire NDVI 0.74)"}},{"type":"Feature","geometry":{"type":"Point","coordinates":[-121.683536,39.875787]},"properties":{"c":1,"p":0.002,"t":0,"k":2}},{"type":"Feature","geometry":{"type":"Point","coordinates":[-121.521926,40.348537]},"properties":{"c":1,"p":0.005,"t":0,"k":2}},{"type":"Feature","geometry":{"type":"Point","coordinates":[-121.811481,40.309885]},"properties":{"c":2,"p":0.986,"t":3,"k":2,"w":"probability 0.99; inspector graded it Minor (10-25%): damaged, not destroyed; green cover around it before the fire (pre-fire NDVI 0.82)"}},{"type":"Feature","geometry":{"type":"Point","coordinates":[-121.75242,39.898086]},"properties":{"c":1,"p":0.151,"t":0,"k":2}},{"type":"Feature","geometry":{"type":"Point","coordinates":[-121.729598,39.909961]},"properties":{"c":2,"p":0.966,"t":0,"k":0,"w":"probability 0.97"}},{"type":"Feature","geometry":{"type":"Point","coordinates":[-121.812518,40.310364]},"properties":{"c":0,"p":0.997,"t":1,"k":0}},{"type":"Feature","geometry":{"type":"Point","coordinates":[-121.521721,40.348381]},"properties":{"c":1,"p":0.007,"t":0,"k":2}},{"type":"Feature","geometry":{"type":"Point","coordinates":[-121.812521,40.310379]},"properties":{"c":0,"p":0.997,"t":1,"k":2}},{"type":"Feature","geometry":{"type":"Point","coordinates":[-121.683784,39.877847]},"properties":{"c":1,"p":0.35,"t":2,"k":0}},{"type":"Feature","geometry":{"type":"Point","coordinates":[-121.732443,39.917357]},"properties":{"c":0,"p":0.998,"t":1,"k":2}},{"type":"Feature","geometry":{"type":"Point","coordinates":[-121.762539,39.883115]},"properties":{"c":0,"p":0.997,"t":1,"k":0}},{"type":"Feature","geometry":{"type":"Point","coordinates":[-121.521598,40.348194]},"properties":{"c":1,"p":0.007,"t":0,"k":2}},{"type":"Feature","geometry":{"type":"Point","coordinates":[-121.812628,40.310405]},"properties":{"c":0,"p":0.999,"t":1,"k":2}},{"type":"Feature","geometry":{"type":"Point","coordinates":[-121.521784,40.348149]},"properties":{"c":1,"p":0.004,"t":0,"k":2}},{"type":"Feature","geometry":{"type":"Point","coordinates":[-121.683595,39.877111]},"properties":{"c":1,"p":0.499,"t":2,"k":2}},{"type":"Feature","geometry":{"type":"Point","coordinates":[-121.762456,39.882664]},"properties":{"c":0,"p":0.997,"t":1,"k":0}},{"type":"Feature","geometry":{"type":"Point","coordinates":[-121.732356,39.917225]},"properties":{"c":0,"p":0.995,"t":1,"k":0}},{"type":"Feature","geometry":{"type":"Point","coordinates":[-121.812518,40.310213]},"properties":{"c":0,"p":0.997,"t":1,"k":2}},{"type":"Feature","geometry":{"type":"Point","coordinates":[-121.732135,39.924798]},"properties":{"c":1,"p":0.002,"t":0,"k":1}},{"type":"Feature","geometry":{"type":"Point","coordinates":[-121.683627,39.876725]},"properties":{"c":0,"p":0.99,"t":1,"k":0}},{"type":"Feature","geometry":{"type":"Point","coordinates":[-121.521533,40.347759]},"properties":{"c":1,"p":0.002,"t":0,"k":2}},{"type":"Feature","geometry":{"type":"Point","coordinates":[-121.73165,39.915298]},"properties":{"c":0,"p":0.999,"t":1,"k":0}},{"type":"Feature","geometry":{"type":"Point","coordinates":[-121.731802,39.924923]},"properties":{"c":1,"p":0.001,"t":0,"k":2}},{"type":"Feature","geometry":{"type":"Point","coordinates":[-121.521037,40.347466]},"properties":{"c":1,"p":0.001,"t":0,"k":2}},{"type":"Feature","geometry":{"type":"Point","coordinates":[-121.731588,39.915406]},"properties":{"c":0,"p":0.999,"t":1,"k":2}},{"type":"Feature","geometry":{"type":"Point","coordinates":[-121.700582,39.883351]},"properties":{"c":0,"p":0.997,"t":1,"k":0}},{"type":"Feature","geometry":{"type":"Point","coordinates":[-121.683401,39.876756]},"properties":{"c":1,"p":0.035,"t":0,"k":2}},{"type":"Feature","geometry":{"type":"Point","coordinates":[-121.762378,39.882346]},"properties":{"c":0,"p":0.998,"t":1,"k":0}},{"type":"Feature","geometry":{"type":"Point","coordinates":[-121.732201,39.916258]},"properties":{"c":0,"p":0.997,"t":1,"k":0}},{"type":"Feature","geometry":{"type":"Point","coordinates":[-121.520935,40.34774]},"properties":{"c":1,"p":0.006,"t":0,"k":2}},{"type":"Feature","geometry":{"type":"Point","coordinates":[-121.732838,39.918168]},"properties":{"c":0,"p":0.999,"t":1,"k":0}},{"type":"Feature","geometry":{"type":"Point","coordinates":[-121.683239,39.875394]},"properties":{"c":1,"p":0.0,"t":0,"k":0}},{"type":"Feature","geometry":{"type":"Point","coordinates":[-121.700169,39.883472]},"properties":{"c":0,"p":0.996,"t":1,"k":2}},{"type":"Feature","geometry":{"type":"Point","coordinates":[-121.731794,39.924694]},"properties":{"c":1,"p":0.0,"t":0,"k":2}},{"type":"Feature","geometry":{"type":"Point","coordinates":[-121.708247,39.875835]},"properties":{"c":1,"p":0.048,"t":0,"k":2}},{"type":"Feature","geometry":{"type":"Point","coordinates":[-121.520636,40.347477]},"properties":{"c":1,"p":0.002,"t":0,"k":2}},{"type":"Feature","geometry":{"type":"Point","coordinates":[-121.707408,39.874474]},"properties":{"c":0,"p":0.998,"t":1,"k":2}},{"type":"Feature","geometry":{"type":"Point","coordinates":[-121.749905,39.893006]},"properties":{"c":1,"p":0.02,"t":0,"k":0}},{"type":"Feature","geometry":{"type":"Point","coordinates":[-121.762249,39.882413]},"properties":{"c":0,"p":0.999,"t":1,"k":0}},{"type":"Feature","geometry":{"type":"Point","coordinates":[-121.73515,39.927911]},"properties":{"c":1,"p":0.001,"t":0,"k":0}},{"type":"Feature","geometry":{"type":"Point","coordinates":[-121.521203,40.346918]},"properties":{"c":1,"p":0.004,"t":0,"k":0}},{"type":"Feature","geometry":{"type":"Point","coordinates":[-121.702685,39.879201]},"properties":{"c":0,"p":0.997,"t":1,"k":0}},{"type":"Feature","geometry":{"type":"Point","coordinates":[-121.523574,40.343216]},"properties":{"c":1,"p":0.004,"t":0,"k":0}},{"type":"Feature","geometry":{"type":"Point","coordinates":[-121.749795,39.893208]},"properties":{"c":1,"p":0.309,"t":0,"k":2}},{"type":"Feature","geometry":{"type":"Point","coordinates":[-121.735243,39.928187]},"properties":{"c":1,"p":0.003,"t":0,"k":2}},{"type":"Feature","geometry":{"type":"Point","coordinates":[-121.722132,40.025302]},"properties":{"c":0,"p":0.998,"t":1,"k":0}},{"type":"Feature","geometry":{"type":"Point","coordinates":[-121.523826,40.343387]},"properties":{"c":1,"p":0.003,"t":0,"k":0}},{"type":"Feature","geometry":{"type":"Point","coordinates":[-121.748143,39.894189]},"properties":{"c":1,"p":0.026,"t":0,"k":0}},{"type":"Feature","geometry":{"type":"Point","coordinates":[-121.703608,39.878718]},"properties":{"c":0,"p":0.998,"t":1,"k":2}},{"type":"Feature","geometry":{"type":"Point","coordinates":[-121.72803,40.027591]},"properties":{"c":0,"p":0.997,"t":1,"k":2}},{"type":"Feature","geometry":{"type":"Point","coordinates":[-121.735252,39.928153]},"properties":{"c":1,"p":0.002,"t":0,"k":2}},{"type":"Feature","geometry":{"type":"Point","coordinates":[-121.524051,40.343407]},"properties":{"c":1,"p":0.004,"t":0,"k":2}},{"type":"Feature","geometry":{"type":"Point","coordinates":[-121.74821,39.89419]},"properties":{"c":1,"p":0.034,"t":0,"k":2}},{"type":"Feature","geometry":{"type":"Point","coordinates":[-121.704292,39.878307]},"properties":{"c":1,"p":0.797,"t":0,"k":0}},{"type":"Feature","geometry":{"type":"Point","coordinates":[-121.728033,40.027404]},"properties":{"c":0,"p":0.999,"t":1,"k":0}},{"type":"Feature","geometry":{"type":"Point","coordinates":[-121.523644,40.343652]},"properties":{"c":1,"p":0.003,"t":0,"k":0}},{"type":"Feature","geometry":{"type":"Point","coordinates":[-121.748545,39.893924]},"properties":{"c":1,"p":0.013,"t":0,"k":0}},{"type":"Feature","geometry":{"type":"Point","coordinates":[-121.523572,40.344846]},"properties":{"c":1,"p":0.006,"t":0,"k":0}},{"type":"Feature","geometry":{"type":"Point","coordinates":[-121.726648,39.906105]},"properties":{"c":0,"p":0.999,"t":1,"k":0}},{"type":"Feature","geometry":{"type":"Point","coordinates":[-121.726512,40.027964]},"properties":{"c":0,"p":0.984,"t":1,"k":2}},{"type":"Feature","geometry":{"type":"Point","coordinates":[-121.73421,39.925809]},"properties":{"c":1,"p":0.001,"t":0,"k":2}},{"type":"Feature","geometry":{"type":"Point","coordinates":[-121.774242,40.301442]},"properties":{"c":0,"p":0.992,"t":1,"k":0}},{"type":"Feature","geometry":{"type":"Point","coordinates":[-121.523633,40.344787]},"properties":{"c":1,"p":0.006,"t":0,"k":2}},{"type":"Feature","geometry":{"type":"Point","coordinates":[-121.734337,39.925617]},"properties":{"c":1,"p":0.002,"t":0,"k":3}},{"type":"Feature","geometry":{"type":"Point","coordinates":[-121.721756,40.028481]},"properties":{"c":1,"p":0.711,"t":0,"k":2}},{"type":"Feature","geometry":{"type":"Point","coordinates":[-121.773811,40.301534]},"properties":{"c":0,"p":0.984,"t":1,"k":2}},{"type":"Feature","geometry":{"type":"Point","coordinates":[-121.748791,39.8941]},"properties":{"c":1,"p":0.014,"t":0,"k":0}},{"type":"Feature","geometry":{"type":"Point","coordinates":[-121.523613,40.344556]},"properties":{"c":1,"p":0.002,"t":0,"k":0}},{"type":"Feature","geometry":{"type":"Point","coordinates":[-121.73221,39.927381]},"properties":{"c":1,"p":0.001,"t":0,"k":0}},{"type":"Feature","geometry":{"type":"Point","coordinates":[-121.722297,40.032282]},"properties":{"c":0,"p":0.996,"t":1,"k":0}},{"type":"Feature","geometry":{"type":"Point","coordinates":[-121.780026,40.307045]},"properties":{"c":2,"p":0.897,"t":0,"k":2,"w":"probability 0.90, just over the 0.88 cut; most neighbours within 50 m were destroyed (3 of 4); green cover around it before the fire (pre-fire NDVI 0.65)"}},{"type":"Feature","geometry":{"type":"Point","coordinates":[-121.523014,40.344396]},"properties":{"c":1,"p":0.004,"t":0,"k":0}},{"type":"Feature","geometry":{"type":"Point","coordinates":[-121.780156,40.30733]},"properties":{"c":0,"p":0.958,"t":1,"k":2}},{"type":"Feature","geometry":{"type":"Point","coordinates":[-121.748985,39.893725]},"properties":{"c":1,"p":0.01,"t":0,"k":0}},{"type":"Feature","geometry":{"type":"Point","coordinates":[-121.523129,40.343389]},"properties":{"c":1,"p":0.004,"t":0,"k":0}},{"type":"Feature","geometry":{"type":"Point","coordinates":[-121.782431,40.309367]},"properties":{"c":0,"p":0.997,"t":1,"k":2}},{"type":"Feature","geometry":{"type":"Point","coordinates":[-121.748915,39.893682]},"properties":{"c":1,"p":0.012,"t":0,"k":2}},{"type":"Feature","geometry":{"type":"Point","coordinates":[-121.523157,40.343132]},"properties":{"c":1,"p":0.003,"t":0,"k":0}},{"type":"Feature","geometry":{"type":"Point","coordinates":[-121.52234,40.342213]},"properties":{"c":1,"p":0.002,"t":0,"k":0}},{"type":"Feature","geometry":{"type":"Point","coordinates":[-121.74703,39.896227]},"properties":{"c":0,"p":0.997,"t":1,"k":0}},{"type":"Feature","geometry":{"type":"Point","coordinates":[-121.720636,40.031054]},"properties":{"c":3,"p":0.544,"t":1,"k":2,"w":"probability 0.54; a minor structure (shed or outbuilding) in the inspection record; green cover around it before the fire (pre-fire NDVI 0.74)"}},{"type":"Feature","geometry":{"type":"Point","coordinates":[-121.782833,40.30934]},"properties":{"c":0,"p":0.997,"t":1,"k":0}},{"type":"Feature","geometry":{"type":"Point","coordinates":[-121.732875,39.931964]},"properties":{"c":1,"p":0.001,"t":0,"k":0}},{"type":"Feature","geometry":{"type":"Point","coordinates":[-121.522416,40.342129]},"properties":{"c":1,"p":0.007,"t":0,"k":2}},{"type":"Feature","geometry":{"type":"Point","coordinates":[-121.783105,40.30976]},"properties":{"c":0,"p":0.998,"t":1,"k":0}},{"type":"Feature","geometry":{"type":"Point","coordinates":[-121.747949,39.897058]},"properties":{"c":1,"p":0.455,"t":0,"k":0}},{"type":"Feature","geometry":{"type":"Point","coordinates":[-121.73028,39.931545]},"properties":{"c":1,"p":0.0,"t":0,"k":0}},{"type":"Feature","geometry":{"type":"Point","coordinates":[-121.721199,40.031106]},"properties":{"c":0,"p":0.991,"t":1,"k":2}},{"type":"Feature","geometry":{"type":"Point","coordinates":[-121.52242,40.348651]},"properties":{"c":1,"p":0.024,"t":0,"k":2}},{"type":"Feature","geometry":{"type":"Point","coordinates":[-121.783335,40.30987]},"properties":{"c":0,"p":0.997,"t":1,"k":2}},{"type":"Feature","geometry":{"type":"Point","coordinates":[-121.747854,39.897456]},"properties":{"c":1,"p":0.216,"t":0,"k":0}},{"type":"Feature","geometry":{"type":"Point","coordinates":[-121.723414,40.027133]},"properties":{"c":0,"p":0.99,"t":1,"k":0}},{"type":"Feature","geometry":{"type":"Point","coordinates":[-121.522102,40.348383]},"properties":{"c":1,"p":0.006,"t":0,"k":2}},{"type":"Feature","geometry":{"type":"Point","coordinates":[-121.882038,40.319639]},"properties":{"c":0,"p":0.936,"t":1,"k":0}},{"type":"Feature","geometry":{"type":"Point","coordinates":[-121.783347,40.309096]},"properties":{"c":1,"p":0.251,"t":0,"k":0}},{"type":"Feature","geometry":{"type":"Point","coordinates":[-121.723549,40.026935]},"properties":{"c":0,"p":0.933,"t":1,"k":2}},{"type":"Feature","geometry":{"type":"Point","coordinates":[-121.730232,39.931679]},"properties":{"c":1,"p":0.001,"t":0,"k":2}},{"type":"Feature","geometry":{"type":"Point","coordinates":[-121.521936,40.348298]},"properties":{"c":1,"p":0.004,"t":0,"k":2}},{"type":"Feature","geometry":{"type":"Point","coordinates":[-121.88218,40.319582]},"properties":{"c":0,"p":0.995,"t":1,"k":0}},{"type":"Feature","geometry":{"type":"Point","coordinates":[-121.722001,40.025679]},"properties":{"c":0,"p":0.885,"t":1,"k":0}},{"type":"Feature","geometry":{"type":"Point","coordinates":[-121.522214,40.348139]},"properties":{"c":1,"p":0.005,"t":0,"k":2}},{"type":"Feature","geometry":{"type":"Point","coordinates":[-121.687374,39.869081]},"properties":{"c":1,"p":0.402,"t":2,"k":0}},{"type":"Feature","geometry":{"type":"Point","coordinates":[-121.522649,40.347632]},"properties":{"c":1,"p":0.005,"t":0,"k":2}},{"type":"Feature","geometry":{"type":"Point","coordinates":[-121.817521,39.84064]},"properties":{"c":1,"p":0.019,"t":0,"k":2}},{"type":"Feature","geometry":{"type":"Point","coordinates":[-121.72191,40.026679]},"properties":{"c":0,"p":0.993,"t":1,"k":0}},{"type":"Feature","geometry":{"type":"Point","coordinates":[-121.68742,39.869004]},"properties":{"c":1,"p":0.676,"t":3,"k":2}},{"type":"Feature","geometry":{"type":"Point","coordinates":[-121.782313,40.30839]},"properties":{"c":0,"p":0.996,"t":1,"k":0}},{"type":"Feature","geometry":{"type":"Point","coordinates":[-121.522439,40.347648]},"properties":{"c":1,"p":0.005,"t":0,"k":2}},{"type":"Feature","geometry":{"type":"Point","coordinates":[-121.831029,39.829008]},"properties":{"c":1,"p":0.064,"t":0,"k":2}},{"type":"Feature","geometry":{"type":"Point","coordinates":[-121.728179,40.027201]},"properties":{"c":0,"p":0.996,"t":1,"k":0}},{"type":"Feature","geometry":{"type":"Point","coordinates":[-121.892701,40.356053]},"properties":{"c":0,"p":0.998,"t":1,"k":0}},{"type":"Feature","geometry":{"type":"Point","coordinates":[-121.522507,40.347516]},"properties":{"c":1,"p":0.006,"t":0,"k":2}},{"type":"Feature","geometry":{"type":"Point","coordinates":[-121.726601,40.027469]},"properties":{"c":0,"p":0.995,"t":1,"k":0}},{"type":"Feature","geometry":{"type":"Point","coordinates":[-121.701075,39.944592]},"properties":{"c":0,"p":0.998,"t":1,"k":0}},{"type":"Feature","geometry":{"type":"Point","coordinates":[-121.885509,40.354595]},"properties":{"c":1,"p":0.127,"t":0,"k":2}},{"type":"Feature","geometry":{"type":"Point","coordinates":[-121.783581,40.307811]},"properties":{"c":0,"p":0.997,"t":1,"k":2}},{"type":"Feature","geometry":{"type":"Point","coordinates":[-121.522273,40.347437]},"properties":{"c":1,"p":0.006,"t":0,"k":2}},{"type":"Feature","geometry":{"type":"Point","coordinates":[-121.724646,40.025333]},"properties":{"c":0,"p":0.997,"t":1,"k":0}},{"type":"Feature","geometry":{"type":"Point","coordinates":[-121.871638,40.352058]},"properties":{"c":2,"p":0.989,"t":0,"k":2,"w":"probability 0.99; most neighbours within 50 m were destroyed (3 of 3); green cover around it before the fire (pre-fire NDVI 0.77)"}},{"type":"Feature","geometry":{"type":"Point","coordinates":[-121.785279,40.307674]},"properties":{"c":1,"p":0.632,"t":0,"k":0}},{"type":"Feature","geometry":{"type":"Point","coordinates":[-121.52224,40.347294]},"properties":{"c":1,"p":0.009,"t":0,"k":2}},{"type":"Feature","geometry":{"type":"Point","coordinates":[-121.72174,40.028473]},"properties":{"c":1,"p":0.711,"t":0,"k":0}},{"type":"Feature","geometry":{"type":"Point","coordinates":[-121.793606,40.312386]},"properties":{"c":1,"p":0.568,"t":0,"k":0}},{"type":"Feature","geometry":{"type":"Point","coordinates":[-121.871367,40.35196]},"properties":{"c":0,"p":0.993,"t":1,"k":0}},{"type":"Feature","geometry":{"type":"Point","coordinates":[-121.522012,40.347166]},"properties":{"c":1,"p":0.004,"t":0,"k":2}},{"type":"Feature","geometry":{"type":"Point","coordinates":[-121.753721,39.888143]},"properties":{"c":0,"p":0.998,"t":1,"k":0}},{"type":"Feature","geometry":{"type":"Point","coordinates":[-121.793372,40.312451]},"properties":{"c":2,"p":0.922,"t":0,"k":2,"w":"probability 0.92, just over the 0.88 cut"}},{"type":"Feature","geometry":{"type":"Point","coordinates":[-121.66378,39.896564]},"properties":{"c":1,"p":0.016,"t":0,"k":0}},{"type":"Feature","geometry":{"type":"Point","coordinates":[-121.521936,40.346994]},"properties":{"c":1,"p":0.005,"t":0,"k":2}},{"type":"Feature","geometry":{"type":"Point","coordinates":[-121.753548,39.888143]},"properties":{"c":0,"p":0.995,"t":1,"k":2}},{"type":"Feature","geometry":{"type":"Point","coordinates":[-121.663662,39.89652]},"properties":{"c":1,"p":0.01,"t":0,"k":2}},{"type":"Feature","geometry":{"type":"Point","coordinates":[-121.807511,40.309314]},"properties":{"c":0,"p":0.982,"t":1,"k":0}},{"type":"Feature","geometry":{"type":"Point","coordinates":[-121.521624,40.347361]},"properties":{"c":1,"p":0.004,"t":0,"k":2}},{"type":"Feature","geometry":{"type":"Point","coordinates":[-121.752121,39.886729]},"properties":{"c":0,"p":0.998,"t":1,"k":2}},{"type":"Feature","geometry":{"type":"Point","coordinates":[-121.729675,39.906758]},"properties":{"c":0,"p":0.998,"t":1,"k":0}},{"type":"Feature","geometry":{"type":"Point","coordinates":[-121.665984,39.896592]},"properties":{"c":1,"p":0.011,"t":0,"k":2}},{"type":"Feature","geometry":{"type":"Point","coordinates":[-121.521911,40.347488]},"properties":{"c":1,"p":0.006,"t":0,"k":2}},{"type":"Feature","geometry":{"type":"Point","coordinates":[-121.917234,40.335419]},"properties":{"c":1,"p":0.004,"t":0,"k":0}},{"type":"Feature","geometry":{"type":"Point","coordinates":[-121.705552,39.929508]},"properties":{"c":0,"p":0.999,"t":1,"k":0}},{"type":"Feature","geometry":{"type":"Point","coordinates":[-121.679551,39.904179]},"properties":{"c":0,"p":0.978,"t":1,"k":2}},{"type":"Feature","geometry":{"type":"Point","coordinates":[-121.704998,39.928381]},"properties":{"c":0,"p":0.998,"t":1,"k":2}},{"type":"Feature","geometry":{"type":"Point","coordinates":[-121.522093,40.347618]},"properties":{"c":1,"p":0.003,"t":0,"k":2}},{"type":"Feature","geometry":{"type":"Point","coordinates":[-121.916679,40.335504]},"properties":{"c":1,"p":0.003,"t":0,"k":0}},{"type":"Feature","geometry":{"type":"Point","coordinates":[-121.706814,39.928338]},"properties":{"c":0,"p":0.999,"t":1,"k":0}},{"type":"Feature","geometry":{"type":"Point","coordinates":[-121.680292,39.904342]},"properties":{"c":0,"p":0.989,"t":1,"k":2}},{"type":"Feature","geometry":{"type":"Point","coordinates":[-121.707036,39.920816]},"properties":{"c":0,"p":0.986,"t":1,"k":0}},{"type":"Feature","geometry":{"type":"Point","coordinates":[-121.916356,40.335577]},"properties":{"c":1,"p":0.003,"t":0,"k":2}},{"type":"Feature","geometry":{"type":"Point","coordinates":[-121.809162,40.309715]},"properties":{"c":0,"p":0.994,"t":1,"k":0}},{"type":"Feature","geometry":{"type":"Point","coordinates":[-121.523508,40.344095]},"properties":{"c":1,"p":0.003,"t":0,"k":0}},{"type":"Feature","geometry":{"type":"Point","coordinates":[-121.809001,40.309684]},"properties":{"c":0,"p":0.998,"t":1,"k":2}},{"type":"Feature","geometry":{"type":"Point","coordinates":[-121.91924,40.33374]},"properties":{"c":0,"p":0.993,"t":1,"k":2}},{"type":"Feature","geometry":{"type":"Point","coordinates":[-121.680367,39.90469]},"properties":{"c":3,"p":0.417,"t":1,"k":2,"w":"probability 0.42; a minor structure (shed or outbuilding) in the inspection record"}},{"type":"Feature","geometry":{"type":"Point","coordinates":[-121.915325,40.334824]},"properties":{"c":1,"p":0.003,"t":0,"k":0}},{"type":"Feature","geometry":{"type":"Point","coordinates":[-121.697787,39.945782]},"properties":{"c":0,"p":0.999,"t":1,"k":0}},{"type":"Feature","geometry":{"type":"Point","coordinates":[-121.52354,40.343873]},"properties":{"c":1,"p":0.003,"t":0,"k":3}},{"type":"Feature","geometry":{"type":"Point","coordinates":[-121.810246,40.309779]},"properties":{"c":1,"p":0.804,"t":0,"k":0}},{"type":"Feature","geometry":{"type":"Point","coordinates":[-121.52356,40.344351]},"properties":{"c":1,"p":0.001,"t":0,"k":3}},{"type":"Feature","geometry":{"type":"Point","coordinates":[-121.810625,40.309923]},"properties":{"c":0,"p":0.997,"t":1,"k":0}},{"type":"Feature","geometry":{"type":"Point","coordinates":[-121.697663,39.945863]},"properties":{"c":0,"p":0.999,"t":1,"k":2}},{"type":"Feature","geometry":{"type":"Point","coordinates":[-121.915636,40.334616]},"properties":{"c":1,"p":0.003,"t":0,"k":0}},{"type":"Feature","geometry":{"type":"Point","coordinates":[-121.748956,39.899054]},"properties":{"c":1,"p":0.085,"t":0,"k":0}},{"type":"Feature","geometry":{"type":"Point","coordinates":[-121.523733,40.344347]},"properties":{"c":1,"p":0.003,"t":0,"k":2}},{"type":"Feature","geometry":{"type":"Point","coordinates":[-121.91521,40.334435]},"properties":{"c":1,"p":0.003,"t":0,"k":2}},{"type":"Feature","geometry":{"type":"Point","coordinates":[-121.700504,39.947439]},"properties":{"c":0,"p":0.998,"t":1,"k":0}},{"type":"Feature","geometry":{"type":"Point","coordinates":[-121.749207,39.898653]},"properties":{"c":1,"p":0.068,"t":0,"k":0}},{"type":"Feature","geometry":{"type":"Point","coordinates":[-121.811966,40.309975]},"properties":{"c":1,"p":0.582,"t":0,"k":0}},{"type":"Feature","geometry":{"type":"Point","coordinates":[-121.522998,40.343798]},"properties":{"c":1,"p":0.003,"t":0,"k":0}},{"type":"Feature","geometry":{"type":"Point","coordinates":[-121.915389,40.334065]},"properties":{"c":1,"p":0.003,"t":0,"k":0}},{"type":"Feature","geometry":{"type":"Point","coordinates":[-121.811843,40.309914]},"properties":{"c":1,"p":0.756,"t":0,"k":2}},{"type":"Feature","geometry":{"type":"Point","coordinates":[-121.812015,40.310206]},"properties":{"c":3,"p":0.815,"t":1,"k":0,"w":"probability 0.82, just under the 0.88 cut"}},{"type":"Feature","geometry":{"type":"Point","coordinates":[-121.685308,39.87204]},"properties":{"c":0,"p":0.996,"t":1,"k":0}},{"type":"Feature","geometry":{"type":"Point","coordinates":[-121.915342,40.333679]},"properties":{"c":1,"p":0.003,"t":0,"k":2}},{"type":"Feature","geometry":{"type":"Point","coordinates":[-121.732236,39.918736]},"properties":{"c":0,"p":0.994,"t":1,"k":0}},{"type":"Feature","geometry":{"type":"Point","coordinates":[-121.523089,40.343536]},"properties":{"c":1,"p":0.005,"t":0,"k":3}},{"type":"Feature","geometry":{"type":"Point","coordinates":[-121.68524,39.871829]},"properties":{"c":0,"p":0.994,"t":1,"k":2}},{"type":"Feature","geometry":{"type":"Point","coordinates":[-121.812168,40.310234]},"properties":{"c":2,"p":0.898,"t":0,"k":2,"w":"probability 0.90, just over the 0.88 cut; most neighbours within 50 m were destroyed (6 of 8); green cover around it before the fire (pre-fire NDVI 0.59)"}},{"type":"Feature","geometry":{"type":"Point","coordinates":[-121.727092,39.918625]},"properties":{"c":1,"p":0.22,"t":0,"k":0}},{"type":"Feature","geometry":{"type":"Point","coordinates":[-121.914756,40.333641]},"properties":{"c":1,"p":0.002,"t":0,"k":0}},{"type":"Feature","geometry":{"type":"Point","coordinates":[-121.52309,40.342959]},"properties":{"c":1,"p":0.004,"t":0,"k":0}},{"type":"Feature","geometry":{"type":"Point","coordinates":[-121.671677,39.891895]},"properties":{"c":1,"p":0.023,"t":0,"k":0}},{"type":"Feature","geometry":{"type":"Point","coordinates":[-121.812982,40.309909]},"properties":{"c":1,"p":0.747,"t":0,"k":0}},{"type":"Feature","geometry":{"type":"Point","coordinates":[-121.729715,39.918172]},"properties":{"c":0,"p":0.998,"t":1,"k":0}},{"type":"Feature","geometry":{"type":"Point","coordinates":[-121.914761,40.334219]},"properties":{"c":1,"p":0.002,"t":0,"k":0}},{"type":"Feature","geometry":{"type":"Point","coordinates":[-121.81265,40.309884]},"properties":{"c":0,"p":0.991,"t":1,"k":2}},{"type":"Feature","geometry":{"type":"Point","coordinates":[-121.671458,39.891676]},"properties":{"c":1,"p":0.003,"t":0,"k":2}},{"type":"Feature","geometry":{"type":"Point","coordinates":[-121.685385,39.871677]},"properties":{"c":0,"p":0.997,"t":1,"k":0}},{"type":"Feature","geometry":{"type":"Point","coordinates":[-121.91476,40.33442]},"properties":{"c":1,"p":0.002,"t":0,"k":0}},{"type":"Feature","geometry":{"type":"Point","coordinates":[-121.731136,39.918651]},"properties":{"c":0,"p":0.995,"t":1,"k":0}},{"type":"Feature","geometry":{"type":"Point","coordinates":[-121.747802,39.891364]},"properties":{"c":1,"p":0.873,"t":0,"k":2}},{"type":"Feature","geometry":{"type":"Point","coordinates":[-121.681108,39.878585]},"properties":{"c":1,"p":0.003,"t":0,"k":0}},{"type":"Feature","geometry":{"type":"Point","coordinates":[-121.684445,39.873733]},"properties":{"c":2,"p":0.937,"t":0,"k":2,"w":"probability 0.94"}},{"type":"Feature","geometry":{"type":"Point","coordinates":[-121.914598,40.334379]},"properties":{"c":1,"p":0.003,"t":0,"k":0}},{"type":"Feature","geometry":{"type":"Point","coordinates":[-121.684693,39.873761]},"properties":{"c":0,"p":0.995,"t":1,"k":0}},{"type":"Feature","geometry":{"type":"Point","coordinates":[-121.672572,39.89175]},"properties":{"c":1,"p":0.001,"t":0,"k":0}},{"type":"Feature","geometry":{"type":"Point","coordinates":[-121.684187,39.87379]},"properties":{"c":1,"p":0.009,"t":0,"k":2}},{"type":"Feature","geometry":{"type":"Point","coordinates":[-121.711416,39.934149]},"properties":{"c":0,"p":0.994,"t":1,"k":2}},{"type":"Feature","geometry":{"type":"Point","coordinates":[-121.9143,40.33495]},"properties":{"c":1,"p":0.003,"t":0,"k":0}},{"type":"Feature","geometry":{"type":"Point","coordinates":[-121.731292,39.918722]},"properties":{"c":0,"p":0.999,"t":1,"k":2}},{"type":"Feature","geometry":{"type":"Point","coordinates":[-121.710712,39.939831]},"properties":{"c":0,"p":0.999,"t":1,"k":0}},{"type":"Feature","geometry":{"type":"Point","coordinates":[-121.672656,39.891899]},"properties":{"c":1,"p":0.006,"t":0,"k":2}},{"type":"Feature","geometry":{"type":"Point","coordinates":[-121.731691,39.919172]},"properties":{"c":0,"p":0.935,"t":1,"k":0}},{"type":"Feature","geometry":{"type":"Point","coordinates":[-121.710501,39.939713]},"properties":{"c":0,"p":0.998,"t":1,"k":2}},{"type":"Feature","geometry":{"type":"Point","coordinates":[-121.684124,39.874213]},"properties":{"c":1,"p":0.021,"t":0,"k":0}},{"type":"Feature","geometry":{"type":"Point","coordinates":[-121.914173,40.334854]},"properties":{"c":1,"p":0.002,"t":0,"k":2}},{"type":"Feature","geometry":{"type":"Point","coordinates":[-121.751203,39.898081]},"properties":{"c":0,"p":0.993,"t":1,"k":0}},{"type":"Feature","geometry":{"type":"Point","coordinates":[-121.749765,39.898019]},"properties":{"c":0,"p":0.996,"t":1,"k":0}},{"type":"Feature","geometry":{"type":"Point","coordinates":[-121.914288,40.334698]},"properties":{"c":1,"p":0.003,"t":0,"k":0}},{"type":"Feature","geometry":{"type":"Point","coordinates":[-121.71039,39.939941]},"properties":{"c":0,"p":0.998,"t":1,"k":2}},{"type":"Feature","geometry":{"type":"Point","coordinates":[-121.747972,39.89112]},"properties":{"c":1,"p":0.197,"t":2,"k":0}},{"type":"Feature","geometry":{"type":"Point","coordinates":[-121.684225,39.870543]},"properties":{"c":1,"p":0.014,"t":0,"k":0}},{"type":"Feature","geometry":{"type":"Point","coordinates":[-121.914267,40.333651]},"properties":{"c":1,"p":0.003,"t":0,"k":0}},{"type":"Feature","geometry":{"type":"Point","coordinates":[-121.726846,39.918895]},"properties":{"c":1,"p":0.077,"t":0,"k":0}},{"type":"Feature","geometry":{"type":"Point","coordinates":[-121.712735,39.932288]},"properties":{"c":0,"p":0.998,"t":1,"k":2}},{"type":"Feature","geometry":{"type":"Point","coordinates":[-121.683924,39.87443]},"properties":{"c":1,"p":0.009,"t":0,"k":2}},{"type":"Feature","geometry":{"type":"Point","coordinates":[-121.684089,39.870648]},"properties":{"c":1,"p":0.006,"t":0,"k":0}},{"type":"Feature","geometry":{"type":"Point","coordinates":[-121.914395,40.333589]},"properties":{"c":1,"p":0.003,"t":0,"k":0}},{"type":"Feature","geometry":{"type":"Point","coordinates":[-121.729869,39.918281]},"properties":{"c":0,"p":0.999,"t":1,"k":2}},{"type":"Feature","geometry":{"type":"Point","coordinates":[-121.908905,40.344716]},"properties":{"c":0,"p":0.974,"t":1,"k":0}},{"type":"Feature","geometry":{"type":"Point","coordinates":[-121.684143,39.87077]},"properties":{"c":1,"p":0.003,"t":0,"k":2}},{"type":"Feature","geometry":{"type":"Point","coordinates":[-121.730585,39.918556]},"properties":{"c":0,"p":0.998,"t":1,"k":0}},{"type":"Feature","geometry":{"type":"Point","coordinates":[-121.913816,40.334937]},"properties":{"c":1,"p":0.004,"t":0,"k":0}},{"type":"Feature","geometry":{"type":"Point","coordinates":[-121.88764,40.365227]},"properties":{"c":3,"p":0.725,"t":1,"k":2,"w":"probability 0.73; a minor structure (shed or outbuilding) in the inspection record"}},{"type":"Feature","geometry":{"type":"Point","coordinates":[-121.71216,39.931928]},"properties":{"c":0,"p":0.999,"t":1,"k":0}},{"type":"Feature","geometry":{"type":"Point","coordinates":[-121.684332,39.869787]},"properties":{"c":1,"p":0.002,"t":0,"k":0}},{"type":"Feature","geometry":{"type":"Point","coordinates":[-121.913803,40.334837]},"properties":{"c":1,"p":0.002,"t":0,"k":0}},{"type":"Feature","geometry":{"type":"Point","coordinates":[-121.730107,39.91864]},"properties":{"c":0,"p":0.996,"t":1,"k":2}},{"type":"Feature","geometry":{"type":"Point","coordinates":[-121.684305,39.869958]},"properties":{"c":1,"p":0.002,"t":0,"k":2}},{"type":"Feature","geometry":{"type":"Point","coordinates":[-121.91333,40.334734]},"properties":{"c":1,"p":0.001,"t":0,"k":0}},{"type":"Feature","geometry":{"type":"Point","coordinates":[-121.887422,40.365131]},"properties":{"c":0,"p":0.919,"t":1,"k":2}},{"type":"Feature","geometry":{"type":"Point","coordinates":[-121.712269,39.931749]},"properties":{"c":0,"p":0.999,"t":1,"k":0}},{"type":"Feature","geometry":{"type":"Point","coordinates":[-121.913518,40.334757]},"properties":{"c":1,"p":0.004,"t":0,"k":2}},{"type":"Feature","geometry":{"type":"Point","coordinates":[-121.684078,39.870003]},"properties":{"c":1,"p":0.002,"t":0,"k":0}},{"type":"Feature","geometry":{"type":"Point","coordinates":[-121.913398,40.334494]},"properties":{"c":1,"p":0.004,"t":0,"k":0}},{"type":"Feature","geometry":{"type":"Point","coordinates":[-121.732031,39.919056]},"properties":{"c":0,"p":0.996,"t":1,"k":2}},{"type":"Feature","geometry":{"type":"Point","coordinates":[-121.710777,39.93437]},"properties":{"c":0,"p":0.997,"t":1,"k":0}},{"type":"Feature","geometry":{"type":"Point","coordinates":[-121.876056,40.367375]},"properties":{"c":1,"p":0.103,"t":0,"k":0}},{"type":"Feature","geometry":{"type":"Point","coordinates":[-121.900908,40.316014]},"properties":{"c":1,"p":0.016,"t":0,"k":2}},{"type":"Feature","geometry":{"type":"Point","coordinates":[-121.897286,40.356246]},"properties":{"c":1,"p":0.076,"t":0,"k":0}},{"type":"Feature","geometry":{"type":"Point","coordinates":[-121.711281,39.934407]},"properties":{"c":0,"p":0.97,"t":1,"k":2}},{"type":"Feature","geometry":{"type":"Point","coordinates":[-121.711475,39.939941]},"properties":{"c":0,"p":0.997,"t":1,"k":0}},{"type":"Feature","geometry":{"type":"Point","coordinates":[-121.885733,40.355046]},"properties":{"c":1,"p":0.049,"t":0,"k":0}},{"type":"Feature","geometry":{"type":"Point","coordinates":[-121.913485,40.331373]},"properties":{"c":2,"p":0.99,"t":0,"k":4,"w":"probability 0.99"}},{"type":"Feature","geometry":{"type":"Point","coordinates":[-121.72678,39.92113]},"properties":{"c":0,"p":0.999,"t":1,"k":0}},{"type":"Feature","geometry":{"type":"Point","coordinates":[-121.885612,40.355136]},"properties":{"c":1,"p":0.054,"t":0,"k":2}},{"type":"Feature","geometry":{"type":"Point","coordinates":[-121.912349,40.332016]},"properties":{"c":1,"p":0.002,"t":0,"k":1}},{"type":"Feature","geometry":{"type":"Point","coordinates":[-121.726821,39.920917]},"properties":{"c":0,"p":0.998,"t":1,"k":2}},{"type":"Feature","geometry":{"type":"Point","coordinates":[-121.731659,39.920051]},"properties":{"c":0,"p":0.996,"t":1,"k":0}},{"type":"Feature","geometry":{"type":"Point","coordinates":[-121.912033,40.331941]},"properties":{"c":1,"p":0.001,"t":0,"k":1}},{"type":"Feature","geometry":{"type":"Point","coordinates":[-121.881886,40.353341]},"properties":{"c":0,"p":0.997,"t":1,"k":0}},{"type":"Feature","geometry":{"type":"Point","coordinates":[-121.71116,39.940531]},"properties":{"c":0,"p":0.997,"t":1,"k":0}},{"type":"Feature","geometry":{"type":"Point","coordinates":[-121.710049,39.940729]},"properties":{"c":0,"p":1.0,"t":1,"k":0}},{"type":"Feature","geometry":{"type":"Point","coordinates":[-121.727371,39.920689]},"properties":{"c":0,"p":0.998,"t":1,"k":0}},{"type":"Feature","geometry":{"type":"Point","coordinates":[-121.911918,40.335219]},"properties":{"c":1,"p":0.006,"t":0,"k":0}},{"type":"Feature","geometry":{"type":"Point","coordinates":[-121.871929,40.351873]},"properties":{"c":0,"p":0.994,"t":1,"k":0}},{"type":"Feature","geometry":{"type":"Point","coordinates":[-121.911971,40.335334]},"properties":{"c":1,"p":0.007,"t":0,"k":2}},{"type":"Feature","geometry":{"type":"Point","coordinates":[-121.732495,39.920588]},"properties":{"c":0,"p":0.997,"t":1,"k":0}},{"type":"Feature","geometry":{"type":"Point","coordinates":[-121.871132,40.351975]},"properties":{"c":0,"p":0.991,"t":1,"k":0}},{"type":"Feature","geometry":{"type":"Point","coordinates":[-121.71022,39.940728]},"properties":{"c":0,"p":0.999,"t":1,"k":2}},{"type":"Feature","geometry":{"type":"Point","coordinates":[-121.916351,40.335944]},"properties":{"c":1,"p":0.004,"t":0,"k":0}},{"type":"Feature","geometry":{"type":"Point","coordinates":[-121.745609,39.895029]},"properties":{"c":2,"p":0.997,"t":3,"k":0,"w":"probability 0.997; inspector graded it Minor (10-25%): damaged, not destroyed; green cover around it before the fire (pre-fire NDVI 0.50)"}},{"type":"Feature","geometry":{"type":"Point","coordinates":[-121.735847,39.917577]},"properties":{"c":0,"p":0.995,"t":1,"k":2}},{"type":"Feature","geometry":{"type":"Point","coordinates":[-121.761392,39.883072]},"properties":{"c":0,"p":0.998,"t":1,"k":0}},{"type":"Feature","geometry":{"type":"Point","coordinates":[-121.916541,40.335906]},"properties":{"c":1,"p":0.004,"t":0,"k":2}},{"type":"Feature","geometry":{"type":"Point","coordinates":[-121.761453,39.883434]},"properties":{"c":0,"p":0.997,"t":1,"k":2}},{"type":"Feature","geometry":{"type":"Point","coordinates":[-121.73425,39.915401]},"properties":{"c":0,"p":0.998,"t":1,"k":2}},{"type":"Feature","geometry":{"type":"Point","coordinates":[-121.74441,39.897145]},"properties":{"c":1,"p":0.227,"t":0,"k":0}},{"type":"Feature","geometry":{"type":"Point","coordinates":[-121.915919,40.335567]},"properties":{"c":1,"p":0.002,"t":0,"k":1}},{"type":"Feature","geometry":{"type":"Point","coordinates":[-121.750981,39.897702]},"properties":{"c":0,"p":0.995,"t":1,"k":0}},{"type":"Feature","geometry":{"type":"Point","coordinates":[-121.723453,40.183297]},"properties":{"c":0,"p":0.986,"t":1,"k":2}},{"type":"Feature","geometry":{"type":"Point","coordinates":[-121.744454,39.890931]},"properties":{"c":0,"p":0.976,"t":1,"k":2}},{"type":"Feature","geometry":{"type":"Point","coordinates":[-121.741067,39.904398]},"properties":{"c":0,"p":0.996,"t":1,"k":0}},{"type":"Feature","geometry":{"type":"Point","coordinates":[-121.915411,40.334663]},"properties":{"c":1,"p":0.001,"t":0,"k":2}},{"type":"Feature","geometry":{"type":"Point","coordinates":[-121.663801,40.115087]},"properties":{"c":0,"p":0.996,"t":1,"k":2}},{"type":"Feature","geometry":{"type":"Point","coordinates":[-121.740752,39.907262]},"properties":{"c":0,"p":0.994,"t":1,"k":2}},{"type":"Feature","geometry":{"type":"Point","coordinates":[-121.747653,39.890083]},"properties":{"c":1,"p":0.309,"t":2,"k":0}},{"type":"Feature","geometry":{"type":"Point","coordinates":[-121.915768,40.334803]},"properties":{"c":1,"p":0.003,"t":0,"k":2}},{"type":"Feature","geometry":{"type":"Point","coordinates":[-121.750052,39.898055]},"properties":{"c":0,"p":0.975,"t":1,"k":2}},{"type":"Feature","geometry":{"type":"Point","coordinates":[-121.663963,40.115297]},"properties":{"c":0,"p":0.996,"t":1,"k":0}},{"type":"Feature","geometry":{"type":"Point","coordinates":[-121.739731,39.908366]},"properties":{"c":0,"p":0.952,"t":1,"k":0}},{"type":"Feature","geometry":{"type":"Point","coordinates":[-121.91575,40.334676]},"properties":{"c":1,"p":0.004,"t":0,"k":2}},{"type":"Feature","geometry":{"type":"Point","coordinates":[-121.730153,39.920199]},"properties":{"c":0,"p":0.998,"t":1,"k":0}},{"type":"Feature","geometry":{"type":"Point","coordinates":[-121.747308,39.894242]},"properties":{"c":1,"p":0.027,"t":0,"k":1}},{"type":"Feature","geometry":{"type":"Point","coordinates":[-121.731895,39.920212]},"properties":{"c":0,"p":0.997,"t":1,"k":2}},{"type":"Feature","geometry":{"type":"Point","coordinates":[-121.665806,40.116428]},"properties":{"c":0,"p":0.995,"t":1,"k":2}},{"type":"Feature","geometry":{"type":"Point","coordinates":[-121.915314,40.33395]},"properties":{"c":1,"p":0.002,"t":0,"k":2}},{"type":"Feature","geometry":{"type":"Point","coordinates":[-121.745242,39.895348]},"properties":{"c":2,"p":0.981,"t":0,"k":2,"w":"probability 0.98"}},{"type":"Feature","geometry":{"type":"Point","coordinates":[-121.725645,39.910642]},"properties":{"c":0,"p":0.997,"t":1,"k":0}},{"type":"Feature","geometry":{"type":"Point","coordinates":[-121.732084,39.920202]},"properties":{"c":0,"p":0.952,"t":1,"k":2}},{"type":"Feature","geometry":{"type":"Point","coordinates":[-121.665704,40.116783]},"properties":{"c":0,"p":0.993,"t":1,"k":0}},{"type":"Feature","geometry":{"type":"Point","coordinates":[-121.915332,40.332988]},"properties":{"c":1,"p":0.003,"t":0,"k":0}},{"type":"Feature","geometry":{"type":"Point","coordinates":[-121.744368,39.896692]},"properties":{"c":1,"p":0.072,"t":0,"k":0}},{"type":"Feature","geometry":{"type":"Point","coordinates":[-121.732571,39.926192]},"properties":{"c":1,"p":0.001,"t":0,"k":0}},{"type":"Feature","geometry":{"type":"Point","coordinates":[-121.665664,40.116906]},"properties":{"c":0,"p":0.998,"t":1,"k":2}},{"type":"Feature","geometry":{"type":"Point","coordinates":[-121.914942,40.332827]},"properties":{"c":1,"p":0.02,"t":0,"k":2}},{"type":"Feature","geometry":{"type":"Point","coordinates":[-121.743925,39.896934]},"properties":{"c":0,"p":0.995,"t":1,"k":2}},{"type":"Feature","geometry":{"type":"Point","coordinates":[-121.725227,39.910776]},"properties":{"c":2,"p":0.973,"t":0,"k":2,"w":"probability 0.97; most neighbours within 50 m were destroyed (2 of 2)"}},{"type":"Feature","geometry":{"type":"Point","coordinates":[-121.732755,39.926354]},"properties":{"c":1,"p":0.001,"t":0,"k":0}},{"type":"Feature","geometry":{"type":"Point","coordinates":[-121.914752,40.33344]},"properties":{"c":1,"p":0.003,"t":0,"k":0}},{"type":"Feature","geometry":{"type":"Point","coordinates":[-121.665689,40.11725]},"properties":{"c":2,"p":0.977,"t":0,"k":2,"w":"probability 0.98"}},{"type":"Feature","geometry":{"type":"Point","coordinates":[-121.741373,39.897736]},"properties":{"c":0,"p":0.997,"t":1,"k":1}},{"type":"Feature","geometry":{"type":"Point","coordinates":[-121.724852,39.910564]},"properties":{"c":0,"p":0.996,"t":1,"k":0}},{"type":"Feature","geometry":{"type":"Point","coordinates":[-121.914687,40.333317]},"properties":{"c":1,"p":0.006,"t":0,"k":0}},{"type":"Feature","geometry":{"type":"Point","coordinates":[-121.926525,40.332814]},"properties":{"c":1,"p":0.006,"t":0,"k":2}},{"type":"Feature","geometry":{"type":"Point","coordinates":[-121.742796,39.897912]},"properties":{"c":0,"p":0.997,"t":1,"k":1}},{"type":"Feature","geometry":{"type":"Point","coordinates":[-121.73527,39.928401]},"properties":{"c":3,"p":0.818,"t":1,"k":2,"w":"probability 0.82, just under the 0.88 cut; a minor structure (shed or outbuilding) in the inspection record; most neighbours within 50 m survived (2 of 2); green cover around it before the fire (pre-fire NDVI 0.69)"}},{"type":"Feature","geometry":{"type":"Point","coordinates":[-121.725323,39.91155]},"properties":{"c":2,"p":0.988,"t":0,"k":2,"w":"probability 0.99; most neighbours within 50 m were destroyed (2 of 3)"}},{"type":"Feature","geometry":{"type":"Point","coordinates":[-121.741475,39.903781]},"properties":{"c":0,"p":0.999,"t":1,"k":0}},{"type":"Feature","geometry":{"type":"Point","coordinates":[-121.91431,40.334432]},"properties":{"c":1,"p":0.005,"t":0,"k":0}},{"type":"Feature","geometry":{"type":"Point","coordinates":[-121.737663,39.918669]},"properties":{"c":1,"p":0.051,"t":0,"k":0}},{"type":"Feature","geometry":{"type":"Point","coordinates":[-121.734336,39.925851]},"properties":{"c":1,"p":0.001,"t":0,"k":0}},{"type":"Feature","geometry":{"type":"Point","coordinates":[-121.914424,40.334051]},"properties":{"c":1,"p":0.003,"t":0,"k":2}},{"type":"Feature","geometry":{"type":"Point","coordinates":[-121.914427,40.334722]},"properties":{"c":1,"p":0.003,"t":0,"k":2}},{"type":"Feature","geometry":{"type":"Point","coordinates":[-121.734424,39.917076]},"properties":{"c":0,"p":0.998,"t":1,"k":0}},{"type":"Feature","geometry":{"type":"Point","coordinates":[-121.913742,40.333596]},"properties":{"c":1,"p":0.004,"t":0,"k":0}},{"type":"Feature","geometry":{"type":"Point","coordinates":[-121.74003,39.907343]},"properties":{"c":0,"p":0.997,"t":1,"k":0}},{"type":"Feature","geometry":{"type":"Point","coordinates":[-121.734607,39.925585]},"properties":{"c":1,"p":0.008,"t":0,"k":2}},{"type":"Feature","geometry":{"type":"Point","coordinates":[-121.735495,39.917607]},"properties":{"c":0,"p":0.998,"t":1,"k":0}},{"type":"Feature","geometry":{"type":"Point","coordinates":[-121.913853,40.333331]},"properties":{"c":1,"p":0.003,"t":0,"k":2}},{"type":"Feature","geometry":{"type":"Point","coordinates":[-121.913387,40.333645]},"properties":{"c":1,"p":0.002,"t":0,"k":0}},{"type":"Feature","geometry":{"type":"Point","coordinates":[-121.732306,39.927578]},"properties":{"c":1,"p":0.001,"t":0,"k":2}},{"type":"Feature","geometry":{"type":"Point","coordinates":[-121.733601,39.916304]},"properties":{"c":0,"p":0.998,"t":1,"k":0}},{"type":"Feature","geometry":{"type":"Point","coordinates":[-121.73238,39.927478]},"properties":{"c":1,"p":0.001,"t":0,"k":2}},{"type":"Feature","geometry":{"type":"Point","coordinates":[-121.913408,40.334053]},"properties":{"c":1,"p":0.003,"t":0,"k":0}},{"type":"Feature","geometry":{"type":"Point","coordinates":[-121.733926,39.915417]},"properties":{"c":0,"p":0.999,"t":1,"k":0}},{"type":"Feature","geometry":{"type":"Point","coordinates":[-121.908872,40.340382]},"properties":{"c":0,"p":0.983,"t":1,"k":1}},{"type":"Feature","geometry":{"type":"Point","coordinates":[-121.729654,39.932168]},"properties":{"c":1,"p":0.001,"t":0,"k":0}},{"type":"Feature","geometry":{"type":"Point","coordinates":[-121.734867,39.917018]},"properties":{"c":0,"p":0.987,"t":1,"k":2}},{"type":"Feature","geometry":{"type":"Point","coordinates":[-121.749792,39.897095]},"properties":{"c":0,"p":0.996,"t":1,"k":0}},{"type":"Feature","geometry":{"type":"Point","coordinates":[-121.733173,39.931536]},"properties":{"c":1,"p":0.0,"t":0,"k":2}},{"type":"Feature","geometry":{"type":"Point","coordinates":[-121.729945,39.931405]},"properties":{"c":1,"p":0.001,"t":0,"k":0}},{"type":"Feature","geometry":{"type":"Point","coordinates":[-121.729803,39.931623]},"properties":{"c":1,"p":0.0,"t":0,"k":0}},{"type":"Feature","geometry":{"type":"Point","coordinates":[-121.726127,39.946315]},"properties":{"c":1,"p":0.001,"t":0,"k":0}},{"type":"Feature","geometry":{"type":"Point","coordinates":[-121.831323,39.831569]},"properties":{"c":1,"p":0.217,"t":0,"k":2}},{"type":"Feature","geometry":{"type":"Point","coordinates":[-121.913453,40.334179]},"properties":{"c":1,"p":0.003,"t":0,"k":0}},{"type":"Feature","geometry":{"type":"Point","coordinates":[-121.690386,39.940087]},"properties":{"c":0,"p":0.998,"t":1,"k":2}},{"type":"Feature","geometry":{"type":"Point","coordinates":[-121.91366,40.332535]},"properties":{"c":1,"p":0.005,"t":0,"k":0}},{"type":"Feature","geometry":{"type":"Point","coordinates":[-121.749327,39.896554]},"properties":{"c":0,"p":0.998,"t":1,"k":0}},{"type":"Feature","geometry":{"type":"Point","coordinates":[-121.734813,39.917029]},"properties":{"c":0,"p":0.986,"t":1,"k":2}},{"type":"Feature","geometry":{"type":"Point","coordinates":[-121.73686,39.918585]},"properties":{"c":1,"p":0.526,"t":0,"k":0}},{"type":"Feature","geometry":{"type":"Point","coordinates":[-121.909284,40.340477]},"properties":{"c":0,"p":0.993,"t":1,"k":2}},{"type":"Feature","geometry":{"type":"Point","coordinates":[-121.912437,40.332276]},"properties":{"c":1,"p":0.007,"t":0,"k":1}},{"type":"Feature","geometry":{"type":"Point","coordinates":[-121.690714,39.939924]},"properties":{"c":0,"p":0.998,"t":1,"k":0}},{"type":"Feature","geometry":{"type":"Point","coordinates":[-121.738375,39.91899]},"properties":{"c":1,"p":0.316,"t":0,"k":0}},{"type":"Feature","geometry":{"type":"Point","coordinates":[-121.908835,40.339988]},"properties":{"c":1,"p":0.078,"t":0,"k":0}},{"type":"Feature","geometry":{"type":"Point","coordinates":[-121.684457,39.873737]},"properties":{"c":0,"p":0.937,"t":1,"k":2}},{"type":"Feature","geometry":{"type":"Point","coordinates":[-121.732149,39.924404]},"properties":{"c":1,"p":0.004,"t":0,"k":2}},{"type":"Feature","geometry":{"type":"Point","coordinates":[-121.691078,39.93989]},"properties":{"c":0,"p":0.997,"t":1,"k":2}},{"type":"Feature","geometry":{"type":"Point","coordinates":[-121.912434,40.332336]},"properties":{"c":1,"p":0.002,"t":0,"k":1}},{"type":"Feature","geometry":{"type":"Point","coordinates":[-121.732749,39.925542]},"properties":{"c":1,"p":0.002,"t":0,"k":0}},{"type":"Feature","geometry":{"type":"Point","coordinates":[-121.6911,39.939185]},"properties":{"c":0,"p":0.998,"t":1,"k":0}},{"type":"Feature","geometry":{"type":"Point","coordinates":[-121.68433,39.873915]},"properties":{"c":1,"p":0.478,"t":0,"k":0}},{"type":"Feature","geometry":{"type":"Point","coordinates":[-121.91243,40.332414]},"properties":{"c":1,"p":0.005,"t":0,"k":1}},{"type":"Feature","geometry":{"type":"Point","coordinates":[-121.733103,39.924812]},"properties":{"c":1,"p":0.0,"t":0,"k":2}},{"type":"Feature","geometry":{"type":"Point","coordinates":[-121.727795,39.921124]},"properties":{"c":0,"p":0.998,"t":1,"k":0}},{"type":"Feature","geometry":{"type":"Point","coordinates":[-121.683911,39.874542]},"properties":{"c":1,"p":0.004,"t":0,"k":0}},{"type":"Feature","geometry":{"type":"Point","coordinates":[-121.912478,40.335669]},"properties":{"c":1,"p":0.002,"t":0,"k":2}},{"type":"Feature","geometry":{"type":"Point","coordinates":[-121.835814,39.842161]},"properties":{"c":1,"p":0.002,"t":0,"k":1}},{"type":"Feature","geometry":{"type":"Point","coordinates":[-121.727681,39.921008]},"properties":{"c":0,"p":0.997,"t":1,"k":2}},{"type":"Feature","geometry":{"type":"Point","coordinates":[-121.68375,39.874778]},"properties":{"c":1,"p":0.001,"t":0,"k":0}},{"type":"Feature","geometry":{"type":"Point","coordinates":[-121.728502,39.921168]},"properties":{"c":2,"p":0.905,"t":0,"k":2,"w":"probability 0.90, just over the 0.88 cut"}},{"type":"Feature","geometry":{"type":"Point","coordinates":[-121.753141,39.88827]},"properties":{"c":1,"p":0.102,"t":0,"k":0}},{"type":"Feature","geometry":{"type":"Point","coordinates":[-121.68363,39.87493]},"properties":{"c":1,"p":0.0,"t":0,"k":2}},{"type":"Feature","geometry":{"type":"Point","coordinates":[-121.73286,39.924885]},"properties":{"c":1,"p":0.001,"t":0,"k":2}},{"type":"Feature","geometry":{"type":"Point","coordinates":[-121.753139,39.888293]},"properties":{"c":1,"p":0.102,"t":0,"k":2}},{"type":"Feature","geometry":{"type":"Point","coordinates":[-121.727343,39.92117]},"properties":{"c":0,"p":0.998,"t":1,"k":2}},{"type":"Feature","geometry":{"type":"Point","coordinates":[-121.734844,39.923454]},"properties":{"c":1,"p":0.001,"t":0,"k":0}},{"type":"Feature","geometry":{"type":"Point","coordinates":[-121.752392,39.886772]},"properties":{"c":0,"p":0.998,"t":1,"k":0}},{"type":"Feature","geometry":{"type":"Point","coordinates":[-121.683218,39.874695]},"properties":{"c":1,"p":0.001,"t":0,"k":2}},{"type":"Feature","geometry":{"type":"Point","coordinates":[-121.752123,39.886859]},"properties":{"c":0,"p":0.998,"t":1,"k":0}},{"type":"Feature","geometry":{"type":"Point","coordinates":[-121.714598,39.802881]},"properties":{"c":1,"p":0.013,"t":0,"k":2}},{"type":"Feature","geometry":{"type":"Point","coordinates":[-121.727603,39.921216]},"properties":{"c":0,"p":0.997,"t":1,"k":2}},{"type":"Feature","geometry":{"type":"Point","coordinates":[-121.665005,39.896036]},"properties":{"c":1,"p":0.003,"t":0,"k":0}},{"type":"Feature","geometry":{"type":"Point","coordinates":[-121.734944,39.923249]},"properties":{"c":1,"p":0.001,"t":0,"k":2}},{"type":"Feature","geometry":{"type":"Point","coordinates":[-121.728867,39.921104]},"properties":{"c":1,"p":0.538,"t":0,"k":0}},{"type":"Feature","geometry":{"type":"Point","coordinates":[-121.714411,39.802753]},"properties":{"c":1,"p":0.009,"t":0,"k":0}},{"type":"Feature","geometry":{"type":"Point","coordinates":[-121.734722,39.923148]},"properties":{"c":1,"p":0.002,"t":0,"k":2}},{"type":"Feature","geometry":{"type":"Point","coordinates":[-121.665672,39.895692]},"properties":{"c":1,"p":0.004,"t":0,"k":0}},{"type":"Feature","geometry":{"type":"Point","coordinates":[-121.728508,39.921293]},"properties":{"c":2,"p":0.941,"t":0,"k":2,"w":"probability 0.94; green cover around it before the fire (pre-fire NDVI 0.60)"}},{"type":"Feature","geometry":{"type":"Point","coordinates":[-121.666037,39.895734]},"properties":{"c":1,"p":0.006,"t":0,"k":2}},{"type":"Feature","geometry":{"type":"Point","coordinates":[-121.734587,39.922827]},"properties":{"c":1,"p":0.602,"t":0,"k":0}},{"type":"Feature","geometry":{"type":"Point","coordinates":[-121.705917,39.944712]},"properties":{"c":0,"p":0.999,"t":1,"k":0}},{"type":"Feature","geometry":{"type":"Point","coordinates":[-121.714552,39.801976]},"properties":{"c":1,"p":0.006,"t":0,"k":2}},{"type":"Feature","geometry":{"type":"Point","coordinates":[-121.733992,39.922318]},"properties":{"c":1,"p":0.02,"t":0,"k":0}},{"type":"Feature","geometry":{"type":"Point","coordinates":[-121.705119,39.948842]},"properties":{"c":0,"p":0.998,"t":1,"k":0}},{"type":"Feature","geometry":{"type":"Point","coordinates":[-121.721848,39.944879]},"properties":{"c":1,"p":0.004,"t":0,"k":0}},{"type":"Feature","geometry":{"type":"Point","coordinates":[-121.705254,39.949971]},"properties":{"c":2,"p":0.992,"t":0,"k":0,"w":"probability 0.99; green cover around it before the fire (pre-fire NDVI 0.84)"}},{"type":"Feature","geometry":{"type":"Point","coordinates":[-121.715494,39.802212]},"properties":{"c":1,"p":0.009,"t":0,"k":0}},{"type":"Feature","geometry":{"type":"Point","coordinates":[-121.719726,39.946377]},"properties":{"c":1,"p":0.002,"t":0,"k":0}},{"type":"Feature","geometry":{"type":"Point","coordinates":[-121.734241,39.921828]},"properties":{"c":1,"p":0.088,"t":0,"k":0}},{"type":"Feature","geometry":{"type":"Point","coordinates":[-121.827872,39.830891]},"properties":{"c":2,"p":0.909,"t":0,"k":2,"w":"probability 0.91, just over the 0.88 cut"}},{"type":"Feature","geometry":{"type":"Point","coordinates":[-121.715968,39.801012]},"properties":{"c":1,"p":0.001,"t":0,"k":2}},{"type":"Feature","geometry":{"type":"Point","coordinates":[-121.719262,39.946956]},"properties":{"c":1,"p":0.001,"t":0,"k":2}},{"type":"Feature","geometry":{"type":"Point","coordinates":[-121.836676,39.82944]},"properties":{"c":1,"p":0.007,"t":0,"k":2}},{"type":"Feature","geometry":{"type":"Point","coordinates":[-121.716943,39.945174]},"properties":{"c":0,"p":0.997,"t":1,"k":0}},{"type":"Feature","geometry":{"type":"Point","coordinates":[-121.715781,39.800997]},"properties":{"c":1,"p":0.001,"t":0,"k":2}},{"type":"Feature","geometry":{"type":"Point","coordinates":[-121.73438,39.921927]},"properties":{"c":1,"p":0.056,"t":0,"k":2}},{"type":"Feature","geometry":{"type":"Point","coordinates":[-121.716102,39.80114]},"properties":{"c":1,"p":0.001,"t":0,"k":2}},{"type":"Feature","geometry":{"type":"Point","coordinates":[-121.733896,39.921918]},"properties":{"c":1,"p":0.016,"t":0,"k":2}},{"type":"Feature","geometry":{"type":"Point","coordinates":[-121.716495,39.800464]},"properties":{"c":1,"p":0.003,"t":0,"k":0}},{"type":"Feature","geometry":{"type":"Point","coordinates":[-121.727636,39.944019]},"properties":{"c":1,"p":0.002,"t":0,"k":0}},{"type":"Feature","geometry":{"type":"Point","coordinates":[-121.729707,39.926697]},"properties":{"c":1,"p":0.001,"t":0,"k":0}},{"type":"Feature","geometry":{"type":"Point","coordinates":[-121.716205,39.945731]},"properties":{"c":1,"p":0.038,"t":0,"k":0}},{"type":"Feature","geometry":{"type":"Point","coordinates":[-121.716614,39.800719]},"properties":{"c":1,"p":0.001,"t":0,"k":2}},{"type":"Feature","geometry":{"type":"Point","coordinates":[-121.7276,39.94418]},"properties":{"c":1,"p":0.001,"t":0,"k":0}},{"type":"Feature","geometry":{"type":"Point","coordinates":[-121.73235,39.92554]},"properties":{"c":1,"p":0.001,"t":0,"k":0}},{"type":"Feature","geometry":{"type":"Point","coordinates":[-121.684512,39.873292]},"properties":{"c":1,"p":0.028,"t":0,"k":0}},{"type":"Feature","geometry":{"type":"Point","coordinates":[-121.71596,39.801167]},"properties":{"c":1,"p":0.003,"t":0,"k":2}},{"type":"Feature","geometry":{"type":"Point","coordinates":[-121.68474,39.873048]},"properties":{"c":1,"p":0.479,"t":0,"k":0}},{"type":"Feature","geometry":{"type":"Point","coordinates":[-121.728567,39.944485]},"properties":{"c":1,"p":0.002,"t":0,"k":2}},{"type":"Feature","geometry":{"type":"Point","coordinates":[-121.733269,39.924631]},"properties":{"c":1,"p":0.001,"t":0,"k":0}},{"type":"Feature","geometry":{"type":"Point","coordinates":[-121.724555,39.94687]},"properties":{"c":1,"p":0.001,"t":0,"k":0}},{"type":"Feature","geometry":{"type":"Point","coordinates":[-121.760377,39.88281]},"properties":{"c":0,"p":0.998,"t":1,"k":0}},{"type":"Feature","geometry":{"type":"Point","coordinates":[-121.734761,39.922739]},"properties":{"c":0,"p":0.908,"t":1,"k":2}},{"type":"Feature","geometry":{"type":"Point","coordinates":[-121.721646,39.945118]},"properties":{"c":1,"p":0.002,"t":0,"k":2}},{"type":"Feature","geometry":{"type":"Point","coordinates":[-121.827997,39.830797]},"properties":{"c":1,"p":0.661,"t":0,"k":0}},{"type":"Feature","geometry":{"type":"Point","coordinates":[-121.735024,39.92198]},"properties":{"c":1,"p":0.238,"t":0,"k":0}},{"type":"Feature","geometry":{"type":"Point","coordinates":[-121.719676,39.946394]},"properties":{"c":1,"p":0.002,"t":0,"k":0}},{"type":"Feature","geometry":{"type":"Point","coordinates":[-121.690548,39.935625]},"properties":{"c":0,"p":0.998,"t":1,"k":2}},{"type":"Feature","geometry":{"type":"Point","coordinates":[-121.717414,39.946403]},"properties":{"c":1,"p":0.007,"t":0,"k":0}},{"type":"Feature","geometry":{"type":"Point","coordinates":[-121.735073,39.921877]},"properties":{"c":2,"p":0.907,"t":0,"k":2,"w":"probability 0.91, just over the 0.88 cut; most neighbours within 50 m were destroyed (2 of 3); green cover around it before the fire (pre-fire NDVI 0.64)"}},{"type":"Feature","geometry":{"type":"Point","coordinates":[-121.690177,39.935672]},"properties":{"c":0,"p":0.998,"t":1,"k":2}},{"type":"Feature","geometry":{"type":"Point","coordinates":[-121.713798,39.804071]},"properties":{"c":1,"p":0.003,"t":0,"k":0}},{"type":"Feature","geometry":{"type":"Point","coordinates":[-121.717184,39.946617]},"properties":{"c":1,"p":0.008,"t":0,"k":0}},{"type":"Feature","geometry":{"type":"Point","coordinates":[-121.730957,39.930507]},"properties":{"c":1,"p":0.0,"t":0,"k":0}},{"type":"Feature","geometry":{"type":"Point","coordinates":[-121.760259,39.882601]},"properties":{"c":0,"p":0.999,"t":1,"k":0}},{"type":"Feature","geometry":{"type":"Point","coordinates":[-121.71727,39.946261]},"properties":{"c":1,"p":0.007,"t":0,"k":2}},{"type":"Feature","geometry":{"type":"Point","coordinates":[-121.760638,39.882474]},"properties":{"c":0,"p":0.999,"t":1,"k":0}},{"type":"Feature","geometry":{"type":"Point","coordinates":[-121.73053,39.930838]},"properties":{"c":1,"p":0.0,"t":0,"k":0}},{"type":"Feature","geometry":{"type":"Point","coordinates":[-121.716575,39.946501]},"properties":{"c":1,"p":0.007,"t":0,"k":0}},{"type":"Feature","geometry":{"type":"Point","coordinates":[-121.73496,39.922318]},"properties":{"c":0,"p":0.958,"t":1,"k":2}},{"type":"Feature","geometry":{"type":"Point","coordinates":[-121.760225,39.882751]},"properties":{"c":0,"p":0.998,"t":1,"k":2}},{"type":"Feature","geometry":{"type":"Point","coordinates":[-121.716707,39.946673]},"properties":{"c":1,"p":0.025,"t":0,"k":2}},{"type":"Feature","geometry":{"type":"Point","coordinates":[-121.73475,39.921536]},"properties":{"c":0,"p":0.992,"t":1,"k":0}},{"type":"Feature","geometry":{"type":"Point","coordinates":[-121.712112,39.810274]},"properties":{"c":1,"p":0.001,"t":0,"k":0}},{"type":"Feature","geometry":{"type":"Point","coordinates":[-121.734477,39.921543]},"properties":{"c":3,"p":0.869,"t":1,"k":2,"w":"probability 0.87, just under the 0.88 cut; a minor structure (shed or outbuilding) in the inspection record; most neighbours within 50 m survived (4 of 5); green cover around it before the fire (pre-fire NDVI 0.54)"}},{"type":"Feature","geometry":{"type":"Point","coordinates":[-121.66651,39.895324]},"properties":{"c":1,"p":0.002,"t":0,"k":0}},{"type":"Feature","geometry":{"type":"Point","coordinates":[-121.759291,39.883804]},"properties":{"c":1,"p":0.571,"t":0,"k":0}},{"type":"Feature","geometry":{"type":"Point","coordinates":[-121.731787,39.929892]},"properties":{"c":1,"p":0.0,"t":0,"k":3}},{"type":"Feature","geometry":{"type":"Point","coordinates":[-121.734298,39.921484]},"properties":{"c":1,"p":0.031,"t":0,"k":0}},{"type":"Feature","geometry":{"type":"Point","coordinates":[-121.712108,39.808784]},"properties":{"c":1,"p":0.003,"t":0,"k":0}},{"type":"Feature","geometry":{"type":"Point","coordinates":[-121.734098,39.921527]},"properties":{"c":1,"p":0.052,"t":0,"k":2}},{"type":"Feature","geometry":{"type":"Point","coordinates":[-121.734745,39.930539]},"properties":{"c":1,"p":0.002,"t":0,"k":0}},{"type":"Feature","geometry":{"type":"Point","coordinates":[-121.828891,39.848125]},"properties":{"c":1,"p":0.017,"t":0,"k":2}},{"type":"Feature","geometry":{"type":"Point","coordinates":[-121.73553,39.920969]},"properties":{"c":0,"p":0.998,"t":1,"k":0}},{"type":"Feature","geometry":{"type":"Point","coordinates":[-121.666423,39.895431]},"properties":{"c":1,"p":0.001,"t":0,"k":2}},{"type":"Feature","geometry":{"type":"Point","coordinates":[-121.733001,39.930773]},"properties":{"c":1,"p":0.001,"t":0,"k":0}},{"type":"Feature","geometry":{"type":"Point","coordinates":[-121.666294,39.895468]},"properties":{"c":1,"p":0.001,"t":0,"k":2}},{"type":"Feature","geometry":{"type":"Point","coordinates":[-121.829232,39.848466]},"properties":{"c":1,"p":0.045,"t":0,"k":0}},{"type":"Feature","geometry":{"type":"Point","coordinates":[-121.735408,39.920356]},"properties":{"c":2,"p":0.997,"t":2,"k":2,"w":"probability 0.997; inspector graded it Affected (1-10%): damaged, not destroyed"}},{"type":"Feature","geometry":{"type":"Point","coordinates":[-121.711509,39.812285]},"properties":{"c":1,"p":0.002,"t":0,"k":0}},{"type":"Feature","geometry":{"type":"Point","coordinates":[-121.729509,39.926739]},"properties":{"c":1,"p":0.001,"t":0,"k":2}},{"type":"Feature","geometry":{"type":"Point","coordinates":[-121.667016,39.894531]},"properties":{"c":1,"p":0.002,"t":0,"k":0}},{"type":"Feature","geometry":{"type":"Point","coordinates":[-121.711539,39.811339]},"properties":{"c":1,"p":0.002,"t":0,"k":0}},{"type":"Feature","geometry":{"type":"Point","coordinates":[-121.729333,39.926326]},"properties":{"c":1,"p":0.003,"t":0,"k":2}},{"type":"Feature","geometry":{"type":"Point","coordinates":[-121.731454,39.930487]},"properties":{"c":1,"p":0.001,"t":0,"k":0}},{"type":"Feature","geometry":{"type":"Point","coordinates":[-121.669275,39.893139]},"properties":{"c":1,"p":0.001,"t":0,"k":0}},{"type":"Feature","geometry":{"type":"Point","coordinates":[-121.72143,39.941657]},"properties":{"c":1,"p":0.0,"t":0,"k":0}},{"type":"Feature","geometry":{"type":"Point","coordinates":[-121.711831,39.812092]},"properties":{"c":1,"p":0.005,"t":0,"k":0}},{"type":"Feature","geometry":{"type":"Point","coordinates":[-121.711868,39.811948]},"properties":{"c":1,"p":0.013,"t":0,"k":2}},{"type":"Feature","geometry":{"type":"Point","coordinates":[-121.730562,39.925434]},"properties":{"c":1,"p":0.003,"t":0,"k":2}},{"type":"Feature","geometry":{"type":"Point","coordinates":[-121.711819,39.811952]},"properties":{"c":1,"p":0.002,"t":0,"k":2}},{"type":"Feature","geometry":{"type":"Point","coordinates":[-121.724866,39.911443]},"properties":{"c":0,"p":0.998,"t":1,"k":0}},{"type":"Feature","geometry":{"type":"Point","coordinates":[-121.912487,40.349104]},"properties":{"c":1,"p":0.162,"t":0,"k":0}},{"type":"Feature","geometry":{"type":"Point","coordinates":[-121.721234,39.94172]},"properties":{"c":1,"p":0.001,"t":0,"k":2}},{"type":"Feature","geometry":{"type":"Point","coordinates":[-121.724823,39.911583]},"properties":{"c":0,"p":0.995,"t":1,"k":0}},{"type":"Feature","geometry":{"type":"Point","coordinates":[-121.711852,39.960763]},"properties":{"c":0,"p":0.998,"t":1,"k":2}},{"type":"Feature","geometry":{"type":"Point","coordinates":[-121.673499,39.891703]},"properties":{"c":1,"p":0.002,"t":0,"k":0}},{"type":"Feature","geometry":{"type":"Point","coordinates":[-121.758393,39.884317]},"properties":{"c":1,"p":0.081,"t":0,"k":0}},{"type":"Feature","geometry":{"type":"Point","coordinates":[-121.719683,39.942346]},"properties":{"c":1,"p":0.001,"t":0,"k":0}},{"type":"Feature","geometry":{"type":"Point","coordinates":[-121.724637,39.91211]},"properties":{"c":1,"p":0.671,"t":0,"k":0}},{"type":"Feature","geometry":{"type":"Point","coordinates":[-121.719827,39.942522]},"properties":{"c":1,"p":0.009,"t":0,"k":2}},{"type":"Feature","geometry":{"type":"Point","coordinates":[-121.757764,39.884181]},"properties":{"c":1,"p":0.013,"t":0,"k":2}},{"type":"Feature","geometry":{"type":"Point","coordinates":[-121.724653,39.912053]},"properties":{"c":1,"p":0.273,"t":0,"k":2}},{"type":"Feature","geometry":{"type":"Point","coordinates":[-121.71157,39.813399]},"properties":{"c":1,"p":0.001,"t":0,"k":0}},{"type":"Feature","geometry":{"type":"Point","coordinates":[-121.725067,39.912491]},"properties":{"c":1,"p":0.126,"t":0,"k":0}},{"type":"Feature","geometry":{"type":"Point","coordinates":[-121.723243,39.941531]},"properties":{"c":1,"p":0.0,"t":0,"k":2}},{"type":"Feature","geometry":{"type":"Point","coordinates":[-121.726347,39.912838]},"properties":{"c":1,"p":0.076,"t":0,"k":2}},{"type":"Feature","geometry":{"type":"Point","coordinates":[-121.725389,39.911566]},"properties":{"c":2,"p":0.988,"t":0,"k":0,"w":"probability 0.99; most neighbours within 50 m were destroyed (2 of 3)"}},{"type":"Feature","geometry":{"type":"Point","coordinates":[-121.754569,39.886956]},"properties":{"c":0,"p":0.998,"t":1,"k":0}},{"type":"Feature","geometry":{"type":"Point","coordinates":[-121.711417,39.813645]},"properties":{"c":1,"p":0.003,"t":0,"k":2}},{"type":"Feature","geometry":{"type":"Point","coordinates":[-121.726545,39.912933]},"properties":{"c":1,"p":0.052,"t":0,"k":0}},{"type":"Feature","geometry":{"type":"Point","coordinates":[-121.711363,39.813605]},"properties":{"c":1,"p":0.003,"t":0,"k":2}},{"type":"Feature","geometry":{"type":"Point","coordinates":[-121.723519,39.942025]},"properties":{"c":1,"p":0.001,"t":0,"k":2}},{"type":"Feature","geometry":{"type":"Point","coordinates":[-121.738472,39.91919]},"properties":{"c":1,"p":0.012,"t":0,"k":0}},{"type":"Feature","geometry":{"type":"Point","coordinates":[-121.720934,39.941581]},"properties":{"c":1,"p":0.0,"t":0,"k":2}},{"type":"Feature","geometry":{"type":"Point","coordinates":[-121.738489,39.919476]},"properties":{"c":1,"p":0.024,"t":0,"k":2}},{"type":"Feature","geometry":{"type":"Point","coordinates":[-121.721126,39.941625]},"properties":{"c":1,"p":0.0,"t":0,"k":2}},{"type":"Feature","geometry":{"type":"Point","coordinates":[-121.719376,39.942258]},"properties":{"c":1,"p":0.002,"t":0,"k":0}},{"type":"Feature","geometry":{"type":"Point","coordinates":[-121.719088,39.942192]},"properties":{"c":1,"p":0.003,"t":0,"k":2}},{"type":"Feature","geometry":{"type":"Point","coordinates":[-121.690646,39.940924]},"properties":{"c":0,"p":0.999,"t":1,"k":0}},{"type":"Feature","geometry":{"type":"Point","coordinates":[-121.691003,39.939278]},"properties":{"c":0,"p":0.998,"t":1,"k":0}},{"type":"Feature","geometry":{"type":"Point","coordinates":[-121.690882,39.935669]},"properties":{"c":0,"p":0.998,"t":1,"k":0}},{"type":"Feature","geometry":{"type":"Point","coordinates":[-121.689127,39.935975]},"properties":{"c":0,"p":0.998,"t":1,"k":0}},{"type":"Feature","geometry":{"type":"Point","coordinates":[-121.688104,39.935687]},"properties":{"c":0,"p":0.999,"t":1,"k":0}},{"type":"Feature","geometry":{"type":"Point","coordinates":[-121.705907,39.943485]},"properties":{"c":0,"p":0.999,"t":1,"k":0}},{"type":"Feature","geometry":{"type":"Point","coordinates":[-121.913742,40.33241]},"properties":{"c":1,"p":0.087,"t":2,"k":0}},{"type":"Feature","geometry":{"type":"Point","coordinates":[-121.914815,40.296198]},"properties":{"c":0,"p":0.998,"t":1,"k":2}},{"type":"Feature","geometry":{"type":"Point","coordinates":[-121.914401,40.296118]},"properties":{"c":0,"p":0.997,"t":1,"k":2}},{"type":"Feature","geometry":{"type":"Point","coordinates":[-121.913608,40.296028]},"properties":{"c":0,"p":0.995,"t":1,"k":0}},{"type":"Feature","geometry":{"type":"Point","coordinates":[-121.913477,40.295932]},"properties":{"c":0,"p":0.998,"t":1,"k":0}},{"type":"Feature","geometry":{"type":"Point","coordinates":[-121.914,40.295859]},"properties":{"c":0,"p":0.999,"t":1,"k":0}},{"type":"Feature","geometry":{"type":"Point","coordinates":[-121.913936,40.296022]},"properties":{"c":0,"p":0.998,"t":1,"k":2}},{"type":"Feature","geometry":{"type":"Point","coordinates":[-121.913155,40.295916]},"properties":{"c":0,"p":0.993,"t":1,"k":0}},{"type":"Feature","geometry":{"type":"Point","coordinates":[-121.723867,40.183195]},"properties":{"c":0,"p":0.996,"t":1,"k":0}},{"type":"Feature","geometry":{"type":"Point","coordinates":[-121.721632,40.183194]},"properties":{"c":0,"p":0.986,"t":1,"k":2}},{"type":"Feature","geometry":{"type":"Point","coordinates":[-121.801403,40.231922]},"properties":{"c":0,"p":0.996,"t":1,"k":2}},{"type":"Feature","geometry":{"type":"Point","coordinates":[-121.800828,40.231925]},"properties":{"c":0,"p":0.995,"t":1,"k":2}},{"type":"Feature","geometry":{"type":"Point","coordinates":[-121.800776,40.231696]},"properties":{"c":0,"p":0.993,"t":1,"k":0}},{"type":"Feature","geometry":{"type":"Point","coordinates":[-121.801629,40.231442]},"properties":{"c":0,"p":0.997,"t":1,"k":2}},{"type":"Feature","geometry":{"type":"Point","coordinates":[-121.799535,40.232307]},"properties":{"c":0,"p":0.998,"t":1,"k":0}},{"type":"Feature","geometry":{"type":"Point","coordinates":[-121.799284,40.232146]},"properties":{"c":0,"p":0.996,"t":1,"k":0}},{"type":"Feature","geometry":{"type":"Point","coordinates":[-121.737644,39.922167]},"properties":{"c":0,"p":0.993,"t":1,"k":0}},{"type":"Feature","geometry":{"type":"Point","coordinates":[-121.739867,39.921594]},"properties":{"c":0,"p":0.987,"t":1,"k":2}},{"type":"Feature","geometry":{"type":"Point","coordinates":[-121.739873,39.921789]},"properties":{"c":0,"p":0.994,"t":1,"k":0}},{"type":"Feature","geometry":{"type":"Point","coordinates":[-121.739483,39.921714]},"properties":{"c":0,"p":0.973,"t":1,"k":2}},{"type":"Feature","geometry":{"type":"Point","coordinates":[-121.74046,39.920624]},"properties":{"c":1,"p":0.094,"t":0,"k":0}},{"type":"Feature","geometry":{"type":"Point","coordinates":[-121.74031,39.920776]},"properties":{"c":1,"p":0.06,"t":0,"k":2}},{"type":"Feature","geometry":{"type":"Point","coordinates":[-121.803794,40.237037]},"properties":{"c":0,"p":0.992,"t":1,"k":0}},{"type":"Feature","geometry":{"type":"Point","coordinates":[-121.815439,40.309183]},"properties":{"c":1,"p":0.287,"t":0,"k":0}},{"type":"Feature","geometry":{"type":"Point","coordinates":[-121.944828,40.302793]},"properties":{"c":0,"p":0.99,"t":1,"k":0}},{"type":"Feature","geometry":{"type":"Point","coordinates":[-121.968861,40.315129]},"properties":{"c":1,"p":0.007,"t":0,"k":0}},{"type":"Feature","geometry":{"type":"Point","coordinates":[-121.969091,40.314901]},"properties":{"c":1,"p":0.013,"t":0,"k":0}},{"type":"Feature","geometry":{"type":"Point","coordinates":[-121.968457,40.315154]},"properties":{"c":1,"p":0.013,"t":0,"k":2}},{"type":"Feature","geometry":{"type":"Point","coordinates":[-121.972077,40.315059]},"properties":{"c":1,"p":0.001,"t":0,"k":2}},{"type":"Feature","geometry":{"type":"Point","coordinates":[-121.973419,40.313196]},"properties":{"c":1,"p":0.002,"t":0,"k":2}},{"type":"Feature","geometry":{"type":"Point","coordinates":[-121.973593,40.313257]},"properties":{"c":1,"p":0.001,"t":0,"k":2}},{"type":"Feature","geometry":{"type":"Point","coordinates":[-121.974161,40.313362]},"properties":{"c":1,"p":0.002,"t":0,"k":2}},{"type":"Feature","geometry":{"type":"Point","coordinates":[-121.973564,40.314406]},"properties":{"c":1,"p":0.002,"t":0,"k":0}},{"type":"Feature","geometry":{"type":"Point","coordinates":[-121.973806,40.314457]},"properties":{"c":1,"p":0.001,"t":0,"k":0}},{"type":"Feature","geometry":{"type":"Point","coordinates":[-121.97384,40.314442]},"properties":{"c":1,"p":0.001,"t":0,"k":2}},{"type":"Feature","geometry":{"type":"Point","coordinates":[-121.975417,40.314547]},"properties":{"c":1,"p":0.001,"t":0,"k":2}},{"type":"Feature","geometry":{"type":"Point","coordinates":[-121.983175,40.311377]},"properties":{"c":1,"p":0.005,"t":0,"k":0}},{"type":"Feature","geometry":{"type":"Point","coordinates":[-121.983304,40.311537]},"properties":{"c":1,"p":0.008,"t":0,"k":2}},{"type":"Feature","geometry":{"type":"Point","coordinates":[-121.983483,40.311495]},"properties":{"c":1,"p":0.006,"t":0,"k":0}},{"type":"Feature","geometry":{"type":"Point","coordinates":[-121.983838,40.310455]},"properties":{"c":1,"p":0.002,"t":0,"k":2}},{"type":"Feature","geometry":{"type":"Point","coordinates":[-121.984215,40.310387]},"properties":{"c":1,"p":0.002,"t":0,"k":2}},{"type":"Feature","geometry":{"type":"Point","coordinates":[-121.983333,40.311244]},"properties":{"c":1,"p":0.016,"t":0,"k":0}},{"type":"Feature","geometry":{"type":"Point","coordinates":[-121.983371,40.311374]},"properties":{"c":1,"p":0.006,"t":0,"k":2}},{"type":"Feature","geometry":{"type":"Point","coordinates":[-121.892731,40.355852]},"properties":{"c":0,"p":0.997,"t":1,"k":2}},{"type":"Feature","geometry":{"type":"Point","coordinates":[-121.881031,40.354703]},"properties":{"c":3,"p":0.874,"t":1,"k":2,"w":"probability 0.874, just under the 0.88 cut; a minor structure (shed or outbuilding) in the inspection record"}},{"type":"Feature","geometry":{"type":"Point","coordinates":[-121.897206,40.35555]},"properties":{"c":0,"p":0.944,"t":1,"k":2}},{"type":"Feature","geometry":{"type":"Point","coordinates":[-121.892577,40.03671]},"properties":{"c":0,"p":0.997,"t":1,"k":0}},{"type":"Feature","geometry":{"type":"Point","coordinates":[-121.909543,40.340181]},"properties":{"c":0,"p":0.968,"t":1,"k":2}},{"type":"Feature","geometry":{"type":"Point","coordinates":[-121.90916,40.340398]},"properties":{"c":0,"p":0.992,"t":1,"k":2}},{"type":"Feature","geometry":{"type":"Point","coordinates":[-121.778544,39.887574]},"properties":{"c":0,"p":0.997,"t":1,"k":2}},{"type":"Feature","geometry":{"type":"Point","coordinates":[-121.887037,39.971029]},"properties":{"c":1,"p":0.437,"t":0,"k":0}},{"type":"Feature","geometry":{"type":"Point","coordinates":[-121.776388,40.333312]},"properties":{"c":0,"p":0.963,"t":1,"k":0}},{"type":"Feature","geometry":{"type":"Point","coordinates":[-121.771535,40.236933]},"properties":{"c":0,"p":0.999,"t":1,"k":0}},{"type":"Feature","geometry":{"type":"Point","coordinates":[-121.762699,40.243147]},"properties":{"c":0,"p":0.999,"t":1,"k":2}},{"type":"Feature","geometry":{"type":"Point","coordinates":[-121.771559,40.237024]},"properties":{"c":0,"p":0.999,"t":1,"k":2}},{"type":"Feature","geometry":{"type":"Point","coordinates":[-121.762504,40.243123]},"properties":{"c":0,"p":0.999,"t":1,"k":2}},{"type":"Feature","geometry":{"type":"Point","coordinates":[-121.676349,40.184958]},"properties":{"c":2,"p":0.998,"t":0,"k":4,"w":"probability 0.998"}},{"type":"Feature","geometry":{"type":"Point","coordinates":[-121.676616,40.185588]},"properties":{"c":0,"p":0.978,"t":1,"k":2}},{"type":"Feature","geometry":{"type":"Point","coordinates":[-121.772734,40.000208]},"properties":{"c":0,"p":0.995,"t":1,"k":0}},{"type":"Feature","geometry":{"type":"Point","coordinates":[-121.775422,40.001983]},"properties":{"c":0,"p":0.991,"t":1,"k":0}},{"type":"Feature","geometry":{"type":"Point","coordinates":[-121.987554,40.249995]},"properties":{"c":0,"p":0.98,"t":1,"k":0}},{"type":"Feature","geometry":{"type":"Point","coordinates":[-121.957496,40.024198]},"properties":{"c":1,"p":0.032,"t":0,"k":0}},{"type":"Feature","geometry":{"type":"Point","coordinates":[-121.81633,39.848229]},"properties":{"c":0,"p":0.996,"t":1,"k":2}},{"type":"Feature","geometry":{"type":"Point","coordinates":[-121.816839,39.848974]},"properties":{"c":3,"p":0.715,"t":1,"k":2,"w":"probability 0.72; a minor structure (shed or outbuilding) in the inspection record; most neighbours within 50 m survived (2 of 2)"}},{"type":"Feature","geometry":{"type":"Point","coordinates":[-121.916731,40.155092]},"properties":{"c":0,"p":0.988,"t":1,"k":0}},{"type":"Feature","geometry":{"type":"Point","coordinates":[-121.915917,40.153039]},"properties":{"c":2,"p":0.978,"t":0,"k":0,"w":"probability 0.98"}},{"type":"Feature","geometry":{"type":"Point","coordinates":[-121.92945,40.137619]},"properties":{"c":1,"p":0.614,"t":0,"k":2}},{"type":"Feature","geometry":{"type":"Point","coordinates":[-121.903858,40.106319]},"properties":{"c":0,"p":0.907,"t":1,"k":0}},{"type":"Feature","geometry":{"type":"Point","coordinates":[-121.90385,40.106628]},"properties":{"c":0,"p":0.934,"t":1,"k":0}},{"type":"Feature","geometry":{"type":"Point","coordinates":[-121.977576,40.04295]},"properties":{"c":1,"p":0.096,"t":0,"k":0}},{"type":"Feature","geometry":{"type":"Point","coordinates":[-121.831307,40.080882]},"properties":{"c":0,"p":0.995,"t":1,"k":0}},{"type":"Feature","geometry":{"type":"Point","coordinates":[-121.831043,40.080924]},"properties":{"c":0,"p":0.996,"t":1,"k":0}},{"type":"Feature","geometry":{"type":"Point","coordinates":[-121.831137,40.08105]},"properties":{"c":0,"p":0.996,"t":1,"k":0}},{"type":"Feature","geometry":{"type":"Point","coordinates":[-121.831034,40.081121]},"properties":{"c":0,"p":0.998,"t":1,"k":0}},{"type":"Feature","geometry":{"type":"Point","coordinates":[-121.83099,40.081276]},"properties":{"c":0,"p":0.996,"t":1,"k":0}},{"type":"Feature","geometry":{"type":"Point","coordinates":[-121.830236,40.0815]},"properties":{"c":1,"p":0.675,"t":0,"k":0}},{"type":"Feature","geometry":{"type":"Point","coordinates":[-121.800229,40.036155]},"properties":{"c":0,"p":0.986,"t":1,"k":0}},{"type":"Feature","geometry":{"type":"Point","coordinates":[-121.797893,40.041466]},"properties":{"c":1,"p":0.153,"t":0,"k":0}},{"type":"Feature","geometry":{"type":"Point","coordinates":[-121.849544,40.015183]},"properties":{"c":1,"p":0.034,"t":0,"k":0}},{"type":"Feature","geometry":{"type":"Point","coordinates":[-121.846783,40.01433]},"properties":{"c":1,"p":0.466,"t":0,"k":0}},{"type":"Feature","geometry":{"type":"Point","coordinates":[-121.849595,40.015057]},"properties":{"c":1,"p":0.109,"t":0,"k":2}},{"type":"Feature","geometry":{"type":"Point","coordinates":[-121.898106,40.000104]},"properties":{"c":0,"p":0.996,"t":1,"k":0}},{"type":"Feature","geometry":{"type":"Point","coordinates":[-121.857822,39.985187]},"properties":{"c":0,"p":0.994,"t":1,"k":0}},{"type":"Feature","geometry":{"type":"Point","coordinates":[-121.857649,39.985309]},"properties":{"c":0,"p":0.997,"t":1,"k":0}},{"type":"Feature","geometry":{"type":"Point","coordinates":[-121.858431,39.985493]},"properties":{"c":0,"p":0.987,"t":1,"k":2}},{"type":"Feature","geometry":{"type":"Point","coordinates":[-121.837508,39.957053]},"properties":{"c":0,"p":0.938,"t":1,"k":0}},{"type":"Feature","geometry":{"type":"Point","coordinates":[-121.878869,39.939628]},"properties":{"c":0,"p":0.989,"t":1,"k":0}},{"type":"Feature","geometry":{"type":"Point","coordinates":[-121.816626,39.906244]},"properties":{"c":1,"p":0.855,"t":0,"k":2}},{"type":"Feature","geometry":{"type":"Point","coordinates":[-121.815812,39.906575]},"properties":{"c":0,"p":0.989,"t":1,"k":0}},{"type":"Feature","geometry":{"type":"Point","coordinates":[-121.797427,39.902066]},"properties":{"c":0,"p":0.992,"t":1,"k":0}},{"type":"Feature","geometry":{"type":"Point","coordinates":[-121.776571,39.905582]},"properties":{"c":0,"p":0.991,"t":1,"k":0}},{"type":"Feature","geometry":{"type":"Point","coordinates":[-121.780618,39.901741]},"properties":{"c":0,"p":0.994,"t":1,"k":0}},{"type":"Feature","geometry":{"type":"Point","coordinates":[-121.707275,39.897719]},"properties":{"c":0,"p":0.996,"t":1,"k":0}},{"type":"Feature","geometry":{"type":"Point","coordinates":[-121.696492,39.921655]},"properties":{"c":0,"p":0.994,"t":1,"k":0}},{"type":"Feature","geometry":{"type":"Point","coordinates":[-121.741652,39.970904]},"properties":{"c":0,"p":0.996,"t":1,"k":0}},{"type":"Feature","geometry":{"type":"Point","coordinates":[-121.637494,40.113832]},"properties":{"c":1,"p":0.464,"t":0,"k":0}},{"type":"Feature","geometry":{"type":"Point","coordinates":[-121.803323,40.171663]},"properties":{"c":1,"p":0.028,"t":0,"k":0}},{"type":"Feature","geometry":{"type":"Point","coordinates":[-121.870904,40.165922]},"properties":{"c":0,"p":0.99,"t":1,"k":0}},{"type":"Feature","geometry":{"type":"Point","coordinates":[-121.870469,40.166074]},"properties":{"c":0,"p":0.987,"t":1,"k":0}},{"type":"Feature","geometry":{"type":"Point","coordinates":[-121.730689,39.945081]},"properties":{"c":3,"p":0.875,"t":1,"k":0,"w":"probability 0.875, just under the 0.88 cut; green cover around it before the fire (pre-fire NDVI 0.75)"}}]}