{"type":"FeatureCollection","features":[{"type":"Feature","geometry":{"type":"Point","coordinates":[-117.645814,34.349795]},"properties":{"c":1,"p":0.0,"t":0,"k":0}},{"type":"Feature","geometry":{"type":"Point","coordinates":[-117.645814,34.349566]},"properties":{"c":1,"p":0.001,"t":0,"k":0}},{"type":"Feature","geometry":{"type":"Point","coordinates":[-117.645845,34.349508]},"properties":{"c":1,"p":0.001,"t":0,"k":0}},{"type":"Feature","geometry":{"type":"Point","coordinates":[-117.645744,34.349499]},"properties":{"c":1,"p":0.001,"t":0,"k":2}},{"type":"Feature","geometry":{"type":"Point","coordinates":[-117.645706,34.349392]},"properties":{"c":1,"p":0.0,"t":0,"k":0}},{"type":"Feature","geometry":{"type":"Point","coordinates":[-117.645516,34.349414]},"properties":{"c":1,"p":0.001,"t":0,"k":0}},{"type":"Feature","geometry":{"type":"Point","coordinates":[-117.645414,34.349196]},"properties":{"c":1,"p":0.0,"t":0,"k":0}},{"type":"Feature","geometry":{"type":"Point","coordinates":[-117.651255,34.359539]},"properties":{"c":1,"p":0.006,"t":0,"k":0}},{"type":"Feature","geometry":{"type":"Point","coordinates":[-117.651618,34.360448]},"properties":{"c":1,"p":0.0,"t":0,"k":0}},{"type":"Feature","geometry":{"type":"Point","coordinates":[-117.641054,34.365706]},"properties":{"c":1,"p":0.001,"t":0,"k":0}},{"type":"Feature","geometry":{"type":"Point","coordinates":[-117.641421,34.36555]},"properties":{"c":1,"p":0.0,"t":0,"k":0}},{"type":"Feature","geometry":{"type":"Point","coordinates":[-117.64107,34.365813]},"properties":{"c":1,"p":0.003,"t":0,"k":2}},{"type":"Feature","geometry":{"type":"Point","coordinates":[-117.651805,34.360059]},"properties":{"c":1,"p":0.0,"t":0,"k":0}},{"type":"Feature","geometry":{"type":"Point","coordinates":[-117.651724,34.359954]},"properties":{"c":1,"p":0.0,"t":0,"k":0}},{"type":"Feature","geometry":{"type":"Point","coordinates":[-117.640617,34.365425]},"properties":{"c":1,"p":0.001,"t":0,"k":2}},{"type":"Feature","geometry":{"type":"Point","coordinates":[-117.651833,34.359823]},"properties":{"c":1,"p":0.001,"t":0,"k":0}},{"type":"Feature","geometry":{"type":"Point","coordinates":[-117.638675,34.36582]},"properties":{"c":1,"p":0.0,"t":0,"k":0}},{"type":"Feature","geometry":{"type":"Point","coordinates":[-117.651758,34.359785]},"properties":{"c":1,"p":0.001,"t":0,"k":0}},{"type":"Feature","geometry":{"type":"Point","coordinates":[-117.651315,34.359837]},"properties":{"c":1,"p":0.0,"t":0,"k":0}},{"type":"Feature","geometry":{"type":"Point","coordinates":[-117.63889,34.365757]},"properties":{"c":1,"p":0.001,"t":0,"k":0}},{"type":"Feature","geometry":{"type":"Point","coordinates":[-117.651356,34.360138]},"properties":{"c":1,"p":0.001,"t":0,"k":0}},{"type":"Feature","geometry":{"type":"Point","coordinates":[-117.638071,34.366238]},"properties":{"c":1,"p":0.003,"t":0,"k":0}},{"type":"Feature","geometry":{"type":"Point","coordinates":[-117.638665,34.366055]},"properties":{"c":1,"p":0.0,"t":0,"k":2}},{"type":"Feature","geometry":{"type":"Point","coordinates":[-117.651503,34.360621]},"properties":{"c":1,"p":0.0,"t":0,"k":0}},{"type":"Feature","geometry":{"type":"Point","coordinates":[-117.638666,34.366119]},"properties":{"c":1,"p":0.0,"t":0,"k":2}},{"type":"Feature","geometry":{"type":"Point","coordinates":[-117.651585,34.360562]},"properties":{"c":1,"p":0.001,"t":0,"k":2}},{"type":"Feature","geometry":{"type":"Point","coordinates":[-117.639327,34.365851]},"properties":{"c":1,"p":0.0,"t":0,"k":2}},{"type":"Feature","geometry":{"type":"Point","coordinates":[-117.646274,34.348925]},"properties":{"c":1,"p":0.001,"t":0,"k":0}},{"type":"Feature","geometry":{"type":"Point","coordinates":[-117.63956,34.365738]},"properties":{"c":1,"p":0.001,"t":0,"k":0}},{"type":"Feature","geometry":{"type":"Point","coordinates":[-117.650937,34.360722]},"properties":{"c":1,"p":0.0,"t":0,"k":0}},{"type":"Feature","geometry":{"type":"Point","coordinates":[-117.646487,34.34906]},"properties":{"c":1,"p":0.004,"t":0,"k":0}},{"type":"Feature","geometry":{"type":"Point","coordinates":[-117.65115,34.361037]},"properties":{"c":1,"p":0.001,"t":0,"k":0}},{"type":"Feature","geometry":{"type":"Point","coordinates":[-117.646333,34.348586]},"properties":{"c":1,"p":0.002,"t":0,"k":0}},{"type":"Feature","geometry":{"type":"Point","coordinates":[-117.651427,34.360924]},"properties":{"c":1,"p":0.001,"t":0,"k":0}},{"type":"Feature","geometry":{"type":"Point","coordinates":[-117.638175,34.365708]},"properties":{"c":1,"p":0.001,"t":0,"k":0}},{"type":"Feature","geometry":{"type":"Point","coordinates":[-117.637821,34.365653]},"properties":{"c":1,"p":0.0,"t":0,"k":0}},{"type":"Feature","geometry":{"type":"Point","coordinates":[-117.650695,34.36096]},"properties":{"c":1,"p":0.001,"t":0,"k":0}},{"type":"Feature","geometry":{"type":"Point","coordinates":[-117.646076,34.348526]},"properties":{"c":1,"p":0.0,"t":0,"k":2}},{"type":"Feature","geometry":{"type":"Point","coordinates":[-117.651066,34.361259]},"properties":{"c":1,"p":0.0,"t":0,"k":0}},{"type":"Feature","geometry":{"type":"Point","coordinates":[-117.646039,34.348781]},"properties":{"c":1,"p":0.001,"t":0,"k":2}},{"type":"Feature","geometry":{"type":"Point","coordinates":[-117.651341,34.361304]},"properties":{"c":1,"p":0.001,"t":0,"k":2}},{"type":"Feature","geometry":{"type":"Point","coordinates":[-117.646061,34.348807]},"properties":{"c":1,"p":0.001,"t":0,"k":2}},{"type":"Feature","geometry":{"type":"Point","coordinates":[-117.655618,34.238534]},"properties":{"c":1,"p":0.001,"t":0,"k":1}},{"type":"Feature","geometry":{"type":"Point","coordinates":[-117.655452,34.238636]},"properties":{"c":1,"p":0.005,"t":0,"k":2}},{"type":"Feature","geometry":{"type":"Point","coordinates":[-117.655093,34.238861]},"properties":{"c":1,"p":0.006,"t":0,"k":1}},{"type":"Feature","geometry":{"type":"Point","coordinates":[-117.656294,34.238341]},"properties":{"c":1,"p":0.002,"t":0,"k":1}},{"type":"Feature","geometry":{"type":"Point","coordinates":[-117.656646,34.237854]},"properties":{"c":1,"p":0.0,"t":0,"k":0}},{"type":"Feature","geometry":{"type":"Point","coordinates":[-117.656636,34.238024]},"properties":{"c":1,"p":0.0,"t":0,"k":2}},{"type":"Feature","geometry":{"type":"Point","coordinates":[-117.656684,34.238215]},"properties":{"c":1,"p":0.001,"t":0,"k":0}},{"type":"Feature","geometry":{"type":"Point","coordinates":[-117.645817,34.348943]},"properties":{"c":1,"p":0.001,"t":0,"k":0}},{"type":"Feature","geometry":{"type":"Point","coordinates":[-117.646072,34.349082]},"properties":{"c":1,"p":0.001,"t":0,"k":0}},{"type":"Feature","geometry":{"type":"Point","coordinates":[-117.650523,34.36111]},"properties":{"c":1,"p":0.0,"t":0,"k":0}},{"type":"Feature","geometry":{"type":"Point","coordinates":[-117.650979,34.361429]},"properties":{"c":1,"p":0.0,"t":0,"k":0}},{"type":"Feature","geometry":{"type":"Point","coordinates":[-117.661193,34.234485]},"properties":{"c":1,"p":0.002,"t":0,"k":0}},{"type":"Feature","geometry":{"type":"Point","coordinates":[-117.661092,34.234396]},"properties":{"c":1,"p":0.001,"t":0,"k":2}},{"type":"Feature","geometry":{"type":"Point","coordinates":[-117.660619,34.234715]},"properties":{"c":1,"p":0.002,"t":0,"k":0}},{"type":"Feature","geometry":{"type":"Point","coordinates":[-117.660551,34.234903]},"properties":{"c":1,"p":0.001,"t":0,"k":0}},{"type":"Feature","geometry":{"type":"Point","coordinates":[-117.660664,34.234857]},"properties":{"c":1,"p":0.001,"t":0,"k":2}},{"type":"Feature","geometry":{"type":"Point","coordinates":[-117.660519,34.235003]},"properties":{"c":1,"p":0.001,"t":0,"k":0}},{"type":"Feature","geometry":{"type":"Point","coordinates":[-117.660552,34.235265]},"properties":{"c":1,"p":0.001,"t":0,"k":0}},{"type":"Feature","geometry":{"type":"Point","coordinates":[-117.660583,34.235407]},"properties":{"c":1,"p":0.0,"t":0,"k":0}},{"type":"Feature","geometry":{"type":"Point","coordinates":[-117.660743,34.235556]},"properties":{"c":1,"p":0.002,"t":0,"k":2}},{"type":"Feature","geometry":{"type":"Point","coordinates":[-117.660066,34.235666]},"properties":{"c":1,"p":0.001,"t":0,"k":0}},{"type":"Feature","geometry":{"type":"Point","coordinates":[-117.659962,34.235681]},"properties":{"c":1,"p":0.0,"t":0,"k":2}},{"type":"Feature","geometry":{"type":"Point","coordinates":[-117.660848,34.234378]},"properties":{"c":1,"p":0.001,"t":0,"k":0}},{"type":"Feature","geometry":{"type":"Point","coordinates":[-117.660593,34.234384]},"properties":{"c":1,"p":0.002,"t":0,"k":0}},{"type":"Feature","geometry":{"type":"Point","coordinates":[-117.660692,34.234459]},"properties":{"c":1,"p":0.001,"t":0,"k":2}},{"type":"Feature","geometry":{"type":"Point","coordinates":[-117.660254,34.234645]},"properties":{"c":1,"p":0.002,"t":0,"k":0}},{"type":"Feature","geometry":{"type":"Point","coordinates":[-117.660276,34.234793]},"properties":{"c":1,"p":0.0,"t":0,"k":0}},{"type":"Feature","geometry":{"type":"Point","coordinates":[-117.660366,34.234804]},"properties":{"c":1,"p":0.002,"t":0,"k":2}},{"type":"Feature","geometry":{"type":"Point","coordinates":[-117.660277,34.234892]},"properties":{"c":1,"p":0.0,"t":0,"k":0}},{"type":"Feature","geometry":{"type":"Point","coordinates":[-117.660147,34.235225]},"properties":{"c":1,"p":0.001,"t":0,"k":0}},{"type":"Feature","geometry":{"type":"Point","coordinates":[-117.660134,34.235526]},"properties":{"c":1,"p":0.002,"t":0,"k":0}},{"type":"Feature","geometry":{"type":"Point","coordinates":[-117.660039,34.235451]},"properties":{"c":1,"p":0.001,"t":0,"k":0}},{"type":"Feature","geometry":{"type":"Point","coordinates":[-117.660163,34.235473]},"properties":{"c":1,"p":0.002,"t":0,"k":2}},{"type":"Feature","geometry":{"type":"Point","coordinates":[-117.659988,34.235928]},"properties":{"c":1,"p":0.001,"t":0,"k":0}},{"type":"Feature","geometry":{"type":"Point","coordinates":[-117.64619,34.349255]},"properties":{"c":1,"p":0.001,"t":0,"k":0}},{"type":"Feature","geometry":{"type":"Point","coordinates":[-117.650468,34.361324]},"properties":{"c":1,"p":0.0,"t":0,"k":0}},{"type":"Feature","geometry":{"type":"Point","coordinates":[-117.646302,34.349374]},"properties":{"c":1,"p":0.0,"t":0,"k":0}},{"type":"Feature","geometry":{"type":"Point","coordinates":[-117.646402,34.349448]},"properties":{"c":1,"p":0.001,"t":0,"k":2}},{"type":"Feature","geometry":{"type":"Point","coordinates":[-117.646528,34.349398]},"properties":{"c":1,"p":0.003,"t":0,"k":2}},{"type":"Feature","geometry":{"type":"Point","coordinates":[-117.650908,34.361683]},"properties":{"c":1,"p":0.0,"t":0,"k":0}},{"type":"Feature","geometry":{"type":"Point","coordinates":[-117.650915,34.36176]},"properties":{"c":1,"p":0.0,"t":0,"k":2}},{"type":"Feature","geometry":{"type":"Point","coordinates":[-117.646355,34.349579]},"properties":{"c":1,"p":0.0,"t":0,"k":0}},{"type":"Feature","geometry":{"type":"Point","coordinates":[-117.651041,34.36175]},"properties":{"c":1,"p":0.0,"t":0,"k":2}},{"type":"Feature","geometry":{"type":"Point","coordinates":[-117.646381,34.349649]},"properties":{"c":1,"p":0.002,"t":0,"k":0}},{"type":"Feature","geometry":{"type":"Point","coordinates":[-117.650366,34.361521]},"properties":{"c":1,"p":0.001,"t":0,"k":0}},{"type":"Feature","geometry":{"type":"Point","coordinates":[-117.65124,34.365014]},"properties":{"c":1,"p":0.0,"t":0,"k":0}},{"type":"Feature","geometry":{"type":"Point","coordinates":[-117.651014,34.365148]},"properties":{"c":1,"p":0.0,"t":0,"k":0}},{"type":"Feature","geometry":{"type":"Point","coordinates":[-117.650207,34.361673]},"properties":{"c":1,"p":0.001,"t":0,"k":0}},{"type":"Feature","geometry":{"type":"Point","coordinates":[-117.646408,34.349812]},"properties":{"c":1,"p":0.0,"t":0,"k":0}},{"type":"Feature","geometry":{"type":"Point","coordinates":[-117.65122,34.365264]},"properties":{"c":1,"p":0.002,"t":0,"k":2}},{"type":"Feature","geometry":{"type":"Point","coordinates":[-117.646463,34.350078]},"properties":{"c":1,"p":0.001,"t":0,"k":0}},{"type":"Feature","geometry":{"type":"Point","coordinates":[-117.651299,34.365167]},"properties":{"c":1,"p":0.001,"t":0,"k":2}},{"type":"Feature","geometry":{"type":"Point","coordinates":[-117.65098,34.365032]},"properties":{"c":1,"p":0.001,"t":0,"k":2}},{"type":"Feature","geometry":{"type":"Point","coordinates":[-117.655374,34.238468]},"properties":{"c":1,"p":0.001,"t":0,"k":5}},{"type":"Feature","geometry":{"type":"Point","coordinates":[-117.65529,34.238833]},"properties":{"c":1,"p":0.075,"t":0,"k":1}},{"type":"Feature","geometry":{"type":"Point","coordinates":[-117.654988,34.238957]},"properties":{"c":1,"p":0.013,"t":0,"k":1}},{"type":"Feature","geometry":{"type":"Point","coordinates":[-117.654923,34.239003]},"properties":{"c":1,"p":0.033,"t":0,"k":1}},{"type":"Feature","geometry":{"type":"Point","coordinates":[-117.656405,34.238349]},"properties":{"c":1,"p":0.001,"t":0,"k":0}},{"type":"Feature","geometry":{"type":"Point","coordinates":[-117.656492,34.238429]},"properties":{"c":1,"p":0.001,"t":0,"k":0}},{"type":"Feature","geometry":{"type":"Point","coordinates":[-117.656886,34.23857]},"properties":{"c":1,"p":0.002,"t":0,"k":0}},{"type":"Feature","geometry":{"type":"Point","coordinates":[-117.657004,34.238549]},"properties":{"c":1,"p":0.004,"t":0,"k":2}},{"type":"Feature","geometry":{"type":"Point","coordinates":[-117.656931,34.238409]},"properties":{"c":1,"p":0.003,"t":0,"k":0}},{"type":"Feature","geometry":{"type":"Point","coordinates":[-117.656902,34.238263]},"properties":{"c":1,"p":0.001,"t":0,"k":0}},{"type":"Feature","geometry":{"type":"Point","coordinates":[-117.657021,34.238067]},"properties":{"c":1,"p":0.001,"t":0,"k":0}},{"type":"Feature","geometry":{"type":"Point","coordinates":[-117.656954,34.238161]},"properties":{"c":1,"p":0.002,"t":0,"k":2}},{"type":"Feature","geometry":{"type":"Point","coordinates":[-117.65912,34.239499]},"properties":{"c":0,"p":0.996,"t":1,"k":2}},{"type":"Feature","geometry":{"type":"Point","coordinates":[-117.659064,34.239184]},"properties":{"c":2,"p":0.992,"t":0,"k":2,"w":"probability 0.99; most neighbours within 50 m were destroyed (4 of 5); green cover around it before the fire (pre-fire NDVI 0.73)"}},{"type":"Feature","geometry":{"type":"Point","coordinates":[-117.652805,34.359443]},"properties":{"c":1,"p":0.001,"t":0,"k":0}},{"type":"Feature","geometry":{"type":"Point","coordinates":[-117.652994,34.359494]},"properties":{"c":1,"p":0.001,"t":0,"k":2}},{"type":"Feature","geometry":{"type":"Point","coordinates":[-117.652433,34.360138]},"properties":{"c":1,"p":0.0,"t":0,"k":0}},{"type":"Feature","geometry":{"type":"Point","coordinates":[-117.652328,34.359986]},"properties":{"c":1,"p":0.0,"t":0,"k":2}},{"type":"Feature","geometry":{"type":"Point","coordinates":[-117.652748,34.359625]},"properties":{"c":1,"p":0.0,"t":0,"k":0}},{"type":"Feature","geometry":{"type":"Point","coordinates":[-117.658661,34.236781]},"properties":{"c":1,"p":0.002,"t":0,"k":4}},{"type":"Feature","geometry":{"type":"Point","coordinates":[-117.645777,34.347553]},"properties":{"c":1,"p":0.003,"t":0,"k":4}},{"type":"Feature","geometry":{"type":"Point","coordinates":[-117.652638,34.359782]},"properties":{"c":1,"p":0.001,"t":0,"k":0}},{"type":"Feature","geometry":{"type":"Point","coordinates":[-117.652736,34.359863]},"properties":{"c":1,"p":0.001,"t":0,"k":2}},{"type":"Feature","geometry":{"type":"Point","coordinates":[-117.652591,34.359975]},"properties":{"c":1,"p":0.001,"t":0,"k":0}},{"type":"Feature","geometry":{"type":"Point","coordinates":[-117.642831,34.353461]},"properties":{"c":1,"p":0.0,"t":0,"k":0}},{"type":"Feature","geometry":{"type":"Point","coordinates":[-117.642956,34.353391]},"properties":{"c":1,"p":0.001,"t":0,"k":2}},{"type":"Feature","geometry":{"type":"Point","coordinates":[-117.657316,34.238795]},"properties":{"c":1,"p":0.001,"t":0,"k":0}},{"type":"Feature","geometry":{"type":"Point","coordinates":[-117.657237,34.238819]},"properties":{"c":1,"p":0.008,"t":0,"k":2}},{"type":"Feature","geometry":{"type":"Point","coordinates":[-117.657049,34.238806]},"properties":{"c":1,"p":0.003,"t":0,"k":0}},{"type":"Feature","geometry":{"type":"Point","coordinates":[-117.657165,34.238906]},"properties":{"c":1,"p":0.003,"t":0,"k":0}},{"type":"Feature","geometry":{"type":"Point","coordinates":[-117.657162,34.238478]},"properties":{"c":1,"p":0.002,"t":0,"k":0}},{"type":"Feature","geometry":{"type":"Point","coordinates":[-117.642543,34.353804]},"properties":{"c":1,"p":0.0,"t":0,"k":0}},{"type":"Feature","geometry":{"type":"Point","coordinates":[-117.642229,34.354009]},"properties":{"c":1,"p":0.0,"t":0,"k":0}},{"type":"Feature","geometry":{"type":"Point","coordinates":[-117.659799,34.235833]},"properties":{"c":1,"p":0.002,"t":0,"k":0}},{"type":"Feature","geometry":{"type":"Point","coordinates":[-117.659833,34.235734]},"properties":{"c":1,"p":0.001,"t":0,"k":2}},{"type":"Feature","geometry":{"type":"Point","coordinates":[-117.659693,34.235723]},"properties":{"c":1,"p":0.001,"t":0,"k":0}},{"type":"Feature","geometry":{"type":"Point","coordinates":[-117.642369,34.354092]},"properties":{"c":1,"p":0.001,"t":0,"k":2}},{"type":"Feature","geometry":{"type":"Point","coordinates":[-117.65076,34.361907]},"properties":{"c":1,"p":0.0,"t":0,"k":0}},{"type":"Feature","geometry":{"type":"Point","coordinates":[-117.650129,34.361944]},"properties":{"c":1,"p":0.0,"t":0,"k":0}},{"type":"Feature","geometry":{"type":"Point","coordinates":[-117.656719,34.238783]},"properties":{"c":1,"p":0.002,"t":0,"k":0}},{"type":"Feature","geometry":{"type":"Point","coordinates":[-117.656625,34.238727]},"properties":{"c":1,"p":0.006,"t":0,"k":2}},{"type":"Feature","geometry":{"type":"Point","coordinates":[-117.656862,34.237904]},"properties":{"c":1,"p":0.0,"t":0,"k":0}},{"type":"Feature","geometry":{"type":"Point","coordinates":[-117.656882,34.237946]},"properties":{"c":1,"p":0.001,"t":0,"k":2}},{"type":"Feature","geometry":{"type":"Point","coordinates":[-117.683589,34.369835]},"properties":{"c":0,"p":0.998,"t":1,"k":0}},{"type":"Feature","geometry":{"type":"Point","coordinates":[-117.683798,34.369606]},"properties":{"c":0,"p":0.997,"t":1,"k":2}},{"type":"Feature","geometry":{"type":"Point","coordinates":[-117.684082,34.369561]},"properties":{"c":0,"p":0.991,"t":1,"k":0}},{"type":"Feature","geometry":{"type":"Point","coordinates":[-117.683944,34.369492]},"properties":{"c":0,"p":0.998,"t":1,"k":2}},{"type":"Feature","geometry":{"type":"Point","coordinates":[-117.683972,34.369696]},"properties":{"c":0,"p":0.995,"t":1,"k":2}},{"type":"Feature","geometry":{"type":"Point","coordinates":[-117.6842,34.37028]},"properties":{"c":0,"p":0.998,"t":1,"k":0}},{"type":"Feature","geometry":{"type":"Point","coordinates":[-117.684158,34.370456]},"properties":{"c":0,"p":0.998,"t":1,"k":0}},{"type":"Feature","geometry":{"type":"Point","coordinates":[-117.684091,34.370361]},"properties":{"c":0,"p":0.999,"t":1,"k":0}},{"type":"Feature","geometry":{"type":"Point","coordinates":[-117.683939,34.370096]},"properties":{"c":0,"p":0.998,"t":1,"k":0}},{"type":"Feature","geometry":{"type":"Point","coordinates":[-117.641924,34.354862]},"properties":{"c":1,"p":0.0,"t":0,"k":0}},{"type":"Feature","geometry":{"type":"Point","coordinates":[-117.650693,34.362114]},"properties":{"c":1,"p":0.0,"t":0,"k":0}},{"type":"Feature","geometry":{"type":"Point","coordinates":[-117.641692,34.355323]},"properties":{"c":1,"p":0.001,"t":0,"k":0}},{"type":"Feature","geometry":{"type":"Point","coordinates":[-117.650225,34.362579]},"properties":{"c":1,"p":0.0,"t":0,"k":0}},{"type":"Feature","geometry":{"type":"Point","coordinates":[-117.641433,34.355506]},"properties":{"c":1,"p":0.0,"t":0,"k":0}},{"type":"Feature","geometry":{"type":"Point","coordinates":[-117.659414,34.235499]},"properties":{"c":1,"p":0.001,"t":0,"k":0}},{"type":"Feature","geometry":{"type":"Point","coordinates":[-117.659399,34.235634]},"properties":{"c":1,"p":0.002,"t":0,"k":0}},{"type":"Feature","geometry":{"type":"Point","coordinates":[-117.650728,34.362239]},"properties":{"c":1,"p":0.0,"t":0,"k":0}},{"type":"Feature","geometry":{"type":"Point","coordinates":[-117.641357,34.355837]},"properties":{"c":1,"p":0.001,"t":0,"k":0}},{"type":"Feature","geometry":{"type":"Point","coordinates":[-117.650201,34.362378]},"properties":{"c":1,"p":0.0,"t":0,"k":0}},{"type":"Feature","geometry":{"type":"Point","coordinates":[-117.641309,34.355711]},"properties":{"c":1,"p":0.0,"t":0,"k":2}},{"type":"Feature","geometry":{"type":"Point","coordinates":[-117.683594,34.370422]},"properties":{"c":0,"p":0.998,"t":1,"k":0}},{"type":"Feature","geometry":{"type":"Point","coordinates":[-117.650181,34.362171]},"properties":{"c":1,"p":0.0,"t":0,"k":0}},{"type":"Feature","geometry":{"type":"Point","coordinates":[-117.656659,34.239021]},"properties":{"c":1,"p":0.005,"t":0,"k":0}},{"type":"Feature","geometry":{"type":"Point","coordinates":[-117.656834,34.239066]},"properties":{"c":1,"p":0.003,"t":0,"k":0}},{"type":"Feature","geometry":{"type":"Point","coordinates":[-117.6513,34.361477]},"properties":{"c":1,"p":0.0,"t":0,"k":2}},{"type":"Feature","geometry":{"type":"Point","coordinates":[-117.641343,34.356018]},"properties":{"c":1,"p":0.0,"t":0,"k":0}},{"type":"Feature","geometry":{"type":"Point","coordinates":[-117.65944,34.235845]},"properties":{"c":1,"p":0.001,"t":0,"k":0}},{"type":"Feature","geometry":{"type":"Point","coordinates":[-117.659419,34.235976]},"properties":{"c":1,"p":0.001,"t":0,"k":0}},{"type":"Feature","geometry":{"type":"Point","coordinates":[-117.659358,34.236082]},"properties":{"c":1,"p":0.002,"t":0,"k":2}},{"type":"Feature","geometry":{"type":"Point","coordinates":[-117.641291,34.356273]},"properties":{"c":1,"p":0.0,"t":0,"k":0}},{"type":"Feature","geometry":{"type":"Point","coordinates":[-117.659695,34.235503]},"properties":{"c":1,"p":0.0,"t":0,"k":0}},{"type":"Feature","geometry":{"type":"Point","coordinates":[-117.659822,34.235551]},"properties":{"c":1,"p":0.004,"t":0,"k":2}},{"type":"Feature","geometry":{"type":"Point","coordinates":[-117.659866,34.235479]},"properties":{"c":1,"p":0.001,"t":0,"k":2}},{"type":"Feature","geometry":{"type":"Point","coordinates":[-117.650772,34.362455]},"properties":{"c":1,"p":0.001,"t":0,"k":0}},{"type":"Feature","geometry":{"type":"Point","coordinates":[-117.650722,34.362643]},"properties":{"c":1,"p":0.0,"t":0,"k":0}},{"type":"Feature","geometry":{"type":"Point","coordinates":[-117.657247,34.239071]},"properties":{"c":1,"p":0.002,"t":0,"k":0}},{"type":"Feature","geometry":{"type":"Point","coordinates":[-117.65067,34.362816]},"properties":{"c":1,"p":0.0,"t":0,"k":0}},{"type":"Feature","geometry":{"type":"Point","coordinates":[-117.658792,34.236239]},"properties":{"c":1,"p":0.0,"t":0,"k":0}},{"type":"Feature","geometry":{"type":"Point","coordinates":[-117.658948,34.236121]},"properties":{"c":1,"p":0.002,"t":0,"k":0}},{"type":"Feature","geometry":{"type":"Point","coordinates":[-117.658887,34.236135]},"properties":{"c":1,"p":0.001,"t":0,"k":0}},{"type":"Feature","geometry":{"type":"Point","coordinates":[-117.65879,34.236072]},"properties":{"c":1,"p":0.001,"t":0,"k":2}},{"type":"Feature","geometry":{"type":"Point","coordinates":[-117.658538,34.236317]},"properties":{"c":1,"p":0.001,"t":0,"k":0}},{"type":"Feature","geometry":{"type":"Point","coordinates":[-117.658447,34.23625]},"properties":{"c":1,"p":0.002,"t":0,"k":0}},{"type":"Feature","geometry":{"type":"Point","coordinates":[-117.658545,34.23773]},"properties":{"c":1,"p":0.004,"t":0,"k":1}},{"type":"Feature","geometry":{"type":"Point","coordinates":[-117.650157,34.36278]},"properties":{"c":1,"p":0.001,"t":0,"k":0}},{"type":"Feature","geometry":{"type":"Point","coordinates":[-117.658741,34.236108]},"properties":{"c":1,"p":0.001,"t":0,"k":2}},{"type":"Feature","geometry":{"type":"Point","coordinates":[-117.659235,34.235926]},"properties":{"c":1,"p":0.0,"t":0,"k":0}},{"type":"Feature","geometry":{"type":"Point","coordinates":[-117.644402,34.364574]},"properties":{"c":1,"p":0.0,"t":0,"k":0}},{"type":"Feature","geometry":{"type":"Point","coordinates":[-117.649598,34.362761]},"properties":{"c":1,"p":0.0,"t":0,"k":0}},{"type":"Feature","geometry":{"type":"Point","coordinates":[-117.658011,34.237562]},"properties":{"c":1,"p":0.003,"t":0,"k":0}},{"type":"Feature","geometry":{"type":"Point","coordinates":[-117.658185,34.237576]},"properties":{"c":1,"p":0.008,"t":0,"k":2}},{"type":"Feature","geometry":{"type":"Point","coordinates":[-117.658124,34.237676]},"properties":{"c":1,"p":0.003,"t":0,"k":2}},{"type":"Feature","geometry":{"type":"Point","coordinates":[-117.64469,34.364606]},"properties":{"c":1,"p":0.0,"t":0,"k":0}},{"type":"Feature","geometry":{"type":"Point","coordinates":[-117.645144,34.364735]},"properties":{"c":1,"p":0.001,"t":0,"k":0}},{"type":"Feature","geometry":{"type":"Point","coordinates":[-117.644923,34.364712]},"properties":{"c":1,"p":0.001,"t":0,"k":2}},{"type":"Feature","geometry":{"type":"Point","coordinates":[-117.642095,34.356824]},"properties":{"c":1,"p":0.0,"t":0,"k":0}},{"type":"Feature","geometry":{"type":"Point","coordinates":[-117.642605,34.355495]},"properties":{"c":1,"p":0.0,"t":0,"k":0}},{"type":"Feature","geometry":{"type":"Point","coordinates":[-117.642332,34.355427]},"properties":{"c":1,"p":0.001,"t":0,"k":2}},{"type":"Feature","geometry":{"type":"Point","coordinates":[-117.645597,34.364863]},"properties":{"c":1,"p":0.001,"t":0,"k":0}},{"type":"Feature","geometry":{"type":"Point","coordinates":[-117.645345,34.364791]},"properties":{"c":1,"p":0.0,"t":0,"k":0}},{"type":"Feature","geometry":{"type":"Point","coordinates":[-117.645837,34.364966]},"properties":{"c":1,"p":0.001,"t":0,"k":2}},{"type":"Feature","geometry":{"type":"Point","coordinates":[-117.64576,34.36488]},"properties":{"c":1,"p":0.001,"t":0,"k":0}},{"type":"Feature","geometry":{"type":"Point","coordinates":[-117.646036,34.364957]},"properties":{"c":1,"p":0.0,"t":0,"k":0}},{"type":"Feature","geometry":{"type":"Point","coordinates":[-117.6498,34.362557]},"properties":{"c":1,"p":0.0,"t":0,"k":0}},{"type":"Feature","geometry":{"type":"Point","coordinates":[-117.649729,34.36242]},"properties":{"c":1,"p":0.001,"t":0,"k":0}},{"type":"Feature","geometry":{"type":"Point","coordinates":[-117.640783,34.357337]},"properties":{"c":1,"p":0.0,"t":0,"k":0}},{"type":"Feature","geometry":{"type":"Point","coordinates":[-117.648859,34.362482]},"properties":{"c":1,"p":0.001,"t":0,"k":0}},{"type":"Feature","geometry":{"type":"Point","coordinates":[-117.649725,34.36227]},"properties":{"c":1,"p":0.0,"t":0,"k":0}},{"type":"Feature","geometry":{"type":"Point","coordinates":[-117.649404,34.362214]},"properties":{"c":1,"p":0.001,"t":0,"k":0}},{"type":"Feature","geometry":{"type":"Point","coordinates":[-117.641155,34.357786]},"properties":{"c":1,"p":0.001,"t":0,"k":2}},{"type":"Feature","geometry":{"type":"Point","coordinates":[-117.641104,34.357756]},"properties":{"c":1,"p":0.0,"t":0,"k":0}},{"type":"Feature","geometry":{"type":"Point","coordinates":[-117.640874,34.357587]},"properties":{"c":1,"p":0.0,"t":0,"k":2}},{"type":"Feature","geometry":{"type":"Point","coordinates":[-117.641049,34.357644]},"properties":{"c":1,"p":0.0,"t":0,"k":2}},{"type":"Feature","geometry":{"type":"Point","coordinates":[-117.648625,34.36247]},"properties":{"c":1,"p":0.001,"t":0,"k":0}},{"type":"Feature","geometry":{"type":"Point","coordinates":[-117.649145,34.362621]},"properties":{"c":1,"p":0.001,"t":0,"k":0}},{"type":"Feature","geometry":{"type":"Point","coordinates":[-117.649212,34.362566]},"properties":{"c":1,"p":0.001,"t":0,"k":2}},{"type":"Feature","geometry":{"type":"Point","coordinates":[-117.648392,34.362372]},"properties":{"c":1,"p":0.0,"t":0,"k":0}},{"type":"Feature","geometry":{"type":"Point","coordinates":[-117.640148,34.257607]},"properties":{"c":1,"p":0.005,"t":0,"k":0}},{"type":"Feature","geometry":{"type":"Point","coordinates":[-117.639669,34.258139]},"properties":{"c":1,"p":0.002,"t":0,"k":0}},{"type":"Feature","geometry":{"type":"Point","coordinates":[-117.639452,34.258581]},"properties":{"c":1,"p":0.006,"t":0,"k":0}},{"type":"Feature","geometry":{"type":"Point","coordinates":[-117.639204,34.258766]},"properties":{"c":1,"p":0.004,"t":0,"k":0}},{"type":"Feature","geometry":{"type":"Point","coordinates":[-117.638864,34.258996]},"properties":{"c":1,"p":0.001,"t":0,"k":0}},{"type":"Feature","geometry":{"type":"Point","coordinates":[-117.64864,34.362153]},"properties":{"c":1,"p":0.001,"t":0,"k":2}},{"type":"Feature","geometry":{"type":"Point","coordinates":[-117.641442,34.357973]},"properties":{"c":1,"p":0.0,"t":0,"k":0}},{"type":"Feature","geometry":{"type":"Point","coordinates":[-117.648209,34.362806]},"properties":{"c":1,"p":0.0,"t":0,"k":0}},{"type":"Feature","geometry":{"type":"Point","coordinates":[-117.641379,34.35794]},"properties":{"c":1,"p":0.0,"t":0,"k":0}},{"type":"Feature","geometry":{"type":"Point","coordinates":[-117.641349,34.358116]},"properties":{"c":1,"p":0.0,"t":0,"k":2}},{"type":"Feature","geometry":{"type":"Point","coordinates":[-117.641525,34.358011]},"properties":{"c":1,"p":0.001,"t":0,"k":2}},{"type":"Feature","geometry":{"type":"Point","coordinates":[-117.641643,34.358051]},"properties":{"c":1,"p":0.002,"t":0,"k":0}},{"type":"Feature","geometry":{"type":"Point","coordinates":[-117.648509,34.362978]},"properties":{"c":1,"p":0.0,"t":0,"k":0}},{"type":"Feature","geometry":{"type":"Point","coordinates":[-117.648122,34.362283]},"properties":{"c":1,"p":0.0,"t":0,"k":0}},{"type":"Feature","geometry":{"type":"Point","coordinates":[-117.639584,34.258364]},"properties":{"c":1,"p":0.002,"t":0,"k":0}},{"type":"Feature","geometry":{"type":"Point","coordinates":[-117.639056,34.25887]},"properties":{"c":1,"p":0.001,"t":0,"k":0}},{"type":"Feature","geometry":{"type":"Point","coordinates":[-117.647362,34.362337]},"properties":{"c":1,"p":0.0,"t":0,"k":0}},{"type":"Feature","geometry":{"type":"Point","coordinates":[-117.646437,34.364976]},"properties":{"c":1,"p":0.0,"t":0,"k":0}},{"type":"Feature","geometry":{"type":"Point","coordinates":[-117.646232,34.364971]},"properties":{"c":1,"p":0.0,"t":0,"k":0}},{"type":"Feature","geometry":{"type":"Point","coordinates":[-117.648015,34.362133]},"properties":{"c":1,"p":0.001,"t":0,"k":0}},{"type":"Feature","geometry":{"type":"Point","coordinates":[-117.647048,34.365148]},"properties":{"c":1,"p":0.0,"t":0,"k":0}},{"type":"Feature","geometry":{"type":"Point","coordinates":[-117.64711,34.36228]},"properties":{"c":1,"p":0.0,"t":0,"k":0}},{"type":"Feature","geometry":{"type":"Point","coordinates":[-117.647168,34.365308]},"properties":{"c":1,"p":0.0,"t":0,"k":0}},{"type":"Feature","geometry":{"type":"Point","coordinates":[-117.657937,34.236737]},"properties":{"c":1,"p":0.001,"t":0,"k":0}},{"type":"Feature","geometry":{"type":"Point","coordinates":[-117.657802,34.236739]},"properties":{"c":1,"p":0.001,"t":0,"k":2}},{"type":"Feature","geometry":{"type":"Point","coordinates":[-117.657808,34.236915]},"properties":{"c":1,"p":0.001,"t":0,"k":0}},{"type":"Feature","geometry":{"type":"Point","coordinates":[-117.657668,34.237383]},"properties":{"c":1,"p":0.0,"t":0,"k":0}},{"type":"Feature","geometry":{"type":"Point","coordinates":[-117.657866,34.238263]},"properties":{"c":1,"p":0.002,"t":0,"k":1}},{"type":"Feature","geometry":{"type":"Point","coordinates":[-117.657917,34.238187]},"properties":{"c":1,"p":0.001,"t":0,"k":1}},{"type":"Feature","geometry":{"type":"Point","coordinates":[-117.65794,34.238045]},"properties":{"c":1,"p":0.004,"t":0,"k":2}},{"type":"Feature","geometry":{"type":"Point","coordinates":[-117.65861,34.238614]},"properties":{"c":1,"p":0.082,"t":0,"k":2}},{"type":"Feature","geometry":{"type":"Point","coordinates":[-117.658552,34.238476]},"properties":{"c":1,"p":0.016,"t":0,"k":2}},{"type":"Feature","geometry":{"type":"Point","coordinates":[-117.657756,34.238655]},"properties":{"c":1,"p":0.003,"t":0,"k":1}},{"type":"Feature","geometry":{"type":"Point","coordinates":[-117.657814,34.238733]},"properties":{"c":1,"p":0.002,"t":0,"k":1}},{"type":"Feature","geometry":{"type":"Point","coordinates":[-117.658133,34.238939]},"properties":{"c":1,"p":0.012,"t":0,"k":2}},{"type":"Feature","geometry":{"type":"Point","coordinates":[-117.647827,34.362052]},"properties":{"c":1,"p":0.001,"t":0,"k":0}},{"type":"Feature","geometry":{"type":"Point","coordinates":[-117.646912,34.362246]},"properties":{"c":1,"p":0.0,"t":0,"k":0}},{"type":"Feature","geometry":{"type":"Point","coordinates":[-117.648743,34.365759]},"properties":{"c":1,"p":0.001,"t":0,"k":2}},{"type":"Feature","geometry":{"type":"Point","coordinates":[-117.649052,34.365701]},"properties":{"c":1,"p":0.0,"t":0,"k":0}},{"type":"Feature","geometry":{"type":"Point","coordinates":[-117.647854,34.361949]},"properties":{"c":1,"p":0.004,"t":0,"k":2}},{"type":"Feature","geometry":{"type":"Point","coordinates":[-117.648942,34.365736]},"properties":{"c":1,"p":0.0,"t":0,"k":2}},{"type":"Feature","geometry":{"type":"Point","coordinates":[-117.648763,34.365605]},"properties":{"c":1,"p":0.001,"t":0,"k":0}},{"type":"Feature","geometry":{"type":"Point","coordinates":[-117.646674,34.362188]},"properties":{"c":1,"p":0.001,"t":0,"k":0}},{"type":"Feature","geometry":{"type":"Point","coordinates":[-117.643313,34.359416]},"properties":{"c":1,"p":0.0,"t":0,"k":0}},{"type":"Feature","geometry":{"type":"Point","coordinates":[-117.64624,34.362025]},"properties":{"c":1,"p":0.0,"t":0,"k":0}},{"type":"Feature","geometry":{"type":"Point","coordinates":[-117.649247,34.365727]},"properties":{"c":1,"p":0.0,"t":0,"k":0}},{"type":"Feature","geometry":{"type":"Point","coordinates":[-117.643396,34.359639]},"properties":{"c":1,"p":0.002,"t":0,"k":2}},{"type":"Feature","geometry":{"type":"Point","coordinates":[-117.649503,34.365701]},"properties":{"c":1,"p":0.0,"t":0,"k":0}},{"type":"Feature","geometry":{"type":"Point","coordinates":[-117.649658,34.365629]},"properties":{"c":1,"p":0.0,"t":0,"k":0}},{"type":"Feature","geometry":{"type":"Point","coordinates":[-117.649891,34.365594]},"properties":{"c":1,"p":0.0,"t":0,"k":0}},{"type":"Feature","geometry":{"type":"Point","coordinates":[-117.649908,34.365798]},"properties":{"c":1,"p":0.002,"t":0,"k":2}},{"type":"Feature","geometry":{"type":"Point","coordinates":[-117.650077,34.365745]},"properties":{"c":1,"p":0.004,"t":0,"k":2}},{"type":"Feature","geometry":{"type":"Point","coordinates":[-117.642669,34.359154]},"properties":{"c":1,"p":0.0,"t":0,"k":0}},{"type":"Feature","geometry":{"type":"Point","coordinates":[-117.642143,34.358363]},"properties":{"c":1,"p":0.001,"t":0,"k":3}},{"type":"Feature","geometry":{"type":"Point","coordinates":[-117.642428,34.358406]},"properties":{"c":1,"p":0.0,"t":0,"k":0}},{"type":"Feature","geometry":{"type":"Point","coordinates":[-117.642347,34.358313]},"properties":{"c":1,"p":0.001,"t":0,"k":2}},{"type":"Feature","geometry":{"type":"Point","coordinates":[-117.643001,34.358865]},"properties":{"c":1,"p":0.001,"t":0,"k":2}},{"type":"Feature","geometry":{"type":"Point","coordinates":[-117.643024,34.358582]},"properties":{"c":1,"p":0.0,"t":0,"k":0}},{"type":"Feature","geometry":{"type":"Point","coordinates":[-117.643834,34.360181]},"properties":{"c":1,"p":0.001,"t":0,"k":0}},{"type":"Feature","geometry":{"type":"Point","coordinates":[-117.642947,34.359958]},"properties":{"c":1,"p":0.0,"t":0,"k":0}},{"type":"Feature","geometry":{"type":"Point","coordinates":[-117.64235,34.359109]},"properties":{"c":1,"p":0.0,"t":0,"k":2}},{"type":"Feature","geometry":{"type":"Point","coordinates":[-117.642718,34.359251]},"properties":{"c":1,"p":0.001,"t":0,"k":2}},{"type":"Feature","geometry":{"type":"Point","coordinates":[-117.642639,34.35958]},"properties":{"c":1,"p":0.001,"t":0,"k":0}},{"type":"Feature","geometry":{"type":"Point","coordinates":[-117.658791,34.23783]},"properties":{"c":1,"p":0.01,"t":0,"k":0}},{"type":"Feature","geometry":{"type":"Point","coordinates":[-117.659001,34.238026]},"properties":{"c":1,"p":0.008,"t":0,"k":0}},{"type":"Feature","geometry":{"type":"Point","coordinates":[-117.659211,34.238162]},"properties":{"c":1,"p":0.072,"t":0,"k":0}},{"type":"Feature","geometry":{"type":"Point","coordinates":[-117.659595,34.23823]},"properties":{"c":1,"p":0.483,"t":0,"k":0}},{"type":"Feature","geometry":{"type":"Point","coordinates":[-117.658373,34.239469]},"properties":{"c":1,"p":0.325,"t":0,"k":0}},{"type":"Feature","geometry":{"type":"Point","coordinates":[-117.658876,34.237868]},"properties":{"c":1,"p":0.02,"t":0,"k":0}},{"type":"Feature","geometry":{"type":"Point","coordinates":[-117.658247,34.238072]},"properties":{"c":1,"p":0.002,"t":0,"k":0}},{"type":"Feature","geometry":{"type":"Point","coordinates":[-117.658406,34.238111]},"properties":{"c":1,"p":0.008,"t":0,"k":2}},{"type":"Feature","geometry":{"type":"Point","coordinates":[-117.658576,34.238106]},"properties":{"c":1,"p":0.005,"t":0,"k":0}},{"type":"Feature","geometry":{"type":"Point","coordinates":[-117.658684,34.238112]},"properties":{"c":1,"p":0.007,"t":0,"k":0}},{"type":"Feature","geometry":{"type":"Point","coordinates":[-117.658659,34.238193]},"properties":{"c":1,"p":0.011,"t":0,"k":2}},{"type":"Feature","geometry":{"type":"Point","coordinates":[-117.658882,34.238189]},"properties":{"c":1,"p":0.034,"t":0,"k":0}},{"type":"Feature","geometry":{"type":"Point","coordinates":[-117.646066,34.361936]},"properties":{"c":1,"p":0.0,"t":0,"k":0}},{"type":"Feature","geometry":{"type":"Point","coordinates":[-117.710779,34.372373]},"properties":{"c":3,"p":0.866,"t":1,"k":2,"w":"probability 0.87, just under the 0.88 cut; a minor structure (shed or outbuilding) in the inspection record"}},{"type":"Feature","geometry":{"type":"Point","coordinates":[-117.64579,34.364496]},"properties":{"c":1,"p":0.0,"t":0,"k":0}},{"type":"Feature","geometry":{"type":"Point","coordinates":[-117.647579,34.362047]},"properties":{"c":1,"p":0.0,"t":0,"k":0}},{"type":"Feature","geometry":{"type":"Point","coordinates":[-117.65479,34.364467]},"properties":{"c":1,"p":0.0,"t":0,"k":0}},{"type":"Feature","geometry":{"type":"Point","coordinates":[-117.655149,34.364892]},"properties":{"c":1,"p":0.002,"t":0,"k":0}},{"type":"Feature","geometry":{"type":"Point","coordinates":[-117.645827,34.361828]},"properties":{"c":1,"p":0.0,"t":0,"k":0}},{"type":"Feature","geometry":{"type":"Point","coordinates":[-117.654814,34.364839]},"properties":{"c":1,"p":0.002,"t":0,"k":0}},{"type":"Feature","geometry":{"type":"Point","coordinates":[-117.654101,34.364995]},"properties":{"c":1,"p":0.0,"t":0,"k":0}},{"type":"Feature","geometry":{"type":"Point","coordinates":[-117.645654,34.361757]},"properties":{"c":1,"p":0.0,"t":0,"k":0}},{"type":"Feature","geometry":{"type":"Point","coordinates":[-117.647249,34.361859]},"properties":{"c":1,"p":0.002,"t":0,"k":0}},{"type":"Feature","geometry":{"type":"Point","coordinates":[-117.645488,34.361613]},"properties":{"c":1,"p":0.001,"t":0,"k":2}},{"type":"Feature","geometry":{"type":"Point","coordinates":[-117.646917,34.364718]},"properties":{"c":1,"p":0.0,"t":0,"k":0}},{"type":"Feature","geometry":{"type":"Point","coordinates":[-117.647412,34.361974]},"properties":{"c":1,"p":0.0,"t":0,"k":0}},{"type":"Feature","geometry":{"type":"Point","coordinates":[-117.65445,34.36534]},"properties":{"c":1,"p":0.001,"t":0,"k":0}},{"type":"Feature","geometry":{"type":"Point","coordinates":[-117.654647,34.365261]},"properties":{"c":1,"p":0.0,"t":0,"k":0}},{"type":"Feature","geometry":{"type":"Point","coordinates":[-117.654611,34.36548]},"properties":{"c":1,"p":0.003,"t":0,"k":2}},{"type":"Feature","geometry":{"type":"Point","coordinates":[-117.646262,34.364494]},"properties":{"c":1,"p":0.0,"t":0,"k":0}},{"type":"Feature","geometry":{"type":"Point","coordinates":[-117.645936,34.364565]},"properties":{"c":1,"p":0.0,"t":0,"k":0}},{"type":"Feature","geometry":{"type":"Point","coordinates":[-117.646704,34.364628]},"properties":{"c":1,"p":0.0,"t":0,"k":0}},{"type":"Feature","geometry":{"type":"Point","coordinates":[-117.645316,34.361795]},"properties":{"c":1,"p":0.001,"t":0,"k":0}},{"type":"Feature","geometry":{"type":"Point","coordinates":[-117.646707,34.364483]},"properties":{"c":1,"p":0.0,"t":0,"k":0}},{"type":"Feature","geometry":{"type":"Point","coordinates":[-117.647494,34.361847]},"properties":{"c":1,"p":0.002,"t":0,"k":2}},{"type":"Feature","geometry":{"type":"Point","coordinates":[-117.706208,34.374512]},"properties":{"c":1,"p":0.374,"t":0,"k":4}},{"type":"Feature","geometry":{"type":"Point","coordinates":[-117.644949,34.361532]},"properties":{"c":1,"p":0.001,"t":0,"k":0}},{"type":"Feature","geometry":{"type":"Point","coordinates":[-117.722155,34.375355]},"properties":{"c":0,"p":0.996,"t":1,"k":1}},{"type":"Feature","geometry":{"type":"Point","coordinates":[-117.722463,34.375859]},"properties":{"c":2,"p":0.996,"t":0,"k":2,"w":"probability 0.996"}},{"type":"Feature","geometry":{"type":"Point","coordinates":[-117.722057,34.375931]},"properties":{"c":2,"p":0.996,"t":0,"k":2,"w":"probability 0.996"}},{"type":"Feature","geometry":{"type":"Point","coordinates":[-117.73414,34.380751]},"properties":{"c":2,"p":0.982,"t":0,"k":2,"w":"probability 0.98"}},{"type":"Feature","geometry":{"type":"Point","coordinates":[-117.73559,34.381075]},"properties":{"c":1,"p":0.745,"t":0,"k":2}},{"type":"Feature","geometry":{"type":"Point","coordinates":[-117.645129,34.361449]},"properties":{"c":1,"p":0.001,"t":0,"k":2}},{"type":"Feature","geometry":{"type":"Point","coordinates":[-117.654987,34.365631]},"properties":{"c":1,"p":0.0,"t":0,"k":0}},{"type":"Feature","geometry":{"type":"Point","coordinates":[-117.654965,34.365571]},"properties":{"c":1,"p":0.001,"t":0,"k":2}},{"type":"Feature","geometry":{"type":"Point","coordinates":[-117.655013,34.365504]},"properties":{"c":1,"p":0.007,"t":0,"k":2}},{"type":"Feature","geometry":{"type":"Point","coordinates":[-117.655034,34.36558]},"properties":{"c":1,"p":0.001,"t":0,"k":2}},{"type":"Feature","geometry":{"type":"Point","coordinates":[-117.655103,34.365559]},"properties":{"c":3,"p":0.001,"t":1,"k":2,"w":"probability 0.00; a minor structure (shed or outbuilding) in the inspection record; most neighbours within 50 m survived (9 of 9); green cover around it before the fire (pre-fire NDVI 0.65)"}},{"type":"Feature","geometry":{"type":"Point","coordinates":[-117.655102,34.365745]},"properties":{"c":1,"p":0.0,"t":0,"k":0}},{"type":"Feature","geometry":{"type":"Point","coordinates":[-117.655315,34.36584]},"properties":{"c":1,"p":0.0,"t":0,"k":0}},{"type":"Feature","geometry":{"type":"Point","coordinates":[-117.655384,34.365752]},"properties":{"c":1,"p":0.002,"t":0,"k":0}},{"type":"Feature","geometry":{"type":"Point","coordinates":[-117.655326,34.36571]},"properties":{"c":1,"p":0.0,"t":0,"k":0}},{"type":"Feature","geometry":{"type":"Point","coordinates":[-117.644757,34.36141]},"properties":{"c":1,"p":0.0,"t":0,"k":0}},{"type":"Feature","geometry":{"type":"Point","coordinates":[-117.64632,34.364306]},"properties":{"c":1,"p":0.0,"t":0,"k":0}},{"type":"Feature","geometry":{"type":"Point","coordinates":[-117.646105,34.364265]},"properties":{"c":1,"p":0.0,"t":0,"k":0}},{"type":"Feature","geometry":{"type":"Point","coordinates":[-117.647064,34.361701]},"properties":{"c":1,"p":0.003,"t":0,"k":0}},{"type":"Feature","geometry":{"type":"Point","coordinates":[-117.706141,34.374629]},"properties":{"c":1,"p":0.339,"t":0,"k":4}},{"type":"Feature","geometry":{"type":"Point","coordinates":[-117.69184,34.367217]},"properties":{"c":1,"p":0.877,"t":0,"k":2}},{"type":"Feature","geometry":{"type":"Point","coordinates":[-117.691813,34.366918]},"properties":{"c":0,"p":0.988,"t":1,"k":1}},{"type":"Feature","geometry":{"type":"Point","coordinates":[-117.644901,34.361378]},"properties":{"c":1,"p":0.001,"t":0,"k":2}},{"type":"Feature","geometry":{"type":"Point","coordinates":[-117.691579,34.3674]},"properties":{"c":1,"p":0.544,"t":0,"k":2}},{"type":"Feature","geometry":{"type":"Point","coordinates":[-117.692539,34.367073]},"properties":{"c":0,"p":0.998,"t":1,"k":2}},{"type":"Feature","geometry":{"type":"Point","coordinates":[-117.692477,34.367266]},"properties":{"c":0,"p":0.999,"t":1,"k":2}},{"type":"Feature","geometry":{"type":"Point","coordinates":[-117.655926,34.365975]},"properties":{"c":1,"p":0.001,"t":0,"k":0}},{"type":"Feature","geometry":{"type":"Point","coordinates":[-117.656121,34.365937]},"properties":{"c":1,"p":0.003,"t":0,"k":0}},{"type":"Feature","geometry":{"type":"Point","coordinates":[-117.646736,34.361676]},"properties":{"c":1,"p":0.001,"t":0,"k":0}},{"type":"Feature","geometry":{"type":"Point","coordinates":[-117.644266,34.361299]},"properties":{"c":1,"p":0.0,"t":0,"k":0}},{"type":"Feature","geometry":{"type":"Point","coordinates":[-117.64677,34.361492]},"properties":{"c":1,"p":0.0,"t":0,"k":0}},{"type":"Feature","geometry":{"type":"Point","coordinates":[-117.67588,34.352129]},"properties":{"c":2,"p":0.958,"t":3,"k":4,"w":"probability 0.96; inspector graded it Minor (10-25%): damaged, not destroyed"}},{"type":"Feature","geometry":{"type":"Point","coordinates":[-117.674717,34.351432]},"properties":{"c":1,"p":0.531,"t":0,"k":4}},{"type":"Feature","geometry":{"type":"Point","coordinates":[-117.674519,34.351688]},"properties":{"c":1,"p":0.672,"t":0,"k":4}},{"type":"Feature","geometry":{"type":"Point","coordinates":[-117.686264,34.359918]},"properties":{"c":2,"p":0.979,"t":0,"k":2,"w":"probability 0.98"}},{"type":"Feature","geometry":{"type":"Point","coordinates":[-117.682058,34.35763]},"properties":{"c":1,"p":0.699,"t":0,"k":1}},{"type":"Feature","geometry":{"type":"Point","coordinates":[-117.682336,34.357981]},"properties":{"c":1,"p":0.765,"t":2,"k":2}},{"type":"Feature","geometry":{"type":"Point","coordinates":[-117.675224,34.351982]},"properties":{"c":1,"p":0.726,"t":0,"k":1}},{"type":"Feature","geometry":{"type":"Point","coordinates":[-117.674572,34.352162]},"properties":{"c":2,"p":0.99,"t":0,"k":1,"w":"probability 0.99"}},{"type":"Feature","geometry":{"type":"Point","coordinates":[-117.674736,34.351786]},"properties":{"c":1,"p":0.801,"t":0,"k":1}},{"type":"Feature","geometry":{"type":"Point","coordinates":[-117.674602,34.351842]},"properties":{"c":1,"p":0.602,"t":0,"k":1}},{"type":"Feature","geometry":{"type":"Point","coordinates":[-117.674393,34.351601]},"properties":{"c":1,"p":0.76,"t":0,"k":1}},{"type":"Feature","geometry":{"type":"Point","coordinates":[-117.643956,34.360686]},"properties":{"c":1,"p":0.001,"t":0,"k":0}},{"type":"Feature","geometry":{"type":"Point","coordinates":[-117.643974,34.360497]},"properties":{"c":1,"p":0.002,"t":0,"k":2}},{"type":"Feature","geometry":{"type":"Point","coordinates":[-117.67435,34.351512]},"properties":{"c":2,"p":0.927,"t":0,"k":4,"w":"probability 0.93, just over the 0.88 cut"}},{"type":"Feature","geometry":{"type":"Point","coordinates":[-117.644207,34.360695]},"properties":{"c":1,"p":0.001,"t":0,"k":0}},{"type":"Feature","geometry":{"type":"Point","coordinates":[-117.655799,34.366384]},"properties":{"c":1,"p":0.001,"t":0,"k":0}},{"type":"Feature","geometry":{"type":"Point","coordinates":[-117.65601,34.366425]},"properties":{"c":1,"p":0.076,"t":0,"k":0}},{"type":"Feature","geometry":{"type":"Point","coordinates":[-117.655581,34.366425]},"properties":{"c":1,"p":0.01,"t":0,"k":2}},{"type":"Feature","geometry":{"type":"Point","coordinates":[-117.655588,34.366324]},"properties":{"c":1,"p":0.001,"t":0,"k":0}},{"type":"Feature","geometry":{"type":"Point","coordinates":[-117.642034,34.352711]},"properties":{"c":1,"p":0.0,"t":0,"k":1}},{"type":"Feature","geometry":{"type":"Point","coordinates":[-117.644575,34.360628]},"properties":{"c":1,"p":0.001,"t":0,"k":2}},{"type":"Feature","geometry":{"type":"Point","coordinates":[-117.644449,34.360768]},"properties":{"c":1,"p":0.0,"t":0,"k":0}},{"type":"Feature","geometry":{"type":"Point","coordinates":[-117.674202,34.351307]},"properties":{"c":2,"p":0.891,"t":0,"k":1,"w":"probability 0.89, just over the 0.88 cut"}},{"type":"Feature","geometry":{"type":"Point","coordinates":[-117.655355,34.366299]},"properties":{"c":1,"p":0.003,"t":0,"k":0}},{"type":"Feature","geometry":{"type":"Point","coordinates":[-117.646256,34.36148]},"properties":{"c":1,"p":0.001,"t":0,"k":0}},{"type":"Feature","geometry":{"type":"Point","coordinates":[-117.646221,34.361641]},"properties":{"c":1,"p":0.001,"t":0,"k":2}},{"type":"Feature","geometry":{"type":"Point","coordinates":[-117.654811,34.365999]},"properties":{"c":1,"p":0.01,"t":0,"k":0}},{"type":"Feature","geometry":{"type":"Point","coordinates":[-117.644686,34.360849]},"properties":{"c":1,"p":0.001,"t":0,"k":0}},{"type":"Feature","geometry":{"type":"Point","coordinates":[-117.643258,34.351741]},"properties":{"c":1,"p":0.0,"t":0,"k":4}},{"type":"Feature","geometry":{"type":"Point","coordinates":[-117.654455,34.365774]},"properties":{"c":1,"p":0.009,"t":0,"k":0}},{"type":"Feature","geometry":{"type":"Point","coordinates":[-117.645908,34.361348]},"properties":{"c":1,"p":0.001,"t":0,"k":0}},{"type":"Feature","geometry":{"type":"Point","coordinates":[-117.65426,34.365696]},"properties":{"c":1,"p":0.0,"t":0,"k":0}},{"type":"Feature","geometry":{"type":"Point","coordinates":[-117.643437,34.351608]},"properties":{"c":1,"p":0.0,"t":0,"k":2}},{"type":"Feature","geometry":{"type":"Point","coordinates":[-117.644687,34.360668]},"properties":{"c":1,"p":0.003,"t":0,"k":2}},{"type":"Feature","geometry":{"type":"Point","coordinates":[-117.644792,34.36094]},"properties":{"c":1,"p":0.0,"t":0,"k":0}},{"type":"Feature","geometry":{"type":"Point","coordinates":[-117.64373,34.351299]},"properties":{"c":1,"p":0.0,"t":0,"k":2}},{"type":"Feature","geometry":{"type":"Point","coordinates":[-117.653861,34.365757]},"properties":{"c":1,"p":0.009,"t":0,"k":0}},{"type":"Feature","geometry":{"type":"Point","coordinates":[-117.65392,34.365734]},"properties":{"c":1,"p":0.009,"t":0,"k":2}},{"type":"Feature","geometry":{"type":"Point","coordinates":[-117.645734,34.361228]},"properties":{"c":1,"p":0.0,"t":0,"k":0}},{"type":"Feature","geometry":{"type":"Point","coordinates":[-117.64388,34.351127]},"properties":{"c":1,"p":0.001,"t":0,"k":2}},{"type":"Feature","geometry":{"type":"Point","coordinates":[-117.645066,34.36101]},"properties":{"c":1,"p":0.0,"t":0,"k":0}},{"type":"Feature","geometry":{"type":"Point","coordinates":[-117.645265,34.361099]},"properties":{"c":1,"p":0.001,"t":0,"k":0}},{"type":"Feature","geometry":{"type":"Point","coordinates":[-117.645511,34.361036]},"properties":{"c":1,"p":0.001,"t":0,"k":0}},{"type":"Feature","geometry":{"type":"Point","coordinates":[-117.644153,34.350951]},"properties":{"c":1,"p":0.001,"t":0,"k":2}},{"type":"Feature","geometry":{"type":"Point","coordinates":[-117.667268,34.223054]},"properties":{"c":1,"p":0.001,"t":0,"k":4}},{"type":"Feature","geometry":{"type":"Point","coordinates":[-117.711044,34.263795]},"properties":{"c":1,"p":0.466,"t":0,"k":2}},{"type":"Feature","geometry":{"type":"Point","coordinates":[-117.71067,34.264037]},"properties":{"c":2,"p":0.962,"t":0,"k":2,"w":"probability 0.96; green cover around it before the fire (pre-fire NDVI 0.71)"}},{"type":"Feature","geometry":{"type":"Point","coordinates":[-117.711159,34.263999]},"properties":{"c":2,"p":0.992,"t":0,"k":2,"w":"probability 0.99"}},{"type":"Feature","geometry":{"type":"Point","coordinates":[-117.711097,34.263709]},"properties":{"c":3,"p":0.31,"t":1,"k":2,"w":"probability 0.31; a minor structure (shed or outbuilding) in the inspection record; most neighbours within 50 m survived (2 of 2)"}},{"type":"Feature","geometry":{"type":"Point","coordinates":[-117.708212,34.264485]},"properties":{"c":2,"p":0.996,"t":0,"k":0,"w":"probability 0.996; green cover around it before the fire (pre-fire NDVI 0.85)"}},{"type":"Feature","geometry":{"type":"Point","coordinates":[-117.710552,34.263968]},"properties":{"c":0,"p":0.995,"t":1,"k":2}},{"type":"Feature","geometry":{"type":"Point","coordinates":[-117.708961,34.264142]},"properties":{"c":0,"p":0.998,"t":1,"k":0}},{"type":"Feature","geometry":{"type":"Point","coordinates":[-117.653467,34.365417]},"properties":{"c":1,"p":0.0,"t":0,"k":0}},{"type":"Feature","geometry":{"type":"Point","coordinates":[-117.652921,34.365342]},"properties":{"c":1,"p":0.002,"t":0,"k":0}},{"type":"Feature","geometry":{"type":"Point","coordinates":[-117.644036,34.350823]},"properties":{"c":1,"p":0.0,"t":0,"k":2}},{"type":"Feature","geometry":{"type":"Point","coordinates":[-117.653445,34.365623]},"properties":{"c":1,"p":0.002,"t":0,"k":2}},{"type":"Feature","geometry":{"type":"Point","coordinates":[-117.65333,34.365605]},"properties":{"c":1,"p":0.002,"t":0,"k":0}},{"type":"Feature","geometry":{"type":"Point","coordinates":[-117.653657,34.365228]},"properties":{"c":1,"p":0.0,"t":0,"k":0}},{"type":"Feature","geometry":{"type":"Point","coordinates":[-117.652974,34.366571]},"properties":{"c":1,"p":0.757,"t":0,"k":2}},{"type":"Feature","geometry":{"type":"Point","coordinates":[-117.644184,34.350814]},"properties":{"c":1,"p":0.0,"t":0,"k":2}},{"type":"Feature","geometry":{"type":"Point","coordinates":[-117.64429,34.350617]},"properties":{"c":1,"p":0.0,"t":0,"k":2}},{"type":"Feature","geometry":{"type":"Point","coordinates":[-117.643406,34.361038]},"properties":{"c":1,"p":0.0,"t":0,"k":0}},{"type":"Feature","geometry":{"type":"Point","coordinates":[-117.644789,34.34978]},"properties":{"c":1,"p":0.001,"t":0,"k":2}},{"type":"Feature","geometry":{"type":"Point","coordinates":[-117.643377,34.360855]},"properties":{"c":1,"p":0.0,"t":0,"k":2}},{"type":"Feature","geometry":{"type":"Point","coordinates":[-117.643739,34.361101]},"properties":{"c":1,"p":0.001,"t":0,"k":0}},{"type":"Feature","geometry":{"type":"Point","coordinates":[-117.680555,34.356598]},"properties":{"c":1,"p":0.834,"t":0,"k":1}},{"type":"Feature","geometry":{"type":"Point","coordinates":[-117.722006,34.390173]},"properties":{"c":1,"p":0.002,"t":0,"k":1}},{"type":"Feature","geometry":{"type":"Point","coordinates":[-117.722169,34.38998]},"properties":{"c":1,"p":0.006,"t":0,"k":1}},{"type":"Feature","geometry":{"type":"Point","coordinates":[-117.723087,34.389403]},"properties":{"c":1,"p":0.009,"t":0,"k":1}},{"type":"Feature","geometry":{"type":"Point","coordinates":[-117.72264,34.389403]},"properties":{"c":1,"p":0.006,"t":2,"k":1}},{"type":"Feature","geometry":{"type":"Point","coordinates":[-117.722306,34.389414]},"properties":{"c":1,"p":0.012,"t":2,"k":1}},{"type":"Feature","geometry":{"type":"Point","coordinates":[-117.721853,34.389648]},"properties":{"c":1,"p":0.011,"t":0,"k":1}},{"type":"Feature","geometry":{"type":"Point","coordinates":[-117.721538,34.389981]},"properties":{"c":1,"p":0.005,"t":0,"k":1}},{"type":"Feature","geometry":{"type":"Point","coordinates":[-117.720609,34.389224]},"properties":{"c":1,"p":0.003,"t":0,"k":1}},{"type":"Feature","geometry":{"type":"Point","coordinates":[-117.728428,34.391052]},"properties":{"c":1,"p":0.001,"t":0,"k":1}},{"type":"Feature","geometry":{"type":"Point","coordinates":[-117.728631,34.39006]},"properties":{"c":1,"p":0.003,"t":0,"k":1}},{"type":"Feature","geometry":{"type":"Point","coordinates":[-117.728234,34.389674]},"properties":{"c":1,"p":0.003,"t":0,"k":1}},{"type":"Feature","geometry":{"type":"Point","coordinates":[-117.727807,34.389777]},"properties":{"c":1,"p":0.002,"t":0,"k":1}},{"type":"Feature","geometry":{"type":"Point","coordinates":[-117.726182,34.389495]},"properties":{"c":1,"p":0.005,"t":0,"k":1}},{"type":"Feature","geometry":{"type":"Point","coordinates":[-117.726308,34.389678]},"properties":{"c":1,"p":0.002,"t":0,"k":1}},{"type":"Feature","geometry":{"type":"Point","coordinates":[-117.727166,34.389898]},"properties":{"c":1,"p":0.004,"t":0,"k":1}},{"type":"Feature","geometry":{"type":"Point","coordinates":[-117.727389,34.390095]},"properties":{"c":1,"p":0.005,"t":0,"k":1}},{"type":"Feature","geometry":{"type":"Point","coordinates":[-117.727137,34.390303]},"properties":{"c":1,"p":0.001,"t":0,"k":1}},{"type":"Feature","geometry":{"type":"Point","coordinates":[-117.727369,34.390646]},"properties":{"c":1,"p":0.004,"t":0,"k":2}},{"type":"Feature","geometry":{"type":"Point","coordinates":[-117.728042,34.390518]},"properties":{"c":1,"p":0.001,"t":0,"k":1}},{"type":"Feature","geometry":{"type":"Point","coordinates":[-117.728328,34.3905]},"properties":{"c":1,"p":0.001,"t":0,"k":1}},{"type":"Feature","geometry":{"type":"Point","coordinates":[-117.727727,34.39087]},"properties":{"c":1,"p":0.003,"t":0,"k":1}},{"type":"Feature","geometry":{"type":"Point","coordinates":[-117.727525,34.391353]},"properties":{"c":1,"p":0.003,"t":0,"k":2}},{"type":"Feature","geometry":{"type":"Point","coordinates":[-117.721968,34.390362]},"properties":{"c":1,"p":0.001,"t":0,"k":2}},{"type":"Feature","geometry":{"type":"Point","coordinates":[-117.72249,34.389529]},"properties":{"c":1,"p":0.003,"t":0,"k":1}},{"type":"Feature","geometry":{"type":"Point","coordinates":[-117.721786,34.389494]},"properties":{"c":1,"p":0.006,"t":0,"k":1}},{"type":"Feature","geometry":{"type":"Point","coordinates":[-117.728736,34.390572]},"properties":{"c":1,"p":0.001,"t":0,"k":2}},{"type":"Feature","geometry":{"type":"Point","coordinates":[-117.728546,34.390369]},"properties":{"c":1,"p":0.001,"t":0,"k":1}},{"type":"Feature","geometry":{"type":"Point","coordinates":[-117.728448,34.390289]},"properties":{"c":1,"p":0.001,"t":0,"k":1}},{"type":"Feature","geometry":{"type":"Point","coordinates":[-117.728104,34.390149]},"properties":{"c":1,"p":0.002,"t":0,"k":1}},{"type":"Feature","geometry":{"type":"Point","coordinates":[-117.726729,34.389094]},"properties":{"c":1,"p":0.001,"t":0,"k":0}},{"type":"Feature","geometry":{"type":"Point","coordinates":[-117.726193,34.389262]},"properties":{"c":1,"p":0.004,"t":0,"k":0}},{"type":"Feature","geometry":{"type":"Point","coordinates":[-117.726211,34.389469]},"properties":{"c":1,"p":0.004,"t":0,"k":0}},{"type":"Feature","geometry":{"type":"Point","coordinates":[-117.726361,34.389476]},"properties":{"c":1,"p":0.002,"t":0,"k":0}},{"type":"Feature","geometry":{"type":"Point","coordinates":[-117.726505,34.389638]},"properties":{"c":1,"p":0.001,"t":0,"k":0}},{"type":"Feature","geometry":{"type":"Point","coordinates":[-117.726838,34.389651]},"properties":{"c":1,"p":0.004,"t":0,"k":2}},{"type":"Feature","geometry":{"type":"Point","coordinates":[-117.726846,34.38953]},"properties":{"c":1,"p":0.009,"t":0,"k":2}},{"type":"Feature","geometry":{"type":"Point","coordinates":[-117.727508,34.390285]},"properties":{"c":1,"p":0.001,"t":0,"k":2}},{"type":"Feature","geometry":{"type":"Point","coordinates":[-117.727237,34.390567]},"properties":{"c":1,"p":0.002,"t":0,"k":2}},{"type":"Feature","geometry":{"type":"Point","coordinates":[-117.727969,34.390258]},"properties":{"c":1,"p":0.002,"t":0,"k":1}},{"type":"Feature","geometry":{"type":"Point","coordinates":[-117.727632,34.391818]},"properties":{"c":1,"p":0.005,"t":0,"k":2}},{"type":"Feature","geometry":{"type":"Point","coordinates":[-117.710381,34.264106]},"properties":{"c":0,"p":0.998,"t":1,"k":2}},{"type":"Feature","geometry":{"type":"Point","coordinates":[-117.698267,34.368475]},"properties":{"c":0,"p":0.996,"t":1,"k":2}},{"type":"Feature","geometry":{"type":"Point","coordinates":[-117.697939,34.368351]},"properties":{"c":2,"p":0.94,"t":0,"k":2,"w":"probability 0.94"}},{"type":"Feature","geometry":{"type":"Point","coordinates":[-117.651921,34.366897]},"properties":{"c":1,"p":0.003,"t":0,"k":2}},{"type":"Feature","geometry":{"type":"Point","coordinates":[-117.64273,34.352683]},"properties":{"c":1,"p":0.0,"t":0,"k":1}},{"type":"Feature","geometry":{"type":"Point","coordinates":[-117.643463,34.351785]},"properties":{"c":1,"p":0.001,"t":0,"k":2}},{"type":"Feature","geometry":{"type":"Point","coordinates":[-117.643722,34.351416]},"properties":{"c":1,"p":0.0,"t":0,"k":2}},{"type":"Feature","geometry":{"type":"Point","coordinates":[-117.643694,34.351221]},"properties":{"c":1,"p":0.001,"t":0,"k":2}},{"type":"Feature","geometry":{"type":"Point","coordinates":[-117.643913,34.351074]},"properties":{"c":1,"p":0.001,"t":0,"k":2}},{"type":"Feature","geometry":{"type":"Point","coordinates":[-117.644052,34.350753]},"properties":{"c":1,"p":0.001,"t":0,"k":2}},{"type":"Feature","geometry":{"type":"Point","coordinates":[-117.710096,34.263919]},"properties":{"c":0,"p":0.997,"t":1,"k":2}},{"type":"Feature","geometry":{"type":"Point","coordinates":[-117.658553,34.237263]},"properties":{"c":1,"p":0.008,"t":0,"k":0}},{"type":"Feature","geometry":{"type":"Point","coordinates":[-117.642721,34.350851]},"properties":{"c":1,"p":0.0,"t":0,"k":2}},{"type":"Feature","geometry":{"type":"Point","coordinates":[-117.642983,34.351004]},"properties":{"c":1,"p":0.001,"t":0,"k":2}},{"type":"Feature","geometry":{"type":"Point","coordinates":[-117.642792,34.35077]},"properties":{"c":1,"p":0.001,"t":0,"k":2}},{"type":"Feature","geometry":{"type":"Point","coordinates":[-117.643253,34.350804]},"properties":{"c":1,"p":0.001,"t":0,"k":2}},{"type":"Feature","geometry":{"type":"Point","coordinates":[-117.643574,34.350812]},"properties":{"c":1,"p":0.001,"t":0,"k":2}},{"type":"Feature","geometry":{"type":"Point","coordinates":[-117.643449,34.350656]},"properties":{"c":1,"p":0.001,"t":0,"k":0}},{"type":"Feature","geometry":{"type":"Point","coordinates":[-117.658328,34.23946]},"properties":{"c":1,"p":0.325,"t":0,"k":0}},{"type":"Feature","geometry":{"type":"Point","coordinates":[-117.643691,34.350698]},"properties":{"c":1,"p":0.001,"t":0,"k":0}},{"type":"Feature","geometry":{"type":"Point","coordinates":[-117.643616,34.350498]},"properties":{"c":1,"p":0.001,"t":0,"k":2}},{"type":"Feature","geometry":{"type":"Point","coordinates":[-117.643725,34.350579]},"properties":{"c":1,"p":0.001,"t":0,"k":2}},{"type":"Feature","geometry":{"type":"Point","coordinates":[-117.643688,34.350333]},"properties":{"c":1,"p":0.001,"t":0,"k":2}},{"type":"Feature","geometry":{"type":"Point","coordinates":[-117.664146,34.382991]},"properties":{"c":1,"p":0.021,"t":2,"k":4}},{"type":"Feature","geometry":{"type":"Point","coordinates":[-117.663976,34.382196]},"properties":{"c":0,"p":0.896,"t":1,"k":2}},{"type":"Feature","geometry":{"type":"Point","coordinates":[-117.643249,34.351107]},"properties":{"c":1,"p":0.0,"t":0,"k":2}},{"type":"Feature","geometry":{"type":"Point","coordinates":[-117.643196,34.351176]},"properties":{"c":1,"p":0.0,"t":0,"k":2}},{"type":"Feature","geometry":{"type":"Point","coordinates":[-117.642504,34.350784]},"properties":{"c":1,"p":0.001,"t":0,"k":2}},{"type":"Feature","geometry":{"type":"Point","coordinates":[-117.642603,34.350814]},"properties":{"c":1,"p":0.001,"t":0,"k":2}},{"type":"Feature","geometry":{"type":"Point","coordinates":[-117.64255,34.350917]},"properties":{"c":1,"p":0.001,"t":0,"k":2}},{"type":"Feature","geometry":{"type":"Point","coordinates":[-117.642987,34.351315]},"properties":{"c":1,"p":0.0,"t":0,"k":2}},{"type":"Feature","geometry":{"type":"Point","coordinates":[-117.642924,34.351446]},"properties":{"c":1,"p":0.001,"t":0,"k":2}},{"type":"Feature","geometry":{"type":"Point","coordinates":[-117.687311,34.378983]},"properties":{"c":1,"p":0.231,"t":0,"k":0}},{"type":"Feature","geometry":{"type":"Point","coordinates":[-117.643061,34.351767]},"properties":{"c":1,"p":0.001,"t":0,"k":2}},{"type":"Feature","geometry":{"type":"Point","coordinates":[-117.643049,34.351768]},"properties":{"c":1,"p":0.001,"t":0,"k":2}},{"type":"Feature","geometry":{"type":"Point","coordinates":[-117.681444,34.376574]},"properties":{"c":1,"p":0.476,"t":0,"k":5}},{"type":"Feature","geometry":{"type":"Point","coordinates":[-117.681948,34.376624]},"properties":{"c":2,"p":0.983,"t":0,"k":5,"w":"probability 0.98"}},{"type":"Feature","geometry":{"type":"Point","coordinates":[-117.682262,34.37656]},"properties":{"c":2,"p":0.961,"t":0,"k":5,"w":"probability 0.96; green cover around it before the fire (pre-fire NDVI 0.63)"}},{"type":"Feature","geometry":{"type":"Point","coordinates":[-117.681732,34.376587]},"properties":{"c":2,"p":0.898,"t":0,"k":5,"w":"probability 0.90, just over the 0.88 cut"}},{"type":"Feature","geometry":{"type":"Point","coordinates":[-117.641857,34.35251]},"properties":{"c":1,"p":0.0,"t":0,"k":2}},{"type":"Feature","geometry":{"type":"Point","coordinates":[-117.64221,34.352518]},"properties":{"c":1,"p":0.001,"t":0,"k":1}},{"type":"Feature","geometry":{"type":"Point","coordinates":[-117.641998,34.352398]},"properties":{"c":1,"p":0.001,"t":0,"k":0}},{"type":"Feature","geometry":{"type":"Point","coordinates":[-117.642261,34.352462]},"properties":{"c":1,"p":0.0,"t":0,"k":2}},{"type":"Feature","geometry":{"type":"Point","coordinates":[-117.662384,34.242108]},"properties":{"c":0,"p":0.998,"t":1,"k":2}},{"type":"Feature","geometry":{"type":"Point","coordinates":[-117.642348,34.352758]},"properties":{"c":1,"p":0.0,"t":0,"k":2}},{"type":"Feature","geometry":{"type":"Point","coordinates":[-117.641521,34.352776]},"properties":{"c":1,"p":0.0,"t":0,"k":1}},{"type":"Feature","geometry":{"type":"Point","coordinates":[-117.641696,34.35349]},"properties":{"c":1,"p":0.0,"t":0,"k":2}},{"type":"Feature","geometry":{"type":"Point","coordinates":[-117.641262,34.353241]},"properties":{"c":1,"p":0.0,"t":0,"k":2}},{"type":"Feature","geometry":{"type":"Point","coordinates":[-117.641753,34.353781]},"properties":{"c":1,"p":0.0,"t":0,"k":0}},{"type":"Feature","geometry":{"type":"Point","coordinates":[-117.641271,34.353659]},"properties":{"c":1,"p":0.0,"t":0,"k":0}},{"type":"Feature","geometry":{"type":"Point","coordinates":[-117.641644,34.353415]},"properties":{"c":1,"p":0.0,"t":0,"k":2}},{"type":"Feature","geometry":{"type":"Point","coordinates":[-117.640945,34.35375]},"properties":{"c":1,"p":0.0,"t":0,"k":0}},{"type":"Feature","geometry":{"type":"Point","coordinates":[-117.640977,34.353673]},"properties":{"c":1,"p":0.0,"t":0,"k":0}},{"type":"Feature","geometry":{"type":"Point","coordinates":[-117.659637,34.236351]},"properties":{"c":1,"p":0.002,"t":0,"k":0}},{"type":"Feature","geometry":{"type":"Point","coordinates":[-117.639242,34.353206]},"properties":{"c":1,"p":0.0,"t":0,"k":2}},{"type":"Feature","geometry":{"type":"Point","coordinates":[-117.639162,34.353344]},"properties":{"c":1,"p":0.001,"t":0,"k":5}},{"type":"Feature","geometry":{"type":"Point","coordinates":[-117.639412,34.353268]},"properties":{"c":1,"p":0.001,"t":0,"k":2}},{"type":"Feature","geometry":{"type":"Point","coordinates":[-117.639456,34.353274]},"properties":{"c":1,"p":0.001,"t":0,"k":2}},{"type":"Feature","geometry":{"type":"Point","coordinates":[-117.639479,34.353282]},"properties":{"c":1,"p":0.001,"t":0,"k":2}},{"type":"Feature","geometry":{"type":"Point","coordinates":[-117.659441,34.23641]},"properties":{"c":1,"p":0.002,"t":0,"k":2}},{"type":"Feature","geometry":{"type":"Point","coordinates":[-117.658294,34.236367]},"properties":{"c":1,"p":0.0,"t":0,"k":0}},{"type":"Feature","geometry":{"type":"Point","coordinates":[-117.639601,34.353381]},"properties":{"c":1,"p":0.002,"t":0,"k":2}},{"type":"Feature","geometry":{"type":"Point","coordinates":[-117.639428,34.354068]},"properties":{"c":1,"p":0.0,"t":0,"k":2}},{"type":"Feature","geometry":{"type":"Point","coordinates":[-117.661044,34.235543]},"properties":{"c":1,"p":0.037,"t":0,"k":0}},{"type":"Feature","geometry":{"type":"Point","coordinates":[-117.660976,34.235664]},"properties":{"c":1,"p":0.111,"t":0,"k":2}},{"type":"Feature","geometry":{"type":"Point","coordinates":[-117.657677,34.237244]},"properties":{"c":1,"p":0.001,"t":0,"k":0}},{"type":"Feature","geometry":{"type":"Point","coordinates":[-117.654824,34.359844]},"properties":{"c":1,"p":0.001,"t":0,"k":0}},{"type":"Feature","geometry":{"type":"Point","coordinates":[-117.653027,34.36754]},"properties":{"c":1,"p":0.012,"t":0,"k":2}},{"type":"Feature","geometry":{"type":"Point","coordinates":[-117.655238,34.360023]},"properties":{"c":1,"p":0.001,"t":0,"k":0}},{"type":"Feature","geometry":{"type":"Point","coordinates":[-117.655032,34.359869]},"properties":{"c":1,"p":0.002,"t":0,"k":2}},{"type":"Feature","geometry":{"type":"Point","coordinates":[-117.654496,34.368138]},"properties":{"c":0,"p":0.975,"t":1,"k":0}},{"type":"Feature","geometry":{"type":"Point","coordinates":[-117.655415,34.359918]},"properties":{"c":1,"p":0.25,"t":0,"k":0}},{"type":"Feature","geometry":{"type":"Point","coordinates":[-117.664008,34.228746]},"properties":{"c":1,"p":0.001,"t":0,"k":0}},{"type":"Feature","geometry":{"type":"Point","coordinates":[-117.65431,34.36834]},"properties":{"c":1,"p":0.821,"t":0,"k":0}},{"type":"Feature","geometry":{"type":"Point","coordinates":[-117.677072,34.372511]},"properties":{"c":1,"p":0.002,"t":0,"k":1}},{"type":"Feature","geometry":{"type":"Point","coordinates":[-117.655622,34.359593]},"properties":{"c":0,"p":0.992,"t":1,"k":0}},{"type":"Feature","geometry":{"type":"Point","coordinates":[-117.655147,34.368264]},"properties":{"c":1,"p":0.041,"t":0,"k":0}},{"type":"Feature","geometry":{"type":"Point","coordinates":[-117.67657,34.372456]},"properties":{"c":1,"p":0.006,"t":0,"k":1}},{"type":"Feature","geometry":{"type":"Point","coordinates":[-117.655293,34.359454]},"properties":{"c":1,"p":0.872,"t":2,"k":0}},{"type":"Feature","geometry":{"type":"Point","coordinates":[-117.655775,34.368605]},"properties":{"c":1,"p":0.231,"t":0,"k":0}},{"type":"Feature","geometry":{"type":"Point","coordinates":[-117.676253,34.372255]},"properties":{"c":1,"p":0.024,"t":0,"k":1}},{"type":"Feature","geometry":{"type":"Point","coordinates":[-117.675909,34.372255]},"properties":{"c":1,"p":0.003,"t":0,"k":2}},{"type":"Feature","geometry":{"type":"Point","coordinates":[-117.675915,34.372068]},"properties":{"c":1,"p":0.018,"t":0,"k":1}},{"type":"Feature","geometry":{"type":"Point","coordinates":[-117.655083,34.359383]},"properties":{"c":1,"p":0.012,"t":0,"k":0}},{"type":"Feature","geometry":{"type":"Point","coordinates":[-117.676586,34.371926]},"properties":{"c":1,"p":0.005,"t":0,"k":2}},{"type":"Feature","geometry":{"type":"Point","coordinates":[-117.654581,34.359298]},"properties":{"c":1,"p":0.001,"t":0,"k":0}},{"type":"Feature","geometry":{"type":"Point","coordinates":[-117.676278,34.371687]},"properties":{"c":1,"p":0.02,"t":0,"k":2}},{"type":"Feature","geometry":{"type":"Point","coordinates":[-117.654121,34.359275]},"properties":{"c":1,"p":0.001,"t":0,"k":0}},{"type":"Feature","geometry":{"type":"Point","coordinates":[-117.663663,34.228867]},"properties":{"c":1,"p":0.002,"t":0,"k":0}},{"type":"Feature","geometry":{"type":"Point","coordinates":[-117.653872,34.359145]},"properties":{"c":1,"p":0.001,"t":0,"k":0}},{"type":"Feature","geometry":{"type":"Point","coordinates":[-117.660454,34.368671]},"properties":{"c":1,"p":0.859,"t":2,"k":1}},{"type":"Feature","geometry":{"type":"Point","coordinates":[-117.66062,34.368294]},"properties":{"c":1,"p":0.731,"t":0,"k":2}},{"type":"Feature","geometry":{"type":"Point","coordinates":[-117.6605,34.368251]},"properties":{"c":1,"p":0.84,"t":0,"k":2}},{"type":"Feature","geometry":{"type":"Point","coordinates":[-117.653698,34.359631]},"properties":{"c":1,"p":0.0,"t":0,"k":0}},{"type":"Feature","geometry":{"type":"Point","coordinates":[-117.659906,34.368568]},"properties":{"c":2,"p":0.943,"t":0,"k":1,"w":"probability 0.94"}},{"type":"Feature","geometry":{"type":"Point","coordinates":[-117.659742,34.368849]},"properties":{"c":0,"p":0.997,"t":1,"k":0}},{"type":"Feature","geometry":{"type":"Point","coordinates":[-117.653949,34.359661]},"properties":{"c":1,"p":0.0,"t":0,"k":0}},{"type":"Feature","geometry":{"type":"Point","coordinates":[-117.679582,34.373276]},"properties":{"c":1,"p":0.049,"t":0,"k":2}},{"type":"Feature","geometry":{"type":"Point","coordinates":[-117.6541,34.35971]},"properties":{"c":1,"p":0.0,"t":0,"k":0}},{"type":"Feature","geometry":{"type":"Point","coordinates":[-117.678902,34.373178]},"properties":{"c":1,"p":0.006,"t":0,"k":2}},{"type":"Feature","geometry":{"type":"Point","coordinates":[-117.661393,34.368828]},"properties":{"c":1,"p":0.058,"t":0,"k":0}},{"type":"Feature","geometry":{"type":"Point","coordinates":[-117.681066,34.371207]},"properties":{"c":1,"p":0.189,"t":0,"k":2}},{"type":"Feature","geometry":{"type":"Point","coordinates":[-117.661341,34.369321]},"properties":{"c":1,"p":0.018,"t":0,"k":0}},{"type":"Feature","geometry":{"type":"Point","coordinates":[-117.661959,34.369795]},"properties":{"c":0,"p":0.979,"t":1,"k":0}},{"type":"Feature","geometry":{"type":"Point","coordinates":[-117.662481,34.23112]},"properties":{"c":1,"p":0.001,"t":0,"k":1}},{"type":"Feature","geometry":{"type":"Point","coordinates":[-117.662249,34.231324]},"properties":{"c":1,"p":0.013,"t":0,"k":1}},{"type":"Feature","geometry":{"type":"Point","coordinates":[-117.662086,34.370289]},"properties":{"c":0,"p":0.982,"t":1,"k":0}},{"type":"Feature","geometry":{"type":"Point","coordinates":[-117.678633,34.374617]},"properties":{"c":0,"p":0.995,"t":1,"k":0}},{"type":"Feature","geometry":{"type":"Point","coordinates":[-117.662638,34.370127]},"properties":{"c":1,"p":0.023,"t":0,"k":0}},{"type":"Feature","geometry":{"type":"Point","coordinates":[-117.678853,34.375174]},"properties":{"c":0,"p":0.98,"t":1,"k":2}},{"type":"Feature","geometry":{"type":"Point","coordinates":[-117.678364,34.37491]},"properties":{"c":2,"p":0.981,"t":0,"k":1,"w":"probability 0.98"}},{"type":"Feature","geometry":{"type":"Point","coordinates":[-117.654486,34.360246]},"properties":{"c":1,"p":0.0,"t":0,"k":0}},{"type":"Feature","geometry":{"type":"Point","coordinates":[-117.654412,34.360451]},"properties":{"c":1,"p":0.001,"t":0,"k":2}},{"type":"Feature","geometry":{"type":"Point","coordinates":[-117.654142,34.360528]},"properties":{"c":1,"p":0.0,"t":0,"k":0}},{"type":"Feature","geometry":{"type":"Point","coordinates":[-117.670719,34.372691]},"properties":{"c":0,"p":0.992,"t":1,"k":0}},{"type":"Feature","geometry":{"type":"Point","coordinates":[-117.65386,34.360475]},"properties":{"c":1,"p":0.0,"t":0,"k":0}},{"type":"Feature","geometry":{"type":"Point","coordinates":[-117.653683,34.360424]},"properties":{"c":1,"p":0.0,"t":0,"k":0}},{"type":"Feature","geometry":{"type":"Point","coordinates":[-117.653447,34.360327]},"properties":{"c":1,"p":0.0,"t":0,"k":0}},{"type":"Feature","geometry":{"type":"Point","coordinates":[-117.689794,34.378964]},"properties":{"c":1,"p":0.002,"t":0,"k":5}},{"type":"Feature","geometry":{"type":"Point","coordinates":[-117.653223,34.36028]},"properties":{"c":1,"p":0.0,"t":0,"k":0}},{"type":"Feature","geometry":{"type":"Point","coordinates":[-117.661552,34.233829]},"properties":{"c":1,"p":0.002,"t":0,"k":0}},{"type":"Feature","geometry":{"type":"Point","coordinates":[-117.661526,34.23424]},"properties":{"c":1,"p":0.014,"t":0,"k":0}},{"type":"Feature","geometry":{"type":"Point","coordinates":[-117.661408,34.234665]},"properties":{"c":1,"p":0.004,"t":0,"k":0}},{"type":"Feature","geometry":{"type":"Point","coordinates":[-117.661435,34.234616]},"properties":{"c":1,"p":0.006,"t":0,"k":2}},{"type":"Feature","geometry":{"type":"Point","coordinates":[-117.661253,34.234907]},"properties":{"c":1,"p":0.002,"t":0,"k":0}},{"type":"Feature","geometry":{"type":"Point","coordinates":[-117.661367,34.235001]},"properties":{"c":1,"p":0.019,"t":0,"k":2}},{"type":"Feature","geometry":{"type":"Point","coordinates":[-117.653567,34.359103]},"properties":{"c":1,"p":0.001,"t":0,"k":0}},{"type":"Feature","geometry":{"type":"Point","coordinates":[-117.670713,34.368173]},"properties":{"c":3,"p":0.17,"t":1,"k":2,"w":"probability 0.17; a minor structure (shed or outbuilding) in the inspection record"}},{"type":"Feature","geometry":{"type":"Point","coordinates":[-117.670198,34.368086]},"properties":{"c":1,"p":0.353,"t":0,"k":2}},{"type":"Feature","geometry":{"type":"Point","coordinates":[-117.653246,34.359875]},"properties":{"c":1,"p":0.0,"t":0,"k":0}},{"type":"Feature","geometry":{"type":"Point","coordinates":[-117.66916,34.369121]},"properties":{"c":2,"p":0.973,"t":0,"k":2,"w":"probability 0.97"}},{"type":"Feature","geometry":{"type":"Point","coordinates":[-117.653561,34.359963]},"properties":{"c":1,"p":0.0,"t":0,"k":0}},{"type":"Feature","geometry":{"type":"Point","coordinates":[-117.670397,34.368992]},"properties":{"c":2,"p":0.988,"t":0,"k":1,"w":"probability 0.99; green cover around it before the fire (pre-fire NDVI 0.57)"}},{"type":"Feature","geometry":{"type":"Point","coordinates":[-117.690259,34.38264]},"properties":{"c":1,"p":0.522,"t":0,"k":2}},{"type":"Feature","geometry":{"type":"Point","coordinates":[-117.690339,34.382719]},"properties":{"c":1,"p":0.037,"t":0,"k":0}},{"type":"Feature","geometry":{"type":"Point","coordinates":[-117.653763,34.360012]},"properties":{"c":1,"p":0.0,"t":0,"k":0}},{"type":"Feature","geometry":{"type":"Point","coordinates":[-117.669272,34.36911]},"properties":{"c":2,"p":0.973,"t":0,"k":2,"w":"probability 0.97"}},{"type":"Feature","geometry":{"type":"Point","coordinates":[-117.654001,34.360046]},"properties":{"c":1,"p":0.001,"t":0,"k":0}},{"type":"Feature","geometry":{"type":"Point","coordinates":[-117.689584,34.382644]},"properties":{"c":2,"p":0.921,"t":0,"k":0,"w":"probability 0.92, just over the 0.88 cut"}},{"type":"Feature","geometry":{"type":"Point","coordinates":[-117.654183,34.359961]},"properties":{"c":1,"p":0.0,"t":0,"k":2}},{"type":"Feature","geometry":{"type":"Point","coordinates":[-117.661236,34.235145]},"properties":{"c":1,"p":0.001,"t":0,"k":0}},{"type":"Feature","geometry":{"type":"Point","coordinates":[-117.661175,34.235376]},"properties":{"c":1,"p":0.033,"t":0,"k":0}},{"type":"Feature","geometry":{"type":"Point","coordinates":[-117.661216,34.235451]},"properties":{"c":1,"p":0.087,"t":0,"k":2}},{"type":"Feature","geometry":{"type":"Point","coordinates":[-117.6889,34.383549]},"properties":{"c":1,"p":0.47,"t":0,"k":0}},{"type":"Feature","geometry":{"type":"Point","coordinates":[-117.659716,34.366223]},"properties":{"c":0,"p":0.97,"t":1,"k":2}},{"type":"Feature","geometry":{"type":"Point","coordinates":[-117.689225,34.38355]},"properties":{"c":1,"p":0.031,"t":0,"k":0}},{"type":"Feature","geometry":{"type":"Point","coordinates":[-117.68881,34.383479]},"properties":{"c":1,"p":0.754,"t":2,"k":0}},{"type":"Feature","geometry":{"type":"Point","coordinates":[-117.654247,34.36008]},"properties":{"c":1,"p":0.001,"t":0,"k":0}},{"type":"Feature","geometry":{"type":"Point","coordinates":[-117.689306,34.383701]},"properties":{"c":1,"p":0.06,"t":0,"k":2}},{"type":"Feature","geometry":{"type":"Point","coordinates":[-117.689441,34.383786]},"properties":{"c":1,"p":0.079,"t":0,"k":0}},{"type":"Feature","geometry":{"type":"Point","coordinates":[-117.689655,34.38391]},"properties":{"c":1,"p":0.805,"t":0,"k":2}},{"type":"Feature","geometry":{"type":"Point","coordinates":[-117.689728,34.38384]},"properties":{"c":1,"p":0.32,"t":0,"k":0}},{"type":"Feature","geometry":{"type":"Point","coordinates":[-117.690149,34.384024]},"properties":{"c":1,"p":0.495,"t":0,"k":2}},{"type":"Feature","geometry":{"type":"Point","coordinates":[-117.657066,34.366393]},"properties":{"c":1,"p":0.014,"t":0,"k":2}},{"type":"Feature","geometry":{"type":"Point","coordinates":[-117.690603,34.383811]},"properties":{"c":1,"p":0.008,"t":0,"k":0}},{"type":"Feature","geometry":{"type":"Point","coordinates":[-117.690274,34.383938]},"properties":{"c":1,"p":0.145,"t":0,"k":0}},{"type":"Feature","geometry":{"type":"Point","coordinates":[-117.690832,34.383651]},"properties":{"c":1,"p":0.018,"t":0,"k":0}},{"type":"Feature","geometry":{"type":"Point","coordinates":[-117.691039,34.383861]},"properties":{"c":1,"p":0.006,"t":0,"k":0}},{"type":"Feature","geometry":{"type":"Point","coordinates":[-117.691624,34.383741]},"properties":{"c":1,"p":0.021,"t":0,"k":0}},{"type":"Feature","geometry":{"type":"Point","coordinates":[-117.692204,34.383968]},"properties":{"c":1,"p":0.012,"t":0,"k":0}},{"type":"Feature","geometry":{"type":"Point","coordinates":[-117.692069,34.38413]},"properties":{"c":1,"p":0.002,"t":0,"k":0}},{"type":"Feature","geometry":{"type":"Point","coordinates":[-117.660332,34.235765]},"properties":{"c":1,"p":0.0,"t":0,"k":0}},{"type":"Feature","geometry":{"type":"Point","coordinates":[-117.660264,34.235846]},"properties":{"c":1,"p":0.001,"t":0,"k":0}},{"type":"Feature","geometry":{"type":"Point","coordinates":[-117.660462,34.235574]},"properties":{"c":1,"p":0.0,"t":0,"k":0}},{"type":"Feature","geometry":{"type":"Point","coordinates":[-117.66039,34.235784]},"properties":{"c":1,"p":0.0,"t":0,"k":2}},{"type":"Feature","geometry":{"type":"Point","coordinates":[-117.650857,34.36756]},"properties":{"c":0,"p":0.982,"t":1,"k":2}},{"type":"Feature","geometry":{"type":"Point","coordinates":[-117.650884,34.367687]},"properties":{"c":0,"p":0.988,"t":1,"k":2}},{"type":"Feature","geometry":{"type":"Point","coordinates":[-117.649683,34.367208]},"properties":{"c":0,"p":0.995,"t":1,"k":0}},{"type":"Feature","geometry":{"type":"Point","coordinates":[-117.649327,34.367587]},"properties":{"c":0,"p":0.997,"t":1,"k":2}},{"type":"Feature","geometry":{"type":"Point","coordinates":[-117.649297,34.367782]},"properties":{"c":2,"p":0.977,"t":2,"k":2,"w":"probability 0.98; inspector graded it Affected (1-10%): damaged, not destroyed"}},{"type":"Feature","geometry":{"type":"Point","coordinates":[-117.649126,34.367855]},"properties":{"c":1,"p":0.115,"t":2,"k":0}},{"type":"Feature","geometry":{"type":"Point","coordinates":[-117.649223,34.366528]},"properties":{"c":1,"p":0.052,"t":2,"k":2}},{"type":"Feature","geometry":{"type":"Point","coordinates":[-117.670361,34.232074]},"properties":{"c":0,"p":0.981,"t":1,"k":2}},{"type":"Feature","geometry":{"type":"Point","coordinates":[-117.669148,34.232443]},"properties":{"c":0,"p":0.959,"t":1,"k":2}},{"type":"Feature","geometry":{"type":"Point","coordinates":[-117.669267,34.232261]},"properties":{"c":0,"p":0.912,"t":1,"k":2}},{"type":"Feature","geometry":{"type":"Point","coordinates":[-117.642069,34.398392]},"properties":{"c":1,"p":0.012,"t":0,"k":0}},{"type":"Feature","geometry":{"type":"Point","coordinates":[-117.683082,34.382597]},"properties":{"c":1,"p":0.002,"t":0,"k":2}},{"type":"Feature","geometry":{"type":"Point","coordinates":[-117.682817,34.381798]},"properties":{"c":1,"p":0.002,"t":0,"k":1}},{"type":"Feature","geometry":{"type":"Point","coordinates":[-117.6423,34.398078]},"properties":{"c":1,"p":0.113,"t":0,"k":2}},{"type":"Feature","geometry":{"type":"Point","coordinates":[-117.682682,34.382858]},"properties":{"c":1,"p":0.011,"t":0,"k":1}},{"type":"Feature","geometry":{"type":"Point","coordinates":[-117.682024,34.382001]},"properties":{"c":1,"p":0.002,"t":0,"k":1}},{"type":"Feature","geometry":{"type":"Point","coordinates":[-117.681783,34.38167]},"properties":{"c":1,"p":0.011,"t":0,"k":2}},{"type":"Feature","geometry":{"type":"Point","coordinates":[-117.682139,34.381491]},"properties":{"c":1,"p":0.003,"t":0,"k":1}},{"type":"Feature","geometry":{"type":"Point","coordinates":[-117.681571,34.381834]},"properties":{"c":1,"p":0.003,"t":0,"k":1}},{"type":"Feature","geometry":{"type":"Point","coordinates":[-117.681631,34.381991]},"properties":{"c":1,"p":0.004,"t":0,"k":1}},{"type":"Feature","geometry":{"type":"Point","coordinates":[-117.681356,34.381994]},"properties":{"c":1,"p":0.003,"t":0,"k":1}},{"type":"Feature","geometry":{"type":"Point","coordinates":[-117.682458,34.382395]},"properties":{"c":1,"p":0.011,"t":0,"k":2}},{"type":"Feature","geometry":{"type":"Point","coordinates":[-117.682156,34.382424]},"properties":{"c":1,"p":0.001,"t":0,"k":1}},{"type":"Feature","geometry":{"type":"Point","coordinates":[-117.640659,34.397238]},"properties":{"c":1,"p":0.001,"t":0,"k":2}},{"type":"Feature","geometry":{"type":"Point","coordinates":[-117.640523,34.397006]},"properties":{"c":1,"p":0.005,"t":0,"k":0}},{"type":"Feature","geometry":{"type":"Point","coordinates":[-117.678241,34.382026]},"properties":{"c":1,"p":0.005,"t":0,"k":1}},{"type":"Feature","geometry":{"type":"Point","coordinates":[-117.639529,34.397847]},"properties":{"c":1,"p":0.026,"t":0,"k":0}},{"type":"Feature","geometry":{"type":"Point","coordinates":[-117.686605,34.384763]},"properties":{"c":1,"p":0.011,"t":0,"k":1}},{"type":"Feature","geometry":{"type":"Point","coordinates":[-117.640176,34.400781]},"properties":{"c":1,"p":0.015,"t":0,"k":0}},{"type":"Feature","geometry":{"type":"Point","coordinates":[-117.639137,34.40152]},"properties":{"c":1,"p":0.02,"t":0,"k":0}},{"type":"Feature","geometry":{"type":"Point","coordinates":[-117.638784,34.40171]},"properties":{"c":1,"p":0.005,"t":0,"k":2}},{"type":"Feature","geometry":{"type":"Point","coordinates":[-117.640514,34.404062]},"properties":{"c":1,"p":0.009,"t":0,"k":4}},{"type":"Feature","geometry":{"type":"Point","coordinates":[-117.691908,34.391308]},"properties":{"c":1,"p":0.129,"t":0,"k":2}},{"type":"Feature","geometry":{"type":"Point","coordinates":[-117.659944,34.238278]},"properties":{"c":0,"p":0.998,"t":1,"k":0}},{"type":"Feature","geometry":{"type":"Point","coordinates":[-117.660166,34.238594]},"properties":{"c":0,"p":0.997,"t":1,"k":0}},{"type":"Feature","geometry":{"type":"Point","coordinates":[-117.660469,34.238482]},"properties":{"c":0,"p":0.998,"t":1,"k":0}},{"type":"Feature","geometry":{"type":"Point","coordinates":[-117.660374,34.238305]},"properties":{"c":0,"p":0.998,"t":1,"k":0}},{"type":"Feature","geometry":{"type":"Point","coordinates":[-117.660909,34.238666]},"properties":{"c":0,"p":0.991,"t":1,"k":0}},{"type":"Feature","geometry":{"type":"Point","coordinates":[-117.660765,34.239102]},"properties":{"c":0,"p":0.993,"t":1,"k":0}},{"type":"Feature","geometry":{"type":"Point","coordinates":[-117.661164,34.238782]},"properties":{"c":0,"p":0.982,"t":1,"k":0}},{"type":"Feature","geometry":{"type":"Point","coordinates":[-117.661337,34.238901]},"properties":{"c":0,"p":0.99,"t":1,"k":0}},{"type":"Feature","geometry":{"type":"Point","coordinates":[-117.661027,34.239449]},"properties":{"c":0,"p":0.932,"t":1,"k":0}},{"type":"Feature","geometry":{"type":"Point","coordinates":[-117.660692,34.23938]},"properties":{"c":0,"p":0.994,"t":1,"k":0}},{"type":"Feature","geometry":{"type":"Point","coordinates":[-117.694276,34.38273]},"properties":{"c":1,"p":0.067,"t":0,"k":0}},{"type":"Feature","geometry":{"type":"Point","coordinates":[-117.694259,34.382869]},"properties":{"c":1,"p":0.048,"t":0,"k":0}},{"type":"Feature","geometry":{"type":"Point","coordinates":[-117.668684,34.409918]},"properties":{"c":0,"p":0.961,"t":1,"k":2}},{"type":"Feature","geometry":{"type":"Point","coordinates":[-117.685187,34.37685]},"properties":{"c":1,"p":0.211,"t":0,"k":5}},{"type":"Feature","geometry":{"type":"Point","coordinates":[-117.684866,34.376707]},"properties":{"c":1,"p":0.698,"t":0,"k":5}},{"type":"Feature","geometry":{"type":"Point","coordinates":[-117.684406,34.376375]},"properties":{"c":1,"p":0.843,"t":0,"k":5}},{"type":"Feature","geometry":{"type":"Point","coordinates":[-117.684577,34.376557]},"properties":{"c":1,"p":0.161,"t":0,"k":5}},{"type":"Feature","geometry":{"type":"Point","coordinates":[-117.668735,34.410306]},"properties":{"c":0,"p":0.972,"t":1,"k":2}},{"type":"Feature","geometry":{"type":"Point","coordinates":[-117.683346,34.375787]},"properties":{"c":2,"p":0.967,"t":0,"k":5,"w":"probability 0.97"}},{"type":"Feature","geometry":{"type":"Point","coordinates":[-117.669352,34.410703]},"properties":{"c":1,"p":0.023,"t":0,"k":1}},{"type":"Feature","geometry":{"type":"Point","coordinates":[-117.684297,34.376891]},"properties":{"c":1,"p":0.073,"t":0,"k":0}},{"type":"Feature","geometry":{"type":"Point","coordinates":[-117.684414,34.376747]},"properties":{"c":1,"p":0.12,"t":0,"k":2}},{"type":"Feature","geometry":{"type":"Point","coordinates":[-117.671352,34.410419]},"properties":{"c":3,"p":0.807,"t":1,"k":1,"w":"probability 0.81, just under the 0.88 cut"}},{"type":"Feature","geometry":{"type":"Point","coordinates":[-117.672524,34.409701]},"properties":{"c":3,"p":0.485,"t":1,"k":2,"w":"probability 0.49; a minor structure (shed or outbuilding) in the inspection record"}},{"type":"Feature","geometry":{"type":"Point","coordinates":[-117.673982,34.409839]},"properties":{"c":1,"p":0.344,"t":0,"k":2}},{"type":"Feature","geometry":{"type":"Point","coordinates":[-117.673362,34.411505]},"properties":{"c":0,"p":0.984,"t":1,"k":2}},{"type":"Feature","geometry":{"type":"Point","coordinates":[-117.672937,34.412557]},"properties":{"c":0,"p":0.986,"t":1,"k":2}},{"type":"Feature","geometry":{"type":"Point","coordinates":[-117.6722,34.412234]},"properties":{"c":1,"p":0.263,"t":0,"k":2}},{"type":"Feature","geometry":{"type":"Point","coordinates":[-117.671438,34.413206]},"properties":{"c":1,"p":0.071,"t":0,"k":1}},{"type":"Feature","geometry":{"type":"Point","coordinates":[-117.691616,34.377398]},"properties":{"c":1,"p":0.001,"t":0,"k":1}},{"type":"Feature","geometry":{"type":"Point","coordinates":[-117.691435,34.377503]},"properties":{"c":1,"p":0.002,"t":0,"k":1}},{"type":"Feature","geometry":{"type":"Point","coordinates":[-117.691398,34.377534]},"properties":{"c":1,"p":0.002,"t":0,"k":1}},{"type":"Feature","geometry":{"type":"Point","coordinates":[-117.691624,34.37685]},"properties":{"c":1,"p":0.001,"t":0,"k":1}},{"type":"Feature","geometry":{"type":"Point","coordinates":[-117.692229,34.377015]},"properties":{"c":1,"p":0.019,"t":0,"k":2}},{"type":"Feature","geometry":{"type":"Point","coordinates":[-117.692057,34.377206]},"properties":{"c":1,"p":0.005,"t":0,"k":2}},{"type":"Feature","geometry":{"type":"Point","coordinates":[-117.692644,34.376794]},"properties":{"c":1,"p":0.007,"t":0,"k":1}},{"type":"Feature","geometry":{"type":"Point","coordinates":[-117.692017,34.377148]},"properties":{"c":1,"p":0.005,"t":0,"k":1}},{"type":"Feature","geometry":{"type":"Point","coordinates":[-117.693324,34.376762]},"properties":{"c":1,"p":0.019,"t":0,"k":1}},{"type":"Feature","geometry":{"type":"Point","coordinates":[-117.655764,34.361175]},"properties":{"c":1,"p":0.001,"t":0,"k":0}},{"type":"Feature","geometry":{"type":"Point","coordinates":[-117.693557,34.376422]},"properties":{"c":1,"p":0.038,"t":0,"k":2}},{"type":"Feature","geometry":{"type":"Point","coordinates":[-117.693041,34.376773]},"properties":{"c":1,"p":0.023,"t":0,"k":1}},{"type":"Feature","geometry":{"type":"Point","coordinates":[-117.694037,34.376665]},"properties":{"c":1,"p":0.016,"t":0,"k":1}},{"type":"Feature","geometry":{"type":"Point","coordinates":[-117.655471,34.361176]},"properties":{"c":1,"p":0.002,"t":0,"k":0}},{"type":"Feature","geometry":{"type":"Point","coordinates":[-117.694218,34.376311]},"properties":{"c":1,"p":0.15,"t":0,"k":1}},{"type":"Feature","geometry":{"type":"Point","coordinates":[-117.654991,34.361656]},"properties":{"c":1,"p":0.004,"t":0,"k":0}},{"type":"Feature","geometry":{"type":"Point","coordinates":[-117.654963,34.361218]},"properties":{"c":1,"p":0.0,"t":0,"k":0}},{"type":"Feature","geometry":{"type":"Point","coordinates":[-117.692634,34.376189]},"properties":{"c":1,"p":0.002,"t":0,"k":2}},{"type":"Feature","geometry":{"type":"Point","coordinates":[-117.691983,34.37653]},"properties":{"c":1,"p":0.007,"t":0,"k":2}},{"type":"Feature","geometry":{"type":"Point","coordinates":[-117.691161,34.376642]},"properties":{"c":1,"p":0.002,"t":0,"k":2}},{"type":"Feature","geometry":{"type":"Point","coordinates":[-117.69119,34.376443]},"properties":{"c":1,"p":0.002,"t":0,"k":2}},{"type":"Feature","geometry":{"type":"Point","coordinates":[-117.690504,34.376317]},"properties":{"c":1,"p":0.01,"t":0,"k":2}},{"type":"Feature","geometry":{"type":"Point","coordinates":[-117.65477,34.361219]},"properties":{"c":1,"p":0.001,"t":0,"k":0}},{"type":"Feature","geometry":{"type":"Point","coordinates":[-117.65471,34.361627]},"properties":{"c":1,"p":0.002,"t":0,"k":0}},{"type":"Feature","geometry":{"type":"Point","coordinates":[-117.690775,34.376336]},"properties":{"c":1,"p":0.005,"t":0,"k":1}},{"type":"Feature","geometry":{"type":"Point","coordinates":[-117.654579,34.361095]},"properties":{"c":1,"p":0.0,"t":0,"k":0}},{"type":"Feature","geometry":{"type":"Point","coordinates":[-117.654485,34.361518]},"properties":{"c":1,"p":0.001,"t":0,"k":0}},{"type":"Feature","geometry":{"type":"Point","coordinates":[-117.654374,34.360919]},"properties":{"c":1,"p":0.0,"t":0,"k":0}},{"type":"Feature","geometry":{"type":"Point","coordinates":[-117.65426,34.361399]},"properties":{"c":1,"p":0.0,"t":0,"k":0}},{"type":"Feature","geometry":{"type":"Point","coordinates":[-117.659555,34.238665]},"properties":{"c":0,"p":0.999,"t":1,"k":0}},{"type":"Feature","geometry":{"type":"Point","coordinates":[-117.659622,34.238744]},"properties":{"c":0,"p":0.992,"t":1,"k":2}},{"type":"Feature","geometry":{"type":"Point","coordinates":[-117.659859,34.238812]},"properties":{"c":0,"p":0.989,"t":1,"k":2}},{"type":"Feature","geometry":{"type":"Point","coordinates":[-117.659374,34.239253]},"properties":{"c":0,"p":0.998,"t":1,"k":0}},{"type":"Feature","geometry":{"type":"Point","coordinates":[-117.659186,34.239391]},"properties":{"c":0,"p":0.997,"t":1,"k":0}},{"type":"Feature","geometry":{"type":"Point","coordinates":[-117.658988,34.23945]},"properties":{"c":0,"p":0.997,"t":1,"k":0}},{"type":"Feature","geometry":{"type":"Point","coordinates":[-117.658787,34.239533]},"properties":{"c":1,"p":0.848,"t":0,"k":0}},{"type":"Feature","geometry":{"type":"Point","coordinates":[-117.69082,34.375166]},"properties":{"c":3,"p":0.287,"t":1,"k":2,"w":"probability 0.29; a minor structure (shed or outbuilding) in the inspection record"}},{"type":"Feature","geometry":{"type":"Point","coordinates":[-117.654351,34.361076]},"properties":{"c":1,"p":0.0,"t":0,"k":2}},{"type":"Feature","geometry":{"type":"Point","coordinates":[-117.654238,34.361028]},"properties":{"c":1,"p":0.0,"t":0,"k":2}},{"type":"Feature","geometry":{"type":"Point","coordinates":[-117.653584,34.361209]},"properties":{"c":1,"p":0.0,"t":0,"k":0}},{"type":"Feature","geometry":{"type":"Point","coordinates":[-117.653949,34.360764]},"properties":{"c":1,"p":0.0,"t":0,"k":0}},{"type":"Feature","geometry":{"type":"Point","coordinates":[-117.653668,34.361156]},"properties":{"c":1,"p":0.0,"t":0,"k":2}},{"type":"Feature","geometry":{"type":"Point","coordinates":[-117.6537,34.360762]},"properties":{"c":1,"p":0.001,"t":0,"k":0}},{"type":"Feature","geometry":{"type":"Point","coordinates":[-117.690698,34.37852]},"properties":{"c":1,"p":0.003,"t":0,"k":1}},{"type":"Feature","geometry":{"type":"Point","coordinates":[-117.653475,34.360666]},"properties":{"c":1,"p":0.0,"t":0,"k":0}},{"type":"Feature","geometry":{"type":"Point","coordinates":[-117.653356,34.361089]},"properties":{"c":1,"p":0.001,"t":0,"k":0}},{"type":"Feature","geometry":{"type":"Point","coordinates":[-117.653242,34.360672]},"properties":{"c":1,"p":0.0,"t":0,"k":0}},{"type":"Feature","geometry":{"type":"Point","coordinates":[-117.695108,34.374807]},"properties":{"c":1,"p":0.172,"t":0,"k":2}},{"type":"Feature","geometry":{"type":"Point","coordinates":[-117.653097,34.361072]},"properties":{"c":1,"p":0.0,"t":0,"k":0}},{"type":"Feature","geometry":{"type":"Point","coordinates":[-117.694876,34.3718]},"properties":{"c":1,"p":0.008,"t":0,"k":2}},{"type":"Feature","geometry":{"type":"Point","coordinates":[-117.6953,34.371924]},"properties":{"c":1,"p":0.028,"t":0,"k":2}},{"type":"Feature","geometry":{"type":"Point","coordinates":[-117.652734,34.360858]},"properties":{"c":1,"p":0.0,"t":0,"k":0}},{"type":"Feature","geometry":{"type":"Point","coordinates":[-117.695744,34.374876]},"properties":{"c":1,"p":0.621,"t":0,"k":2}},{"type":"Feature","geometry":{"type":"Point","coordinates":[-117.653031,34.361422]},"properties":{"c":1,"p":0.0,"t":0,"k":0}},{"type":"Feature","geometry":{"type":"Point","coordinates":[-117.656886,34.239937]},"properties":{"c":0,"p":0.999,"t":1,"k":0}},{"type":"Feature","geometry":{"type":"Point","coordinates":[-117.656667,34.239906]},"properties":{"c":0,"p":0.991,"t":1,"k":2}},{"type":"Feature","geometry":{"type":"Point","coordinates":[-117.652624,34.361215]},"properties":{"c":1,"p":0.0,"t":0,"k":0}},{"type":"Feature","geometry":{"type":"Point","coordinates":[-117.653338,34.361463]},"properties":{"c":1,"p":0.0,"t":0,"k":2}},{"type":"Feature","geometry":{"type":"Point","coordinates":[-117.696285,34.376413]},"properties":{"c":1,"p":0.827,"t":2,"k":2}},{"type":"Feature","geometry":{"type":"Point","coordinates":[-117.653235,34.361912]},"properties":{"c":1,"p":0.0,"t":0,"k":0}},{"type":"Feature","geometry":{"type":"Point","coordinates":[-117.660791,34.239953]},"properties":{"c":0,"p":0.994,"t":1,"k":0}},{"type":"Feature","geometry":{"type":"Point","coordinates":[-117.660644,34.24014]},"properties":{"c":0,"p":0.991,"t":1,"k":0}},{"type":"Feature","geometry":{"type":"Point","coordinates":[-117.660586,34.240214]},"properties":{"c":0,"p":0.991,"t":1,"k":0}},{"type":"Feature","geometry":{"type":"Point","coordinates":[-117.660312,34.240638]},"properties":{"c":0,"p":0.984,"t":1,"k":0}},{"type":"Feature","geometry":{"type":"Point","coordinates":[-117.660359,34.24087]},"properties":{"c":0,"p":0.998,"t":1,"k":0}},{"type":"Feature","geometry":{"type":"Point","coordinates":[-117.660682,34.240737]},"properties":{"c":0,"p":0.984,"t":1,"k":0}},{"type":"Feature","geometry":{"type":"Point","coordinates":[-117.66083,34.241276]},"properties":{"c":1,"p":0.784,"t":0,"k":2}},{"type":"Feature","geometry":{"type":"Point","coordinates":[-117.661328,34.241467]},"properties":{"c":0,"p":0.932,"t":1,"k":0}},{"type":"Feature","geometry":{"type":"Point","coordinates":[-117.662264,34.242166]},"properties":{"c":0,"p":0.997,"t":1,"k":0}},{"type":"Feature","geometry":{"type":"Point","coordinates":[-117.658142,34.239327]},"properties":{"c":1,"p":0.048,"t":0,"k":0}},{"type":"Feature","geometry":{"type":"Point","coordinates":[-117.652455,34.361411]},"properties":{"c":1,"p":0.0,"t":0,"k":0}},{"type":"Feature","geometry":{"type":"Point","coordinates":[-117.65815,34.239234]},"properties":{"c":1,"p":0.01,"t":0,"k":2}},{"type":"Feature","geometry":{"type":"Point","coordinates":[-117.689267,34.378224]},"properties":{"c":1,"p":0.004,"t":0,"k":2}},{"type":"Feature","geometry":{"type":"Point","coordinates":[-117.689573,34.378355]},"properties":{"c":1,"p":0.008,"t":0,"k":2}},{"type":"Feature","geometry":{"type":"Point","coordinates":[-117.653197,34.362276]},"properties":{"c":1,"p":0.001,"t":0,"k":0}},{"type":"Feature","geometry":{"type":"Point","coordinates":[-117.652644,34.361552]},"properties":{"c":1,"p":0.0,"t":0,"k":0}},{"type":"Feature","geometry":{"type":"Point","coordinates":[-117.652621,34.361765]},"properties":{"c":1,"p":0.0,"t":0,"k":0}},{"type":"Feature","geometry":{"type":"Point","coordinates":[-117.657951,34.239356]},"properties":{"c":1,"p":0.014,"t":0,"k":0}},{"type":"Feature","geometry":{"type":"Point","coordinates":[-117.657674,34.239287]},"properties":{"c":1,"p":0.003,"t":0,"k":0}},{"type":"Feature","geometry":{"type":"Point","coordinates":[-117.657477,34.239203]},"properties":{"c":1,"p":0.005,"t":0,"k":0}},{"type":"Feature","geometry":{"type":"Point","coordinates":[-117.657455,34.239038]},"properties":{"c":1,"p":0.001,"t":0,"k":0}},{"type":"Feature","geometry":{"type":"Point","coordinates":[-117.653106,34.362534]},"properties":{"c":1,"p":0.001,"t":0,"k":0}},{"type":"Feature","geometry":{"type":"Point","coordinates":[-117.652462,34.361917]},"properties":{"c":1,"p":0.001,"t":0,"k":2}},{"type":"Feature","geometry":{"type":"Point","coordinates":[-117.692509,34.37893]},"properties":{"c":1,"p":0.004,"t":0,"k":2}},{"type":"Feature","geometry":{"type":"Point","coordinates":[-117.692463,34.379111]},"properties":{"c":1,"p":0.008,"t":0,"k":1}},{"type":"Feature","geometry":{"type":"Point","coordinates":[-117.693389,34.379126]},"properties":{"c":3,"p":0.876,"t":1,"k":1,"w":"probability 0.876, just under the 0.88 cut; green cover around it before the fire (pre-fire NDVI 0.68)"}},{"type":"Feature","geometry":{"type":"Point","coordinates":[-117.652719,34.362237]},"properties":{"c":1,"p":0.001,"t":0,"k":0}},{"type":"Feature","geometry":{"type":"Point","coordinates":[-117.693445,34.379114]},"properties":{"c":1,"p":0.694,"t":0,"k":0}},{"type":"Feature","geometry":{"type":"Point","coordinates":[-117.652662,34.362685]},"properties":{"c":1,"p":0.001,"t":0,"k":0}},{"type":"Feature","geometry":{"type":"Point","coordinates":[-117.653562,34.361944]},"properties":{"c":1,"p":0.001,"t":0,"k":0}},{"type":"Feature","geometry":{"type":"Point","coordinates":[-117.652515,34.36276]},"properties":{"c":1,"p":0.001,"t":0,"k":2}},{"type":"Feature","geometry":{"type":"Point","coordinates":[-117.65395,34.361655]},"properties":{"c":1,"p":0.0,"t":0,"k":0}},{"type":"Feature","geometry":{"type":"Point","coordinates":[-117.652583,34.363085]},"properties":{"c":1,"p":0.0,"t":0,"k":0}},{"type":"Feature","geometry":{"type":"Point","coordinates":[-117.657259,34.239328]},"properties":{"c":1,"p":0.002,"t":0,"k":0}},{"type":"Feature","geometry":{"type":"Point","coordinates":[-117.657108,34.239316]},"properties":{"c":1,"p":0.006,"t":0,"k":0}},{"type":"Feature","geometry":{"type":"Point","coordinates":[-117.656838,34.239317]},"properties":{"c":1,"p":0.007,"t":0,"k":0}},{"type":"Feature","geometry":{"type":"Point","coordinates":[-117.656504,34.239344]},"properties":{"c":1,"p":0.005,"t":0,"k":0}},{"type":"Feature","geometry":{"type":"Point","coordinates":[-117.653613,34.36155]},"properties":{"c":1,"p":0.0,"t":0,"k":0}},{"type":"Feature","geometry":{"type":"Point","coordinates":[-117.652744,34.363469]},"properties":{"c":1,"p":0.0,"t":0,"k":0}},{"type":"Feature","geometry":{"type":"Point","coordinates":[-117.653102,34.363075]},"properties":{"c":1,"p":0.0,"t":0,"k":0}},{"type":"Feature","geometry":{"type":"Point","coordinates":[-117.652833,34.363689]},"properties":{"c":1,"p":0.0,"t":0,"k":0}},{"type":"Feature","geometry":{"type":"Point","coordinates":[-117.652745,34.363626]},"properties":{"c":1,"p":0.0,"t":0,"k":2}},{"type":"Feature","geometry":{"type":"Point","coordinates":[-117.653115,34.364243]},"properties":{"c":1,"p":0.002,"t":0,"k":0}},{"type":"Feature","geometry":{"type":"Point","coordinates":[-117.653315,34.363568]},"properties":{"c":1,"p":0.0,"t":0,"k":0}},{"type":"Feature","geometry":{"type":"Point","coordinates":[-117.65335,34.364314]},"properties":{"c":1,"p":0.001,"t":0,"k":0}},{"type":"Feature","geometry":{"type":"Point","coordinates":[-117.65323,34.364354]},"properties":{"c":1,"p":0.004,"t":0,"k":2}},{"type":"Feature","geometry":{"type":"Point","coordinates":[-117.653258,34.363391]},"properties":{"c":1,"p":0.0,"t":0,"k":0}},{"type":"Feature","geometry":{"type":"Point","coordinates":[-117.716883,34.389429]},"properties":{"c":1,"p":0.003,"t":0,"k":0}},{"type":"Feature","geometry":{"type":"Point","coordinates":[-117.715913,34.38913]},"properties":{"c":1,"p":0.001,"t":0,"k":0}},{"type":"Feature","geometry":{"type":"Point","coordinates":[-117.715303,34.388631]},"properties":{"c":1,"p":0.001,"t":0,"k":0}},{"type":"Feature","geometry":{"type":"Point","coordinates":[-117.654137,34.364526]},"properties":{"c":1,"p":0.001,"t":0,"k":0}},{"type":"Feature","geometry":{"type":"Point","coordinates":[-117.654207,34.364416]},"properties":{"c":1,"p":0.002,"t":0,"k":2}},{"type":"Feature","geometry":{"type":"Point","coordinates":[-117.653906,34.36423]},"properties":{"c":1,"p":0.0,"t":0,"k":0}},{"type":"Feature","geometry":{"type":"Point","coordinates":[-117.653539,34.363746]},"properties":{"c":1,"p":0.0,"t":0,"k":0}},{"type":"Feature","geometry":{"type":"Point","coordinates":[-117.653709,34.363883]},"properties":{"c":1,"p":0.001,"t":0,"k":0}},{"type":"Feature","geometry":{"type":"Point","coordinates":[-117.716976,34.389459]},"properties":{"c":1,"p":0.002,"t":0,"k":0}},{"type":"Feature","geometry":{"type":"Point","coordinates":[-117.716664,34.389388]},"properties":{"c":1,"p":0.003,"t":0,"k":0}},{"type":"Feature","geometry":{"type":"Point","coordinates":[-117.716437,34.388943]},"properties":{"c":1,"p":0.001,"t":0,"k":0}},{"type":"Feature","geometry":{"type":"Point","coordinates":[-117.716157,34.388868]},"properties":{"c":1,"p":0.001,"t":0,"k":0}},{"type":"Feature","geometry":{"type":"Point","coordinates":[-117.760436,34.203871]},"properties":{"c":1,"p":0.114,"t":0,"k":2}},{"type":"Feature","geometry":{"type":"Point","coordinates":[-117.76035,34.203992]},"properties":{"c":1,"p":0.125,"t":0,"k":2}},{"type":"Feature","geometry":{"type":"Point","coordinates":[-117.761286,34.204092]},"properties":{"c":1,"p":0.529,"t":2,"k":2}},{"type":"Feature","geometry":{"type":"Point","coordinates":[-117.76177,34.204615]},"properties":{"c":1,"p":0.457,"t":0,"k":0}},{"type":"Feature","geometry":{"type":"Point","coordinates":[-117.76198,34.204935]},"properties":{"c":1,"p":0.536,"t":0,"k":0}},{"type":"Feature","geometry":{"type":"Point","coordinates":[-117.762688,34.205923]},"properties":{"c":1,"p":0.611,"t":0,"k":0}},{"type":"Feature","geometry":{"type":"Point","coordinates":[-117.763092,34.206066]},"properties":{"c":0,"p":0.996,"t":1,"k":2}},{"type":"Feature","geometry":{"type":"Point","coordinates":[-117.759427,34.20493]},"properties":{"c":2,"p":0.972,"t":0,"k":2,"w":"probability 0.97"}},{"type":"Feature","geometry":{"type":"Point","coordinates":[-117.75804,34.204945]},"properties":{"c":2,"p":0.992,"t":0,"k":2,"w":"probability 0.99"}},{"type":"Feature","geometry":{"type":"Point","coordinates":[-117.765744,34.237005]},"properties":{"c":1,"p":0.753,"t":0,"k":2}},{"type":"Feature","geometry":{"type":"Point","coordinates":[-117.756916,34.203736]},"properties":{"c":2,"p":0.981,"t":0,"k":2,"w":"probability 0.98"}},{"type":"Feature","geometry":{"type":"Point","coordinates":[-117.760423,34.203711]},"properties":{"c":1,"p":0.216,"t":0,"k":2}},{"type":"Feature","geometry":{"type":"Point","coordinates":[-117.761089,34.204071]},"properties":{"c":1,"p":0.136,"t":0,"k":0}},{"type":"Feature","geometry":{"type":"Point","coordinates":[-117.761328,34.204238]},"properties":{"c":1,"p":0.671,"t":0,"k":2}},{"type":"Feature","geometry":{"type":"Point","coordinates":[-117.761632,34.204347]},"properties":{"c":1,"p":0.25,"t":0,"k":0}},{"type":"Feature","geometry":{"type":"Point","coordinates":[-117.762205,34.205986]},"properties":{"c":1,"p":0.327,"t":0,"k":0}},{"type":"Feature","geometry":{"type":"Point","coordinates":[-117.760866,34.204507]},"properties":{"c":1,"p":0.262,"t":2,"k":0}},{"type":"Feature","geometry":{"type":"Point","coordinates":[-117.758944,34.204963]},"properties":{"c":1,"p":0.863,"t":0,"k":2}},{"type":"Feature","geometry":{"type":"Point","coordinates":[-117.729381,34.233868]},"properties":{"c":1,"p":0.043,"t":0,"k":0}},{"type":"Feature","geometry":{"type":"Point","coordinates":[-117.72888,34.234133]},"properties":{"c":1,"p":0.022,"t":0,"k":2}},{"type":"Feature","geometry":{"type":"Point","coordinates":[-117.726641,34.235696]},"properties":{"c":0,"p":0.996,"t":1,"k":0}},{"type":"Feature","geometry":{"type":"Point","coordinates":[-117.726868,34.237994]},"properties":{"c":0,"p":0.969,"t":1,"k":0}},{"type":"Feature","geometry":{"type":"Point","coordinates":[-117.724192,34.232363]},"properties":{"c":0,"p":0.989,"t":1,"k":0}},{"type":"Feature","geometry":{"type":"Point","coordinates":[-117.652351,34.366349]},"properties":{"c":1,"p":0.005,"t":0,"k":2}},{"type":"Feature","geometry":{"type":"Point","coordinates":[-117.651493,34.366548]},"properties":{"c":1,"p":0.001,"t":0,"k":2}},{"type":"Feature","geometry":{"type":"Point","coordinates":[-117.651876,34.366799]},"properties":{"c":1,"p":0.0,"t":0,"k":0}},{"type":"Feature","geometry":{"type":"Point","coordinates":[-117.651623,34.366636]},"properties":{"c":1,"p":0.001,"t":0,"k":2}},{"type":"Feature","geometry":{"type":"Point","coordinates":[-117.652476,34.367118]},"properties":{"c":1,"p":0.004,"t":0,"k":2}},{"type":"Feature","geometry":{"type":"Point","coordinates":[-117.652663,34.367069]},"properties":{"c":1,"p":0.006,"t":0,"k":2}},{"type":"Feature","geometry":{"type":"Point","coordinates":[-117.659087,34.236554]},"properties":{"c":1,"p":0.001,"t":0,"k":0}},{"type":"Feature","geometry":{"type":"Point","coordinates":[-117.658998,34.236668]},"properties":{"c":1,"p":0.001,"t":0,"k":0}},{"type":"Feature","geometry":{"type":"Point","coordinates":[-117.651207,34.366769]},"properties":{"c":1,"p":0.001,"t":0,"k":2}},{"type":"Feature","geometry":{"type":"Point","coordinates":[-117.651274,34.367503]},"properties":{"c":1,"p":0.001,"t":0,"k":0}},{"type":"Feature","geometry":{"type":"Point","coordinates":[-117.647041,34.3675]},"properties":{"c":1,"p":0.002,"t":0,"k":2}},{"type":"Feature","geometry":{"type":"Point","coordinates":[-117.6475,34.367184]},"properties":{"c":1,"p":0.0,"t":0,"k":0}},{"type":"Feature","geometry":{"type":"Point","coordinates":[-117.647625,34.367526]},"properties":{"c":1,"p":0.001,"t":0,"k":2}},{"type":"Feature","geometry":{"type":"Point","coordinates":[-117.647672,34.367462]},"properties":{"c":1,"p":0.001,"t":0,"k":2}},{"type":"Feature","geometry":{"type":"Point","coordinates":[-117.647785,34.367246]},"properties":{"c":1,"p":0.001,"t":0,"k":2}},{"type":"Feature","geometry":{"type":"Point","coordinates":[-117.643463,34.352805]},"properties":{"c":1,"p":0.0,"t":0,"k":0}},{"type":"Feature","geometry":{"type":"Point","coordinates":[-117.659342,34.236441]},"properties":{"c":1,"p":0.002,"t":0,"k":0}},{"type":"Feature","geometry":{"type":"Point","coordinates":[-117.659273,34.236523]},"properties":{"c":1,"p":0.001,"t":0,"k":2}},{"type":"Feature","geometry":{"type":"Point","coordinates":[-117.659226,34.236538]},"properties":{"c":1,"p":0.001,"t":0,"k":2}},{"type":"Feature","geometry":{"type":"Point","coordinates":[-117.659342,34.236734]},"properties":{"c":1,"p":0.067,"t":0,"k":0}},{"type":"Feature","geometry":{"type":"Point","coordinates":[-117.65929,34.236768]},"properties":{"c":1,"p":0.069,"t":0,"k":2}},{"type":"Feature","geometry":{"type":"Point","coordinates":[-117.659509,34.236661]},"properties":{"c":1,"p":0.003,"t":0,"k":2}},{"type":"Feature","geometry":{"type":"Point","coordinates":[-117.643689,34.352672]},"properties":{"c":1,"p":0.0,"t":0,"k":0}},{"type":"Feature","geometry":{"type":"Point","coordinates":[-117.64403,34.352249]},"properties":{"c":1,"p":0.001,"t":0,"k":0}},{"type":"Feature","geometry":{"type":"Point","coordinates":[-117.646158,34.366254]},"properties":{"c":1,"p":0.012,"t":0,"k":0}},{"type":"Feature","geometry":{"type":"Point","coordinates":[-117.644104,34.352011]},"properties":{"c":1,"p":0.001,"t":0,"k":0}},{"type":"Feature","geometry":{"type":"Point","coordinates":[-117.653485,34.359603]},"properties":{"c":1,"p":0.0,"t":0,"k":0}},{"type":"Feature","geometry":{"type":"Point","coordinates":[-117.65268,34.360416]},"properties":{"c":1,"p":0.0,"t":0,"k":0}},{"type":"Feature","geometry":{"type":"Point","coordinates":[-117.644335,34.351888]},"properties":{"c":1,"p":0.001,"t":0,"k":0}},{"type":"Feature","geometry":{"type":"Point","coordinates":[-117.644994,34.36599]},"properties":{"c":1,"p":0.002,"t":0,"k":1}},{"type":"Feature","geometry":{"type":"Point","coordinates":[-117.644965,34.365719]},"properties":{"c":1,"p":0.0,"t":0,"k":1}},{"type":"Feature","geometry":{"type":"Point","coordinates":[-117.656749,34.240392]},"properties":{"c":0,"p":0.975,"t":1,"k":2}},{"type":"Feature","geometry":{"type":"Point","coordinates":[-117.65678,34.240366]},"properties":{"c":2,"p":0.984,"t":0,"k":2,"w":"probability 0.98; most neighbours within 50 m were destroyed (2 of 3)"}},{"type":"Feature","geometry":{"type":"Point","coordinates":[-117.656653,34.239589]},"properties":{"c":1,"p":0.028,"t":0,"k":0}},{"type":"Feature","geometry":{"type":"Point","coordinates":[-117.644494,34.351703]},"properties":{"c":1,"p":0.001,"t":0,"k":0}},{"type":"Feature","geometry":{"type":"Point","coordinates":[-117.645358,34.366334]},"properties":{"c":1,"p":0.009,"t":0,"k":1}},{"type":"Feature","geometry":{"type":"Point","coordinates":[-117.644765,34.351553]},"properties":{"c":1,"p":0.001,"t":0,"k":0}},{"type":"Feature","geometry":{"type":"Point","coordinates":[-117.65946,34.236699]},"properties":{"c":1,"p":0.003,"t":0,"k":2}},{"type":"Feature","geometry":{"type":"Point","coordinates":[-117.659223,34.236783]},"properties":{"c":1,"p":0.075,"t":0,"k":2}},{"type":"Feature","geometry":{"type":"Point","coordinates":[-117.651762,34.361325]},"properties":{"c":1,"p":0.0,"t":0,"k":0}},{"type":"Feature","geometry":{"type":"Point","coordinates":[-117.652043,34.360822]},"properties":{"c":1,"p":0.001,"t":0,"k":0}},{"type":"Feature","geometry":{"type":"Point","coordinates":[-117.644892,34.351389]},"properties":{"c":1,"p":0.0,"t":0,"k":0}},{"type":"Feature","geometry":{"type":"Point","coordinates":[-117.651707,34.361463]},"properties":{"c":1,"p":0.0,"t":0,"k":2}},{"type":"Feature","geometry":{"type":"Point","coordinates":[-117.644437,34.3661]},"properties":{"c":1,"p":0.0,"t":0,"k":0}},{"type":"Feature","geometry":{"type":"Point","coordinates":[-117.651818,34.361223]},"properties":{"c":1,"p":0.0,"t":0,"k":2}},{"type":"Feature","geometry":{"type":"Point","coordinates":[-117.644333,34.366493]},"properties":{"c":1,"p":0.002,"t":0,"k":2}},{"type":"Feature","geometry":{"type":"Point","coordinates":[-117.644403,34.366406]},"properties":{"c":1,"p":0.0,"t":0,"k":0}},{"type":"Feature","geometry":{"type":"Point","coordinates":[-117.651901,34.361087]},"properties":{"c":1,"p":0.0,"t":0,"k":0}},{"type":"Feature","geometry":{"type":"Point","coordinates":[-117.656055,34.239113]},"properties":{"c":1,"p":0.01,"t":0,"k":0}},{"type":"Feature","geometry":{"type":"Point","coordinates":[-117.656825,34.240331]},"properties":{"c":2,"p":0.982,"t":0,"k":2,"w":"probability 0.98; most neighbours within 50 m were destroyed (3 of 4)"}},{"type":"Feature","geometry":{"type":"Point","coordinates":[-117.656481,34.239521]},"properties":{"c":1,"p":0.06,"t":0,"k":0}},{"type":"Feature","geometry":{"type":"Point","coordinates":[-117.657482,34.239514]},"properties":{"c":1,"p":0.006,"t":0,"k":0}},{"type":"Feature","geometry":{"type":"Point","coordinates":[-117.644023,34.366246]},"properties":{"c":1,"p":0.0,"t":0,"k":0}},{"type":"Feature","geometry":{"type":"Point","coordinates":[-117.643158,34.365455]},"properties":{"c":1,"p":0.0,"t":0,"k":1}},{"type":"Feature","geometry":{"type":"Point","coordinates":[-117.64243,34.365857]},"properties":{"c":1,"p":0.003,"t":0,"k":2}},{"type":"Feature","geometry":{"type":"Point","coordinates":[-117.642044,34.365895]},"properties":{"c":1,"p":0.002,"t":0,"k":0}},{"type":"Feature","geometry":{"type":"Point","coordinates":[-117.660874,34.234847]},"properties":{"c":1,"p":0.001,"t":0,"k":0}},{"type":"Feature","geometry":{"type":"Point","coordinates":[-117.642041,34.365969]},"properties":{"c":1,"p":0.844,"t":0,"k":2}},{"type":"Feature","geometry":{"type":"Point","coordinates":[-117.660763,34.235078]},"properties":{"c":1,"p":0.001,"t":0,"k":0}},{"type":"Feature","geometry":{"type":"Point","coordinates":[-117.660696,34.235045]},"properties":{"c":1,"p":0.002,"t":0,"k":2}},{"type":"Feature","geometry":{"type":"Point","coordinates":[-117.660649,34.235311]},"properties":{"c":1,"p":0.0,"t":0,"k":2}},{"type":"Feature","geometry":{"type":"Point","coordinates":[-117.66082,34.23467]},"properties":{"c":1,"p":0.0,"t":0,"k":0}},{"type":"Feature","geometry":{"type":"Point","coordinates":[-117.660963,34.234694]},"properties":{"c":1,"p":0.002,"t":0,"k":2}},{"type":"Feature","geometry":{"type":"Point","coordinates":[-117.65203,34.359588]},"properties":{"c":1,"p":0.0,"t":0,"k":0}},{"type":"Feature","geometry":{"type":"Point","coordinates":[-117.64194,34.365529]},"properties":{"c":1,"p":0.001,"t":0,"k":2}},{"type":"Feature","geometry":{"type":"Point","coordinates":[-117.642179,34.365284]},"properties":{"c":1,"p":0.001,"t":0,"k":2}},{"type":"Feature","geometry":{"type":"Point","coordinates":[-117.651811,34.359664]},"properties":{"c":1,"p":0.0,"t":0,"k":0}},{"type":"Feature","geometry":{"type":"Point","coordinates":[-117.645143,34.351302]},"properties":{"c":1,"p":0.0,"t":0,"k":0}},{"type":"Feature","geometry":{"type":"Point","coordinates":[-117.645312,34.351121]},"properties":{"c":1,"p":0.001,"t":0,"k":0}},{"type":"Feature","geometry":{"type":"Point","coordinates":[-117.645497,34.350956]},"properties":{"c":1,"p":0.001,"t":0,"k":0}},{"type":"Feature","geometry":{"type":"Point","coordinates":[-117.651176,34.359276]},"properties":{"c":1,"p":0.001,"t":0,"k":0}},{"type":"Feature","geometry":{"type":"Point","coordinates":[-117.645671,34.35078]},"properties":{"c":1,"p":0.0,"t":0,"k":0}},{"type":"Feature","geometry":{"type":"Point","coordinates":[-117.645716,34.350514]},"properties":{"c":1,"p":0.0,"t":0,"k":0}},{"type":"Feature","geometry":{"type":"Point","coordinates":[-117.645912,34.350555]},"properties":{"c":1,"p":0.001,"t":0,"k":2}},{"type":"Feature","geometry":{"type":"Point","coordinates":[-117.645852,34.350273]},"properties":{"c":1,"p":0.0,"t":0,"k":0}},{"type":"Feature","geometry":{"type":"Point","coordinates":[-117.646026,34.350401]},"properties":{"c":1,"p":0.001,"t":0,"k":2}},{"type":"Feature","geometry":{"type":"Point","coordinates":[-117.64594,34.349995]},"properties":{"c":1,"p":0.001,"t":0,"k":0}}]}