{"type":"FeatureCollection","features":[{"type":"Feature","geometry":{"type":"MultiPolygon","coordinates":[[[[-105.165227,39.948743],[-105.165484,39.948693],[-105.165513,39.948781],[-105.165255,39.94883],[-105.165227,39.948743]]]]},"properties":{"occupancy":"Government"}},{"type":"Feature","geometry":{"type":"MultiPolygon","coordinates":[[[[-105.16375,39.948662],[-105.163728,39.948428],[-105.163902,39.948419],[-105.163923,39.948653],[-105.16375,39.948662]]]]},"properties":{"occupancy":"Commercial"}},{"type":"Feature","geometry":{"type":"MultiPolygon","coordinates":[[[[-105.165293,39.954337],[-105.165355,39.954993],[-105.164979,39.955014],[-105.164917,39.954358],[-105.165293,39.954337]]]]},"properties":{"occupancy":"Commercial"}},{"type":"Feature","geometry":{"type":"MultiPolygon","coordinates":[[[[-105.165284,39.955831],[-105.165038,39.955823],[-105.165056,39.955522],[-105.165302,39.95553],[-105.165284,39.955831]]]]},"properties":{"occupancy":"Commercial"}},{"type":"Feature","geometry":{"type":"MultiPolygon","coordinates":[[[[-105.177626,39.950786],[-105.177679,39.950785],[-105.177683,39.950917],[-105.17763,39.950918],[-105.177626,39.950786]]]]},"properties":{"occupancy":"Industrial"}},{"type":"Feature","geometry":{"type":"MultiPolygon","coordinates":[[[[-105.177634,39.951133],[-105.177634,39.95109],[-105.177527,39.95109],[-105.177527,39.951034],[-105.177625,39.951034],[-105.177625,39.951004],[-105.177668,39.951004],[-105.177669,39.951133],[-105.177634,39.951133]]]]},"properties":{"occupancy":"Residential"}},{"type":"Feature","geometry":{"type":"MultiPolygon","coordinates":[[[[-105.177433,39.951811],[-105.177433,39.951716],[-105.177646,39.951717],[-105.177646,39.951812],[-105.177433,39.951811]]]]},"properties":{"occupancy":"Residential"}},{"type":"Feature","geometry":{"type":"MultiPolygon","coordinates":[[[[-105.177421,39.950804],[-105.177607,39.9508],[-105.177609,39.950844],[-105.177423,39.950848],[-105.177421,39.950804]]]]},"properties":{"occupancy":"Industrial"}},{"type":"Feature","geometry":{"type":"MultiPolygon","coordinates":[[[[-105.177385,39.951378],[-105.177385,39.951341],[-105.177458,39.951341],[-105.177458,39.951378],[-105.17759,39.951378],[-105.17759,39.951457],[-105.177485,39.951457],[-105.177485,39.951482],[-105.177385,39.951482],[-105.177385,39.951457],[-105.177385,39.951378]]]]},"properties":{"occupancy":"Residential"}},{"type":"Feature","geometry":{"type":"MultiPolygon","coordinates":[[[[-105.177448,39.951613],[-105.177449,39.951536],[-105.177557,39.951537],[-105.177556,39.951614],[-105.177448,39.951613]]]]},"properties":{"occupancy":"Residential"}},{"type":"Feature","geometry":{"type":"MultiPolygon","coordinates":[[[[-105.177433,39.951295],[-105.177435,39.951121],[-105.177532,39.951121],[-105.177529,39.951296],[-105.177433,39.951295]]]]},"properties":{"occupancy":"Residential"}},{"type":"Feature","geometry":{"type":"MultiPolygon","coordinates":[[[[-105.17836,39.957244],[-105.178502,39.957236],[-105.17851,39.957329],[-105.17851,39.957329],[-105.178369,39.957337],[-105.17836,39.957244]]]]},"properties":{"occupancy":"Residential"}},{"type":"Feature","geometry":{"type":"MultiPolygon","coordinates":[[[[-105.177843,39.957267],[-105.177977,39.957262],[-105.177985,39.957376],[-105.17785,39.957381],[-105.177843,39.957267]]]]},"properties":{"occupancy":"Residential"}},{"type":"Feature","geometry":{"type":"MultiPolygon","coordinates":[[[[-105.17705,39.957277],[-105.177174,39.957274],[-105.177179,39.957385],[-105.177054,39.957388],[-105.17705,39.957277]]]]},"properties":{"occupancy":"Residential"}},{"type":"Feature","geometry":{"type":"MultiPolygon","coordinates":[[[[-105.177528,39.957277],[-105.177657,39.957273],[-105.177663,39.957378],[-105.177534,39.957382],[-105.177528,39.957277]]]]},"properties":{"occupancy":"Residential"}},{"type":"Feature","geometry":{"type":"MultiPolygon","coordinates":[[[[-105.177724,39.957276],[-105.177816,39.957273],[-105.177822,39.957376],[-105.177819,39.957376],[-105.17773,39.957379],[-105.177724,39.957276]]]]},"properties":{"occupancy":"Residential"}},{"type":"Feature","geometry":{"type":"MultiPolygon","coordinates":[[[[-105.17801,39.957277],[-105.178134,39.957272],[-105.178142,39.957381],[-105.178018,39.957386],[-105.17801,39.957277]]]]},"properties":{"occupancy":"Residential"}},{"type":"Feature","geometry":{"type":"MultiPolygon","coordinates":[[[[-105.177363,39.95728],[-105.177494,39.957277],[-105.1775,39.957387],[-105.177368,39.957391],[-105.177368,39.957387],[-105.177363,39.95728]]]]},"properties":{"occupancy":"Residential"}},{"type":"Feature","geometry":{"type":"MultiPolygon","coordinates":[[[[-105.177241,39.957286],[-105.17734,39.957284],[-105.177345,39.957388],[-105.177212,39.957391],[-105.17721,39.957344],[-105.177244,39.957343],[-105.177241,39.957286]]]]},"properties":{"occupancy":"Residential"}},{"type":"Feature","geometry":{"type":"MultiPolygon","coordinates":[[[[-105.177109,39.958336],[-105.17711,39.958256],[-105.177325,39.958258],[-105.177323,39.958338],[-105.177109,39.958336]]]]},"properties":{"occupancy":"Residential"}},{"type":"Feature","geometry":{"type":"MultiPolygon","coordinates":[[[[-105.17845,39.960778],[-105.178549,39.960768],[-105.17857,39.960899],[-105.17858,39.960962],[-105.178481,39.960971],[-105.178471,39.960907],[-105.17845,39.960778]]]]},"properties":{"occupancy":"Residential"}},{"type":"Feature","geometry":{"type":"MultiPolygon","coordinates":[[[[-105.177374,39.960902],[-105.177549,39.960826],[-105.177571,39.960856],[-105.177653,39.960821],[-105.177742,39.960941],[-105.177485,39.961054],[-105.177396,39.960933],[-105.177395,39.960931],[-105.177374,39.960902]]]]},"properties":{"occupancy":"Industrial"}},{"type":"Feature","geometry":{"type":"MultiPolygon","coordinates":[[[[-105.177546,39.961109],[-105.177723,39.961108],[-105.177728,39.961655],[-105.177551,39.961656],[-105.177546,39.961109]]]]},"properties":{"occupancy":"Industrial"}},{"type":"Feature","geometry":{"type":"MultiPolygon","coordinates":[[[[-105.179141,39.961653],[-105.179119,39.961593],[-105.179089,39.961599],[-105.179052,39.961496],[-105.179081,39.96149],[-105.179072,39.961464],[-105.179186,39.961439],[-105.17925,39.961629],[-105.179141,39.961653]]]]},"properties":{"occupancy":"Residential"}},{"type":"Feature","geometry":{"type":"MultiPolygon","coordinates":[[[[-105.177797,39.958205],[-105.177624,39.958208],[-105.177622,39.958141],[-105.177796,39.958138],[-105.177797,39.958205]]]]},"properties":{"occupancy":"Residential"}},{"type":"Feature","geometry":{"type":"MultiPolygon","coordinates":[[[[-105.177708,39.958249],[-105.177708,39.958383],[-105.177679,39.958383],[-105.177679,39.958249],[-105.177708,39.958249]]]]},"properties":{"occupancy":"Residential"}},{"type":"Feature","geometry":{"type":"MultiPolygon","coordinates":[[[[-105.177344,39.955623],[-105.177363,39.95552],[-105.177488,39.955534],[-105.177469,39.955637],[-105.177344,39.955623]]]]},"properties":{"occupancy":"Residential"}},{"type":"Feature","geometry":{"type":"MultiPolygon","coordinates":[[[[-105.177235,39.955627],[-105.177234,39.955586],[-105.17719,39.955586],[-105.177189,39.955531],[-105.177233,39.95553],[-105.177304,39.955529],[-105.177306,39.955626],[-105.177235,39.955627]]]]},"properties":{"occupancy":"Residential"}},{"type":"Feature","geometry":{"type":"MultiPolygon","coordinates":[[[[-105.177515,39.955647],[-105.177592,39.955554],[-105.177702,39.955609],[-105.177625,39.955701],[-105.177515,39.955647]]]]},"properties":{"occupancy":"Residential"}},{"type":"Feature","geometry":{"type":"MultiPolygon","coordinates":[[[[-105.177648,39.95572],[-105.177764,39.955685],[-105.177811,39.955778],[-105.177695,39.955813],[-105.177648,39.95572]]]]},"properties":{"occupancy":"Residential"}},{"type":"Feature","geometry":{"type":"MultiPolygon","coordinates":[[[[-105.1777,39.955846],[-105.177832,39.955806],[-105.177879,39.955899],[-105.177747,39.955939],[-105.1777,39.955846]]]]},"properties":{"occupancy":"Residential"}},{"type":"Feature","geometry":{"type":"MultiPolygon","coordinates":[[[[-105.177278,39.955816],[-105.177389,39.955815],[-105.177391,39.955907],[-105.177279,39.955908],[-105.177278,39.955816]]]]},"properties":{"occupancy":"Residential"}},{"type":"Feature","geometry":{"type":"MultiPolygon","coordinates":[[[[-105.177748,39.955966],[-105.177887,39.955924],[-105.177934,39.956016],[-105.177795,39.956058],[-105.177748,39.955966]]]]},"properties":{"occupancy":"Residential"}},{"type":"Feature","geometry":{"type":"MultiPolygon","coordinates":[[[[-105.177261,39.955942],[-105.177399,39.955941],[-105.1774,39.956036],[-105.177263,39.956037],[-105.177261,39.955942]]]]},"properties":{"occupancy":"Residential"}},{"type":"Feature","geometry":{"type":"MultiPolygon","coordinates":[[[[-105.177811,39.956076],[-105.17794,39.956037],[-105.177988,39.95613],[-105.177859,39.956169],[-105.177811,39.956076]]]]},"properties":{"occupancy":"Residential"}},{"type":"Feature","geometry":{"type":"MultiPolygon","coordinates":[[[[-105.177267,39.956065],[-105.177416,39.956063],[-105.177417,39.95616],[-105.177269,39.956162],[-105.177267,39.956065]]]]},"properties":{"occupancy":"Residential"}},{"type":"Feature","geometry":{"type":"MultiPolygon","coordinates":[[[[-105.177872,39.956189],[-105.178006,39.956148],[-105.178054,39.956242],[-105.177921,39.956283],[-105.177872,39.956189]]]]},"properties":{"occupancy":"Residential"}},{"type":"Feature","geometry":{"type":"MultiPolygon","coordinates":[[[[-105.177312,39.956205],[-105.177396,39.956204],[-105.177398,39.956281],[-105.177259,39.956283],[-105.177257,39.956223],[-105.177313,39.956222],[-105.177312,39.956205]]]]},"properties":{"occupancy":"Residential"}},{"type":"Feature","geometry":{"type":"MultiPolygon","coordinates":[[[[-105.177931,39.956307],[-105.178067,39.956266],[-105.178113,39.956356],[-105.177977,39.956397],[-105.177931,39.956307]]]]},"properties":{"occupancy":"Residential"}},{"type":"Feature","geometry":{"type":"MultiPolygon","coordinates":[[[[-105.177503,39.956338],[-105.177625,39.9563],[-105.17767,39.956388],[-105.177547,39.956425],[-105.177503,39.956338]]]]},"properties":{"occupancy":"Residential"}},{"type":"Feature","geometry":{"type":"MultiPolygon","coordinates":[[[[-105.178043,39.956412],[-105.178132,39.956389],[-105.178146,39.956421],[-105.17817,39.956477],[-105.178039,39.956511],[-105.178014,39.956455],[-105.178057,39.956444],[-105.178043,39.956412]]]]},"properties":{"occupancy":"Residential"}},{"type":"Feature","geometry":{"type":"MultiPolygon","coordinates":[[[[-105.177273,39.956426],[-105.177392,39.956425],[-105.177394,39.956523],[-105.177275,39.956525],[-105.177273,39.956426]]]]},"properties":{"occupancy":"Residential"}},{"type":"Feature","geometry":{"type":"MultiPolygon","coordinates":[[[[-105.177549,39.956455],[-105.17765,39.956425],[-105.177662,39.956449],[-105.177695,39.956439],[-105.177727,39.956502],[-105.177594,39.956543],[-105.177562,39.956479],[-105.177549,39.956455]]]]},"properties":{"occupancy":"Residential"}},{"type":"Feature","geometry":{"type":"MultiPolygon","coordinates":[[[[-105.178048,39.956539],[-105.178176,39.9565],[-105.178221,39.956588],[-105.178093,39.956627],[-105.178048,39.956539]]]]},"properties":{"occupancy":"Residential"}},{"type":"Feature","geometry":{"type":"MultiPolygon","coordinates":[[[[-105.1776,39.956568],[-105.177724,39.95653],[-105.177771,39.956623],[-105.177647,39.95666],[-105.1776,39.956568]]]]},"properties":{"occupancy":"Residential"}},{"type":"Feature","geometry":{"type":"MultiPolygon","coordinates":[[[[-105.177278,39.956546],[-105.177418,39.956544],[-105.177421,39.956647],[-105.17728,39.956649],[-105.177278,39.956546]]]]},"properties":{"occupancy":"Residential"}},{"type":"Feature","geometry":{"type":"MultiPolygon","coordinates":[[[[-105.178097,39.956648],[-105.17823,39.956608],[-105.178281,39.956706],[-105.178148,39.956746],[-105.178097,39.956648]]]]},"properties":{"occupancy":"Residential"}},{"type":"Feature","geometry":{"type":"MultiPolygon","coordinates":[[[[-105.177666,39.956681],[-105.17779,39.956644],[-105.177837,39.956737],[-105.177713,39.956774],[-105.177666,39.956681]]]]},"properties":{"occupancy":"Residential"}},{"type":"Feature","geometry":{"type":"MultiPolygon","coordinates":[[[[-105.177269,39.956673],[-105.177404,39.95667],[-105.177406,39.956766],[-105.177272,39.956768],[-105.177269,39.956673]]]]},"properties":{"occupancy":"Residential"}},{"type":"Feature","geometry":{"type":"MultiPolygon","coordinates":[[[[-105.178154,39.956769],[-105.178295,39.956726],[-105.178343,39.956822],[-105.178202,39.956865],[-105.178154,39.956769]]]]},"properties":{"occupancy":"Residential"}},{"type":"Feature","geometry":{"type":"MultiPolygon","coordinates":[[[[-105.177722,39.956797],[-105.17785,39.956758],[-105.177896,39.956849],[-105.177767,39.956888],[-105.177722,39.956797]]]]},"properties":{"occupancy":"Residential"}},{"type":"Feature","geometry":{"type":"MultiPolygon","coordinates":[[[[-105.177289,39.956795],[-105.177418,39.956793],[-105.177421,39.956894],[-105.177293,39.956897],[-105.177289,39.956795]]]]},"properties":{"occupancy":"Residential"}},{"type":"Feature","geometry":{"type":"MultiPolygon","coordinates":[[[[-105.178223,39.956891],[-105.178358,39.956851],[-105.178399,39.956932],[-105.178264,39.956973],[-105.178223,39.956891]]]]},"properties":{"occupancy":"Residential"}},{"type":"Feature","geometry":{"type":"MultiPolygon","coordinates":[[[[-105.177874,39.956943],[-105.178008,39.956938],[-105.178015,39.957052],[-105.177881,39.957057],[-105.177874,39.956943]]]]},"properties":{"occupancy":"Residential"}},{"type":"Feature","geometry":{"type":"MultiPolygon","coordinates":[[[[-105.177381,39.956944],[-105.17751,39.956941],[-105.177514,39.957051],[-105.177385,39.957054],[-105.177381,39.956944]]]]},"properties":{"occupancy":"Residential"}},{"type":"Feature","geometry":{"type":"MultiPolygon","coordinates":[[[[-105.177774,39.957048],[-105.177774,39.957019],[-105.177721,39.957019],[-105.17772,39.956944],[-105.177773,39.956944],[-105.177835,39.956943],[-105.177837,39.957048],[-105.177774,39.957048]]]]},"properties":{"occupancy":"Residential"}},{"type":"Feature","geometry":{"type":"MultiPolygon","coordinates":[[[[-105.177554,39.957055],[-105.177554,39.956949],[-105.177673,39.95695],[-105.177672,39.957055],[-105.177554,39.957055]]]]},"properties":{"occupancy":"Residential"}},{"type":"Feature","geometry":{"type":"MultiPolygon","coordinates":[[[[-105.177218,39.956951],[-105.177347,39.956949],[-105.177351,39.957056],[-105.177222,39.957059],[-105.177218,39.956951]]]]},"properties":{"occupancy":"Residential"}},{"type":"Feature","geometry":{"type":"MultiPolygon","coordinates":[[[[-105.178283,39.956993],[-105.178421,39.956952],[-105.17847,39.95705],[-105.178332,39.95709],[-105.178283,39.956993]]]]},"properties":{"occupancy":"Residential"}},{"type":"Feature","geometry":{"type":"MultiPolygon","coordinates":[[[[-105.178349,39.957106],[-105.178477,39.957098],[-105.178487,39.957199],[-105.178358,39.957206],[-105.178349,39.957106]]]]},"properties":{"occupancy":"Residential"}},{"type":"Feature","geometry":{"type":"MultiPolygon","coordinates":[[[[-105.175643,39.952066],[-105.176055,39.951399],[-105.176124,39.951424],[-105.176156,39.951436],[-105.176061,39.951589],[-105.176029,39.951577],[-105.175711,39.952091],[-105.175643,39.952066]]]]},"properties":{"occupancy":"Commercial"}},{"type":"Feature","geometry":{"type":"MultiPolygon","coordinates":[[[[-105.176195,39.951555],[-105.176248,39.951533],[-105.176512,39.951918],[-105.176459,39.951939],[-105.176195,39.951555]]]]},"properties":{"occupancy":"Commercial"}},{"type":"Feature","geometry":{"type":"MultiPolygon","coordinates":[[[[-105.17607,39.951703],[-105.17614,39.951674],[-105.176694,39.95247],[-105.176623,39.952499],[-105.17607,39.951703]]]]},"properties":{"occupancy":"Commercial"}},{"type":"Feature","geometry":{"type":"MultiPolygon","coordinates":[[[[-105.17598,39.951814],[-105.176044,39.951788],[-105.176584,39.952564],[-105.17652,39.95259],[-105.17598,39.951814]]]]},"properties":{"occupancy":"Commercial"}},{"type":"Feature","geometry":{"type":"MultiPolygon","coordinates":[[[[-105.177379,39.95202],[-105.177377,39.951897],[-105.177468,39.951896],[-105.177468,39.951957],[-105.177605,39.951957],[-105.177605,39.952019],[-105.177379,39.95202]]]]},"properties":{"occupancy":"Residential"}},{"type":"Feature","geometry":{"type":"MultiPolygon","coordinates":[[[[-105.175892,39.951965],[-105.175972,39.951933],[-105.176409,39.952574],[-105.176329,39.952606],[-105.175892,39.951965]]]]},"properties":{"occupancy":"Commercial"}},{"type":"Feature","geometry":{"type":"MultiPolygon","coordinates":[[[[-105.176499,39.951984],[-105.176545,39.951965],[-105.176888,39.952468],[-105.176842,39.952486],[-105.176499,39.951984]]]]},"properties":{"occupancy":"Commercial"}},{"type":"Feature","geometry":{"type":"MultiPolygon","coordinates":[[[[-105.176853,39.952172],[-105.176852,39.952037],[-105.176977,39.952037],[-105.176978,39.952172],[-105.176999,39.952172],[-105.176999,39.952247],[-105.176843,39.952247],[-105.176843,39.952172],[-105.176853,39.952172]]]]},"properties":{"occupancy":"Residential"}},{"type":"Feature","geometry":{"type":"MultiPolygon","coordinates":[[[[-105.175807,39.952096],[-105.17587,39.95207],[-105.176224,39.952581],[-105.176161,39.952606],[-105.175807,39.952096]]]]},"properties":{"occupancy":"Commercial"}},{"type":"Feature","geometry":{"type":"MultiPolygon","coordinates":[[[[-105.175326,39.952599],[-105.17561,39.952133],[-105.175671,39.952155],[-105.175387,39.952621],[-105.175326,39.952599]]]]},"properties":{"occupancy":"Commercial"}},{"type":"Feature","geometry":{"type":"MultiPolygon","coordinates":[[[[-105.175731,39.952234],[-105.175792,39.952209],[-105.176049,39.952579],[-105.175987,39.952604],[-105.175731,39.952234]]]]},"properties":{"occupancy":"Commercial"}},{"type":"Feature","geometry":{"type":"MultiPolygon","coordinates":[[[[-105.175643,39.952365],[-105.175701,39.952339],[-105.175898,39.952604],[-105.17584,39.95263],[-105.175643,39.952365]]]]},"properties":{"occupancy":"Commercial"}},{"type":"Feature","geometry":{"type":"MultiPolygon","coordinates":[[[[-105.175533,39.952539],[-105.175632,39.952497],[-105.175695,39.952585],[-105.175596,39.952627],[-105.175596,39.952626],[-105.175533,39.952539]]]]},"properties":{"occupancy":"Commercial"}},{"type":"Feature","geometry":{"type":"MultiPolygon","coordinates":[[[[-105.175295,39.952768],[-105.175296,39.952714],[-105.175296,39.95269],[-105.175501,39.952691],[-105.175501,39.952715],[-105.175898,39.952716],[-105.175899,39.952689],[-105.176218,39.95269],[-105.176217,39.952718],[-105.176217,39.952772],[-105.175295,39.952768]]]]},"properties":{"occupancy":"Commercial"}},{"type":"Feature","geometry":{"type":"MultiPolygon","coordinates":[[[[-105.176434,39.952772],[-105.176435,39.952699],[-105.17666,39.952702],[-105.176658,39.952774],[-105.176434,39.952772]]]]},"properties":{"occupancy":"Commercial"}},{"type":"Feature","geometry":{"type":"MultiPolygon","coordinates":[[[[-105.176744,39.953066],[-105.176845,39.953012],[-105.176941,39.953118],[-105.176839,39.953172],[-105.176744,39.953066]]]]},"properties":{"occupancy":"Residential"}},{"type":"Feature","geometry":{"type":"MultiPolygon","coordinates":[[[[-105.176865,39.953196],[-105.176987,39.953156],[-105.177034,39.953241],[-105.176912,39.953281],[-105.176865,39.953196]]]]},"properties":{"occupancy":"Residential"}},{"type":"Feature","geometry":{"type":"MultiPolygon","coordinates":[[[[-105.17519,39.951774],[-105.175234,39.951772],[-105.175218,39.951616],[-105.175406,39.951605],[-105.175423,39.951772],[-105.175018,39.951795],[-105.175003,39.95164],[-105.175176,39.95163],[-105.17519,39.951774]]]]},"properties":{"occupancy":"Residential"}},{"type":"Feature","geometry":{"type":"MultiPolygon","coordinates":[[[[-105.175623,39.951822],[-105.175449,39.95182],[-105.175452,39.951664],[-105.175626,39.951666],[-105.175623,39.951822]]]]},"properties":{"occupancy":"Residential"}},{"type":"Feature","geometry":{"type":"MultiPolygon","coordinates":[[[[-105.174794,39.951732],[-105.174968,39.951727],[-105.174977,39.951905],[-105.174804,39.951911],[-105.174794,39.951732]]]]},"properties":{"occupancy":"Residential"}},{"type":"Feature","geometry":{"type":"MultiPolygon","coordinates":[[[[-105.174531,39.951718],[-105.174705,39.951716],[-105.174709,39.951916],[-105.174536,39.951919],[-105.174531,39.951718]]]]},"properties":{"occupancy":"Residential"}},{"type":"Feature","geometry":{"type":"MultiPolygon","coordinates":[[[[-105.174062,39.951727],[-105.174064,39.95186],[-105.174093,39.95186],[-105.174091,39.951726],[-105.17428,39.951725],[-105.174282,39.951925],[-105.173877,39.951929],[-105.173874,39.951728],[-105.174062,39.951727]]]]},"properties":{"occupancy":"Residential"}},{"type":"Feature","geometry":{"type":"MultiPolygon","coordinates":[[[[-105.174501,39.951929],[-105.174328,39.951935],[-105.174314,39.951735],[-105.174488,39.951728],[-105.174501,39.951929]]]]},"properties":{"occupancy":"Residential"}},{"type":"Feature","geometry":{"type":"MultiPolygon","coordinates":[[[[-105.175203,39.952292],[-105.174942,39.952287],[-105.174947,39.952154],[-105.175207,39.952159],[-105.175203,39.952292]]]]},"properties":{"occupancy":"Residential"}},{"type":"Feature","geometry":{"type":"MultiPolygon","coordinates":[[[[-105.17438,39.952204],[-105.174384,39.952382],[-105.17421,39.952385],[-105.174206,39.952206],[-105.17438,39.952204]]]]},"properties":{"occupancy":"Residential"}},{"type":"Feature","geometry":{"type":"MultiPolygon","coordinates":[[[[-105.174566,39.952409],[-105.174381,39.952384],[-105.174426,39.952187],[-105.174611,39.952212],[-105.174566,39.952409]]]]},"properties":{"occupancy":"Residential"}},{"type":"Feature","geometry":{"type":"MultiPolygon","coordinates":[[[[-105.175199,39.952449],[-105.174938,39.952456],[-105.174932,39.952323],[-105.175193,39.952316],[-105.175199,39.952449]]]]},"properties":{"occupancy":"Residential"}},{"type":"Feature","geometry":{"type":"MultiPolygon","coordinates":[[[[-105.174945,39.952638],[-105.174947,39.952493],[-105.175193,39.952495],[-105.175192,39.95264],[-105.174945,39.952638]]]]},"properties":{"occupancy":"Residential"}},{"type":"Feature","geometry":{"type":"MultiPolygon","coordinates":[[[[-105.175181,39.952808],[-105.174949,39.952811],[-105.174946,39.952666],[-105.175177,39.952663],[-105.175181,39.952808]]]]},"properties":{"occupancy":"Residential"}},{"type":"Feature","geometry":{"type":"MultiPolygon","coordinates":[[[[-105.174596,39.952649],[-105.174599,39.952794],[-105.174381,39.952796],[-105.174375,39.952484],[-105.174593,39.952482],[-105.174595,39.952627],[-105.174436,39.952628],[-105.174437,39.952651],[-105.174596,39.952649]]]]},"properties":{"occupancy":"Residential"}},{"type":"Feature","geometry":{"type":"MultiPolygon","coordinates":[[[[-105.174594,39.952978],[-105.174363,39.952983],[-105.174357,39.952838],[-105.174589,39.952833],[-105.174594,39.952978]]]]},"properties":{"occupancy":"Residential"}},{"type":"Feature","geometry":{"type":"MultiPolygon","coordinates":[[[[-105.174592,39.953312],[-105.17436,39.953316],[-105.174357,39.953182],[-105.174589,39.953179],[-105.174592,39.953312]]]]},"properties":{"occupancy":"Residential"}},{"type":"Feature","geometry":{"type":"MultiPolygon","coordinates":[[[[-105.174587,39.953376],[-105.174579,39.953521],[-105.174347,39.953512],[-105.174356,39.953367],[-105.174587,39.953376]]]]},"properties":{"occupancy":"Residential"}},{"type":"Feature","geometry":{"type":"MultiPolygon","coordinates":[[[[-105.174582,39.953712],[-105.17435,39.953708],[-105.174354,39.953563],[-105.174586,39.953567],[-105.174582,39.953712]]]]},"properties":{"occupancy":"Residential"}},{"type":"Feature","geometry":{"type":"MultiPolygon","coordinates":[[[[-105.174979,39.953505],[-105.17498,39.953539],[-105.175212,39.953535],[-105.175216,39.953668],[-105.174999,39.953672],[-105.175,39.953706],[-105.175202,39.953702],[-105.175207,39.953847],[-105.174975,39.953851],[-105.174945,39.95287],[-105.175177,39.952866],[-105.175186,39.953178],[-105.174998,39.953182],[-105.174999,39.953193],[-105.175187,39.953189],[-105.175191,39.953334],[-105.174974,39.953338],[-105.174975,39.95336],[-105.175177,39.953357],[-105.175182,39.953502],[-105.174979,39.953505]]]]},"properties":{"occupancy":"Residential"}},{"type":"Feature","geometry":{"type":"MultiPolygon","coordinates":[[[[-105.174601,39.953904],[-105.174355,39.95391],[-105.174348,39.953754],[-105.174594,39.953748],[-105.174601,39.953904]]]]},"properties":{"occupancy":"Residential"}},{"type":"Feature","geometry":{"type":"MultiPolygon","coordinates":[[[[-105.17691,39.953314],[-105.177046,39.953309],[-105.177052,39.953412],[-105.176916,39.953417],[-105.17691,39.953314]]]]},"properties":{"occupancy":"Residential"}},{"type":"Feature","geometry":{"type":"MultiPolygon","coordinates":[[[[-105.176495,39.953358],[-105.176641,39.953353],[-105.176647,39.953449],[-105.176501,39.953454],[-105.176495,39.953358]]]]},"properties":{"occupancy":"Residential"}},{"type":"Feature","geometry":{"type":"MultiPolygon","coordinates":[[[[-105.17692,39.953444],[-105.177052,39.953438],[-105.177059,39.953532],[-105.176927,39.953538],[-105.17692,39.953444]]]]},"properties":{"occupancy":"Residential"}},{"type":"Feature","geometry":{"type":"MultiPolygon","coordinates":[[[[-105.176495,39.953484],[-105.176637,39.953477],[-105.176645,39.953576],[-105.176503,39.953582],[-105.176495,39.953484]]]]},"properties":{"occupancy":"Residential"}},{"type":"Feature","geometry":{"type":"MultiPolygon","coordinates":[[[[-105.176918,39.953568],[-105.177061,39.95356],[-105.177071,39.953658],[-105.176928,39.953666],[-105.176918,39.953568]]]]},"properties":{"occupancy":"Residential"}},{"type":"Feature","geometry":{"type":"MultiPolygon","coordinates":[[[[-105.176926,39.9537],[-105.177061,39.953691],[-105.177072,39.953789],[-105.176937,39.953798],[-105.176926,39.9537]]]]},"properties":{"occupancy":"Residential"}},{"type":"Feature","geometry":{"type":"MultiPolygon","coordinates":[[[[-105.176506,39.953749],[-105.176647,39.95374],[-105.176658,39.953841],[-105.176517,39.95385],[-105.176506,39.953749]]]]},"properties":{"occupancy":"Residential"}},{"type":"Feature","geometry":{"type":"MultiPolygon","coordinates":[[[[-105.177004,39.953826],[-105.177067,39.95382],[-105.177073,39.953855],[-105.177082,39.953908],[-105.176949,39.953921],[-105.17694,39.953867],[-105.17701,39.953861],[-105.177004,39.953826]]]]},"properties":{"occupancy":"Residential"}},{"type":"Feature","geometry":{"type":"MultiPolygon","coordinates":[[[[-105.176527,39.953891],[-105.176655,39.953882],[-105.176665,39.953964],[-105.176536,39.953973],[-105.176527,39.953891]]]]},"properties":{"occupancy":"Residential"}},{"type":"Feature","geometry":{"type":"MultiPolygon","coordinates":[[[[-105.176984,39.95394],[-105.177087,39.953931],[-105.177102,39.95403],[-105.176964,39.954042],[-105.176957,39.953997],[-105.176992,39.953994],[-105.176984,39.95394]]]]},"properties":{"occupancy":"Residential"}},{"type":"Feature","geometry":{"type":"MultiPolygon","coordinates":[[[[-105.176542,39.954001],[-105.176633,39.953994],[-105.176644,39.954088],[-105.176554,39.954095],[-105.176542,39.954001]]]]},"properties":{"occupancy":"Residential"}},{"type":"Feature","geometry":{"type":"MultiPolygon","coordinates":[[[[-105.177022,39.954065],[-105.17711,39.954056],[-105.177127,39.954155],[-105.177039,39.954164],[-105.177022,39.954065]]]]},"properties":{"occupancy":"Residential"}},{"type":"Feature","geometry":{"type":"MultiPolygon","coordinates":[[[[-105.17658,39.954225],[-105.176569,39.954136],[-105.176654,39.95413],[-105.176658,39.954155],[-105.176703,39.954152],[-105.176711,39.954216],[-105.17658,39.954225]]]]},"properties":{"occupancy":"Residential"}},{"type":"Feature","geometry":{"type":"MultiPolygon","coordinates":[[[[-105.177075,39.954191],[-105.177141,39.954185],[-105.177146,39.954223],[-105.177154,39.954274],[-105.177029,39.954285],[-105.177022,39.954234],[-105.17708,39.954229],[-105.177075,39.954191]]]]},"properties":{"occupancy":"Residential"}},{"type":"Feature","geometry":{"type":"MultiPolygon","coordinates":[[[[-105.176664,39.954282],[-105.176786,39.954272],[-105.176793,39.954326],[-105.176752,39.954329],[-105.176759,39.954382],[-105.176678,39.954389],[-105.176664,39.954282]]]]},"properties":{"occupancy":"Residential"}},{"type":"Feature","geometry":{"type":"MultiPolygon","coordinates":[[[[-105.1765,39.954291],[-105.176621,39.954283],[-105.176632,39.954385],[-105.176511,39.954393],[-105.1765,39.954291]]]]},"properties":{"occupancy":"Residential"}},{"type":"Feature","geometry":{"type":"MultiPolygon","coordinates":[[[[-105.177027,39.954319],[-105.177169,39.954302],[-105.177187,39.954387],[-105.177044,39.954404],[-105.177027,39.954319]]]]},"properties":{"occupancy":"Residential"}},{"type":"Feature","geometry":{"type":"MultiPolygon","coordinates":[[[[-105.177119,39.954436],[-105.177206,39.954425],[-105.177227,39.954519],[-105.17714,39.95453],[-105.177119,39.954436]]]]},"properties":{"occupancy":"Residential"}},{"type":"Feature","geometry":{"type":"MultiPolygon","coordinates":[[[[-105.177145,39.954654],[-105.177134,39.954603],[-105.177116,39.954605],[-105.177107,39.954562],[-105.177248,39.954544],[-105.177268,39.954638],[-105.177145,39.954654]]]]},"properties":{"occupancy":"Residential"}},{"type":"Feature","geometry":{"type":"MultiPolygon","coordinates":[[[[-105.176693,39.954606],[-105.17681,39.954597],[-105.176822,39.954704],[-105.176706,39.954712],[-105.176693,39.954606]]]]},"properties":{"occupancy":"Residential"}},{"type":"Feature","geometry":{"type":"MultiPolygon","coordinates":[[[[-105.176517,39.954657],[-105.17663,39.954651],[-105.176635,39.954713],[-105.176522,39.954719],[-105.176517,39.954657]]]]},"properties":{"occupancy":"Residential"}},{"type":"Feature","geometry":{"type":"MultiPolygon","coordinates":[[[[-105.177155,39.954693],[-105.177289,39.95466],[-105.177326,39.954749],[-105.177192,39.954782],[-105.177155,39.954693]]]]},"properties":{"occupancy":"Residential"}},{"type":"Feature","geometry":{"type":"MultiPolygon","coordinates":[[[[-105.176814,39.954789],[-105.176938,39.954779],[-105.176952,39.954888],[-105.176828,39.954897],[-105.176814,39.954789]]]]},"properties":{"occupancy":"Residential"}},{"type":"Feature","geometry":{"type":"MultiPolygon","coordinates":[[[[-105.177221,39.954818],[-105.177334,39.954803],[-105.177355,39.954899],[-105.177243,39.954914],[-105.177221,39.954818]]]]},"properties":{"occupancy":"Residential"}},{"type":"Feature","geometry":{"type":"MultiPolygon","coordinates":[[[[-105.176718,39.95492],[-105.176711,39.954872],[-105.176661,39.954876],[-105.176653,39.954825],[-105.176703,39.95482],[-105.176778,39.954813],[-105.176793,39.954914],[-105.176718,39.95492]]]]},"properties":{"occupancy":"Residential"}},{"type":"Feature","geometry":{"type":"MultiPolygon","coordinates":[[[[-105.176477,39.95482],[-105.176611,39.954815],[-105.176619,39.954925],[-105.176485,39.954931],[-105.176477,39.95482]]]]},"properties":{"occupancy":"Residential"}},{"type":"Feature","geometry":{"type":"MultiPolygon","coordinates":[[[[-105.177167,39.955049],[-105.177224,39.954954],[-105.177339,39.954996],[-105.177282,39.95509],[-105.177281,39.95509],[-105.177167,39.955049]]]]},"properties":{"occupancy":"Residential"}},{"type":"Feature","geometry":{"type":"MultiPolygon","coordinates":[[[[-105.177026,39.955118],[-105.177131,39.955054],[-105.177213,39.955134],[-105.177108,39.955197],[-105.177026,39.955118]]]]},"properties":{"occupancy":"Residential"}},{"type":"Feature","geometry":{"type":"MultiPolygon","coordinates":[[[[-105.176853,39.955124],[-105.176911,39.955121],[-105.17692,39.955233],[-105.176794,39.955239],[-105.176787,39.955148],[-105.176855,39.955145],[-105.176853,39.955124]]]]},"properties":{"occupancy":"Residential"}},{"type":"Feature","geometry":{"type":"MultiPolygon","coordinates":[[[[-105.176615,39.955146],[-105.176744,39.955141],[-105.176751,39.955244],[-105.176621,39.955248],[-105.176615,39.955146]]]]},"properties":{"occupancy":"Residential"}},{"type":"Feature","geometry":{"type":"MultiPolygon","coordinates":[[[[-105.176453,39.955155],[-105.176582,39.955151],[-105.176586,39.955235],[-105.176457,39.955239],[-105.176453,39.955155]]]]},"properties":{"occupancy":"Residential"}},{"type":"Feature","geometry":{"type":"MultiPolygon","coordinates":[[[[-105.176648,39.955529],[-105.176747,39.955528],[-105.17675,39.955641],[-105.176652,39.955642],[-105.176648,39.955529]]]]},"properties":{"occupancy":"Residential"}},{"type":"Feature","geometry":{"type":"MultiPolygon","coordinates":[[[[-105.176297,39.955531],[-105.176425,39.955528],[-105.176429,39.955639],[-105.1763,39.955642],[-105.176297,39.955531]]]]},"properties":{"occupancy":"Residential"}},{"type":"Feature","geometry":{"type":"MultiPolygon","coordinates":[[[[-105.176783,39.955533],[-105.17691,39.955532],[-105.176913,39.955635],[-105.176785,39.955637],[-105.176783,39.955533]]]]},"properties":{"occupancy":"Residential"}},{"type":"Feature","geometry":{"type":"MultiPolygon","coordinates":[[[[-105.176938,39.955531],[-105.177064,39.95553],[-105.177066,39.95564],[-105.17694,39.955642],[-105.176938,39.955531]]]]},"properties":{"occupancy":"Residential"}},{"type":"Feature","geometry":{"type":"MultiPolygon","coordinates":[[[[-105.176129,39.955537],[-105.176266,39.955534],[-105.17627,39.95564],[-105.176132,39.955643],[-105.176129,39.955537]]]]},"properties":{"occupancy":"Residential"}},{"type":"Feature","geometry":{"type":"MultiPolygon","coordinates":[[[[-105.176462,39.955548],[-105.176585,39.955546],[-105.176587,39.955623],[-105.176465,39.955626],[-105.176462,39.955548]]]]},"properties":{"occupancy":"Residential"}},{"type":"Feature","geometry":{"type":"MultiPolygon","coordinates":[[[[-105.176846,39.95583],[-105.176974,39.955829],[-105.176976,39.95593],[-105.176848,39.955931],[-105.176846,39.95583]]]]},"properties":{"occupancy":"Residential"}},{"type":"Feature","geometry":{"type":"MultiPolygon","coordinates":[[[[-105.176581,39.955836],[-105.176719,39.955834],[-105.176722,39.95593],[-105.176584,39.955932],[-105.176581,39.955836]]]]},"properties":{"occupancy":"Residential"}},{"type":"Feature","geometry":{"type":"MultiPolygon","coordinates":[[[[-105.175897,39.955843],[-105.176027,39.95584],[-105.17603,39.955939],[-105.1759,39.955942],[-105.175897,39.955843]]]]},"properties":{"occupancy":"Residential"}},{"type":"Feature","geometry":{"type":"MultiPolygon","coordinates":[[[[-105.176167,39.955845],[-105.176302,39.955843],[-105.176305,39.955939],[-105.176304,39.955939],[-105.17617,39.955942],[-105.176167,39.955845]]]]},"properties":{"occupancy":"Residential"}},{"type":"Feature","geometry":{"type":"MultiPolygon","coordinates":[[[[-105.176857,39.955955],[-105.17697,39.955953],[-105.176972,39.956055],[-105.176859,39.956057],[-105.176857,39.955955]]]]},"properties":{"occupancy":"Residential"}},{"type":"Feature","geometry":{"type":"MultiPolygon","coordinates":[[[[-105.176598,39.955954],[-105.176725,39.955952],[-105.176728,39.956056],[-105.176601,39.956058],[-105.176598,39.955954]]]]},"properties":{"occupancy":"Residential"}},{"type":"Feature","geometry":{"type":"MultiPolygon","coordinates":[[[[-105.176157,39.955963],[-105.176243,39.955961],[-105.176247,39.956064],[-105.17616,39.956066],[-105.176157,39.955963]]]]},"properties":{"occupancy":"Residential"}},{"type":"Feature","geometry":{"type":"MultiPolygon","coordinates":[[[[-105.175891,39.955963],[-105.176029,39.955961],[-105.176032,39.956057],[-105.175894,39.95606],[-105.175891,39.955963]]]]},"properties":{"occupancy":"Residential"}},{"type":"Feature","geometry":{"type":"MultiPolygon","coordinates":[[[[-105.176846,39.956078],[-105.176977,39.956076],[-105.17698,39.956174],[-105.176849,39.956176],[-105.176846,39.956078]]]]},"properties":{"occupancy":"Residential"}},{"type":"Feature","geometry":{"type":"MultiPolygon","coordinates":[[[[-105.176578,39.95608],[-105.176713,39.956078],[-105.176716,39.956175],[-105.17658,39.956178],[-105.176578,39.95608]]]]},"properties":{"occupancy":"Residential"}},{"type":"Feature","geometry":{"type":"MultiPolygon","coordinates":[[[[-105.175896,39.95609],[-105.176022,39.956087],[-105.176025,39.956189],[-105.175899,39.956192],[-105.175896,39.95609]]]]},"properties":{"occupancy":"Residential"}},{"type":"Feature","geometry":{"type":"MultiPolygon","coordinates":[[[[-105.17616,39.956089],[-105.176291,39.956086],[-105.176294,39.956191],[-105.176163,39.956193],[-105.176163,39.956192],[-105.17616,39.956089]]]]},"properties":{"occupancy":"Residential"}},{"type":"Feature","geometry":{"type":"MultiPolygon","coordinates":[[[[-105.175475,39.956171],[-105.175613,39.956169],[-105.175616,39.956265],[-105.175478,39.956267],[-105.175475,39.956171]]]]},"properties":{"occupancy":"Residential"}},{"type":"Feature","geometry":{"type":"MultiPolygon","coordinates":[[[[-105.176858,39.956205],[-105.17696,39.956203],[-105.176962,39.956298],[-105.17686,39.9563],[-105.176858,39.956205]]]]},"properties":{"occupancy":"Residential"}},{"type":"Feature","geometry":{"type":"MultiPolygon","coordinates":[[[[-105.176607,39.956206],[-105.176725,39.956204],[-105.176728,39.956307],[-105.17661,39.956309],[-105.176607,39.956206]]]]},"properties":{"occupancy":"Residential"}},{"type":"Feature","geometry":{"type":"MultiPolygon","coordinates":[[[[-105.175894,39.956215],[-105.176034,39.956213],[-105.176037,39.956309],[-105.175897,39.956311],[-105.175894,39.956215]]]]},"properties":{"occupancy":"Residential"}},{"type":"Feature","geometry":{"type":"MultiPolygon","coordinates":[[[[-105.176161,39.956224],[-105.17629,39.956222],[-105.176292,39.956306],[-105.176164,39.956308],[-105.176161,39.956224]]]]},"properties":{"occupancy":"Residential"}},{"type":"Feature","geometry":{"type":"MultiPolygon","coordinates":[[[[-105.175476,39.956293],[-105.175609,39.956292],[-105.175612,39.956391],[-105.175478,39.956393],[-105.175476,39.956293]]]]},"properties":{"occupancy":"Residential"}},{"type":"Feature","geometry":{"type":"MultiPolygon","coordinates":[[[[-105.176848,39.95638],[-105.176985,39.956378],[-105.176988,39.956479],[-105.17685,39.956481],[-105.176848,39.95638]]]]},"properties":{"occupancy":"Residential"}},{"type":"Feature","geometry":{"type":"MultiPolygon","coordinates":[[[[-105.176591,39.956385],[-105.176719,39.956383],[-105.176721,39.956485],[-105.176593,39.956487],[-105.176591,39.956385]]]]},"properties":{"occupancy":"Residential"}},{"type":"Feature","geometry":{"type":"MultiPolygon","coordinates":[[[[-105.17589,39.956389],[-105.176027,39.956387],[-105.17603,39.956489],[-105.175893,39.956491],[-105.17589,39.956389]]]]},"properties":{"occupancy":"Residential"}},{"type":"Feature","geometry":{"type":"MultiPolygon","coordinates":[[[[-105.176159,39.95643],[-105.176159,39.956394],[-105.176243,39.956394],[-105.176243,39.95643],[-105.176299,39.95643],[-105.176299,39.956483],[-105.176159,39.956484],[-105.176159,39.95643]]]]},"properties":{"occupancy":"Residential"}},{"type":"Feature","geometry":{"type":"MultiPolygon","coordinates":[[[[-105.175484,39.956446],[-105.175484,39.956415],[-105.175556,39.956415],[-105.175556,39.956447],[-105.175609,39.956447],[-105.175608,39.956503],[-105.175483,39.956502],[-105.175484,39.956446]]]]},"properties":{"occupancy":"Residential"}},{"type":"Feature","geometry":{"type":"MultiPolygon","coordinates":[[[[-105.17684,39.956504],[-105.176984,39.956502],[-105.176987,39.956599],[-105.176843,39.956601],[-105.17684,39.956504]]]]},"properties":{"occupancy":"Residential"}},{"type":"Feature","geometry":{"type":"MultiPolygon","coordinates":[[[[-105.175903,39.956514],[-105.176034,39.956512],[-105.176036,39.956612],[-105.175906,39.956614],[-105.175903,39.956514]]]]},"properties":{"occupancy":"Residential"}},{"type":"Feature","geometry":{"type":"MultiPolygon","coordinates":[[[[-105.176169,39.956512],[-105.176304,39.956511],[-105.176306,39.956613],[-105.176172,39.956615],[-105.176169,39.956512]]]]},"properties":{"occupancy":"Residential"}},{"type":"Feature","geometry":{"type":"MultiPolygon","coordinates":[[[[-105.176623,39.956608],[-105.176621,39.956558],[-105.176588,39.956558],[-105.176587,39.956518],[-105.17662,39.956518],[-105.176718,39.956516],[-105.17672,39.956607],[-105.176623,39.956608]]]]},"properties":{"occupancy":"Residential"}},{"type":"Feature","geometry":{"type":"MultiPolygon","coordinates":[[[[-105.176578,39.956628],[-105.176714,39.956627],[-105.176716,39.956721],[-105.17658,39.956723],[-105.176578,39.956628]]]]},"properties":{"occupancy":"Residential"}},{"type":"Feature","geometry":{"type":"MultiPolygon","coordinates":[[[[-105.176857,39.956632],[-105.176977,39.956632],[-105.176977,39.956683],[-105.176937,39.956683],[-105.176937,39.956723],[-105.176858,39.956723],[-105.176857,39.956683],[-105.176857,39.956632]]]]},"properties":{"occupancy":"Residential"}},{"type":"Feature","geometry":{"type":"MultiPolygon","coordinates":[[[[-105.17592,39.956634],[-105.176047,39.956632],[-105.17605,39.956733],[-105.175923,39.956735],[-105.17592,39.956634]]]]},"properties":{"occupancy":"Residential"}},{"type":"Feature","geometry":{"type":"MultiPolygon","coordinates":[[[[-105.176173,39.956638],[-105.176285,39.956636],[-105.176288,39.956729],[-105.176176,39.956731],[-105.176173,39.956638]]]]},"properties":{"occupancy":"Residential"}},{"type":"Feature","geometry":{"type":"MultiPolygon","coordinates":[[[[-105.176848,39.956753],[-105.176981,39.956752],[-105.176983,39.956828],[-105.17685,39.95683],[-105.176848,39.956753]]]]},"properties":{"occupancy":"Residential"}},{"type":"Feature","geometry":{"type":"MultiPolygon","coordinates":[[[[-105.1759,39.956756],[-105.176033,39.956754],[-105.176035,39.956859],[-105.175902,39.956861],[-105.1759,39.956756]]]]},"properties":{"occupancy":"Residential"}},{"type":"Feature","geometry":{"type":"MultiPolygon","coordinates":[[[[-105.176581,39.95676],[-105.176704,39.956758],[-105.176707,39.956844],[-105.176583,39.956846],[-105.176581,39.95676]]]]},"properties":{"occupancy":"Residential"}},{"type":"Feature","geometry":{"type":"MultiPolygon","coordinates":[[[[-105.176163,39.956764],[-105.176302,39.956762],[-105.176304,39.956856],[-105.176165,39.956858],[-105.176163,39.956764]]]]},"properties":{"occupancy":"Residential"}},{"type":"Feature","geometry":{"type":"MultiPolygon","coordinates":[[[[-105.176848,39.95687],[-105.176984,39.956868],[-105.176987,39.956967],[-105.176986,39.956967],[-105.176851,39.956969],[-105.176848,39.95687]]]]},"properties":{"occupancy":"Residential"}},{"type":"Feature","geometry":{"type":"MultiPolygon","coordinates":[[[[-105.176582,39.956877],[-105.176721,39.956875],[-105.176724,39.956974],[-105.176585,39.956976],[-105.176582,39.956877]]]]},"properties":{"occupancy":"Residential"}},{"type":"Feature","geometry":{"type":"MultiPolygon","coordinates":[[[[-105.176177,39.956882],[-105.176303,39.956881],[-105.176303,39.956941],[-105.176247,39.956941],[-105.176247,39.956984],[-105.176178,39.956984],[-105.176178,39.956941],[-105.176177,39.956882]]]]},"properties":{"occupancy":"Residential"}},{"type":"Feature","geometry":{"type":"MultiPolygon","coordinates":[[[[-105.175898,39.956885],[-105.176036,39.956883],[-105.176039,39.956983],[-105.175901,39.956985],[-105.175898,39.956885]]]]},"properties":{"occupancy":"Residential"}},{"type":"Feature","geometry":{"type":"MultiPolygon","coordinates":[[[[-105.176577,39.956998],[-105.176719,39.956996],[-105.176722,39.957098],[-105.17658,39.9571],[-105.176577,39.956998]]]]},"properties":{"occupancy":"Residential"}},{"type":"Feature","geometry":{"type":"MultiPolygon","coordinates":[[[[-105.176849,39.956998],[-105.176978,39.956996],[-105.176981,39.957099],[-105.176852,39.957101],[-105.176849,39.956998]]]]},"properties":{"occupancy":"Residential"}},{"type":"Feature","geometry":{"type":"MultiPolygon","coordinates":[[[[-105.17617,39.957007],[-105.176296,39.957005],[-105.176299,39.957102],[-105.176291,39.957102],[-105.176173,39.957104],[-105.17617,39.957007]]]]},"properties":{"occupancy":"Residential"}},{"type":"Feature","geometry":{"type":"MultiPolygon","coordinates":[[[[-105.175907,39.957008],[-105.176037,39.957005],[-105.17604,39.957104],[-105.17591,39.957106],[-105.175907,39.957008]]]]},"properties":{"occupancy":"Residential"}},{"type":"Feature","geometry":{"type":"MultiPolygon","coordinates":[[[[-105.176887,39.957286],[-105.177019,39.957283],[-105.177024,39.957385],[-105.176891,39.957389],[-105.176887,39.957286]]]]},"properties":{"occupancy":"Residential"}},{"type":"Feature","geometry":{"type":"MultiPolygon","coordinates":[[[[-105.176764,39.957287],[-105.176855,39.957284],[-105.176859,39.957389],[-105.176731,39.957391],[-105.176728,39.957327],[-105.176765,39.957327],[-105.176764,39.957287]]]]},"properties":{"occupancy":"Residential"}},{"type":"Feature","geometry":{"type":"MultiPolygon","coordinates":[[[[-105.176308,39.957288],[-105.176376,39.957287],[-105.176378,39.957398],[-105.176254,39.9574],[-105.176252,39.957306],[-105.176309,39.957305],[-105.176308,39.957288]]]]},"properties":{"occupancy":"Residential"}},{"type":"Feature","geometry":{"type":"MultiPolygon","coordinates":[[[[-105.175733,39.957393],[-105.175759,39.957288],[-105.175882,39.957306],[-105.175856,39.957411],[-105.175856,39.957411],[-105.175733,39.957393]]]]},"properties":{"occupancy":"Residential"}},{"type":"Feature","geometry":{"type":"MultiPolygon","coordinates":[[[[-105.176086,39.957293],[-105.176213,39.957292],[-105.176215,39.957389],[-105.176088,39.95739],[-105.176088,39.957389],[-105.176086,39.957293]]]]},"properties":{"occupancy":"Residential"}},{"type":"Feature","geometry":{"type":"MultiPolygon","coordinates":[[[[-105.176428,39.957295],[-105.176538,39.957294],[-105.17654,39.957393],[-105.17643,39.957395],[-105.176428,39.957295]]]]},"properties":{"occupancy":"Residential"}},{"type":"Feature","geometry":{"type":"MultiPolygon","coordinates":[[[[-105.175992,39.9573],[-105.176054,39.9573],[-105.176054,39.957409],[-105.175922,39.957409],[-105.175921,39.957315],[-105.175992,39.957315],[-105.175992,39.9573]]]]},"properties":{"occupancy":"Residential"}},{"type":"Feature","geometry":{"type":"MultiPolygon","coordinates":[[[[-105.176569,39.957322],[-105.176697,39.95732],[-105.176699,39.957388],[-105.176571,39.95739],[-105.176569,39.957322]]]]},"properties":{"occupancy":"Residential"}},{"type":"Feature","geometry":{"type":"MultiPolygon","coordinates":[[[[-105.175817,39.95771],[-105.175819,39.957597],[-105.175925,39.957598],[-105.175923,39.957711],[-105.175817,39.95771]]]]},"properties":{"occupancy":"Residential"}},{"type":"Feature","geometry":{"type":"MultiPolygon","coordinates":[[[[-105.176122,39.957848],[-105.176123,39.957765],[-105.176269,39.957765],[-105.176268,39.957849],[-105.176122,39.957848]]]]},"properties":{"occupancy":"Residential"}},{"type":"Feature","geometry":{"type":"MultiPolygon","coordinates":[[[[-105.176435,39.958055],[-105.176436,39.958003],[-105.176564,39.958005],[-105.176562,39.958057],[-105.176435,39.958055]]]]},"properties":{"occupancy":"Residential"}},{"type":"Feature","geometry":{"type":"MultiPolygon","coordinates":[[[[-105.176075,39.9585],[-105.176078,39.958313],[-105.176174,39.958313],[-105.176171,39.958501],[-105.176075,39.9585]]]]},"properties":{"occupancy":"Commercial"}},{"type":"Feature","geometry":{"type":"MultiPolygon","coordinates":[[[[-105.175723,39.959646],[-105.175828,39.959645],[-105.175829,39.959709],[-105.175724,39.959709],[-105.175723,39.959646]]]]},"properties":{"occupancy":"Residential"}},{"type":"Feature","geometry":{"type":"MultiPolygon","coordinates":[[[[-105.176,39.959883],[-105.176185,39.959883],[-105.176186,39.959936],[-105.176,39.959936],[-105.176,39.959883]]]]},"properties":{"occupancy":"Residential"}},{"type":"Feature","geometry":{"type":"MultiPolygon","coordinates":[[[[-105.176491,39.958388],[-105.17649,39.958366],[-105.176519,39.958365],[-105.17652,39.958388],[-105.176491,39.958388]]],[[[-105.176679,39.958385],[-105.1767,39.959188],[-105.176237,39.959195],[-105.176216,39.958404],[-105.17652,39.958399],[-105.17652,39.958388],[-105.176679,39.958385]]]]},"properties":{"occupancy":"Commercial"}},{"type":"Feature","geometry":{"type":"MultiPolygon","coordinates":[[[[-105.177037,39.959208],[-105.176907,39.959209],[-105.176906,39.959175],[-105.17679,39.959176],[-105.17678,39.95844],[-105.177026,39.958438],[-105.177037,39.959208]]]]},"properties":{"occupancy":"Commercial"}},{"type":"Feature","geometry":{"type":"MultiPolygon","coordinates":[[[[-105.176499,39.96092],[-105.176586,39.960923],[-105.176591,39.960834],[-105.176664,39.960836],[-105.176653,39.961003],[-105.176494,39.960998],[-105.176499,39.96092]]]]},"properties":{"occupancy":"Industrial"}},{"type":"Feature","geometry":{"type":"MultiPolygon","coordinates":[[[[-105.176257,39.961115],[-105.176363,39.960969],[-105.176515,39.961034],[-105.176381,39.961219],[-105.17614,39.961116],[-105.176169,39.961077],[-105.176245,39.96111],[-105.176223,39.961139],[-105.176261,39.961155],[-105.176283,39.961126],[-105.176257,39.961115]]]]},"properties":{"occupancy":"Industrial"}},{"type":"Feature","geometry":{"type":"MultiPolygon","coordinates":[[[[-105.176336,39.954295],[-105.176467,39.954288],[-105.176475,39.954386],[-105.176344,39.954392],[-105.176336,39.954295]]]]},"properties":{"occupancy":"Residential"}},{"type":"Feature","geometry":{"type":"MultiPolygon","coordinates":[[[[-105.17634,39.95463],[-105.176461,39.954626],[-105.176466,39.954706],[-105.176345,39.95471],[-105.17634,39.95463]]]]},"properties":{"occupancy":"Residential"}},{"type":"Feature","geometry":{"type":"MultiPolygon","coordinates":[[[[-105.176323,39.954817],[-105.176452,39.954813],[-105.176457,39.954911],[-105.176328,39.954915],[-105.176323,39.954817]]]]},"properties":{"occupancy":"Residential"}},{"type":"Feature","geometry":{"type":"MultiPolygon","coordinates":[[[[-105.176304,39.953938],[-105.176347,39.9539],[-105.176393,39.95393],[-105.176446,39.953966],[-105.17637,39.954033],[-105.176317,39.953998],[-105.17635,39.953968],[-105.176304,39.953938]]]]},"properties":{"occupancy":"Residential"}},{"type":"Feature","geometry":{"type":"MultiPolygon","coordinates":[[[[-105.17625,39.953527],[-105.176365,39.953478],[-105.17641,39.953542],[-105.176296,39.953591],[-105.17625,39.953527]]]]},"properties":{"occupancy":"Residential"}},{"type":"Feature","geometry":{"type":"MultiPolygon","coordinates":[[[[-105.176155,39.954052],[-105.176243,39.953983],[-105.17634,39.954056],[-105.176251,39.954125],[-105.17625,39.954124],[-105.176155,39.954052]]]]},"properties":{"occupancy":"Residential"}},{"type":"Feature","geometry":{"type":"MultiPolygon","coordinates":[[[[-105.176189,39.9543],[-105.176297,39.9543],[-105.176297,39.954388],[-105.176189,39.954388],[-105.176189,39.9543]]]]},"properties":{"occupancy":"Residential"}},{"type":"Feature","geometry":{"type":"MultiPolygon","coordinates":[[[[-105.176165,39.954656],[-105.176286,39.954654],[-105.176289,39.954723],[-105.176167,39.954725],[-105.176165,39.954656]]]]},"properties":{"occupancy":"Residential"}},{"type":"Feature","geometry":{"type":"MultiPolygon","coordinates":[[[[-105.176126,39.953603],[-105.176194,39.953556],[-105.176289,39.953638],[-105.17622,39.953685],[-105.176219,39.953684],[-105.176126,39.953603]]]]},"properties":{"occupancy":"Residential"}},{"type":"Feature","geometry":{"type":"MultiPolygon","coordinates":[[[[-105.176033,39.954134],[-105.17612,39.954065],[-105.176234,39.954148],[-105.176147,39.954218],[-105.176146,39.954217],[-105.176033,39.954134]]]]},"properties":{"occupancy":"Residential"}},{"type":"Feature","geometry":{"type":"MultiPolygon","coordinates":[[[[-105.175988,39.953724],[-105.176078,39.953652],[-105.176159,39.953712],[-105.17607,39.953784],[-105.175988,39.953724]]]]},"properties":{"occupancy":"Residential"}},{"type":"Feature","geometry":{"type":"MultiPolygon","coordinates":[[[[-105.176021,39.954291],[-105.176145,39.954288],[-105.176147,39.954363],[-105.176024,39.954365],[-105.176021,39.954291]]]]},"properties":{"occupancy":"Residential"}},{"type":"Feature","geometry":{"type":"MultiPolygon","coordinates":[[[[-105.176012,39.954827],[-105.176133,39.954826],[-105.176136,39.954922],[-105.176014,39.954923],[-105.176012,39.954827]]]]},"properties":{"occupancy":"Residential"}},{"type":"Feature","geometry":{"type":"MultiPolygon","coordinates":[[[[-105.176034,39.95462],[-105.176125,39.954619],[-105.176127,39.954717],[-105.176003,39.954718],[-105.176002,39.954681],[-105.176035,39.954681],[-105.176034,39.95462]]]]},"properties":{"occupancy":"Residential"}},{"type":"Feature","geometry":{"type":"MultiPolygon","coordinates":[[[[-105.175879,39.953812],[-105.175971,39.95374],[-105.17606,39.953808],[-105.175968,39.953879],[-105.175879,39.953812]]]]},"properties":{"occupancy":"Residential"}},{"type":"Feature","geometry":{"type":"MultiPolygon","coordinates":[[[[-105.175858,39.954381],[-105.17586,39.954286],[-105.175985,39.954287],[-105.175983,39.954382],[-105.175858,39.954381]]]]},"properties":{"occupancy":"Residential"}},{"type":"Feature","geometry":{"type":"MultiPolygon","coordinates":[[[[-105.175836,39.954712],[-105.175837,39.954647],[-105.175968,39.954647],[-105.175968,39.954713],[-105.175836,39.954712]]]]},"properties":{"occupancy":"Residential"}},{"type":"Feature","geometry":{"type":"MultiPolygon","coordinates":[[[[-105.175762,39.953893],[-105.175848,39.953826],[-105.175913,39.953876],[-105.175828,39.953943],[-105.175762,39.953893]]]]},"properties":{"occupancy":"Residential"}},{"type":"Feature","geometry":{"type":"MultiPolygon","coordinates":[[[[-105.17573,39.954036],[-105.175652,39.95398],[-105.175736,39.953911],[-105.175835,39.953983],[-105.175794,39.954016],[-105.175774,39.954001],[-105.17573,39.954036]]]]},"properties":{"occupancy":"Residential"}},{"type":"Feature","geometry":{"type":"MultiPolygon","coordinates":[[[[-105.175586,39.953429],[-105.175606,39.953372],[-105.17571,39.953393],[-105.175715,39.953379],[-105.175813,39.953399],[-105.175782,39.953486],[-105.175684,39.953466],[-105.17569,39.953451],[-105.175586,39.953429]]]]},"properties":{"occupancy":"Residential"}},{"type":"Feature","geometry":{"type":"MultiPolygon","coordinates":[[[[-105.175619,39.954141],[-105.175549,39.954108],[-105.175567,39.954085],[-105.175608,39.954032],[-105.175719,39.954084],[-105.175679,39.954136],[-105.175637,39.954117],[-105.175619,39.954141]]]]},"properties":{"occupancy":"Residential"}},{"type":"Feature","geometry":{"type":"MultiPolygon","coordinates":[[[[-105.17548,39.954258],[-105.175508,39.954161],[-105.175634,39.954183],[-105.175605,39.95428],[-105.17548,39.954258]]]]},"properties":{"occupancy":"Residential"}},{"type":"Feature","geometry":{"type":"MultiPolygon","coordinates":[[[[-105.175481,39.954687],[-105.175608,39.954687],[-105.175608,39.954735],[-105.175565,39.954735],[-105.175566,39.954768],[-105.175481,39.954769],[-105.175481,39.954736],[-105.175481,39.954687]]]]},"properties":{"occupancy":"Residential"}},{"type":"Feature","geometry":{"type":"MultiPolygon","coordinates":[[[[-105.175462,39.954526],[-105.175465,39.954425],[-105.175606,39.954427],[-105.175605,39.954469],[-105.175576,39.954469],[-105.175574,39.954528],[-105.175462,39.954526]]]]},"properties":{"occupancy":"Residential"}},{"type":"Feature","geometry":{"type":"MultiPolygon","coordinates":[[[[-105.175465,39.954867],[-105.175466,39.9548],[-105.175605,39.954801],[-105.175604,39.954868],[-105.175465,39.954867]]]]},"properties":{"occupancy":"Residential"}},{"type":"Feature","geometry":{"type":"MultiPolygon","coordinates":[[[[-105.175464,39.954634],[-105.175466,39.954547],[-105.175597,39.954549],[-105.175595,39.954636],[-105.175464,39.954634]]]]},"properties":{"occupancy":"Residential"}},{"type":"Feature","geometry":{"type":"MultiPolygon","coordinates":[[[[-105.175478,39.954396],[-105.175483,39.954298],[-105.175582,39.9543],[-105.175577,39.954399],[-105.175478,39.954396]]]]},"properties":{"occupancy":"Residential"}},{"type":"Feature","geometry":{"type":"MultiPolygon","coordinates":[[[[-105.175838,39.954924],[-105.175838,39.954818],[-105.175973,39.954818],[-105.175973,39.954924],[-105.175838,39.954924]]]]},"properties":{"occupancy":"Residential"}},{"type":"Feature","geometry":{"type":"MultiPolygon","coordinates":[[[[-105.176163,39.954811],[-105.176295,39.954808],[-105.176299,39.954922],[-105.176298,39.954922],[-105.176167,39.954924],[-105.176163,39.954811]]]]},"properties":{"occupancy":"Residential"}},{"type":"Feature","geometry":{"type":"MultiPolygon","coordinates":[[[[-105.175463,39.955024],[-105.175464,39.954926],[-105.175592,39.954927],[-105.17559,39.955025],[-105.175463,39.955024]]]]},"properties":{"occupancy":"Residential"}},{"type":"Feature","geometry":{"type":"MultiPolygon","coordinates":[[[[-105.17554,39.955129],[-105.175626,39.955044],[-105.175687,39.95508],[-105.175666,39.955101],[-105.175704,39.955124],[-105.175639,39.955189],[-105.17554,39.955129]]]]},"properties":{"occupancy":"Residential"}},{"type":"Feature","geometry":{"type":"MultiPolygon","coordinates":[[[[-105.175725,39.955145],[-105.175851,39.955144],[-105.175852,39.955238],[-105.175726,39.955239],[-105.175725,39.955145]]]]},"properties":{"occupancy":"Residential"}},{"type":"Feature","geometry":{"type":"MultiPolygon","coordinates":[[[[-105.176138,39.955152],[-105.176263,39.95515],[-105.176265,39.955238],[-105.17614,39.95524],[-105.176138,39.955152]]]]},"properties":{"occupancy":"Residential"}},{"type":"Feature","geometry":{"type":"MultiPolygon","coordinates":[[[[-105.176294,39.955152],[-105.176418,39.955149],[-105.176422,39.955238],[-105.176298,39.955241],[-105.176294,39.955152]]]]},"properties":{"occupancy":"Residential"}},{"type":"Feature","geometry":{"type":"MultiPolygon","coordinates":[[[[-105.17553,39.957269],[-105.175608,39.957205],[-105.175657,39.957241],[-105.175674,39.957227],[-105.175721,39.957261],[-105.175626,39.957339],[-105.17553,39.957269]]]]},"properties":{"occupancy":"Residential"}},{"type":"Feature","geometry":{"type":"MultiPolygon","coordinates":[[[[-105.175568,39.958499],[-105.175568,39.958426],[-105.175518,39.958427],[-105.175513,39.958323],[-105.175629,39.95832],[-105.175631,39.958362],[-105.175717,39.958362],[-105.175717,39.958498],[-105.175568,39.958499]]]]},"properties":{"occupancy":"Commercial"}},{"type":"Feature","geometry":{"type":"MultiPolygon","coordinates":[[[[-105.175595,39.960075],[-105.175596,39.960028],[-105.175704,39.96003],[-105.175702,39.960077],[-105.175595,39.960075]]]]},"properties":{"occupancy":"Residential"}},{"type":"Feature","geometry":{"type":"MultiPolygon","coordinates":[[[[-105.175569,39.959773],[-105.175671,39.959773],[-105.175671,39.959803],[-105.175672,39.959869],[-105.175486,39.959869],[-105.175486,39.959803],[-105.175569,39.959803],[-105.175569,39.959773]]]]},"properties":{"occupancy":"Residential"}},{"type":"Feature","geometry":{"type":"MultiPolygon","coordinates":[[[[-105.175512,39.957844],[-105.175515,39.95771],[-105.175626,39.957711],[-105.175623,39.957846],[-105.175512,39.957844]]]]},"properties":{"occupancy":"Residential"}},{"type":"Feature","geometry":{"type":"MultiPolygon","coordinates":[[[[-105.175476,39.956783],[-105.175611,39.956781],[-105.175614,39.95688],[-105.175479,39.956883],[-105.175476,39.956783]]]]},"properties":{"occupancy":"Residential"}},{"type":"Feature","geometry":{"type":"MultiPolygon","coordinates":[[[[-105.175474,39.957006],[-105.175471,39.956913],[-105.17555,39.956911],[-105.175551,39.956937],[-105.175612,39.956936],[-105.175614,39.957003],[-105.175474,39.957006]]]]},"properties":{"occupancy":"Residential"}},{"type":"Feature","geometry":{"type":"MultiPolygon","coordinates":[[[[-105.175478,39.956678],[-105.17561,39.956676],[-105.175612,39.95676],[-105.175481,39.956762],[-105.175478,39.956678]]]]},"properties":{"occupancy":"Residential"}},{"type":"Feature","geometry":{"type":"MultiPolygon","coordinates":[[[[-105.175486,39.957062],[-105.175591,39.957061],[-105.175593,39.95716],[-105.175487,39.957161],[-105.175486,39.957062]]]]},"properties":{"occupancy":"Residential"}},{"type":"Feature","geometry":{"type":"MultiPolygon","coordinates":[[[[-105.175489,39.95654],[-105.175602,39.956538],[-105.175605,39.956634],[-105.175491,39.956635],[-105.175489,39.95654]]]]},"properties":{"occupancy":"Residential"}},{"type":"Feature","geometry":{"type":"MultiPolygon","coordinates":[[[[-105.173782,39.957598],[-105.173779,39.957491],[-105.173823,39.95749],[-105.173821,39.957243],[-105.17382,39.95718],[-105.17375,39.95718],[-105.17375,39.957158],[-105.17375,39.957095],[-105.17375,39.95709],[-105.17375,39.956901],[-105.173653,39.956902],[-105.173652,39.956701],[-105.173737,39.956701],[-105.173716,39.956661],[-105.173703,39.956619],[-105.173694,39.956577],[-105.173688,39.956535],[-105.173685,39.956488],[-105.173685,39.956435],[-105.173685,39.956381],[-105.173694,39.956316],[-105.173709,39.956257],[-105.173736,39.956194],[-105.173734,39.956166],[-105.173671,39.956167],[-105.173669,39.955978],[-105.173755,39.955977],[-105.173753,39.955824],[-105.173753,39.955805],[-105.17372,39.955805],[-105.173719,39.955737],[-105.173832,39.955737],[-105.173832,39.955772],[-105.174932,39.955764],[-105.174932,39.955738],[-105.175044,39.955737],[-105.175045,39.955817],[-105.174984,39.955817],[-105.174996,39.956877],[-105.17505,39.956876],[-105.175057,39.957123],[-105.174787,39.957128],[-105.174787,39.957154],[-105.174415,39.957156],[-105.174418,39.957486],[-105.174445,39.957486],[-105.174446,39.957565],[-105.174339,39.957566],[-105.174339,39.957545],[-105.174336,39.957545],[-105.173874,39.957547],[-105.173876,39.957597],[-105.173782,39.957598]]]]},"properties":{"occupancy":"Education"}},{"type":"Feature","geometry":{"type":"MultiPolygon","coordinates":[[[[-105.174964,39.960235],[-105.174964,39.960195],[-105.174361,39.960196],[-105.174361,39.960045],[-105.173847,39.960045],[-105.173847,39.960059],[-105.173778,39.96006],[-105.173778,39.960045],[-105.173778,39.960009],[-105.173846,39.960008],[-105.173845,39.959332],[-105.173826,39.959332],[-105.173762,39.959332],[-105.173762,39.959133],[-105.173737,39.959133],[-105.173735,39.958896],[-105.173843,39.958894],[-105.173843,39.958907],[-105.173852,39.958907],[-105.173887,39.958906],[-105.173887,39.958839],[-105.173976,39.958839],[-105.174428,39.958839],[-105.174429,39.958946],[-105.174963,39.958945],[-105.174963,39.958912],[-105.175045,39.958911],[-105.175045,39.958975],[-105.174997,39.958975],[-105.174999,39.959485],[-105.175051,39.959484],[-105.175052,39.959657],[-105.174999,39.959657],[-105.175,39.960167],[-105.175046,39.960167],[-105.175046,39.960235],[-105.174964,39.960235]]]]},"properties":{"occupancy":"Commercial"}},{"type":"Feature","geometry":{"type":"MultiPolygon","coordinates":[[[[-105.174493,39.95863],[-105.174488,39.95863],[-105.173929,39.958634],[-105.173927,39.958513],[-105.173879,39.958513],[-105.173876,39.958262],[-105.173924,39.958262],[-105.173924,39.958218],[-105.173893,39.958218],[-105.173892,39.958101],[-105.17383,39.958101],[-105.173828,39.957915],[-105.173889,39.957915],[-105.173888,39.957833],[-105.17384,39.957833],[-105.173838,39.957742],[-105.173959,39.95774],[-105.173959,39.957791],[-105.173966,39.957791],[-105.174518,39.957787],[-105.174524,39.957787],[-105.174524,39.957767],[-105.17464,39.957765],[-105.174642,39.957851],[-105.174612,39.957851],[-105.174614,39.958227],[-105.174636,39.958227],[-105.174636,39.95825],[-105.174673,39.95825],[-105.174673,39.958286],[-105.174733,39.958286],[-105.174733,39.958367],[-105.17463,39.958367],[-105.17463,39.958348],[-105.174573,39.958347],[-105.174574,39.958571],[-105.174593,39.958571],[-105.174596,39.958655],[-105.174493,39.958657],[-105.174493,39.95863]]]]},"properties":{"occupancy":"Education"}},{"type":"Feature","geometry":{"type":"MultiPolygon","coordinates":[[[[-105.174559,39.960352],[-105.174666,39.960351],[-105.174668,39.960588],[-105.174666,39.960588],[-105.174561,39.960589],[-105.174559,39.960352]]]]},"properties":{"occupancy":"Commercial"}},{"type":"Feature","geometry":{"type":"MultiPolygon","coordinates":[[[[-105.172603,39.961623],[-105.172616,39.961527],[-105.172749,39.961538],[-105.172756,39.961482],[-105.172844,39.961489],[-105.172823,39.961641],[-105.172603,39.961623]]]]},"properties":{"occupancy":"Residential"}},{"type":"Feature","geometry":{"type":"MultiPolygon","coordinates":[[[[-105.169308,39.961922],[-105.169308,39.96189],[-105.169283,39.961891],[-105.169111,39.961892],[-105.169107,39.96168],[-105.169228,39.961679],[-105.169218,39.961134],[-105.169214,39.960894],[-105.169289,39.960894],[-105.169288,39.960819],[-105.169287,39.960771],[-105.169378,39.96077],[-105.169378,39.960758],[-105.169378,39.960741],[-105.169377,39.960687],[-105.169791,39.960683],[-105.169786,39.960414],[-105.169961,39.960412],[-105.169967,39.960721],[-105.169967,39.960735],[-105.170177,39.960732],[-105.170178,39.960811],[-105.17023,39.96081],[-105.170231,39.960864],[-105.170179,39.960865],[-105.170198,39.961912],[-105.169783,39.961917],[-105.169399,39.961921],[-105.169308,39.961922]]]]},"properties":{"occupancy":"Commercial"}},{"type":"Feature","geometry":{"type":"MultiPolygon","coordinates":[[[[-105.174994,39.958733],[-105.175063,39.958717],[-105.175085,39.95877],[-105.175016,39.958786],[-105.174994,39.958733]]]]},"properties":{"occupancy":"Commercial"}},{"type":"Feature","geometry":{"type":"MultiPolygon","coordinates":[[[[-105.170873,39.95321],[-105.170873,39.953174],[-105.17107,39.953176],[-105.171069,39.953212],[-105.170873,39.95321]]]]},"properties":{"occupancy":"Residential"}},{"type":"Feature","geometry":{"type":"MultiPolygon","coordinates":[[[[-105.173369,39.95333],[-105.173138,39.953321],[-105.173148,39.953176],[-105.173379,39.953185],[-105.173369,39.95333]]]]},"properties":{"occupancy":"Residential"}},{"type":"Feature","geometry":{"type":"MultiPolygon","coordinates":[[[[-105.172563,39.953202],[-105.172795,39.953208],[-105.172789,39.953342],[-105.172558,39.953336],[-105.172563,39.953202]]]]},"properties":{"occupancy":"Residential"}},{"type":"Feature","geometry":{"type":"MultiPolygon","coordinates":[[[[-105.171299,39.953343],[-105.1713,39.953216],[-105.171397,39.953216],[-105.171396,39.953344],[-105.171394,39.953344],[-105.171299,39.953343]]]]},"properties":{"occupancy":"Residential"}},{"type":"Feature","geometry":{"type":"MultiPolygon","coordinates":[[[[-105.169644,39.953421],[-105.169638,39.953224],[-105.169712,39.953223],[-105.169714,39.953294],[-105.169783,39.953293],[-105.169786,39.953391],[-105.169746,39.953391],[-105.169746,39.953419],[-105.169644,39.953421]]]]},"properties":{"occupancy":"Residential"}},{"type":"Feature","geometry":{"type":"MultiPolygon","coordinates":[[[[-105.170389,39.953222],[-105.170485,39.953221],[-105.170486,39.95328],[-105.17039,39.953281],[-105.170389,39.953222]]]]},"properties":{"occupancy":"Residential"}},{"type":"Feature","geometry":{"type":"MultiPolygon","coordinates":[[[[-105.169474,39.953241],[-105.169604,39.953238],[-105.169606,39.9533],[-105.169476,39.953303],[-105.169474,39.953241]]]]},"properties":{"occupancy":"Residential"}},{"type":"Feature","geometry":{"type":"MultiPolygon","coordinates":[[[[-105.169954,39.953251],[-105.170099,39.953249],[-105.170101,39.953329],[-105.170099,39.953329],[-105.169956,39.953331],[-105.169954,39.953251]]]]},"properties":{"occupancy":"Residential"}},{"type":"Feature","geometry":{"type":"MultiPolygon","coordinates":[[[[-105.170848,39.953325],[-105.170849,39.953292],[-105.171036,39.953294],[-105.171035,39.953327],[-105.170848,39.953325]]]]},"properties":{"occupancy":"Residential"}},{"type":"Feature","geometry":{"type":"MultiPolygon","coordinates":[[[[-105.169831,39.953287],[-105.169913,39.953286],[-105.169915,39.953364],[-105.169833,39.953365],[-105.169831,39.953287]]]]},"properties":{"occupancy":"Residential"}},{"type":"Feature","geometry":{"type":"MultiPolygon","coordinates":[[[[-105.170213,39.953295],[-105.170302,39.953294],[-105.170304,39.953398],[-105.170215,39.953399],[-105.170213,39.953295]]]]},"properties":{"occupancy":"Residential"}},{"type":"Feature","geometry":{"type":"MultiPolygon","coordinates":[[[[-105.16948,39.953326],[-105.169574,39.953324],[-105.169578,39.953444],[-105.169536,39.953444],[-105.169539,39.953514],[-105.169487,39.953515],[-105.16948,39.953326]]]]},"properties":{"occupancy":"Residential"}},{"type":"Feature","geometry":{"type":"MultiPolygon","coordinates":[[[[-105.173356,39.953511],[-105.173154,39.953523],[-105.17314,39.95339],[-105.173343,39.953378],[-105.173356,39.953511]]]]},"properties":{"occupancy":"Residential"}},{"type":"Feature","geometry":{"type":"MultiPolygon","coordinates":[[[[-105.172553,39.953387],[-105.172784,39.9534],[-105.172772,39.953534],[-105.172541,39.953521],[-105.172553,39.953387]]]]},"properties":{"occupancy":"Residential"}},{"type":"Feature","geometry":{"type":"MultiPolygon","coordinates":[[[[-105.170814,39.953393],[-105.171017,39.953392],[-105.171017,39.953426],[-105.170814,39.953426],[-105.170814,39.953393]]]]},"properties":{"occupancy":"Residential"}},{"type":"Feature","geometry":{"type":"MultiPolygon","coordinates":[[[[-105.169904,39.953425],[-105.16999,39.953424],[-105.169991,39.953479],[-105.169906,39.953481],[-105.169904,39.953425]]]]},"properties":{"occupancy":"Residential"}},{"type":"Feature","geometry":{"type":"MultiPolygon","coordinates":[[[[-105.170382,39.953457],[-105.170459,39.953456],[-105.17046,39.953525],[-105.170384,39.953526],[-105.170382,39.953457]]]]},"properties":{"occupancy":"Residential"}},{"type":"Feature","geometry":{"type":"MultiPolygon","coordinates":[[[[-105.17082,39.953527],[-105.170821,39.953503],[-105.171015,39.953508],[-105.171014,39.953532],[-105.17082,39.953527]]]]},"properties":{"occupancy":"Residential"}},{"type":"Feature","geometry":{"type":"MultiPolygon","coordinates":[[[[-105.171513,39.953692],[-105.171432,39.953645],[-105.171511,39.953565],[-105.171545,39.953585],[-105.171501,39.95363],[-105.171548,39.953657],[-105.171513,39.953692]]]]},"properties":{"occupancy":"Residential"}},{"type":"Feature","geometry":{"type":"MultiPolygon","coordinates":[[[[-105.172766,39.953713],[-105.172534,39.953705],[-105.172542,39.953571],[-105.172773,39.953579],[-105.172766,39.953713]]]]},"properties":{"occupancy":"Residential"}},{"type":"Feature","geometry":{"type":"MultiPolygon","coordinates":[[[[-105.173355,39.953713],[-105.173137,39.953717],[-105.173133,39.953572],[-105.17335,39.953568],[-105.173355,39.953713]]]]},"properties":{"occupancy":"Residential"}},{"type":"Feature","geometry":{"type":"MultiPolygon","coordinates":[[[[-105.169529,39.953645],[-105.169529,39.953594],[-105.169595,39.953594],[-105.169595,39.953645],[-105.169668,39.953645],[-105.169669,39.953697],[-105.169529,39.953697],[-105.169529,39.953645]]]]},"properties":{"occupancy":"Residential"}},{"type":"Feature","geometry":{"type":"MultiPolygon","coordinates":[[[[-105.171558,39.95391],[-105.171561,39.953715],[-105.171694,39.953716],[-105.171691,39.953911],[-105.171558,39.95391]]]]},"properties":{"occupancy":"Residential"}},{"type":"Feature","geometry":{"type":"MultiPolygon","coordinates":[[[[-105.170402,39.953719],[-105.170452,39.953718],[-105.170455,39.953811],[-105.170405,39.953812],[-105.170402,39.953719]]]]},"properties":{"occupancy":"Residential"}},{"type":"Feature","geometry":{"type":"MultiPolygon","coordinates":[[[[-105.170014,39.953786],[-105.17013,39.953783],[-105.170134,39.953901],[-105.170018,39.953904],[-105.170018,39.953901],[-105.170014,39.953786]]]]},"properties":{"occupancy":"Residential"}},{"type":"Feature","geometry":{"type":"MultiPolygon","coordinates":[[[[-105.17081,39.953803],[-105.170906,39.953801],[-105.170907,39.953818],[-105.17091,39.953944],[-105.170755,39.953946],[-105.170752,39.95382],[-105.17081,39.953819],[-105.17081,39.953803]]]]},"properties":{"occupancy":"Residential"}},{"type":"Feature","geometry":{"type":"MultiPolygon","coordinates":[[[[-105.171015,39.953805],[-105.171055,39.953804],[-105.171056,39.95397],[-105.171017,39.95397],[-105.171015,39.953805]]]]},"properties":{"occupancy":"Residential"}},{"type":"Feature","geometry":{"type":"MultiPolygon","coordinates":[[[[-105.170347,39.95392],[-105.170346,39.953872],[-105.170292,39.953872],[-105.170293,39.953893],[-105.170234,39.953893],[-105.170234,39.953872],[-105.170234,39.953848],[-105.170274,39.953848],[-105.170274,39.953832],[-105.170435,39.953832],[-105.170435,39.953848],[-105.170435,39.953854],[-105.170462,39.953853],[-105.170463,39.953919],[-105.170347,39.95392]]]]},"properties":{"occupancy":"Residential"}},{"type":"Feature","geometry":{"type":"MultiPolygon","coordinates":[[[[-105.169563,39.953858],[-105.169697,39.953855],[-105.1697,39.953922],[-105.169566,39.953924],[-105.169563,39.953858]]]]},"properties":{"occupancy":"Residential"}},{"type":"Feature","geometry":{"type":"MultiPolygon","coordinates":[[[[-105.172749,39.953891],[-105.172546,39.953897],[-105.17254,39.953763],[-105.172742,39.953757],[-105.172749,39.953891]]]]},"properties":{"occupancy":"Residential"}},{"type":"Feature","geometry":{"type":"MultiPolygon","coordinates":[[[[-105.173118,39.953893],[-105.173123,39.953748],[-105.173383,39.953753],[-105.173379,39.953898],[-105.173118,39.953893]]]]},"properties":{"occupancy":"Residential"}},{"type":"Feature","geometry":{"type":"MultiPolygon","coordinates":[[[[-105.1695,39.949256],[-105.169691,39.949224],[-105.169708,39.949288],[-105.169518,39.94932],[-105.1695,39.949256]]]]},"properties":{"occupancy":"Residential"}},{"type":"Feature","geometry":{"type":"MultiPolygon","coordinates":[[[[-105.169615,39.949584],[-105.169615,39.949567],[-105.169494,39.949572],[-105.169489,39.949511],[-105.169513,39.94951],[-105.169509,39.949458],[-105.169633,39.949453],[-105.169635,39.949483],[-105.169678,39.949483],[-105.169678,39.949531],[-105.16971,39.949531],[-105.169712,39.949581],[-105.169615,39.949584]]]]},"properties":{"occupancy":"Residential"}},{"type":"Feature","geometry":{"type":"MultiPolygon","coordinates":[[[[-105.169837,39.949852],[-105.169955,39.949847],[-105.16996,39.949938],[-105.169842,39.949942],[-105.169837,39.949852]]]]},"properties":{"occupancy":"Residential"}},{"type":"Feature","geometry":{"type":"MultiPolygon","coordinates":[[[[-105.16957,39.949918],[-105.16968,39.949915],[-105.169683,39.949977],[-105.169599,39.94998],[-105.169603,39.950062],[-105.169512,39.950065],[-105.169506,39.949938],[-105.169571,39.949936],[-105.16957,39.949918]]]]},"properties":{"occupancy":"Residential"}},{"type":"Feature","geometry":{"type":"MultiPolygon","coordinates":[[[[-105.169693,39.950217],[-105.169692,39.950182],[-105.169543,39.950184],[-105.169542,39.950107],[-105.169795,39.950105],[-105.169796,39.950181],[-105.169797,39.950216],[-105.169693,39.950217]]]]},"properties":{"occupancy":"Residential"}},{"type":"Feature","geometry":{"type":"MultiPolygon","coordinates":[[[[-105.16956,39.950592],[-105.169712,39.950545],[-105.169746,39.950609],[-105.169717,39.950618],[-105.169733,39.950647],[-105.169714,39.950653],[-105.169795,39.950809],[-105.169689,39.950842],[-105.16956,39.950592]]]]},"properties":{"occupancy":"Unclassified"}},{"type":"Feature","geometry":{"type":"MultiPolygon","coordinates":[[[[-105.169788,39.950593],[-105.169933,39.950591],[-105.169936,39.950724],[-105.169791,39.950726],[-105.169788,39.950593]]]]},"properties":{"occupancy":"Unclassified"}},{"type":"Feature","geometry":{"type":"MultiPolygon","coordinates":[[[[-105.169573,39.951341],[-105.16957,39.951216],[-105.169531,39.951217],[-105.16953,39.95114],[-105.16972,39.951138],[-105.169719,39.951083],[-105.169911,39.951081],[-105.169913,39.951174],[-105.169702,39.951177],[-105.169702,39.951218],[-105.169741,39.951218],[-105.169743,39.951322],[-105.169603,39.951323],[-105.169603,39.95134],[-105.169573,39.951341]]]]},"properties":{"occupancy":"Unclassified"}},{"type":"Feature","geometry":{"type":"MultiPolygon","coordinates":[[[[-105.170514,39.951601],[-105.170677,39.951597],[-105.17068,39.951685],[-105.170517,39.951688],[-105.170514,39.951601]]]]},"properties":{"occupancy":"Residential"}},{"type":"Feature","geometry":{"type":"MultiPolygon","coordinates":[[[[-105.170223,39.951689],[-105.170376,39.951688],[-105.170376,39.951885],[-105.170223,39.951886],[-105.170223,39.951689]]]]},"properties":{"occupancy":"Residential"}},{"type":"Feature","geometry":{"type":"MultiPolygon","coordinates":[[[[-105.170046,39.951929],[-105.170043,39.951813],[-105.170097,39.951812],[-105.170098,39.951764],[-105.170176,39.951766],[-105.170173,39.951876],[-105.170144,39.951876],[-105.170146,39.951927],[-105.170139,39.951927],[-105.170046,39.951929]]]]},"properties":{"occupancy":"Residential"}},{"type":"Feature","geometry":{"type":"MultiPolygon","coordinates":[[[[-105.170482,39.951899],[-105.170518,39.951819],[-105.170672,39.95186],[-105.170637,39.95194],[-105.170482,39.951899]]]]},"properties":{"occupancy":"Residential"}},{"type":"Feature","geometry":{"type":"MultiPolygon","coordinates":[[[[-105.17078,39.952209],[-105.170845,39.952209],[-105.170845,39.952324],[-105.17078,39.952324],[-105.17078,39.952209]]]]},"properties":{"occupancy":"Residential"}},{"type":"Feature","geometry":{"type":"MultiPolygon","coordinates":[[[[-105.171439,39.952212],[-105.171617,39.95221],[-105.17162,39.952313],[-105.171442,39.952316],[-105.171439,39.952212]]]]},"properties":{"occupancy":"Residential"}},{"type":"Feature","geometry":{"type":"MultiPolygon","coordinates":[[[[-105.170361,39.952223],[-105.170479,39.95222],[-105.170484,39.952342],[-105.170366,39.952345],[-105.170361,39.952223]]]]},"properties":{"occupancy":"Residential"}},{"type":"Feature","geometry":{"type":"MultiPolygon","coordinates":[[[[-105.170178,39.952243],[-105.170285,39.952241],[-105.170289,39.952335],[-105.170182,39.952338],[-105.170178,39.952243]]]]},"properties":{"occupancy":"Residential"}},{"type":"Feature","geometry":{"type":"MultiPolygon","coordinates":[[[[-105.171042,39.952254],[-105.171185,39.952252],[-105.171186,39.952288],[-105.171043,39.95229],[-105.171042,39.952254]]]]},"properties":{"occupancy":"Residential"}},{"type":"Feature","geometry":{"type":"MultiPolygon","coordinates":[[[[-105.169587,39.952265],[-105.169704,39.952263],[-105.169706,39.952334],[-105.169701,39.952334],[-105.169589,39.952336],[-105.169587,39.952265]]]]},"properties":{"occupancy":"Residential"}},{"type":"Feature","geometry":{"type":"MultiPolygon","coordinates":[[[[-105.17163,39.95232],[-105.171752,39.952319],[-105.171756,39.952505],[-105.171634,39.952506],[-105.171634,39.952506],[-105.17163,39.95232]]]]},"properties":{"occupancy":"Residential"}},{"type":"Feature","geometry":{"type":"MultiPolygon","coordinates":[[[[-105.171334,39.952338],[-105.171422,39.952337],[-105.171425,39.952451],[-105.171423,39.952451],[-105.171336,39.952452],[-105.171334,39.952338]]]]},"properties":{"occupancy":"Residential"}},{"type":"Feature","geometry":{"type":"MultiPolygon","coordinates":[[[[-105.169999,39.952468],[-105.170135,39.952466],[-105.170138,39.952533],[-105.170001,39.952536],[-105.169999,39.952468]]]]},"properties":{"occupancy":"Residential"}},{"type":"Feature","geometry":{"type":"MultiPolygon","coordinates":[[[[-105.170247,39.952728],[-105.17025,39.952661],[-105.170338,39.952663],[-105.170335,39.952731],[-105.170247,39.952728]]]]},"properties":{"occupancy":"Residential"}},{"type":"Feature","geometry":{"type":"MultiPolygon","coordinates":[[[[-105.169503,39.952675],[-105.169628,39.952673],[-105.169633,39.952823],[-105.169508,39.952826],[-105.169503,39.952675]]]]},"properties":{"occupancy":"Residential"}},{"type":"Feature","geometry":{"type":"MultiPolygon","coordinates":[[[[-105.169952,39.952815],[-105.16995,39.952734],[-105.170027,39.952734],[-105.170028,39.952815],[-105.170111,39.952814],[-105.170113,39.952943],[-105.169954,39.952944],[-105.169952,39.952815]]]]},"properties":{"occupancy":"Residential"}},{"type":"Feature","geometry":{"type":"MultiPolygon","coordinates":[[[[-105.171589,39.952825],[-105.17159,39.952791],[-105.171737,39.952793],[-105.171736,39.952827],[-105.171589,39.952825]]]]},"properties":{"occupancy":"Residential"}},{"type":"Feature","geometry":{"type":"MultiPolygon","coordinates":[[[[-105.170953,39.952811],[-105.171034,39.952811],[-105.171034,39.952938],[-105.170953,39.952939],[-105.170953,39.952811]]]]},"properties":{"occupancy":"Residential"}},{"type":"Feature","geometry":{"type":"MultiPolygon","coordinates":[[[[-105.170287,39.952826],[-105.17042,39.952824],[-105.170422,39.952913],[-105.170358,39.952914],[-105.170359,39.952939],[-105.17029,39.95294],[-105.170287,39.952826]]]]},"properties":{"occupancy":"Residential"}},{"type":"Feature","geometry":{"type":"MultiPolygon","coordinates":[[[[-105.169551,39.952891],[-105.169679,39.952888],[-105.169681,39.952948],[-105.169553,39.95295],[-105.169551,39.952891]]]]},"properties":{"occupancy":"Residential"}},{"type":"Feature","geometry":{"type":"MultiPolygon","coordinates":[[[[-105.171571,39.952923],[-105.171746,39.952923],[-105.171746,39.952952],[-105.171571,39.952952],[-105.171571,39.952923]]]]},"properties":{"occupancy":"Residential"}},{"type":"Feature","geometry":{"type":"MultiPolygon","coordinates":[[[[-105.173213,39.951859],[-105.17304,39.951867],[-105.173029,39.951711],[-105.173202,39.951704],[-105.173213,39.951859]]]]},"properties":{"occupancy":"Residential"}},{"type":"Feature","geometry":{"type":"MultiPolygon","coordinates":[[[[-105.172792,39.951686],[-105.172995,39.951681],[-105.173003,39.951871],[-105.1728,39.951876],[-105.172792,39.951686]]]]},"properties":{"occupancy":"Residential"}},{"type":"Feature","geometry":{"type":"MultiPolygon","coordinates":[[[[-105.173854,39.951733],[-105.17385,39.951934],[-105.173676,39.951932],[-105.17368,39.951731],[-105.173854,39.951733]]]]},"properties":{"occupancy":"Residential"}},{"type":"Feature","geometry":{"type":"MultiPolygon","coordinates":[[[[-105.173233,39.951938],[-105.17323,39.951748],[-105.173636,39.951745],[-105.173638,39.951934],[-105.173233,39.951938]],[[-105.173448,39.951802],[-105.173449,39.951846],[-105.173463,39.951846],[-105.173463,39.951802],[-105.173448,39.951802]]]]},"properties":{"occupancy":"Residential"}},{"type":"Feature","geometry":{"type":"MultiPolygon","coordinates":[[[[-105.174174,39.952216],[-105.174175,39.952417],[-105.174001,39.952418],[-105.174,39.952217],[-105.174174,39.952216]]]]},"properties":{"occupancy":"Residential"}},{"type":"Feature","geometry":{"type":"MultiPolygon","coordinates":[[[[-105.173762,39.952413],[-105.173588,39.952414],[-105.173586,39.952236],[-105.173759,39.952234],[-105.173762,39.952413]]]]},"properties":{"occupancy":"Residential"}},{"type":"Feature","geometry":{"type":"MultiPolygon","coordinates":[[[[-105.173336,39.95222],[-105.173539,39.952219],[-105.17354,39.952397],[-105.173135,39.952399],[-105.173134,39.952209],[-105.173307,39.952209],[-105.173308,39.952298],[-105.173337,39.952298],[-105.173336,39.95222]]]]},"properties":{"occupancy":"Residential"}},{"type":"Feature","geometry":{"type":"MultiPolygon","coordinates":[[[[-105.173782,39.952224],[-105.173955,39.952215],[-105.173972,39.952416],[-105.173798,39.952424],[-105.173782,39.952224]]]]},"properties":{"occupancy":"Residential"}},{"type":"Feature","geometry":{"type":"MultiPolygon","coordinates":[[[[-105.172801,39.952473],[-105.172575,39.952512],[-105.17248,39.952185],[-105.172706,39.952146],[-105.172801,39.952473]],[[-105.172632,39.952353],[-105.172703,39.952341],[-105.172697,39.952319],[-105.172626,39.952331],[-105.172632,39.952353]]]]},"properties":{"occupancy":"Residential"}},{"type":"Feature","geometry":{"type":"MultiPolygon","coordinates":[[[[-105.172772,39.95265],[-105.17254,39.952653],[-105.172537,39.952519],[-105.172769,39.952516],[-105.172772,39.95265]]]]},"properties":{"occupancy":"Residential"}},{"type":"Feature","geometry":{"type":"MultiPolygon","coordinates":[[[[-105.171633,39.952745],[-105.171647,39.952702],[-105.171773,39.952726],[-105.171759,39.95277],[-105.171633,39.952745]]]]},"properties":{"occupancy":"Residential"}},{"type":"Feature","geometry":{"type":"MultiPolygon","coordinates":[[[[-105.171321,39.952652],[-105.17131,39.952919],[-105.171194,39.952916],[-105.171205,39.952649],[-105.171321,39.952652]]]]},"properties":{"occupancy":"Residential"}},{"type":"Feature","geometry":{"type":"MultiPolygon","coordinates":[[[[-105.171825,39.952934],[-105.17165,39.95288],[-105.171671,39.952839],[-105.171846,39.952893],[-105.171825,39.952934]]]]},"properties":{"occupancy":"Residential"}},{"type":"Feature","geometry":{"type":"MultiPolygon","coordinates":[[[[-105.17337,39.952855],[-105.173371,39.952978],[-105.173154,39.952979],[-105.173149,39.952511],[-105.17338,39.952509],[-105.173384,39.95281],[-105.17321,39.952811],[-105.17321,39.952856],[-105.17337,39.952855]],[[-105.173194,39.952667],[-105.173281,39.952666],[-105.173281,39.952655],[-105.173194,39.952655],[-105.173194,39.952667]]]]},"properties":{"occupancy":"Residential"}},{"type":"Feature","geometry":{"type":"MultiPolygon","coordinates":[[[[-105.172782,39.952994],[-105.172551,39.952997],[-105.172545,39.952684],[-105.172777,39.952682],[-105.172782,39.952994]]]]},"properties":{"occupancy":"Residential"}},{"type":"Feature","geometry":{"type":"MultiPolygon","coordinates":[[[[-105.169072,39.953199],[-105.169196,39.953196],[-105.169204,39.953382],[-105.16908,39.953385],[-105.169072,39.953199]]]]},"properties":{"occupancy":"Residential"}},{"type":"Feature","geometry":{"type":"MultiPolygon","coordinates":[[[[-105.169065,39.952717],[-105.169188,39.952717],[-105.169188,39.952918],[-105.169065,39.952918],[-105.169065,39.952717]]]]},"properties":{"occupancy":"Residential"}},{"type":"Feature","geometry":{"type":"MultiPolygon","coordinates":[[[[-105.168934,39.95155],[-105.169094,39.951549],[-105.169096,39.951647],[-105.169094,39.951647],[-105.168935,39.951648],[-105.168934,39.95155]]]]},"properties":{"occupancy":"Residential"}},{"type":"Feature","geometry":{"type":"MultiPolygon","coordinates":[[[[-105.168944,39.95177],[-105.168944,39.951719],[-105.169025,39.951719],[-105.169025,39.95177],[-105.169047,39.95177],[-105.169047,39.951885],[-105.168907,39.951885],[-105.168906,39.95177],[-105.168944,39.95177]]]]},"properties":{"occupancy":"Residential"}},{"type":"Feature","geometry":{"type":"MultiPolygon","coordinates":[[[[-105.168959,39.952622],[-105.169041,39.95262],[-105.169044,39.952693],[-105.168962,39.952695],[-105.168962,39.952691],[-105.168959,39.952622]]]]},"properties":{"occupancy":"Residential"}},{"type":"Feature","geometry":{"type":"MultiPolygon","coordinates":[[[[-105.168908,39.953532],[-105.168909,39.953482],[-105.169028,39.953484],[-105.169026,39.953535],[-105.168908,39.953532]]]]},"properties":{"occupancy":"Residential"}},{"type":"Feature","geometry":{"type":"MultiPolygon","coordinates":[[[[-105.168893,39.952833],[-105.168989,39.95283],[-105.168994,39.952949],[-105.168898,39.952952],[-105.168893,39.952833]]]]},"properties":{"occupancy":"Residential"}},{"type":"Feature","geometry":{"type":"MultiPolygon","coordinates":[[[[-105.168911,39.953189],[-105.168986,39.953187],[-105.16899,39.953274],[-105.168914,39.953276],[-105.168911,39.953189]]]]},"properties":{"occupancy":"Residential"}},{"type":"Feature","geometry":{"type":"MultiPolygon","coordinates":[[[[-105.168858,39.953621],[-105.168963,39.95362],[-105.168965,39.953682],[-105.16886,39.953684],[-105.168858,39.953621]]]]},"properties":{"occupancy":"Residential"}},{"type":"Feature","geometry":{"type":"MultiPolygon","coordinates":[[[[-105.168813,39.953805],[-105.168813,39.953781],[-105.16886,39.953781],[-105.16886,39.953804],[-105.168953,39.953804],[-105.168953,39.953897],[-105.168753,39.953898],[-105.168753,39.953805],[-105.168813,39.953805]]]]},"properties":{"occupancy":"Residential"}},{"type":"Feature","geometry":{"type":"MultiPolygon","coordinates":[[[[-105.16879,39.953318],[-105.168789,39.953282],[-105.168728,39.953283],[-105.168725,39.9532],[-105.168891,39.953196],[-105.168893,39.953244],[-105.16885,39.953245],[-105.168853,39.953317],[-105.16879,39.953318]]]]},"properties":{"occupancy":"Residential"}},{"type":"Feature","geometry":{"type":"MultiPolygon","coordinates":[[[[-105.168749,39.953415],[-105.168838,39.953413],[-105.16884,39.953482],[-105.168752,39.953484],[-105.168749,39.953415]]]]},"properties":{"occupancy":"Residential"}},{"type":"Feature","geometry":{"type":"MultiPolygon","coordinates":[[[[-105.168791,39.95289],[-105.168791,39.952858],[-105.168725,39.952859],[-105.168721,39.952742],[-105.168817,39.95274],[-105.168818,39.952788],[-105.168845,39.952789],[-105.168843,39.95289],[-105.168791,39.95289]]]]},"properties":{"occupancy":"Residential"}},{"type":"Feature","geometry":{"type":"MultiPolygon","coordinates":[[[[-105.16861,39.952884],[-105.168694,39.952882],[-105.168697,39.952956],[-105.168613,39.952958],[-105.16861,39.952884]]]]},"properties":{"occupancy":"Residential"}},{"type":"Feature","geometry":{"type":"MultiPolygon","coordinates":[[[[-105.168537,39.953751],[-105.168685,39.95375],[-105.168687,39.953846],[-105.168539,39.953848],[-105.168537,39.953751]]]]},"properties":{"occupancy":"Commercial"}},{"type":"Feature","geometry":{"type":"MultiPolygon","coordinates":[[[[-105.168566,39.953391],[-105.168677,39.953389],[-105.168679,39.953474],[-105.168568,39.953476],[-105.168566,39.953391]]]]},"properties":{"occupancy":"Residential"}},{"type":"Feature","geometry":{"type":"MultiPolygon","coordinates":[[[[-105.168571,39.953194],[-105.168663,39.953192],[-105.168667,39.953316],[-105.168575,39.953318],[-105.168571,39.953194]]]]},"properties":{"occupancy":"Residential"}},{"type":"Feature","geometry":{"type":"MultiPolygon","coordinates":[[[[-105.168497,39.951745],[-105.168503,39.951589],[-105.168544,39.95159],[-105.168538,39.951746],[-105.168497,39.951745]]]]},"properties":{"occupancy":"Residential"}},{"type":"Feature","geometry":{"type":"MultiPolygon","coordinates":[[[[-105.168398,39.95319],[-105.168487,39.953189],[-105.16849,39.953311],[-105.168401,39.953313],[-105.168398,39.95319]]]]},"properties":{"occupancy":"Residential"}},{"type":"Feature","geometry":{"type":"MultiPolygon","coordinates":[[[[-105.168402,39.952776],[-105.168484,39.952774],[-105.168491,39.952965],[-105.168477,39.952965],[-105.168341,39.952968],[-105.168337,39.952871],[-105.168405,39.952869],[-105.168402,39.952776]]]]},"properties":{"occupancy":"Residential"}},{"type":"Feature","geometry":{"type":"MultiPolygon","coordinates":[[[[-105.168253,39.952621],[-105.168402,39.952618],[-105.168404,39.952694],[-105.168255,39.952697],[-105.168253,39.952621]]]]},"properties":{"occupancy":"Residential"}},{"type":"Feature","geometry":{"type":"MultiPolygon","coordinates":[[[[-105.168165,39.953596],[-105.168346,39.953596],[-105.168346,39.953624],[-105.168237,39.953625],[-105.168237,39.953651],[-105.168165,39.953651],[-105.168165,39.953625],[-105.168165,39.953596]]]]},"properties":{"occupancy":"Residential"}},{"type":"Feature","geometry":{"type":"MultiPolygon","coordinates":[[[[-105.168204,39.952011],[-105.168204,39.95193],[-105.168182,39.95193],[-105.168181,39.951872],[-105.168322,39.951872],[-105.168322,39.951938],[-105.168253,39.951938],[-105.168254,39.95201],[-105.168204,39.952011]]]]},"properties":{"occupancy":"Residential"}},{"type":"Feature","geometry":{"type":"MultiPolygon","coordinates":[[[[-105.168203,39.953187],[-105.168288,39.953185],[-105.168289,39.953259],[-105.168205,39.953261],[-105.168203,39.953187]]]]},"properties":{"occupancy":"Residential"}},{"type":"Feature","geometry":{"type":"MultiPolygon","coordinates":[[[[-105.168192,39.951614],[-105.168235,39.951614],[-105.168236,39.951767],[-105.168193,39.951768],[-105.168192,39.951614]]]]},"properties":{"occupancy":"Residential"}},{"type":"Feature","geometry":{"type":"MultiPolygon","coordinates":[[[[-105.168168,39.95352],[-105.168171,39.953438],[-105.168249,39.95344],[-105.168246,39.953521],[-105.168168,39.95352]]]]},"properties":{"occupancy":"Residential"}},{"type":"Feature","geometry":{"type":"MultiPolygon","coordinates":[[[[-105.167793,39.953463],[-105.167954,39.953461],[-105.167955,39.953543],[-105.16795,39.953543],[-105.167794,39.953545],[-105.167793,39.953463]]]]},"properties":{"occupancy":"Residential"}},{"type":"Feature","geometry":{"type":"MultiPolygon","coordinates":[[[[-105.167859,39.95318],[-105.167938,39.953179],[-105.167941,39.953318],[-105.167803,39.95332],[-105.167802,39.953254],[-105.16786,39.953253],[-105.167859,39.95318]]]]},"properties":{"occupancy":"Residential"}},{"type":"Feature","geometry":{"type":"MultiPolygon","coordinates":[[[[-105.167806,39.953689],[-105.167916,39.953688],[-105.167918,39.953878],[-105.167809,39.953879],[-105.167806,39.953689]]]]},"properties":{"occupancy":"Residential"}},{"type":"Feature","geometry":{"type":"MultiPolygon","coordinates":[[[[-105.16781,39.952885],[-105.167909,39.952883],[-105.167912,39.952957],[-105.167813,39.952959],[-105.16781,39.952885]]]]},"properties":{"occupancy":"Residential"}},{"type":"Feature","geometry":{"type":"MultiPolygon","coordinates":[[[[-105.167749,39.951626],[-105.167868,39.951623],[-105.167871,39.951699],[-105.167752,39.951702],[-105.167749,39.951626]]]]},"properties":{"occupancy":"Unclassified"}},{"type":"Feature","geometry":{"type":"MultiPolygon","coordinates":[[[[-105.167629,39.953878],[-105.167764,39.953877],[-105.167765,39.953934],[-105.16763,39.953935],[-105.167629,39.953878]]]]},"properties":{"occupancy":"Residential"}},{"type":"Feature","geometry":{"type":"MultiPolygon","coordinates":[[[[-105.167682,39.951515],[-105.167757,39.951513],[-105.16776,39.951573],[-105.167685,39.951575],[-105.167682,39.951515]]]]},"properties":{"occupancy":"Unclassified"}},{"type":"Feature","geometry":{"type":"MultiPolygon","coordinates":[[[[-105.167653,39.952768],[-105.167744,39.952766],[-105.167748,39.952874],[-105.167674,39.952875],[-105.167675,39.952903],[-105.167627,39.952904],[-105.167625,39.952833],[-105.167656,39.952833],[-105.167653,39.952768]]]]},"properties":{"occupancy":"Residential"}},{"type":"Feature","geometry":{"type":"MultiPolygon","coordinates":[[[[-105.167612,39.953284],[-105.167752,39.953282],[-105.167755,39.953427],[-105.167615,39.953428],[-105.167612,39.953284]]]]},"properties":{"occupancy":"Residential"}},{"type":"Feature","geometry":{"type":"MultiPolygon","coordinates":[[[[-105.168203,39.953854],[-105.168289,39.953853],[-105.168291,39.953942],[-105.168204,39.953943],[-105.168203,39.953854]]]]},"properties":{"occupancy":"Residential"}},{"type":"Feature","geometry":{"type":"MultiPolygon","coordinates":[[[[-105.168379,39.953865],[-105.168503,39.953864],[-105.168504,39.953947],[-105.16838,39.953948],[-105.168379,39.953865]]]]},"properties":{"occupancy":"Residential"}},{"type":"Feature","geometry":{"type":"MultiPolygon","coordinates":[[[[-105.167939,39.95567],[-105.167939,39.955658],[-105.167685,39.955659],[-105.167685,39.955487],[-105.168549,39.955486],[-105.16855,39.955657],[-105.168368,39.955658],[-105.168368,39.955668],[-105.168255,39.955668],[-105.168255,39.955658],[-105.168085,39.955658],[-105.168085,39.95567],[-105.167939,39.95567]]]]},"properties":{"occupancy":"Commercial"}},{"type":"Feature","geometry":{"type":"MultiPolygon","coordinates":[[[[-105.168664,39.95571],[-105.168664,39.95566],[-105.169005,39.955658],[-105.169005,39.955707],[-105.1691,39.955707],[-105.169101,39.955828],[-105.168666,39.955831],[-105.168664,39.95571]]]]},"properties":{"occupancy":"Commercial"}},{"type":"Feature","geometry":{"type":"MultiPolygon","coordinates":[[[[-105.167748,39.957111],[-105.167753,39.956875],[-105.167441,39.956875],[-105.167441,39.956814],[-105.167331,39.956814],[-105.167331,39.956713],[-105.167331,39.956708],[-105.167331,39.956628],[-105.167386,39.956628],[-105.167386,39.956608],[-105.16744,39.956608],[-105.167457,39.956608],[-105.167453,39.956356],[-105.167752,39.956353],[-105.167765,39.956353],[-105.16799,39.956353],[-105.16799,39.956441],[-105.16799,39.956463],[-105.168081,39.956463],[-105.168082,39.956679],[-105.167991,39.956679],[-105.167991,39.956875],[-105.168093,39.956875],[-105.168093,39.956852],[-105.168179,39.956851],[-105.168179,39.956874],[-105.168178,39.956944],[-105.168177,39.95711],[-105.167748,39.957111]]]]},"properties":{"occupancy":"Commercial"}},{"type":"Feature","geometry":{"type":"MultiPolygon","coordinates":[[[[-105.167778,39.951027],[-105.167781,39.951128],[-105.167926,39.951125],[-105.16793,39.951236],[-105.167727,39.95124],[-105.16772,39.951029],[-105.167778,39.951027]]]]},"properties":{"occupancy":"Residential"}},{"type":"Feature","geometry":{"type":"MultiPolygon","coordinates":[[[[-105.168699,39.951571],[-105.168704,39.951638],[-105.168617,39.951642],[-105.168612,39.951575],[-105.168699,39.951571]]]]},"properties":{"occupancy":"Residential"}},{"type":"Feature","geometry":{"type":"MultiPolygon","coordinates":[[[[-105.168703,39.95167],[-105.168704,39.951736],[-105.168617,39.951737],[-105.168616,39.95167],[-105.168703,39.95167]]]]},"properties":{"occupancy":"Residential"}},{"type":"Feature","geometry":{"type":"MultiPolygon","coordinates":[[[[-105.168606,39.952708],[-105.168617,39.952608],[-105.168675,39.952612],[-105.168664,39.952712],[-105.168606,39.952708]]]]},"properties":{"occupancy":"Residential"}},{"type":"Feature","geometry":{"type":"MultiPolygon","coordinates":[[[[-105.168872,39.952722],[-105.16887,39.952655],[-105.168928,39.952654],[-105.16893,39.952721],[-105.168872,39.952722]]]]},"properties":{"occupancy":"Residential"}},{"type":"Feature","geometry":{"type":"MultiPolygon","coordinates":[[[[-105.168126,39.954828],[-105.168198,39.954825],[-105.168217,39.955092],[-105.168073,39.955098],[-105.168068,39.955031],[-105.167851,39.95504],[-105.167843,39.954929],[-105.167988,39.954923],[-105.167985,39.954889],[-105.16813,39.954883],[-105.168126,39.954828]]]]},"properties":{"occupancy":"Unclassified"}},{"type":"Feature","geometry":{"type":"MultiPolygon","coordinates":[[[[-105.168742,39.949416],[-105.169025,39.94941],[-105.169029,39.949498],[-105.168745,39.949504],[-105.168742,39.949416]]]]},"properties":{"occupancy":"Residential"}},{"type":"Feature","geometry":{"type":"MultiPolygon","coordinates":[[[[-105.168258,39.949562],[-105.168258,39.949533],[-105.168386,39.949533],[-105.168386,39.949561],[-105.168448,39.949561],[-105.168449,39.949602],[-105.168258,39.949602],[-105.168258,39.949562]]]]},"properties":{"occupancy":"Residential"}},{"type":"Feature","geometry":{"type":"MultiPolygon","coordinates":[[[[-105.168737,39.949569],[-105.168861,39.949567],[-105.168863,39.949654],[-105.168739,39.949655],[-105.168737,39.949569]]]]},"properties":{"occupancy":"Residential"}},{"type":"Feature","geometry":{"type":"MultiPolygon","coordinates":[[[[-105.169006,39.949587],[-105.169143,39.949583],[-105.169146,39.949655],[-105.169009,39.949659],[-105.169006,39.949587]]]]},"properties":{"occupancy":"Residential"}},{"type":"Feature","geometry":{"type":"MultiPolygon","coordinates":[[[[-105.168296,39.949685],[-105.168469,39.949683],[-105.16847,39.949789],[-105.168298,39.949791],[-105.168296,39.949685]]]]},"properties":{"occupancy":"Residential"}},{"type":"Feature","geometry":{"type":"MultiPolygon","coordinates":[[[[-105.169049,39.949693],[-105.169128,39.949692],[-105.169132,39.949806],[-105.168956,39.949809],[-105.168954,39.949769],[-105.169051,39.949767],[-105.169049,39.949693]]]]},"properties":{"occupancy":"Residential"}},{"type":"Feature","geometry":{"type":"MultiPolygon","coordinates":[[[[-105.16881,39.949711],[-105.168891,39.94971],[-105.168893,39.949796],[-105.168812,39.949797],[-105.16881,39.949711]]]]},"properties":{"occupancy":"Residential"}},{"type":"Feature","geometry":{"type":"MultiPolygon","coordinates":[[[[-105.168542,39.949738],[-105.168624,39.949737],[-105.168625,39.949814],[-105.168543,39.949815],[-105.168542,39.949738]]]]},"properties":{"occupancy":"Residential"}},{"type":"Feature","geometry":{"type":"MultiPolygon","coordinates":[[[[-105.168249,39.949946],[-105.168247,39.949847],[-105.168359,39.949846],[-105.168359,39.949873],[-105.168455,39.949873],[-105.168456,39.949944],[-105.168249,39.949946]]]]},"properties":{"occupancy":"Residential"}},{"type":"Feature","geometry":{"type":"MultiPolygon","coordinates":[[[[-105.16892,39.949875],[-105.169119,39.949872],[-105.169121,39.949939],[-105.168921,39.949942],[-105.16892,39.949875]]]]},"properties":{"occupancy":"Residential"}},{"type":"Feature","geometry":{"type":"MultiPolygon","coordinates":[[[[-105.168928,39.950009],[-105.169074,39.950007],[-105.169079,39.950175],[-105.168838,39.950178],[-105.168836,39.950102],[-105.16893,39.9501],[-105.168928,39.950009]]]]},"properties":{"occupancy":"Residential"}},{"type":"Feature","geometry":{"type":"MultiPolygon","coordinates":[[[[-105.168469,39.95036],[-105.168472,39.950228],[-105.168559,39.950229],[-105.168556,39.950361],[-105.168469,39.95036]]]]},"properties":{"occupancy":"Residential"}},{"type":"Feature","geometry":{"type":"MultiPolygon","coordinates":[[[[-105.168257,39.950248],[-105.168444,39.950248],[-105.168444,39.950339],[-105.168257,39.95034],[-105.168257,39.950248]]]]},"properties":{"occupancy":"Residential"}},{"type":"Feature","geometry":{"type":"MultiPolygon","coordinates":[[[[-105.168987,39.950758],[-105.168987,39.950716],[-105.168872,39.950717],[-105.16887,39.950619],[-105.168983,39.950618],[-105.168983,39.950597],[-105.169059,39.950596],[-105.169062,39.950757],[-105.168987,39.950758]]]]},"properties":{"occupancy":"Residential"}},{"type":"Feature","geometry":{"type":"MultiPolygon","coordinates":[[[[-105.168381,39.950719],[-105.168564,39.950717],[-105.168565,39.950781],[-105.168382,39.950783],[-105.168381,39.950719]]]]},"properties":{"occupancy":"Residential"}},{"type":"Feature","geometry":{"type":"MultiPolygon","coordinates":[[[[-105.168356,39.950843],[-105.168534,39.950841],[-105.168535,39.950914],[-105.168357,39.950916],[-105.168356,39.950843]]]]},"properties":{"occupancy":"Residential"}},{"type":"Feature","geometry":{"type":"MultiPolygon","coordinates":[[[[-105.16901,39.951004],[-105.169008,39.950882],[-105.16911,39.950881],[-105.169112,39.950982],[-105.169156,39.950982],[-105.169157,39.951003],[-105.16901,39.951004]]]]},"properties":{"occupancy":"Residential"}},{"type":"Feature","geometry":{"type":"MultiPolygon","coordinates":[[[[-105.168473,39.951011],[-105.168599,39.95101],[-105.1686,39.951068],[-105.168474,39.951069],[-105.168473,39.951011]]]]},"properties":{"occupancy":"Residential"}},{"type":"Feature","geometry":{"type":"MultiPolygon","coordinates":[[[[-105.168544,39.951086],[-105.168639,39.951085],[-105.16864,39.951158],[-105.168545,39.951158],[-105.168544,39.951086]]]]},"properties":{"occupancy":"Residential"}},{"type":"Feature","geometry":{"type":"MultiPolygon","coordinates":[[[[-105.168981,39.951297],[-105.16898,39.951254],[-105.168935,39.951254],[-105.168933,39.951138],[-105.1691,39.951137],[-105.169102,39.951253],[-105.169103,39.951296],[-105.168981,39.951297]]]]},"properties":{"occupancy":"Residential"}},{"type":"Feature","geometry":{"type":"MultiPolygon","coordinates":[[[[-105.168219,39.951262],[-105.168304,39.951261],[-105.168305,39.951337],[-105.16822,39.951338],[-105.168219,39.951262]]]]},"properties":{"occupancy":"Residential"}},{"type":"Feature","geometry":{"type":"MultiPolygon","coordinates":[[[[-105.168644,39.951133],[-105.168682,39.951014],[-105.168724,39.951022],[-105.168686,39.951141],[-105.168644,39.951133]]]]},"properties":{"occupancy":"Residential"}},{"type":"Feature","geometry":{"type":"MultiPolygon","coordinates":[[[[-105.168708,39.951322],[-105.168534,39.951325],[-105.168532,39.951258],[-105.168706,39.951255],[-105.168708,39.951322]]]]},"properties":{"occupancy":"Residential"}},{"type":"Feature","geometry":{"type":"MultiPolygon","coordinates":[[[[-105.163785,39.955875],[-105.163785,39.955842],[-105.163,39.955846],[-105.162997,39.955523],[-105.163811,39.955519],[-105.163891,39.955519],[-105.163907,39.955519],[-105.163907,39.95549],[-105.16399,39.95549],[-105.163992,39.955646],[-105.163963,39.955646],[-105.163963,39.955742],[-105.163893,39.955742],[-105.163894,39.955842],[-105.163894,39.955842],[-105.163894,39.955874],[-105.163785,39.955875]]]]},"properties":{"occupancy":"Unclassified"}},{"type":"Feature","geometry":{"type":"MultiPolygon","coordinates":[[[[-105.166721,39.956406],[-105.16672,39.956313],[-105.166754,39.956313],[-105.166754,39.956287],[-105.166754,39.956099],[-105.166722,39.956099],[-105.166722,39.95595],[-105.166753,39.95595],[-105.166753,39.955745],[-105.16672,39.955745],[-105.166719,39.955641],[-105.166843,39.95564],[-105.166843,39.955663],[-105.167267,39.955662],[-105.167267,39.955643],[-105.167395,39.955644],[-105.167394,39.955742],[-105.167342,39.955742],[-105.167342,39.955825],[-105.167364,39.955825],[-105.167364,39.956088],[-105.167351,39.956088],[-105.167343,39.956088],[-105.167344,39.956286],[-105.166818,39.956287],[-105.166818,39.956315],[-105.166843,39.956315],[-105.166843,39.956405],[-105.166818,39.956405],[-105.166754,39.956406],[-105.166721,39.956406]]]]},"properties":{"occupancy":"Commercial"}},{"type":"Feature","geometry":{"type":"MultiPolygon","coordinates":[[[[-105.164466,39.956507],[-105.164466,39.956473],[-105.164347,39.956474],[-105.164346,39.956347],[-105.163611,39.95635],[-105.16351,39.956351],[-105.16351,39.956278],[-105.163509,39.956134],[-105.163843,39.956133],[-105.163849,39.956133],[-105.163849,39.956101],[-105.163946,39.956101],[-105.163946,39.956132],[-105.164345,39.956131],[-105.164463,39.95613],[-105.164517,39.95613],[-105.164516,39.956091],[-105.164616,39.956091],[-105.164616,39.956176],[-105.164618,39.956506],[-105.164519,39.956507],[-105.164466,39.956507]]]]},"properties":{"occupancy":"Commercial"}},{"type":"Feature","geometry":{"type":"MultiPolygon","coordinates":[[[[-105.165033,39.956413],[-105.165033,39.956382],[-105.164918,39.956382],[-105.164918,39.956353],[-105.164917,39.956285],[-105.164917,39.956234],[-105.165286,39.956234],[-105.165286,39.956284],[-105.165366,39.956284],[-105.165366,39.956349],[-105.165336,39.956349],[-105.165336,39.956352],[-105.165336,39.956382],[-105.165336,39.956413],[-105.165336,39.956441],[-105.165033,39.956441],[-105.165033,39.956413]]]]},"properties":{"occupancy":"Commercial"}},{"type":"Feature","geometry":{"type":"MultiPolygon","coordinates":[[[[-105.164374,39.959225],[-105.164509,39.95897],[-105.164745,39.959044],[-105.16461,39.959299],[-105.164374,39.959225]]]]},"properties":{"occupancy":"Commercial"}},{"type":"Feature","geometry":{"type":"MultiPolygon","coordinates":[[[[-105.164269,39.959961],[-105.164087,39.959912],[-105.164114,39.959853],[-105.164097,39.959848],[-105.164181,39.959675],[-105.164194,39.959679],[-105.164218,39.959628],[-105.164382,39.959672],[-105.16441,39.959615],[-105.164213,39.959558],[-105.164239,39.959505],[-105.164225,39.959502],[-105.164106,39.959468],[-105.164156,39.959366],[-105.164274,39.9594],[-105.164476,39.959458],[-105.164573,39.959485],[-105.164524,39.959587],[-105.164456,39.959568],[-105.164386,39.959713],[-105.164431,39.959726],[-105.16442,39.959748],[-105.164439,39.959754],[-105.164373,39.959891],[-105.164357,39.959886],[-105.164339,39.959925],[-105.164315,39.959918],[-105.164304,39.959941],[-105.164282,39.959934],[-105.164269,39.959961]]]]},"properties":{"occupancy":"Commercial"}},{"type":"Feature","geometry":{"type":"MultiPolygon","coordinates":[[[[-105.167857,39.960484],[-105.167857,39.960473],[-105.167857,39.960459],[-105.167674,39.960457],[-105.167661,39.960457],[-105.167634,39.960457],[-105.167635,39.960436],[-105.167453,39.960434],[-105.167456,39.960272],[-105.167405,39.960272],[-105.167406,39.96021],[-105.167438,39.96021],[-105.167439,39.960143],[-105.167359,39.960142],[-105.167361,39.960036],[-105.167438,39.960037],[-105.167439,39.959979],[-105.167416,39.959978],[-105.167417,39.959912],[-105.167441,39.959912],[-105.167443,39.959912],[-105.167462,39.959913],[-105.167465,39.959745],[-105.167638,39.959746],[-105.167638,39.959732],[-105.167638,39.959721],[-105.167844,39.959724],[-105.167844,39.959702],[-105.168079,39.959704],[-105.168065,39.960476],[-105.168061,39.960476],[-105.167977,39.960475],[-105.167976,39.960512],[-105.167856,39.960511],[-105.167856,39.960496],[-105.167857,39.960484]]]]},"properties":{"occupancy":"Commercial"}},{"type":"Feature","geometry":{"type":"MultiPolygon","coordinates":[[[[-105.163614,39.960498],[-105.163805,39.960196],[-105.164044,39.960286],[-105.163853,39.960588],[-105.163614,39.960498]]]]},"properties":{"occupancy":"Commercial"}},{"type":"Feature","geometry":{"type":"MultiPolygon","coordinates":[[[[-105.165959,39.960555],[-105.165958,39.96049],[-105.165955,39.960353],[-105.165999,39.960353],[-105.166041,39.960352],[-105.166371,39.960347],[-105.166375,39.960503],[-105.166045,39.960507],[-105.166046,39.960553],[-105.16614,39.960552],[-105.16615,39.960927],[-105.165969,39.96093],[-105.165959,39.960555]]]]},"properties":{"occupancy":"Commercial"}},{"type":"Feature","geometry":{"type":"MultiPolygon","coordinates":[[[[-105.166596,39.960747],[-105.166596,39.960657],[-105.166597,39.960595],[-105.166597,39.960565],[-105.166875,39.960566],[-105.166875,39.960598],[-105.166917,39.960598],[-105.166978,39.960598],[-105.167029,39.960598],[-105.167029,39.96073],[-105.166977,39.960729],[-105.166977,39.960772],[-105.166631,39.960772],[-105.166631,39.960747],[-105.166596,39.960747]]]]},"properties":{"occupancy":"Commercial"}},{"type":"Feature","geometry":{"type":"MultiPolygon","coordinates":[[[[-105.163995,39.960763],[-105.164113,39.960577],[-105.164361,39.96067],[-105.164269,39.960815],[-105.164243,39.960856],[-105.164184,39.960834],[-105.163995,39.960763]]]]},"properties":{"occupancy":"Commercial"}},{"type":"Feature","geometry":{"type":"MultiPolygon","coordinates":[[[[-105.167085,39.960727],[-105.167085,39.960672],[-105.167172,39.960672],[-105.167172,39.960727],[-105.167085,39.960727]]]]},"properties":{"occupancy":"Commercial"}},{"type":"Feature","geometry":{"type":"MultiPolygon","coordinates":[[[[-105.167118,39.961208],[-105.167117,39.961182],[-105.167076,39.961182],[-105.167075,39.961104],[-105.167079,39.961104],[-105.167074,39.960777],[-105.167074,39.960754],[-105.167183,39.960753],[-105.167183,39.960776],[-105.16727,39.960775],[-105.167271,39.960826],[-105.16732,39.960825],[-105.167322,39.961],[-105.167323,39.961059],[-105.167346,39.961059],[-105.167347,39.961109],[-105.167324,39.96111],[-105.167326,39.961206],[-105.167318,39.961206],[-105.167212,39.961207],[-105.167166,39.961207],[-105.167134,39.961208],[-105.167118,39.961208]]]]},"properties":{"occupancy":"Commercial"}},{"type":"Feature","geometry":{"type":"MultiPolygon","coordinates":[[[[-105.167759,39.96162],[-105.167759,39.96152],[-105.167805,39.96152],[-105.167805,39.961364],[-105.16778,39.961364],[-105.16778,39.961316],[-105.167693,39.961316],[-105.167693,39.961255],[-105.16778,39.961255],[-105.16778,39.961193],[-105.167805,39.961193],[-105.167805,39.961033],[-105.16776,39.961033],[-105.16776,39.960949],[-105.167805,39.960949],[-105.167886,39.960949],[-105.168005,39.960949],[-105.168005,39.96162],[-105.167922,39.96162],[-105.167805,39.96162],[-105.167759,39.96162]]]]},"properties":{"occupancy":"Residential"}},{"type":"Feature","geometry":{"type":"MultiPolygon","coordinates":[[[[-105.167085,39.961813],[-105.167085,39.961794],[-105.167026,39.961794],[-105.167026,39.961699],[-105.167084,39.961699],[-105.167084,39.961615],[-105.167066,39.961615],[-105.167065,39.961392],[-105.167084,39.961392],[-105.167116,39.961392],[-105.167116,39.961383],[-105.167116,39.961375],[-105.167116,39.961367],[-105.167345,39.961366],[-105.167345,39.961375],[-105.167345,39.961383],[-105.167345,39.961397],[-105.167345,39.961408],[-105.167346,39.961812],[-105.16715,39.961812],[-105.167117,39.961812],[-105.167085,39.961813]]]]},"properties":{"occupancy":"Commercial"}},{"type":"Feature","geometry":{"type":"MultiPolygon","coordinates":[[[[-105.166137,39.961698],[-105.166136,39.961667],[-105.165989,39.96167],[-105.165989,39.961644],[-105.165962,39.961644],[-105.165957,39.96144],[-105.166176,39.961437],[-105.166177,39.961472],[-105.166244,39.961471],[-105.166243,39.961444],[-105.166274,39.961444],[-105.166309,39.961443],[-105.166319,39.961443],[-105.16632,39.96147],[-105.166371,39.961469],[-105.166375,39.961609],[-105.166376,39.961664],[-105.166377,39.961695],[-105.166137,39.961698]]]]},"properties":{"occupancy":"Commercial"}},{"type":"Feature","geometry":{"type":"MultiPolygon","coordinates":[[[[-105.166019,39.960116],[-105.166148,39.960134],[-105.166124,39.960233],[-105.165996,39.960214],[-105.166019,39.960116]]]]},"properties":{"occupancy":"Commercial"}},{"type":"Feature","geometry":{"type":"MultiPolygon","coordinates":[[[[-105.167168,39.952172],[-105.16717,39.952097],[-105.167402,39.9521],[-105.167401,39.952175],[-105.167168,39.952172]]]]},"properties":{"occupancy":"Unclassified"}},{"type":"Feature","geometry":{"type":"MultiPolygon","coordinates":[[[[-105.166946,39.952682],[-105.16695,39.952623],[-105.167043,39.952627],[-105.167039,39.952686],[-105.166946,39.952682]]]]},"properties":{"occupancy":"Residential"}},{"type":"Feature","geometry":{"type":"MultiPolygon","coordinates":[[[[-105.167241,39.952731],[-105.167347,39.95273],[-105.167348,39.952795],[-105.167242,39.952796],[-105.167241,39.952731]]]]},"properties":{"occupancy":"Residential"}},{"type":"Feature","geometry":{"type":"MultiPolygon","coordinates":[[[[-105.167072,39.952802],[-105.1672,39.952802],[-105.167201,39.952894],[-105.167073,39.952894],[-105.167072,39.952802]]]]},"properties":{"occupancy":"Residential"}},{"type":"Feature","geometry":{"type":"MultiPolygon","coordinates":[[[[-105.166911,39.952922],[-105.166912,39.952831],[-105.167033,39.952832],[-105.167032,39.952924],[-105.166911,39.952922]]]]},"properties":{"occupancy":"Residential"}},{"type":"Feature","geometry":{"type":"MultiPolygon","coordinates":[[[[-105.167239,39.952838],[-105.167398,39.952837],[-105.1674,39.952935],[-105.16724,39.952937],[-105.167239,39.952838]]]]},"properties":{"occupancy":"Residential"}},{"type":"Feature","geometry":{"type":"MultiPolygon","coordinates":[[[[-105.166535,39.952951],[-105.16654,39.952857],[-105.166626,39.95286],[-105.16662,39.952954],[-105.166535,39.952951]]]]},"properties":{"occupancy":"Commercial"}},{"type":"Feature","geometry":{"type":"MultiPolygon","coordinates":[[[[-105.167137,39.953189],[-105.167214,39.953189],[-105.167214,39.953247],[-105.167137,39.953247],[-105.167137,39.953189]]]]},"properties":{"occupancy":"Residential"}},{"type":"Feature","geometry":{"type":"MultiPolygon","coordinates":[[[[-105.16591,39.9535],[-105.165909,39.953365],[-105.165871,39.953365],[-105.165871,39.9532],[-105.165962,39.9532],[-105.165962,39.953212],[-105.166046,39.953212],[-105.166046,39.953232],[-105.166091,39.953232],[-105.166093,39.953499],[-105.165972,39.953499],[-105.165971,39.953505],[-105.165966,39.953541],[-105.165905,39.953536],[-105.16591,39.9535]]]]},"properties":{"occupancy":"Commercial"}},{"type":"Feature","geometry":{"type":"MultiPolygon","coordinates":[[[[-105.167269,39.953221],[-105.167399,39.95322],[-105.1674,39.953334],[-105.167271,39.953335],[-105.167269,39.953221]]]]},"properties":{"occupancy":"Residential"}},{"type":"Feature","geometry":{"type":"MultiPolygon","coordinates":[[[[-105.166886,39.953365],[-105.166887,39.953284],[-105.166956,39.953284],[-105.166956,39.953264],[-105.167032,39.953264],[-105.167032,39.953396],[-105.166983,39.953396],[-105.166983,39.953365],[-105.166886,39.953365]]]]},"properties":{"occupancy":"Residential"}},{"type":"Feature","geometry":{"type":"MultiPolygon","coordinates":[[[[-105.167295,39.953441],[-105.167378,39.953441],[-105.167379,39.953502],[-105.167296,39.953502],[-105.167296,39.9535],[-105.167295,39.953441]]]]},"properties":{"occupancy":"Residential"}},{"type":"Feature","geometry":{"type":"MultiPolygon","coordinates":[[[[-105.166456,39.95366],[-105.166581,39.953659],[-105.166583,39.953774],[-105.166458,39.953776],[-105.166456,39.95366]]]]},"properties":{"occupancy":"Residential"}},{"type":"Feature","geometry":{"type":"MultiPolygon","coordinates":[[[[-105.166923,39.953907],[-105.166921,39.95377],[-105.166892,39.95377],[-105.166892,39.953705],[-105.166972,39.953705],[-105.166973,39.95377],[-105.167037,39.953769],[-105.167039,39.953909],[-105.166923,39.953909],[-105.166923,39.953907]]]]},"properties":{"occupancy":"Residential"}},{"type":"Feature","geometry":{"type":"MultiPolygon","coordinates":[[[[-105.167462,39.953728],[-105.167551,39.953728],[-105.167552,39.953872],[-105.167463,39.953872],[-105.167462,39.953728]]]]},"properties":{"occupancy":"Residential"}},{"type":"Feature","geometry":{"type":"MultiPolygon","coordinates":[[[[-105.167148,39.953741],[-105.16722,39.953741],[-105.167222,39.953845],[-105.16715,39.953845],[-105.167148,39.953741]]]]},"properties":{"occupancy":"Residential"}},{"type":"Feature","geometry":{"type":"MultiPolygon","coordinates":[[[[-105.167298,39.953836],[-105.167389,39.953836],[-105.16739,39.953933],[-105.167299,39.953934],[-105.167299,39.953932],[-105.167298,39.953836]]]]},"properties":{"occupancy":"Residential"}},{"type":"Feature","geometry":{"type":"MultiPolygon","coordinates":[[[[-105.166946,39.954197],[-105.167054,39.954196],[-105.167055,39.954296],[-105.166947,39.954297],[-105.166946,39.954197]]]]},"properties":{"occupancy":"Residential"}},{"type":"Feature","geometry":{"type":"MultiPolygon","coordinates":[[[[-105.166445,39.954198],[-105.16661,39.954198],[-105.16661,39.954288],[-105.166445,39.954288],[-105.166445,39.954198]]]]},"properties":{"occupancy":"Residential"}},{"type":"Feature","geometry":{"type":"MultiPolygon","coordinates":[[[[-105.165825,39.954401],[-105.165895,39.954345],[-105.165944,39.954306],[-105.165984,39.954336],[-105.165935,39.954375],[-105.165958,39.954392],[-105.166063,39.95431],[-105.166127,39.954358],[-105.165952,39.954496],[-105.165887,39.954448],[-105.165825,39.954401]]]]},"properties":{"occupancy":"Commercial"}},{"type":"Feature","geometry":{"type":"MultiPolygon","coordinates":[[[[-105.166336,39.954495],[-105.166336,39.954398],[-105.1664,39.954398],[-105.1664,39.954428],[-105.166521,39.954427],[-105.166522,39.954467],[-105.1664,39.954468],[-105.1664,39.954495],[-105.166336,39.954495]]]]},"properties":{"occupancy":"Residential"}},{"type":"Feature","geometry":{"type":"MultiPolygon","coordinates":[[[[-105.165971,39.954801],[-105.166144,39.954654],[-105.166198,39.954654],[-105.166198,39.954612],[-105.166362,39.954612],[-105.166364,39.954633],[-105.166439,39.954634],[-105.166439,39.954736],[-105.166307,39.954735],[-105.166296,39.954744],[-105.166105,39.954892],[-105.165971,39.954801]]]]},"properties":{"occupancy":"Commercial"}},{"type":"Feature","geometry":{"type":"MultiPolygon","coordinates":[[[[-105.16654,39.954794],[-105.16658,39.95476],[-105.166614,39.954784],[-105.166573,39.954817],[-105.166572,39.954819],[-105.166598,39.954839],[-105.16652,39.954898],[-105.166462,39.954853],[-105.16654,39.954794]]]]},"properties":{"occupancy":"Commercial"}},{"type":"Feature","geometry":{"type":"MultiPolygon","coordinates":[[[[-105.167716,39.954781],[-105.167806,39.954781],[-105.167806,39.954856],[-105.167716,39.954856],[-105.167716,39.954781]]]]},"properties":{"occupancy":"Government"}},{"type":"Feature","geometry":{"type":"MultiPolygon","coordinates":[[[[-105.167258,39.953505],[-105.167142,39.953503],[-105.167144,39.953436],[-105.16726,39.953438],[-105.167258,39.953505]]]]},"properties":{"occupancy":"Residential"}},{"type":"Feature","geometry":{"type":"MultiPolygon","coordinates":[[[[-105.167649,39.953432],[-105.167699,39.953548],[-105.16763,39.953566],[-105.167581,39.953449],[-105.167649,39.953432]]]]},"properties":{"occupancy":"Residential"}},{"type":"Feature","geometry":{"type":"MultiPolygon","coordinates":[[[[-105.167015,39.953495],[-105.167052,39.953567],[-105.166998,39.953584],[-105.166961,39.953511],[-105.167015,39.953495]]]]},"properties":{"occupancy":"Residential"}},{"type":"Feature","geometry":{"type":"MultiPolygon","coordinates":[[[[-105.166535,39.95394],[-105.1665,39.953891],[-105.166616,39.953844],[-105.16665,39.953893],[-105.166535,39.95394]]]]},"properties":{"occupancy":"Residential"}},{"type":"Feature","geometry":{"type":"MultiPolygon","coordinates":[[[[-105.169875,39.954302],[-105.169873,39.954243],[-105.169807,39.954244],[-105.169806,39.954215],[-105.169835,39.954214],[-105.169833,39.954177],[-105.169963,39.954173],[-105.169969,39.9543],[-105.169875,39.954302]]]]},"properties":{"occupancy":"Residential"}},{"type":"Feature","geometry":{"type":"MultiPolygon","coordinates":[[[[-105.170271,39.954196],[-105.170325,39.954195],[-105.170331,39.954335],[-105.170218,39.954338],[-105.170213,39.954216],[-105.170272,39.954215],[-105.170271,39.954196]]]]},"properties":{"occupancy":"Residential"}},{"type":"Feature","geometry":{"type":"MultiPolygon","coordinates":[[[[-105.16837,39.954375],[-105.168367,39.954208],[-105.16844,39.954207],[-105.168441,39.954252],[-105.168502,39.954252],[-105.168504,39.954374],[-105.16837,39.954375]]]]},"properties":{"occupancy":"Residential"}},{"type":"Feature","geometry":{"type":"MultiPolygon","coordinates":[[[[-105.170365,39.954224],[-105.170461,39.954222],[-105.170466,39.954354],[-105.170459,39.954354],[-105.17037,39.954356],[-105.170365,39.954224]]]]},"properties":{"occupancy":"Residential"}},{"type":"Feature","geometry":{"type":"MultiPolygon","coordinates":[[[[-105.169993,39.954237],[-105.170141,39.954233],[-105.170145,39.954322],[-105.169997,39.954326],[-105.169993,39.954237]]]]},"properties":{"occupancy":"Residential"}},{"type":"Feature","geometry":{"type":"MultiPolygon","coordinates":[[[[-105.169871,39.954333],[-105.169964,39.95433],[-105.169969,39.954433],[-105.169876,39.954435],[-105.169871,39.954333]]]]},"properties":{"occupancy":"Residential"}},{"type":"Feature","geometry":{"type":"MultiPolygon","coordinates":[[[[-105.16872,39.954582],[-105.168867,39.954581],[-105.168867,39.954673],[-105.16872,39.954674],[-105.16872,39.954582]]]]},"properties":{"occupancy":"Residential"}},{"type":"Feature","geometry":{"type":"MultiPolygon","coordinates":[[[[-105.169073,39.95487],[-105.169072,39.954766],[-105.169005,39.954766],[-105.169005,39.954702],[-105.169167,39.954701],[-105.169167,39.954734],[-105.169207,39.954734],[-105.169208,39.95487],[-105.169073,39.95487]]]]},"properties":{"occupancy":"Residential"}},{"type":"Feature","geometry":{"type":"MultiPolygon","coordinates":[[[[-105.168547,39.95487],[-105.168548,39.954801],[-105.168678,39.954802],[-105.168677,39.954871],[-105.168547,39.95487]]]]},"properties":{"occupancy":"Residential"}},{"type":"Feature","geometry":{"type":"MultiPolygon","coordinates":[[[[-105.168721,39.954913],[-105.168774,39.954842],[-105.168832,39.954867],[-105.168779,39.954934],[-105.168721,39.954913]]]]},"properties":{"occupancy":"Residential"}},{"type":"Feature","geometry":{"type":"MultiPolygon","coordinates":[[[[-105.173355,39.95541],[-105.173355,39.955394],[-105.173207,39.955395],[-105.173207,39.955371],[-105.173054,39.955372],[-105.173053,39.955222],[-105.173051,39.955183],[-105.173196,39.955183],[-105.173197,39.955221],[-105.173479,39.955219],[-105.17348,39.955369],[-105.173481,39.955393],[-105.173481,39.955409],[-105.173355,39.95541]]]]},"properties":{"occupancy":"Commercial"}},{"type":"Feature","geometry":{"type":"MultiPolygon","coordinates":[[[[-105.170757,39.955845],[-105.170759,39.955747],[-105.170858,39.955747],[-105.17086,39.95547],[-105.17081,39.95547],[-105.170811,39.955432],[-105.170811,39.955431],[-105.170812,39.955336],[-105.170935,39.955337],[-105.170935,39.955373],[-105.171145,39.955374],[-105.171144,39.955281],[-105.17128,39.95528],[-105.171279,39.955183],[-105.171345,39.955183],[-105.171346,39.95528],[-105.171712,39.955278],[-105.171716,39.955721],[-105.171749,39.955721],[-105.171749,39.955803],[-105.171639,39.955803],[-105.171639,39.95579],[-105.171571,39.95579],[-105.171571,39.955814],[-105.171364,39.955814],[-105.171364,39.955791],[-105.171284,39.955792],[-105.171284,39.95577],[-105.171247,39.95577],[-105.171242,39.95577],[-105.171231,39.95577],[-105.171231,39.955782],[-105.171011,39.955782],[-105.171011,39.95577],[-105.170957,39.95577],[-105.170875,39.955769],[-105.170874,39.955844],[-105.170757,39.955845]]]]},"properties":{"occupancy":"Commercial"}},{"type":"Feature","geometry":{"type":"MultiPolygon","coordinates":[[[[-105.17239,39.955234],[-105.17239,39.955214],[-105.17253,39.955215],[-105.17253,39.955196],[-105.172671,39.955193],[-105.172678,39.955375],[-105.172595,39.955377],[-105.172595,39.955382],[-105.17242,39.955403],[-105.172125,39.955403],[-105.172124,39.955235],[-105.17239,39.955234]]]]},"properties":{"occupancy":"Commercial"}},{"type":"Feature","geometry":{"type":"MultiPolygon","coordinates":[[[[-105.170122,39.955651],[-105.170123,39.955571],[-105.170269,39.955572],[-105.170269,39.955541],[-105.170338,39.955541],[-105.170338,39.95553],[-105.170408,39.95553],[-105.170408,39.955541],[-105.17049,39.955541],[-105.17049,39.95569],[-105.170269,39.95569],[-105.170269,39.955652],[-105.170122,39.955651]]]]},"properties":{"occupancy":"Commercial"}},{"type":"Feature","geometry":{"type":"MultiPolygon","coordinates":[[[[-105.170504,39.956607],[-105.170507,39.956376],[-105.170616,39.956376],[-105.170613,39.956607],[-105.170504,39.956607]]]]},"properties":{"occupancy":"Commercial"}},{"type":"Feature","geometry":{"type":"MultiPolygon","coordinates":[[[[-105.169381,39.956599],[-105.169711,39.956596],[-105.169713,39.956692],[-105.169383,39.956695],[-105.169381,39.956599]]]]},"properties":{"occupancy":"Commercial"}},{"type":"Feature","geometry":{"type":"MultiPolygon","coordinates":[[[[-105.170437,39.957438],[-105.170436,39.957409],[-105.170345,39.95741],[-105.170342,39.957245],[-105.170662,39.957242],[-105.170665,39.957407],[-105.170575,39.957408],[-105.170576,39.957435],[-105.170437,39.957438]]]]},"properties":{"occupancy":"Industrial"}},{"type":"Feature","geometry":{"type":"MultiPolygon","coordinates":[[[[-105.170964,39.957483],[-105.170964,39.95746],[-105.170964,39.957386],[-105.170964,39.95729],[-105.17175,39.957291],[-105.171749,39.957388],[-105.171568,39.957387],[-105.171568,39.957462],[-105.171568,39.957482],[-105.17143,39.957482],[-105.17143,39.957461],[-105.171347,39.957461],[-105.171347,39.957483],[-105.170964,39.957483]]]]},"properties":{"occupancy":"Commercial"}},{"type":"Feature","geometry":{"type":"MultiPolygon","coordinates":[[[[-105.169377,39.957474],[-105.169376,39.957399],[-105.169337,39.957399],[-105.169337,39.957312],[-105.169662,39.957312],[-105.169662,39.957473],[-105.169377,39.957474]]]]},"properties":{"occupancy":"Commercial"}},{"type":"Feature","geometry":{"type":"MultiPolygon","coordinates":[[[[-105.170963,39.957965],[-105.170966,39.957801],[-105.171006,39.957802],[-105.171006,39.957787],[-105.171374,39.957791],[-105.171371,39.957969],[-105.171368,39.957969],[-105.170963,39.957965]]]]},"properties":{"occupancy":"Education"}},{"type":"Feature","geometry":{"type":"MultiPolygon","coordinates":[[[[-105.171416,39.957965],[-105.171423,39.957792],[-105.171586,39.957796],[-105.171583,39.95789],[-105.171744,39.957894],[-105.171741,39.957973],[-105.171416,39.957965]]]]},"properties":{"occupancy":"Education"}},{"type":"Feature","geometry":{"type":"MultiPolygon","coordinates":[[[[-105.169333,39.957827],[-105.16959,39.957826],[-105.16959,39.957935],[-105.169333,39.957936],[-105.169333,39.957827]]]]},"properties":{"occupancy":"Commercial"}},{"type":"Feature","geometry":{"type":"MultiPolygon","coordinates":[[[[-105.170416,39.958031],[-105.170416,39.957978],[-105.170392,39.957978],[-105.170392,39.957851],[-105.170486,39.957851],[-105.170486,39.957833],[-105.17056,39.957833],[-105.17056,39.957851],[-105.170657,39.957851],[-105.170657,39.957978],[-105.170636,39.957978],[-105.170636,39.958031],[-105.170416,39.958031]]]]},"properties":{"occupancy":"Commercial"}},{"type":"Feature","geometry":{"type":"MultiPolygon","coordinates":[[[[-105.170083,39.954645],[-105.170198,39.954634],[-105.170229,39.954833],[-105.170114,39.954844],[-105.170083,39.954645]]]]},"properties":{"occupancy":"Residential"}},{"type":"Feature","geometry":{"type":"MultiPolygon","coordinates":[[[[-105.170011,39.954617],[-105.170049,39.954838],[-105.169934,39.95485],[-105.169896,39.954629],[-105.170011,39.954617]]]]},"properties":{"occupancy":"Residential"}},{"type":"Feature","geometry":{"type":"MultiPolygon","coordinates":[[[[-105.170431,39.954646],[-105.170547,39.954638],[-105.170567,39.954839],[-105.170452,39.954846],[-105.170431,39.954646]]]]},"properties":{"occupancy":"Residential"}},{"type":"Feature","geometry":{"type":"MultiPolygon","coordinates":[[[[-105.170405,39.954843],[-105.17029,39.954853],[-105.170257,39.954631],[-105.170372,39.954621],[-105.170405,39.954843]]]]},"properties":{"occupancy":"Residential"}},{"type":"Feature","geometry":{"type":"MultiPolygon","coordinates":[[[[-105.16972,39.954638],[-105.169835,39.95463],[-105.16986,39.954853],[-105.169744,39.95486],[-105.16972,39.954638]]]]},"properties":{"occupancy":"Residential"}},{"type":"Feature","geometry":{"type":"MultiPolygon","coordinates":[[[[-105.169569,39.954877],[-105.169575,39.954621],[-105.169691,39.954622],[-105.169685,39.954878],[-105.169569,39.954877]]]]},"properties":{"occupancy":"Residential"}},{"type":"Feature","geometry":{"type":"MultiPolygon","coordinates":[[[[-105.171459,39.959333],[-105.171474,39.958977],[-105.171822,39.958985],[-105.171807,39.959342],[-105.171459,39.959333]]]]},"properties":{"occupancy":"Commercial"}},{"type":"Feature","geometry":{"type":"MultiPolygon","coordinates":[[[[-105.168866,39.96017],[-105.169011,39.960169],[-105.169012,39.96028],[-105.168867,39.960281],[-105.168866,39.96017]]]]},"properties":{"occupancy":"Commercial"}}]}