{"type":"FeatureCollection","features":[{"type":"Feature","geometry":{"type":"MultiPolygon","coordinates":[[[[-118.160945,34.182165],[-118.161321,34.182159],[-118.161339,34.182895],[-118.160963,34.182901],[-118.160945,34.182165]]]]},"properties":{"occupancy":"Commercial"}},{"type":"Feature","geometry":{"type":"MultiPolygon","coordinates":[[[[-118.161199,34.183964],[-118.161268,34.183962],[-118.161267,34.184045],[-118.161114,34.184047],[-118.161111,34.18401],[-118.161199,34.184009],[-118.161199,34.183964]]]]},"properties":{"occupancy":"Residential"}},{"type":"Feature","geometry":{"type":"MultiPolygon","coordinates":[[[[-118.160733,34.184039],[-118.160854,34.184038],[-118.160855,34.184167],[-118.160735,34.184168],[-118.160733,34.184039]]]]},"properties":{"occupancy":"Residential"}},{"type":"Feature","geometry":{"type":"MultiPolygon","coordinates":[[[[-118.16112,34.18412],[-118.161249,34.184117],[-118.161249,34.184124],[-118.161251,34.184189],[-118.161122,34.184191],[-118.16112,34.18412]]]]},"properties":{"occupancy":"Residential"}},{"type":"Feature","geometry":{"type":"MultiPolygon","coordinates":[[[[-118.160736,34.184415],[-118.160838,34.184414],[-118.160842,34.184568],[-118.16074,34.184569],[-118.160736,34.184415]]]]},"properties":{"occupancy":"Residential"}},{"type":"Feature","geometry":{"type":"MultiPolygon","coordinates":[[[[-118.16106,34.184422],[-118.161149,34.184419],[-118.161153,34.184534],[-118.161064,34.184536],[-118.161064,34.18453],[-118.16106,34.184422]]]]},"properties":{"occupancy":"Residential"}},{"type":"Feature","geometry":{"type":"MultiPolygon","coordinates":[[[[-118.161046,34.184841],[-118.161045,34.184725],[-118.161153,34.184725],[-118.161153,34.184841],[-118.161046,34.184841]]]]},"properties":{"occupancy":"Residential"}},{"type":"Feature","geometry":{"type":"MultiPolygon","coordinates":[[[[-118.16031,34.184828],[-118.160309,34.18473],[-118.160486,34.184729],[-118.160487,34.184827],[-118.16031,34.184828]]]]},"properties":{"occupancy":"Residential"}},{"type":"Feature","geometry":{"type":"MultiPolygon","coordinates":[[[[-118.160764,34.184795],[-118.160853,34.184793],[-118.160855,34.184855],[-118.160766,34.184857],[-118.160764,34.184795]]]]},"properties":{"occupancy":"Residential"}},{"type":"Feature","geometry":{"type":"MultiPolygon","coordinates":[[[[-118.160431,34.183253],[-118.160528,34.18329],[-118.160495,34.183351],[-118.160397,34.183314],[-118.160431,34.183253]]]]},"properties":{"occupancy":"Commercial"}},{"type":"Feature","geometry":{"type":"MultiPolygon","coordinates":[[[[-118.160932,34.184629],[-118.160866,34.184617],[-118.160884,34.184551],[-118.160949,34.184563],[-118.160932,34.184629]]]]},"properties":{"occupancy":"Residential"}},{"type":"Feature","geometry":{"type":"MultiPolygon","coordinates":[[[[-118.160632,34.182819],[-118.160632,34.18278],[-118.160396,34.182783],[-118.160386,34.182281],[-118.160525,34.182279],[-118.160524,34.182216],[-118.16069,34.182213],[-118.160691,34.182283],[-118.160771,34.182282],[-118.160781,34.182778],[-118.160748,34.182778],[-118.160749,34.182818],[-118.160632,34.182819]]]]},"properties":{"occupancy":"Commercial"}},{"type":"Feature","geometry":{"type":"MultiPolygon","coordinates":[[[[-118.160026,34.182505],[-118.160135,34.182504],[-118.160139,34.182775],[-118.16003,34.182776],[-118.160026,34.182505]]]]},"properties":{"occupancy":"Commercial"}},{"type":"Feature","geometry":{"type":"MultiPolygon","coordinates":[[[[-118.159843,34.183198],[-118.159986,34.183197],[-118.159988,34.183316],[-118.159845,34.183318],[-118.159843,34.183198]]]]},"properties":{"occupancy":"Commercial"}},{"type":"Feature","geometry":{"type":"MultiPolygon","coordinates":[[[[-118.160241,34.183305],[-118.160335,34.183303],[-118.160338,34.183408],[-118.160245,34.18341],[-118.160241,34.183305]]]]},"properties":{"occupancy":"Residential"}},{"type":"Feature","geometry":{"type":"MultiPolygon","coordinates":[[[[-118.160211,34.183483],[-118.160352,34.183479],[-118.160355,34.183528],[-118.160213,34.183532],[-118.160211,34.183483]]]]},"properties":{"occupancy":"Residential"}},{"type":"Feature","geometry":{"type":"MultiPolygon","coordinates":[[[[-118.159863,34.183642],[-118.159862,34.183578],[-118.160025,34.183577],[-118.160026,34.183641],[-118.159863,34.183642]]]]},"properties":{"occupancy":"Commercial"}},{"type":"Feature","geometry":{"type":"MultiPolygon","coordinates":[[[[-118.159832,34.183716],[-118.159831,34.183664],[-118.159914,34.183664],[-118.159915,34.183715],[-118.159832,34.183716]]]]},"properties":{"occupancy":"Commercial"}},{"type":"Feature","geometry":{"type":"MultiPolygon","coordinates":[[[[-118.160209,34.183823],[-118.160202,34.183693],[-118.160275,34.183691],[-118.160277,34.183729],[-118.160296,34.183728],[-118.160301,34.183819],[-118.160209,34.183823]]]]},"properties":{"occupancy":"Residential"}},{"type":"Feature","geometry":{"type":"MultiPolygon","coordinates":[[[[-118.160768,34.1837],[-118.160849,34.183699],[-118.160851,34.183801],[-118.16077,34.183803],[-118.160768,34.1837]]]]},"properties":{"occupancy":"Residential"}},{"type":"Feature","geometry":{"type":"MultiPolygon","coordinates":[[[[-118.160045,34.183716],[-118.160143,34.183713],[-118.160146,34.183788],[-118.160126,34.183789],[-118.160127,34.183822],[-118.160049,34.183825],[-118.160045,34.183716]]]]},"properties":{"occupancy":"Residential"}},{"type":"Feature","geometry":{"type":"MultiPolygon","coordinates":[[[[-118.160208,34.184194],[-118.160205,34.183979],[-118.160267,34.183978],[-118.160269,34.184114],[-118.160368,34.184113],[-118.160369,34.184192],[-118.160208,34.184194]]]]},"properties":{"occupancy":"Residential"}},{"type":"Feature","geometry":{"type":"MultiPolygon","coordinates":[[[[-118.159841,34.184438],[-118.159842,34.184358],[-118.160206,34.184361],[-118.160204,34.184442],[-118.159841,34.184438],[-118.159841,34.184438]]]]},"properties":{"occupancy":"Industrial"}},{"type":"Feature","geometry":{"type":"MultiPolygon","coordinates":[[[[-118.160412,34.184508],[-118.160412,34.18441],[-118.160516,34.18441],[-118.160516,34.184508],[-118.16051,34.184508],[-118.160412,34.184508]]]]},"properties":{"occupancy":"Residential"}},{"type":"Feature","geometry":{"type":"MultiPolygon","coordinates":[[[[-118.160574,34.184497],[-118.160574,34.184415],[-118.160687,34.184414],[-118.160688,34.184497],[-118.160574,34.184497]]]]},"properties":{"occupancy":"Residential"}},{"type":"Feature","geometry":{"type":"MultiPolygon","coordinates":[[[[-118.160912,34.184417],[-118.161001,34.184415],[-118.161004,34.184508],[-118.160914,34.184509],[-118.160912,34.184417]]]]},"properties":{"occupancy":"Residential"}},{"type":"Feature","geometry":{"type":"MultiPolygon","coordinates":[[[[-118.160105,34.184833],[-118.160105,34.184695],[-118.160198,34.184695],[-118.160198,34.18475],[-118.160241,34.18475],[-118.160241,34.184877],[-118.160141,34.184877],[-118.160141,34.184833],[-118.160105,34.184833]]]]},"properties":{"occupancy":"Residential"}},{"type":"Feature","geometry":{"type":"MultiPolygon","coordinates":[[[[-118.160915,34.184877],[-118.160915,34.184723],[-118.161,34.184722],[-118.161,34.184877],[-118.160915,34.184877]]]]},"properties":{"occupancy":"Residential"}},{"type":"Feature","geometry":{"type":"MultiPolygon","coordinates":[[[[-118.160586,34.184816],[-118.160659,34.184815],[-118.160661,34.184895],[-118.160588,34.184896],[-118.160586,34.184816]]]]},"properties":{"occupancy":"Residential"}},{"type":"Feature","geometry":{"type":"MultiPolygon","coordinates":[[[[-118.159883,34.185155],[-118.159882,34.185092],[-118.160161,34.185089],[-118.160162,34.185185],[-118.159924,34.185187],[-118.159923,34.185155],[-118.159883,34.185155]]]]},"properties":{"occupancy":"Commercial"}},{"type":"Feature","geometry":{"type":"MultiPolygon","coordinates":[[[[-118.160656,34.185133],[-118.160754,34.18513],[-118.160758,34.185206],[-118.160659,34.185209],[-118.160656,34.185133]]]]},"properties":{"occupancy":"Residential"}},{"type":"Feature","geometry":{"type":"MultiPolygon","coordinates":[[[[-118.160253,34.185138],[-118.160378,34.185135],[-118.160381,34.185209],[-118.160255,34.185212],[-118.160253,34.185138]]]]},"properties":{"occupancy":"Residential"}},{"type":"Feature","geometry":{"type":"MultiPolygon","coordinates":[[[[-118.160651,34.185316],[-118.160499,34.185361],[-118.160477,34.185308],[-118.160629,34.185263],[-118.160651,34.185316]]]]},"properties":{"occupancy":"Residential"}},{"type":"Feature","geometry":{"type":"MultiPolygon","coordinates":[[[[-118.159825,34.185401],[-118.160122,34.185398],[-118.160124,34.185511],[-118.159827,34.185514],[-118.159825,34.185401]]]]},"properties":{"occupancy":"Commercial"}},{"type":"Feature","geometry":{"type":"MultiPolygon","coordinates":[[[[-118.160652,34.185582],[-118.160647,34.185474],[-118.160711,34.185472],[-118.160709,34.185417],[-118.160755,34.185416],[-118.160761,34.185539],[-118.160767,34.185539],[-118.160769,34.185579],[-118.160652,34.185582]]]]},"properties":{"occupancy":"Residential"}},{"type":"Feature","geometry":{"type":"MultiPolygon","coordinates":[[[[-118.16026,34.185497],[-118.160362,34.185495],[-118.160364,34.185571],[-118.160262,34.185573],[-118.16026,34.185497]]]]},"properties":{"occupancy":"Residential"}},{"type":"Feature","geometry":{"type":"MultiPolygon","coordinates":[[[[-118.160637,34.185928],[-118.160637,34.185839],[-118.160701,34.185839],[-118.160793,34.185839],[-118.160794,34.185928],[-118.160702,34.185928],[-118.160637,34.185928]]]]},"properties":{"occupancy":"Residential"}},{"type":"Feature","geometry":{"type":"MultiPolygon","coordinates":[[[[-118.160853,34.185843],[-118.160945,34.185841],[-118.160947,34.185957],[-118.160855,34.185958],[-118.160853,34.185843]]]]},"properties":{"occupancy":"Residential"}},{"type":"Feature","geometry":{"type":"MultiPolygon","coordinates":[[[[-118.161012,34.185848],[-118.161115,34.185846],[-118.161118,34.185926],[-118.161014,34.185928],[-118.161012,34.185848]]]]},"properties":{"occupancy":"Residential"}},{"type":"Feature","geometry":{"type":"MultiPolygon","coordinates":[[[[-118.160471,34.185927],[-118.160471,34.185849],[-118.160601,34.185849],[-118.160601,34.185927],[-118.160471,34.185927]]]]},"properties":{"occupancy":"Residential"}},{"type":"Feature","geometry":{"type":"MultiPolygon","coordinates":[[[[-118.160298,34.185958],[-118.160298,34.18585],[-118.160415,34.18585],[-118.160415,34.185958],[-118.160298,34.185958]]]]},"properties":{"occupancy":"Residential"}},{"type":"Feature","geometry":{"type":"MultiPolygon","coordinates":[[[[-118.16059,34.186214],[-118.160585,34.186158],[-118.160665,34.186153],[-118.16067,34.186209],[-118.16059,34.186214]]]]},"properties":{"occupancy":"Residential"}},{"type":"Feature","geometry":{"type":"MultiPolygon","coordinates":[[[[-118.160441,34.186293],[-118.160448,34.186359],[-118.160368,34.186365],[-118.16036,34.186299],[-118.160441,34.186293]]]]},"properties":{"occupancy":"Residential"}},{"type":"Feature","geometry":{"type":"MultiPolygon","coordinates":[[[[-118.159137,34.182621],[-118.159132,34.182293],[-118.159206,34.182293],[-118.159269,34.182294],[-118.159269,34.182191],[-118.159531,34.182186],[-118.159533,34.18229],[-118.159538,34.182596],[-118.159509,34.182617],[-118.159137,34.182621]]]]},"properties":{"occupancy":"Industrial"}},{"type":"Feature","geometry":{"type":"MultiPolygon","coordinates":[[[[-118.158926,34.182574],[-118.158924,34.182427],[-118.159048,34.182426],[-118.159049,34.182574],[-118.158926,34.182574]]]]},"properties":{"occupancy":"Residential"}},{"type":"Feature","geometry":{"type":"MultiPolygon","coordinates":[[[[-118.159037,34.183119],[-118.159038,34.182952],[-118.159167,34.182973],[-118.159166,34.182993],[-118.159333,34.183014],[-118.159338,34.182999],[-118.159411,34.183011],[-118.159514,34.183078],[-118.159548,34.183121],[-118.159554,34.183121],[-118.159553,34.183364],[-118.159381,34.183364],[-118.159036,34.183363],[-118.159037,34.183181],[-118.159037,34.183119]]]]},"properties":{"occupancy":"Commercial"}},{"type":"Feature","geometry":{"type":"MultiPolygon","coordinates":[[[[-118.159066,34.183738],[-118.159066,34.183687],[-118.159029,34.183689],[-118.159032,34.183597],[-118.159338,34.183584],[-118.159345,34.183414],[-118.159495,34.183418],[-118.159502,34.183479],[-118.15955,34.183482],[-118.159562,34.183496],[-118.159558,34.183703],[-118.159482,34.183749],[-118.159066,34.183738]]]]},"properties":{"occupancy":"Commercial"}},{"type":"Feature","geometry":{"type":"MultiPolygon","coordinates":[[[[-118.159334,34.18398],[-118.159335,34.183885],[-118.159521,34.183885],[-118.15952,34.184209],[-118.159519,34.184209],[-118.159391,34.184209],[-118.159391,34.18398],[-118.159334,34.18398]]]]},"properties":{"occupancy":"Commercial"}},{"type":"Feature","geometry":{"type":"MultiPolygon","coordinates":[[[[-118.158675,34.184815],[-118.158672,34.184608],[-118.158753,34.184608],[-118.158752,34.184483],[-118.159383,34.184477],[-118.159381,34.18447],[-118.15938,34.184459],[-118.159381,34.184447],[-118.159384,34.184436],[-118.15939,34.184425],[-118.159398,34.184415],[-118.159408,34.184407],[-118.159419,34.1844],[-118.159432,34.184395],[-118.159446,34.184392],[-118.15946,34.184391],[-118.159474,34.184391],[-118.159488,34.184394],[-118.1595,34.184399],[-118.159512,34.184406],[-118.159522,34.184414],[-118.15953,34.184424],[-118.159537,34.184434],[-118.15954,34.184445],[-118.159542,34.184457],[-118.159541,34.184469],[-118.159537,34.18448],[-118.159531,34.184491],[-118.159523,34.184501],[-118.159513,34.184509],[-118.159502,34.184516],[-118.1595,34.184517],[-118.159501,34.184539],[-118.159503,34.184737],[-118.159536,34.184737],[-118.159536,34.184747],[-118.159538,34.184866],[-118.159506,34.18491],[-118.15948,34.18492],[-118.159443,34.184935],[-118.159406,34.184935],[-118.158762,34.184941],[-118.158758,34.184941],[-118.158677,34.184942],[-118.158675,34.184815]]]]},"properties":{"occupancy":"Commercial"}},{"type":"Feature","geometry":{"type":"MultiPolygon","coordinates":[[[[-118.159397,34.185158],[-118.159398,34.185107],[-118.15952,34.18511],[-118.159519,34.185142],[-118.15957,34.185143],[-118.159567,34.185231],[-118.159456,34.185228],[-118.159458,34.185159],[-118.159397,34.185158]]]]},"properties":{"occupancy":"Commercial"}},{"type":"Feature","geometry":{"type":"MultiPolygon","coordinates":[[[[-118.158942,34.185334],[-118.158945,34.185226],[-118.159045,34.185228],[-118.159042,34.185336],[-118.158942,34.185334]]]]},"properties":{"occupancy":"Residential"}},{"type":"Feature","geometry":{"type":"MultiPolygon","coordinates":[[[[-118.159469,34.185471],[-118.159471,34.185375],[-118.159584,34.185377],[-118.159582,34.185473],[-118.159469,34.185471]]]]},"properties":{"occupancy":"Commercial"}},{"type":"Feature","geometry":{"type":"MultiPolygon","coordinates":[[[[-118.159113,34.185931],[-118.159117,34.185583],[-118.159579,34.185587],[-118.159575,34.185934],[-118.159113,34.185931]]]]},"properties":{"occupancy":"Commercial"}},{"type":"Feature","geometry":{"type":"MultiPolygon","coordinates":[[[[-118.15915,34.186731],[-118.159149,34.186681],[-118.159087,34.186682],[-118.159088,34.186728],[-118.158693,34.186733],[-118.158689,34.186512],[-118.159083,34.186507],[-118.159084,34.186536],[-118.159169,34.186535],[-118.159169,34.186505],[-118.159558,34.186501],[-118.159562,34.186726],[-118.15915,34.186731]]]]},"properties":{"occupancy":"Commercial"}},{"type":"Feature","geometry":{"type":"MultiPolygon","coordinates":[[[[-118.15844,34.187166],[-118.158363,34.187167],[-118.158361,34.187066],[-118.15833,34.187066],[-118.158331,34.187168],[-118.158285,34.187171],[-118.158281,34.186994],[-118.158436,34.186991],[-118.15844,34.187166]]]]},"properties":{"occupancy":"Residential"}},{"type":"Feature","geometry":{"type":"MultiPolygon","coordinates":[[[[-118.158521,34.18336],[-118.158518,34.183427],[-118.158438,34.183424],[-118.15844,34.183358],[-118.158521,34.18336]]]]},"properties":{"occupancy":"Residential"}},{"type":"Feature","geometry":{"type":"MultiPolygon","coordinates":[[[[-118.158505,34.184845],[-118.158371,34.184848],[-118.158364,34.184636],[-118.158498,34.184633],[-118.158505,34.184845]]]]},"properties":{"occupancy":"Residential"}},{"type":"Feature","geometry":{"type":"MultiPolygon","coordinates":[[[[-118.158726,34.185362],[-118.158742,34.185507],[-118.158582,34.185519],[-118.158566,34.185374],[-118.158726,34.185362]]]]},"properties":{"occupancy":"Commercial"}},{"type":"Feature","geometry":{"type":"MultiPolygon","coordinates":[[[[-118.158552,34.185793],[-118.158555,34.18586],[-118.158474,34.185863],[-118.158471,34.185796],[-118.158552,34.185793]]]]},"properties":{"occupancy":"Residential"}},{"type":"Feature","geometry":{"type":"MultiPolygon","coordinates":[[[[-118.158302,34.187712],[-118.158316,34.187623],[-118.15837,34.187629],[-118.158355,34.187718],[-118.158302,34.187712]]]]},"properties":{"occupancy":"Residential"}},{"type":"Feature","geometry":{"type":"MultiPolygon","coordinates":[[[[-118.15913,34.187919],[-118.159195,34.187834],[-118.15924,34.187858],[-118.159176,34.187943],[-118.15913,34.187919]]]]},"properties":{"occupancy":"Residential"}},{"type":"Feature","geometry":{"type":"MultiPolygon","coordinates":[[[[-118.159097,34.187968],[-118.159177,34.187969],[-118.159176,34.188036],[-118.159096,34.188035],[-118.159097,34.187968]]]]},"properties":{"occupancy":"Residential"}},{"type":"Feature","geometry":{"type":"MultiPolygon","coordinates":[[[[-118.158488,34.189638],[-118.158482,34.189716],[-118.158335,34.189709],[-118.15834,34.189631],[-118.158488,34.189638]]]]},"properties":{"occupancy":"Residential"}},{"type":"Feature","geometry":{"type":"MultiPolygon","coordinates":[[[[-118.158491,34.189966],[-118.158464,34.190029],[-118.158388,34.190006],[-118.158416,34.189943],[-118.158491,34.189966]]]]},"properties":{"occupancy":"Residential"}},{"type":"Feature","geometry":{"type":"MultiPolygon","coordinates":[[[[-118.159626,34.190235],[-118.159619,34.190324],[-118.159539,34.19032],[-118.159546,34.190231],[-118.159626,34.190235]]]]},"properties":{"occupancy":"Residential"}},{"type":"Feature","geometry":{"type":"MultiPolygon","coordinates":[[[[-118.159318,34.193986],[-118.159287,34.194048],[-118.159213,34.194022],[-118.159244,34.19396],[-118.159318,34.193986]]]]},"properties":{"occupancy":"Residential"}},{"type":"Feature","geometry":{"type":"MultiPolygon","coordinates":[[[[-118.159511,34.194124],[-118.159406,34.194022],[-118.159477,34.193971],[-118.159582,34.194073],[-118.159511,34.194124]]]]},"properties":{"occupancy":"Residential"}},{"type":"Feature","geometry":{"type":"MultiPolygon","coordinates":[[[[-118.160213,34.186819],[-118.160205,34.186686],[-118.160259,34.186683],[-118.160267,34.186817],[-118.160213,34.186819]]]]},"properties":{"occupancy":"Residential"}},{"type":"Feature","geometry":{"type":"MultiPolygon","coordinates":[[[[-118.160575,34.186868],[-118.160637,34.186927],[-118.160547,34.186993],[-118.160414,34.186867],[-118.160494,34.186808],[-118.160556,34.186867],[-118.160506,34.186904],[-118.160515,34.186912],[-118.160575,34.186868]]]]},"properties":{"occupancy":"Residential"}},{"type":"Feature","geometry":{"type":"MultiPolygon","coordinates":[[[[-118.160678,34.18708],[-118.160675,34.187013],[-118.160755,34.187011],[-118.160759,34.187078],[-118.160678,34.18708]]]]},"properties":{"occupancy":"Residential"}},{"type":"Feature","geometry":{"type":"MultiPolygon","coordinates":[[[[-118.160992,34.187155],[-118.160912,34.187149],[-118.160919,34.187082],[-118.161,34.187088],[-118.160992,34.187155]]]]},"properties":{"occupancy":"Residential"}},{"type":"Feature","geometry":{"type":"MultiPolygon","coordinates":[[[[-118.160501,34.187689],[-118.160581,34.187684],[-118.160587,34.187751],[-118.160507,34.187756],[-118.160501,34.187689]]]]},"properties":{"occupancy":"Residential"}},{"type":"Feature","geometry":{"type":"MultiPolygon","coordinates":[[[[-118.160847,34.188193],[-118.160776,34.188048],[-118.16095,34.187989],[-118.160905,34.187896],[-118.160942,34.187883],[-118.161028,34.188059],[-118.160928,34.188093],[-118.160959,34.188155],[-118.160847,34.188193]]]]},"properties":{"occupancy":"Residential"}},{"type":"Feature","geometry":{"type":"MultiPolygon","coordinates":[[[[-118.160895,34.188315],[-118.160801,34.188358],[-118.160775,34.188319],[-118.160869,34.188276],[-118.160895,34.188315]]]]},"properties":{"occupancy":"Residential"}},{"type":"Feature","geometry":{"type":"MultiPolygon","coordinates":[[[[-118.160465,34.188424],[-118.160563,34.188461],[-118.16053,34.188522],[-118.160432,34.188485],[-118.160465,34.188424]]]]},"properties":{"occupancy":"Residential"}},{"type":"Feature","geometry":{"type":"MultiPolygon","coordinates":[[[[-118.161057,34.188539],[-118.161135,34.188556],[-118.161108,34.188643],[-118.16103,34.188626],[-118.161057,34.188539]]]]},"properties":{"occupancy":"Residential"}},{"type":"Feature","geometry":{"type":"MultiPolygon","coordinates":[[[[-118.160606,34.189263],[-118.160559,34.189355],[-118.160509,34.189337],[-118.160557,34.189245],[-118.160606,34.189263]]]]},"properties":{"occupancy":"Residential"}},{"type":"Feature","geometry":{"type":"MultiPolygon","coordinates":[[[[-118.160539,34.189487],[-118.160399,34.189448],[-118.160412,34.189416],[-118.160552,34.189456],[-118.160539,34.189487]]]]},"properties":{"occupancy":"Residential"}},{"type":"Feature","geometry":{"type":"MultiPolygon","coordinates":[[[[-118.160066,34.18986],[-118.160002,34.189946],[-118.1599,34.189892],[-118.160035,34.189713],[-118.160081,34.189736],[-118.16001,34.189831],[-118.160066,34.18986]]]]},"properties":{"occupancy":"Residential"}},{"type":"Feature","geometry":{"type":"MultiPolygon","coordinates":[[[[-118.160665,34.189856],[-118.160689,34.189817],[-118.160773,34.189852],[-118.160749,34.189892],[-118.160665,34.189856]]]]},"properties":{"occupancy":"Residential"}},{"type":"Feature","geometry":{"type":"MultiPolygon","coordinates":[[[[-118.159794,34.190303],[-118.159778,34.190369],[-118.159699,34.190355],[-118.159715,34.190289],[-118.159794,34.190303]]]]},"properties":{"occupancy":"Residential"}},{"type":"Feature","geometry":{"type":"MultiPolygon","coordinates":[[[[-118.160213,34.190607],[-118.160292,34.190596],[-118.160317,34.190717],[-118.160238,34.190728],[-118.160213,34.190607]]]]},"properties":{"occupancy":"Residential"}},{"type":"Feature","geometry":{"type":"MultiPolygon","coordinates":[[[[-118.160574,34.190648],[-118.160524,34.190727],[-118.160406,34.190675],[-118.160455,34.190596],[-118.160574,34.190648]]]]},"properties":{"occupancy":"Residential"}},{"type":"Feature","geometry":{"type":"MultiPolygon","coordinates":[[[[-118.160676,34.190747],[-118.160604,34.190718],[-118.160645,34.190648],[-118.160718,34.190677],[-118.160676,34.190747]]]]},"properties":{"occupancy":"Residential"}},{"type":"Feature","geometry":{"type":"MultiPolygon","coordinates":[[[[-118.159974,34.190778],[-118.16,34.190738],[-118.160094,34.190782],[-118.160068,34.190821],[-118.159974,34.190778]]]]},"properties":{"occupancy":"Residential"}},{"type":"Feature","geometry":{"type":"MultiPolygon","coordinates":[[[[-118.161146,34.190946],[-118.161144,34.19088],[-118.161264,34.190877],[-118.161267,34.190943],[-118.161146,34.190946]]]]},"properties":{"occupancy":"Residential"}},{"type":"Feature","geometry":{"type":"MultiPolygon","coordinates":[[[[-118.161356,34.191114],[-118.161226,34.191085],[-118.161262,34.190977],[-118.161391,34.191007],[-118.161356,34.191114]]]]},"properties":{"occupancy":"Residential"}},{"type":"Feature","geometry":{"type":"MultiPolygon","coordinates":[[[[-118.160828,34.191362],[-118.160847,34.191297],[-118.160925,34.191313],[-118.160906,34.191378],[-118.160828,34.191362]]]]},"properties":{"occupancy":"Residential"}},{"type":"Feature","geometry":{"type":"MultiPolygon","coordinates":[[[[-118.159984,34.19413],[-118.159937,34.194109],[-118.160052,34.193932],[-118.160099,34.193953],[-118.159984,34.19413]]]]},"properties":{"occupancy":"Residential"}},{"type":"Feature","geometry":{"type":"MultiPolygon","coordinates":[[[[-118.160026,34.194273],[-118.15988,34.194254],[-118.159891,34.194199],[-118.160036,34.194218],[-118.160026,34.194273]]]]},"properties":{"occupancy":"Residential"}},{"type":"Feature","geometry":{"type":"MultiPolygon","coordinates":[[[[-118.149326,34.187871],[-118.149346,34.187806],[-118.14945,34.187828],[-118.14943,34.187893],[-118.149326,34.187871]]]]},"properties":{"occupancy":"Commercial"}},{"type":"Feature","geometry":{"type":"MultiPolygon","coordinates":[[[[-118.149523,34.18794],[-118.149447,34.187918],[-118.149482,34.187833],[-118.149558,34.187856],[-118.149523,34.18794]]]]},"properties":{"occupancy":"Commercial"}},{"type":"Feature","geometry":{"type":"MultiPolygon","coordinates":[[[[-118.149967,34.18819],[-118.149989,34.188149],[-118.1501,34.188189],[-118.150078,34.18823],[-118.149967,34.18819]]]]},"properties":{"occupancy":"Commercial"}},{"type":"Feature","geometry":{"type":"MultiPolygon","coordinates":[[[[-118.14917,34.188266],[-118.149094,34.188243],[-118.149121,34.18818],[-118.149197,34.188203],[-118.14917,34.188266]]]]},"properties":{"occupancy":"Commercial"}},{"type":"Feature","geometry":{"type":"MultiPolygon","coordinates":[[[[-118.149695,34.188268],[-118.149664,34.18833],[-118.14959,34.188304],[-118.14962,34.188242],[-118.149695,34.188268]]]]},"properties":{"occupancy":"Commercial"}},{"type":"Feature","geometry":{"type":"MultiPolygon","coordinates":[[[[-118.149997,34.191082],[-118.149924,34.191176],[-118.149856,34.191139],[-118.149929,34.191046],[-118.149997,34.191082]]]]},"properties":{"occupancy":"Residential"}},{"type":"Feature","geometry":{"type":"MultiPolygon","coordinates":[[[[-118.1493,34.191743],[-118.149329,34.191705],[-118.149443,34.191764],[-118.149414,34.191802],[-118.1493,34.191743]]]]},"properties":{"occupancy":"Residential"}},{"type":"Feature","geometry":{"type":"MultiPolygon","coordinates":[[[[-118.149466,34.191856],[-118.149435,34.191953],[-118.14937,34.191939],[-118.149401,34.191841],[-118.149466,34.191856]]]]},"properties":{"occupancy":"Residential"}},{"type":"Feature","geometry":{"type":"MultiPolygon","coordinates":[[[[-118.149366,34.192631],[-118.149419,34.19264],[-118.149394,34.192738],[-118.149342,34.192729],[-118.149366,34.192631]]]]},"properties":{"occupancy":"Residential"}},{"type":"Feature","geometry":{"type":"MultiPolygon","coordinates":[[[[-118.150046,34.192869],[-118.150127,34.192864],[-118.150131,34.19292],[-118.150051,34.192925],[-118.150046,34.192869]]]]},"properties":{"occupancy":"Residential"}},{"type":"Feature","geometry":{"type":"MultiPolygon","coordinates":[[[[-118.148962,34.18271],[-118.149083,34.182715],[-118.14908,34.18276],[-118.148959,34.182755],[-118.148962,34.18271]]]]},"properties":{"occupancy":"Residential"}},{"type":"Feature","geometry":{"type":"MultiPolygon","coordinates":[[[[-118.148263,34.182899],[-118.148344,34.182896],[-118.148347,34.182963],[-118.148267,34.182966],[-118.148263,34.182899]]]]},"properties":{"occupancy":"Residential"}},{"type":"Feature","geometry":{"type":"MultiPolygon","coordinates":[[[[-118.148432,34.183595],[-118.148429,34.183651],[-118.148349,34.183648],[-118.148352,34.183592],[-118.148432,34.183595]]]]},"properties":{"occupancy":"Residential"}},{"type":"Feature","geometry":{"type":"MultiPolygon","coordinates":[[[[-118.147439,34.19009],[-118.147335,34.190068],[-118.147348,34.190025],[-118.147452,34.190046],[-118.147439,34.19009]]]]},"properties":{"occupancy":"Residential"}},{"type":"Feature","geometry":{"type":"MultiPolygon","coordinates":[[[[-118.148498,34.190383],[-118.148492,34.190327],[-118.148586,34.19032],[-118.148592,34.190376],[-118.148498,34.190383]]]]},"properties":{"occupancy":"Residential"}},{"type":"Feature","geometry":{"type":"MultiPolygon","coordinates":[[[[-118.148369,34.190421],[-118.148485,34.190451],[-118.148469,34.190493],[-118.148353,34.190464],[-118.148369,34.190421]]]]},"properties":{"occupancy":"Residential"}},{"type":"Feature","geometry":{"type":"MultiPolygon","coordinates":[[[[-118.148105,34.19049],[-118.148048,34.190591],[-118.147975,34.190563],[-118.148032,34.190462],[-118.148105,34.19049]]]]},"properties":{"occupancy":"Residential"}},{"type":"Feature","geometry":{"type":"MultiPolygon","coordinates":[[[[-118.147173,34.190773],[-118.147193,34.190708],[-118.147271,34.190725],[-118.147251,34.19079],[-118.147173,34.190773]]]]},"properties":{"occupancy":"Residential"}},{"type":"Feature","geometry":{"type":"MultiPolygon","coordinates":[[[[-118.147078,34.190959],[-118.14718,34.190988],[-118.147155,34.191051],[-118.147053,34.191023],[-118.147078,34.190959]]]]},"properties":{"occupancy":"Residential"}},{"type":"Feature","geometry":{"type":"MultiPolygon","coordinates":[[[[-118.148219,34.191142],[-118.148127,34.191129],[-118.148135,34.191085],[-118.148228,34.191097],[-118.148219,34.191142]]]]},"properties":{"occupancy":"Residential"}},{"type":"Feature","geometry":{"type":"MultiPolygon","coordinates":[[[[-118.147268,34.191441],[-118.147288,34.191388],[-118.147365,34.191409],[-118.147344,34.191462],[-118.147268,34.191441]]]]},"properties":{"occupancy":"Residential"}},{"type":"Feature","geometry":{"type":"MultiPolygon","coordinates":[[[[-118.148822,34.192523],[-118.14892,34.19256],[-118.148854,34.192682],[-118.148658,34.192609],[-118.148686,34.192558],[-118.148784,34.192595],[-118.148822,34.192523]]]]},"properties":{"occupancy":"Residential"}},{"type":"Feature","geometry":{"type":"MultiPolygon","coordinates":[[[[-118.14901,34.192689],[-118.14893,34.192691],[-118.148932,34.192747],[-118.148865,34.192749],[-118.148861,34.192648],[-118.149009,34.192644],[-118.14901,34.192689]]]]},"properties":{"occupancy":"Residential"}},{"type":"Feature","geometry":{"type":"MultiPolygon","coordinates":[[[[-118.147269,34.19408],[-118.147192,34.194061],[-118.147215,34.193997],[-118.147292,34.194016],[-118.147269,34.19408]]]]},"properties":{"occupancy":"Residential"}},{"type":"Feature","geometry":{"type":"MultiPolygon","coordinates":[[[[-118.154784,34.183642],[-118.154891,34.183644],[-118.15489,34.183689],[-118.154783,34.183687],[-118.154784,34.183642]]]]},"properties":{"occupancy":"Residential"}},{"type":"Feature","geometry":{"type":"MultiPolygon","coordinates":[[[[-118.154211,34.184362],[-118.154278,34.184417],[-118.154203,34.184481],[-118.154136,34.184426],[-118.154211,34.184362]]]]},"properties":{"occupancy":"Residential"}},{"type":"Feature","geometry":{"type":"MultiPolygon","coordinates":[[[[-118.152946,34.184896],[-118.153025,34.184883],[-118.153038,34.184937],[-118.152959,34.184951],[-118.152946,34.184896]]]]},"properties":{"occupancy":"Residential"}},{"type":"Feature","geometry":{"type":"MultiPolygon","coordinates":[[[[-118.154707,34.185563],[-118.154717,34.185629],[-118.154571,34.185645],[-118.154561,34.185579],[-118.154707,34.185563]]]]},"properties":{"occupancy":"Residential"}},{"type":"Feature","geometry":{"type":"MultiPolygon","coordinates":[[[[-118.15295,34.185696],[-118.152968,34.185772],[-118.152902,34.185783],[-118.152884,34.185706],[-118.15295,34.185696]]]]},"properties":{"occupancy":"Residential"}},{"type":"Feature","geometry":{"type":"MultiPolygon","coordinates":[[[[-118.156782,34.182965],[-118.156862,34.182966],[-118.156862,34.183033],[-118.156781,34.183032],[-118.156782,34.182965]]]]},"properties":{"occupancy":"Residential"}},{"type":"Feature","geometry":{"type":"MultiPolygon","coordinates":[[[[-118.15802,34.183124],[-118.158019,34.183213],[-118.157938,34.183213],[-118.15794,34.183123],[-118.15802,34.183124]]]]},"properties":{"occupancy":"Residential"}},{"type":"Feature","geometry":{"type":"MultiPolygon","coordinates":[[[[-118.156594,34.183163],[-118.15661,34.183228],[-118.156492,34.183248],[-118.156476,34.183183],[-118.156594,34.183163]]]]},"properties":{"occupancy":"Residential"}},{"type":"Feature","geometry":{"type":"MultiPolygon","coordinates":[[[[-118.157145,34.183251],[-118.157152,34.183318],[-118.157071,34.183323],[-118.157065,34.183256],[-118.157145,34.183251]]]]},"properties":{"occupancy":"Residential"}},{"type":"Feature","geometry":{"type":"MultiPolygon","coordinates":[[[[-118.1563,34.183364],[-118.156418,34.183385],[-118.156369,34.183581],[-118.15625,34.183561],[-118.1563,34.183364]]]]},"properties":{"occupancy":"Residential"}},{"type":"Feature","geometry":{"type":"MultiPolygon","coordinates":[[[[-118.157548,34.183445],[-118.157542,34.183378],[-118.157622,34.183373],[-118.157628,34.18344],[-118.157548,34.183445]]]]},"properties":{"occupancy":"Residential"}},{"type":"Feature","geometry":{"type":"MultiPolygon","coordinates":[[[[-118.157989,34.183399],[-118.157943,34.18348],[-118.157895,34.183461],[-118.15794,34.18338],[-118.157989,34.183399]]]]},"properties":{"occupancy":"Residential"}},{"type":"Feature","geometry":{"type":"MultiPolygon","coordinates":[[[[-118.158033,34.183505],[-118.158034,34.183438],[-118.158101,34.183438],[-118.1581,34.183505],[-118.158033,34.183505]]]]},"properties":{"occupancy":"Residential"}},{"type":"Feature","geometry":{"type":"MultiPolygon","coordinates":[[[[-118.157281,34.184294],[-118.157278,34.184205],[-118.157358,34.184203],[-118.157362,34.184292],[-118.157281,34.184294]]]]},"properties":{"occupancy":"Residential"}},{"type":"Feature","geometry":{"type":"MultiPolygon","coordinates":[[[[-118.156334,34.184405],[-118.156214,34.184415],[-118.156209,34.18437],[-118.156329,34.18436],[-118.156334,34.184405]]]]},"properties":{"occupancy":"Residential"}},{"type":"Feature","geometry":{"type":"MultiPolygon","coordinates":[[[[-118.157538,34.185452],[-118.15754,34.185385],[-118.157621,34.185386],[-118.157619,34.185453],[-118.157538,34.185452]]]]},"properties":{"occupancy":"Residential"}},{"type":"Feature","geometry":{"type":"MultiPolygon","coordinates":[[[[-118.157506,34.185658],[-118.157387,34.185639],[-118.15741,34.18554],[-118.157529,34.185559],[-118.157506,34.185658]]]]},"properties":{"occupancy":"Residential"}},{"type":"Feature","geometry":{"type":"MultiPolygon","coordinates":[[[[-118.157269,34.185837],[-118.157261,34.185926],[-118.15706,34.185914],[-118.157068,34.185825],[-118.157269,34.185837]]]]},"properties":{"occupancy":"Residential"}},{"type":"Feature","geometry":{"type":"MultiPolygon","coordinates":[[[[-118.157229,34.186291],[-118.157321,34.186308],[-118.157303,34.186374],[-118.157211,34.186357],[-118.157229,34.186291]]]]},"properties":{"occupancy":"Residential"}},{"type":"Feature","geometry":{"type":"MultiPolygon","coordinates":[[[[-118.1575,34.186671],[-118.157523,34.18655],[-118.157589,34.186558],[-118.157566,34.18668],[-118.1575,34.186671]]]]},"properties":{"occupancy":"Residential"}},{"type":"Feature","geometry":{"type":"MultiPolygon","coordinates":[[[[-118.157093,34.187063],[-118.157171,34.187048],[-118.157193,34.187124],[-118.157115,34.187139],[-118.157093,34.187063]]]]},"properties":{"occupancy":"Residential"}},{"type":"Feature","geometry":{"type":"MultiPolygon","coordinates":[[[[-118.157608,34.187745],[-118.157518,34.187795],[-118.157489,34.187757],[-118.157578,34.187708],[-118.157608,34.187745]]]]},"properties":{"occupancy":"Residential"}},{"type":"Feature","geometry":{"type":"MultiPolygon","coordinates":[[[[-118.157578,34.187945],[-118.157591,34.187856],[-118.157671,34.187864],[-118.157658,34.187953],[-118.157578,34.187945]]]]},"properties":{"occupancy":"Residential"}},{"type":"Feature","geometry":{"type":"MultiPolygon","coordinates":[[[[-118.158093,34.187979],[-118.158115,34.187926],[-118.158217,34.187955],[-118.158195,34.188008],[-118.158093,34.187979]]]]},"properties":{"occupancy":"Residential"}},{"type":"Feature","geometry":{"type":"MultiPolygon","coordinates":[[[[-118.157302,34.187961],[-118.157381,34.187973],[-118.157367,34.188039],[-118.157287,34.188027],[-118.157302,34.187961]]]]},"properties":{"occupancy":"Residential"}},{"type":"Feature","geometry":{"type":"MultiPolygon","coordinates":[[[[-118.157354,34.188468],[-118.157389,34.188552],[-118.157339,34.188567],[-118.157303,34.188482],[-118.157354,34.188468]]]]},"properties":{"occupancy":"Residential"}},{"type":"Feature","geometry":{"type":"MultiPolygon","coordinates":[[[[-118.158071,34.188743],[-118.158053,34.188785],[-118.157939,34.188752],[-118.157957,34.18871],[-118.158071,34.188743]]]]},"properties":{"occupancy":"Residential"}},{"type":"Feature","geometry":{"type":"MultiPolygon","coordinates":[[[[-118.157683,34.189086],[-118.157604,34.189098],[-118.157589,34.189032],[-118.157669,34.18902],[-118.157683,34.189086]]]]},"properties":{"occupancy":"Residential"}},{"type":"Feature","geometry":{"type":"MultiPolygon","coordinates":[[[[-118.156608,34.189519],[-118.15664,34.189458],[-118.156739,34.189493],[-118.156707,34.189555],[-118.156608,34.189519]]]]},"properties":{"occupancy":"Residential"}},{"type":"Feature","geometry":{"type":"MultiPolygon","coordinates":[[[[-118.15758,34.18962],[-118.157608,34.189557],[-118.157684,34.18958],[-118.157656,34.189643],[-118.15758,34.18962]]]]},"properties":{"occupancy":"Residential"}},{"type":"Feature","geometry":{"type":"MultiPolygon","coordinates":[[[[-118.157702,34.18958],[-118.157842,34.189619],[-118.157816,34.189682],[-118.157676,34.189644],[-118.157702,34.18958]]]]},"properties":{"occupancy":"Residential"}},{"type":"Feature","geometry":{"type":"MultiPolygon","coordinates":[[[[-118.158233,34.189853],[-118.158133,34.189821],[-118.158162,34.189759],[-118.158263,34.189791],[-118.158233,34.189853]]]]},"properties":{"occupancy":"Residential"}},{"type":"Feature","geometry":{"type":"MultiPolygon","coordinates":[[[[-118.157136,34.189994],[-118.157211,34.190019],[-118.157181,34.190081],[-118.157106,34.190056],[-118.157136,34.189994]]]]},"properties":{"occupancy":"Residential"}},{"type":"Feature","geometry":{"type":"MultiPolygon","coordinates":[[[[-118.157865,34.190426],[-118.157786,34.190441],[-118.157762,34.190354],[-118.15784,34.190339],[-118.157865,34.190426]]]]},"properties":{"occupancy":"Residential"}},{"type":"Feature","geometry":{"type":"MultiPolygon","coordinates":[[[[-118.157268,34.19081],[-118.157246,34.190875],[-118.157169,34.190857],[-118.15719,34.190792],[-118.157268,34.19081]]]]},"properties":{"occupancy":"Residential"}},{"type":"Feature","geometry":{"type":"MultiPolygon","coordinates":[[[[-118.157865,34.191058],[-118.157911,34.191113],[-118.157835,34.191158],[-118.157788,34.191104],[-118.157865,34.191058]]]]},"properties":{"occupancy":"Residential"}},{"type":"Feature","geometry":{"type":"MultiPolygon","coordinates":[[[[-118.157706,34.191486],[-118.157784,34.191504],[-118.157745,34.191622],[-118.157667,34.191605],[-118.157706,34.191486]]]]},"properties":{"occupancy":"Residential"}},{"type":"Feature","geometry":{"type":"MultiPolygon","coordinates":[[[[-118.156842,34.191556],[-118.156943,34.191586],[-118.156925,34.191628],[-118.156824,34.191598],[-118.156842,34.191556]]]]},"properties":{"occupancy":"Residential"}},{"type":"Feature","geometry":{"type":"MultiPolygon","coordinates":[[[[-118.157963,34.191754],[-118.158114,34.1918],[-118.1581,34.191831],[-118.157949,34.191785],[-118.157963,34.191754]]]]},"properties":{"occupancy":"Residential"}},{"type":"Feature","geometry":{"type":"MultiPolygon","coordinates":[[[[-118.156361,34.192176],[-118.156227,34.192166],[-118.156232,34.192121],[-118.156366,34.192132],[-118.156361,34.192176]]]]},"properties":{"occupancy":"Residential"}},{"type":"Feature","geometry":{"type":"MultiPolygon","coordinates":[[[[-118.156439,34.192153],[-118.156516,34.192173],[-118.156492,34.192237],[-118.156415,34.192218],[-118.156439,34.192153]]]]},"properties":{"occupancy":"Residential"}},{"type":"Feature","geometry":{"type":"MultiPolygon","coordinates":[[[[-118.156247,34.193055],[-118.156325,34.19307],[-118.156313,34.193113],[-118.156235,34.193098],[-118.156247,34.193055]]]]},"properties":{"occupancy":"Residential"}},{"type":"Feature","geometry":{"type":"MultiPolygon","coordinates":[[[[-118.1566,34.193108],[-118.156647,34.19313],[-118.156587,34.193217],[-118.156541,34.193195],[-118.1566,34.193108]]]]},"properties":{"occupancy":"Residential"}},{"type":"Feature","geometry":{"type":"MultiPolygon","coordinates":[[[[-118.156426,34.193157],[-118.156513,34.193308],[-118.156416,34.193347],[-118.156329,34.193196],[-118.156426,34.193157]]]]},"properties":{"occupancy":"Residential"}},{"type":"Feature","geometry":{"type":"MultiPolygon","coordinates":[[[[-118.158004,34.193838],[-118.158025,34.193773],[-118.158102,34.193791],[-118.158082,34.193855],[-118.158004,34.193838]]]]},"properties":{"occupancy":"Residential"}},{"type":"Feature","geometry":{"type":"MultiPolygon","coordinates":[[[[-118.154688,34.185958],[-118.1547,34.186001],[-118.154609,34.186019],[-118.154596,34.185976],[-118.154688,34.185958]]]]},"properties":{"occupancy":"Residential"}},{"type":"Feature","geometry":{"type":"MultiPolygon","coordinates":[[[[-118.154696,34.186241],[-118.154616,34.186246],[-118.154609,34.18618],[-118.15469,34.186174],[-118.154696,34.186241]]]]},"properties":{"occupancy":"Residential"}},{"type":"Feature","geometry":{"type":"MultiPolygon","coordinates":[[[[-118.154332,34.18655],[-118.154304,34.186464],[-118.154356,34.186453],[-118.154384,34.186539],[-118.154332,34.18655]]]]},"properties":{"occupancy":"Residential"}},{"type":"Feature","geometry":{"type":"MultiPolygon","coordinates":[[[[-118.153906,34.18663],[-118.153897,34.186719],[-118.153803,34.186712],[-118.153813,34.186623],[-118.153906,34.18663]]]]},"properties":{"occupancy":"Residential"}},{"type":"Feature","geometry":{"type":"MultiPolygon","coordinates":[[[[-118.154921,34.187242],[-118.154842,34.187253],[-118.154829,34.187187],[-118.154908,34.187176],[-118.154921,34.187242]]]]},"properties":{"occupancy":"Residential"}},{"type":"Feature","geometry":{"type":"MultiPolygon","coordinates":[[[[-118.153944,34.187329],[-118.153968,34.187242],[-118.15402,34.187251],[-118.153996,34.187338],[-118.153944,34.187329]]]]},"properties":{"occupancy":"Residential"}},{"type":"Feature","geometry":{"type":"MultiPolygon","coordinates":[[[[-118.154771,34.187419],[-118.154691,34.187418],[-118.154692,34.187351],[-118.154772,34.187352],[-118.154771,34.187419]]]]},"properties":{"occupancy":"Residential"}},{"type":"Feature","geometry":{"type":"MultiPolygon","coordinates":[[[[-118.154109,34.187632],[-118.154077,34.187717],[-118.154013,34.1877],[-118.154045,34.187615],[-118.154109,34.187632]]]]},"properties":{"occupancy":"Residential"}},{"type":"Feature","geometry":{"type":"MultiPolygon","coordinates":[[[[-118.153521,34.188304],[-118.153538,34.188238],[-118.15359,34.188247],[-118.153574,34.188313],[-118.153521,34.188304]]]]},"properties":{"occupancy":"Residential"}},{"type":"Feature","geometry":{"type":"MultiPolygon","coordinates":[[[[-118.153978,34.188678],[-118.153883,34.188636],[-118.153914,34.188587],[-118.15401,34.188628],[-118.153978,34.188678]]]]},"properties":{"occupancy":"Residential"}},{"type":"Feature","geometry":{"type":"MultiPolygon","coordinates":[[[[-118.15359,34.188765],[-118.15356,34.188827],[-118.15351,34.188811],[-118.15354,34.188748],[-118.15359,34.188765]]]]},"properties":{"occupancy":"Residential"}},{"type":"Feature","geometry":{"type":"MultiPolygon","coordinates":[[[[-118.154942,34.189103],[-118.154888,34.189098],[-118.154898,34.189032],[-118.154951,34.189037],[-118.154942,34.189103]]]]},"properties":{"occupancy":"Residential"}},{"type":"Feature","geometry":{"type":"MultiPolygon","coordinates":[[[[-118.154602,34.189113],[-118.154501,34.189084],[-118.154518,34.189042],[-118.15462,34.189071],[-118.154602,34.189113]]]]},"properties":{"occupancy":"Residential"}},{"type":"Feature","geometry":{"type":"MultiPolygon","coordinates":[[[[-118.154361,34.189136],[-118.154438,34.189155],[-118.15442,34.189208],[-118.154342,34.18919],[-118.154361,34.189136]]]]},"properties":{"occupancy":"Residential"}},{"type":"Feature","geometry":{"type":"MultiPolygon","coordinates":[[[[-118.154719,34.189232],[-118.154675,34.189338],[-118.154599,34.189315],[-118.154643,34.18921],[-118.154719,34.189232]]]]},"properties":{"occupancy":"Residential"}},{"type":"Feature","geometry":{"type":"MultiPolygon","coordinates":[[[[-118.154954,34.189437],[-118.15488,34.189411],[-118.154911,34.189349],[-118.154985,34.189375],[-118.154954,34.189437]]]]},"properties":{"occupancy":"Residential"}},{"type":"Feature","geometry":{"type":"MultiPolygon","coordinates":[[[[-118.155155,34.189554],[-118.155242,34.189584],[-118.155216,34.189636],[-118.155129,34.189606],[-118.155155,34.189554]]]]},"properties":{"occupancy":"Residential"}},{"type":"Feature","geometry":{"type":"MultiPolygon","coordinates":[[[[-118.153548,34.189784],[-118.153566,34.189742],[-118.153731,34.18979],[-118.153713,34.189832],[-118.153548,34.189784]]]]},"properties":{"occupancy":"Residential"}},{"type":"Feature","geometry":{"type":"MultiPolygon","coordinates":[[[[-118.154771,34.190547],[-118.154669,34.190519],[-118.154685,34.190477],[-118.154787,34.190504],[-118.154771,34.190547]]]]},"properties":{"occupancy":"Residential"}},{"type":"Feature","geometry":{"type":"MultiPolygon","coordinates":[[[[-118.155257,34.190602],[-118.155185,34.190572],[-118.155209,34.190532],[-118.155281,34.190562],[-118.155257,34.190602]]]]},"properties":{"occupancy":"Residential"}},{"type":"Feature","geometry":{"type":"MultiPolygon","coordinates":[[[[-118.154903,34.190647],[-118.154866,34.190634],[-118.154914,34.190542],[-118.154951,34.190555],[-118.154903,34.190647]]]]},"properties":{"occupancy":"Residential"}},{"type":"Feature","geometry":{"type":"MultiPolygon","coordinates":[[[[-118.154721,34.190584],[-118.1548,34.190596],[-118.15478,34.190684],[-118.154701,34.190671],[-118.154721,34.190584]]]]},"properties":{"occupancy":"Residential"}},{"type":"Feature","geometry":{"type":"MultiPolygon","coordinates":[[[[-118.155156,34.190925],[-118.155039,34.19087],[-118.155072,34.190822],[-118.155189,34.190876],[-118.155156,34.190925]]]]},"properties":{"occupancy":"Residential"}},{"type":"Feature","geometry":{"type":"MultiPolygon","coordinates":[[[[-118.154375,34.191253],[-118.154452,34.191275],[-118.154426,34.191338],[-118.154349,34.191316],[-118.154375,34.191253]]]]},"properties":{"occupancy":"Residential"}},{"type":"Feature","geometry":{"type":"MultiPolygon","coordinates":[[[[-118.155355,34.191445],[-118.155241,34.19135],[-118.155279,34.191318],[-118.155393,34.191413],[-118.155355,34.191445]]]]},"properties":{"occupancy":"Residential"}},{"type":"Feature","geometry":{"type":"MultiPolygon","coordinates":[[[[-118.154296,34.191596],[-118.154195,34.191541],[-118.154217,34.191513],[-118.154318,34.191568],[-118.154296,34.191596]]]]},"properties":{"occupancy":"Residential"}},{"type":"Feature","geometry":{"type":"MultiPolygon","coordinates":[[[[-118.155105,34.192676],[-118.155214,34.192719],[-118.155163,34.19281],[-118.155054,34.192767],[-118.155105,34.192676]]]]},"properties":{"occupancy":"Residential"}},{"type":"Feature","geometry":{"type":"MultiPolygon","coordinates":[[[[-118.153815,34.192823],[-118.15374,34.192799],[-118.153769,34.192737],[-118.153844,34.192761],[-118.153815,34.192823]]]]},"properties":{"occupancy":"Residential"}},{"type":"Feature","geometry":{"type":"MultiPolygon","coordinates":[[[[-118.154937,34.192971],[-118.15492,34.193025],[-118.15479,34.192997],[-118.154807,34.192943],[-118.154937,34.192971]]]]},"properties":{"occupancy":"Residential"}},{"type":"Feature","geometry":{"type":"MultiPolygon","coordinates":[[[[-118.154687,34.192969],[-118.154763,34.192991],[-118.154736,34.193054],[-118.15466,34.193031],[-118.154687,34.192969]]]]},"properties":{"occupancy":"Residential"}},{"type":"Feature","geometry":{"type":"MultiPolygon","coordinates":[[[[-118.155141,34.193027],[-118.155215,34.193052],[-118.155185,34.193114],[-118.155111,34.193089],[-118.155141,34.193027]]]]},"properties":{"occupancy":"Residential"}},{"type":"Feature","geometry":{"type":"MultiPolygon","coordinates":[[[[-118.154729,34.193147],[-118.154663,34.193218],[-118.15461,34.193184],[-118.154675,34.193113],[-118.154729,34.193147]]]]},"properties":{"occupancy":"Residential"}},{"type":"Feature","geometry":{"type":"MultiPolygon","coordinates":[[[[-118.153637,34.193204],[-118.15364,34.193316],[-118.15356,34.193317],[-118.153557,34.193206],[-118.153637,34.193204]]]]},"properties":{"occupancy":"Residential"}},{"type":"Feature","geometry":{"type":"MultiPolygon","coordinates":[[[[-118.15338,34.193393],[-118.153402,34.193352],[-118.153574,34.193415],[-118.153552,34.193456],[-118.15338,34.193393]]]]},"properties":{"occupancy":"Residential"}},{"type":"Feature","geometry":{"type":"MultiPolygon","coordinates":[[[[-118.154572,34.193693],[-118.154499,34.193664],[-118.15454,34.193594],[-118.154613,34.193623],[-118.154572,34.193693]]]]},"properties":{"occupancy":"Residential"}},{"type":"Feature","geometry":{"type":"MultiPolygon","coordinates":[[[[-118.153941,34.193701],[-118.153896,34.193756],[-118.153829,34.193719],[-118.153874,34.193663],[-118.153941,34.193701]]]]},"properties":{"occupancy":"Residential"}},{"type":"Feature","geometry":{"type":"MultiPolygon","coordinates":[[[[-118.15478,34.194046],[-118.154676,34.194022],[-118.154719,34.193893],[-118.154822,34.193917],[-118.15478,34.194046]]]]},"properties":{"occupancy":"Residential"}},{"type":"Feature","geometry":{"type":"MultiPolygon","coordinates":[[[[-118.154453,34.194075],[-118.154483,34.194012],[-118.154545,34.194033],[-118.154516,34.194095],[-118.154453,34.194075]]]]},"properties":{"occupancy":"Residential"}},{"type":"Feature","geometry":{"type":"MultiPolygon","coordinates":[[[[-118.151182,34.182589],[-118.151075,34.182588],[-118.151075,34.182544],[-118.151183,34.182545],[-118.151182,34.182589]]]]},"properties":{"occupancy":"Commercial"}},{"type":"Feature","geometry":{"type":"MultiPolygon","coordinates":[[[[-118.151299,34.182922],[-118.151306,34.182989],[-118.151226,34.182994],[-118.151219,34.182927],[-118.151299,34.182922]]]]},"properties":{"occupancy":"Commercial"}},{"type":"Feature","geometry":{"type":"MultiPolygon","coordinates":[[[[-118.152614,34.183812],[-118.152681,34.183715],[-118.152727,34.183737],[-118.152661,34.183834],[-118.152614,34.183812]]]]},"properties":{"occupancy":"Residential"}},{"type":"Feature","geometry":{"type":"MultiPolygon","coordinates":[[[[-118.151835,34.183885],[-118.151827,34.183819],[-118.151894,34.183813],[-118.151902,34.18388],[-118.151835,34.183885]]]]},"properties":{"occupancy":"Residential"}},{"type":"Feature","geometry":{"type":"MultiPolygon","coordinates":[[[[-118.1514,34.184355],[-118.151186,34.184351],[-118.151189,34.184217],[-118.151404,34.184221],[-118.1514,34.184355]]]]},"properties":{"occupancy":"Unclassified"}},{"type":"Feature","geometry":{"type":"MultiPolygon","coordinates":[[[[-118.152724,34.1845],[-118.152828,34.184477],[-118.152859,34.184574],[-118.152756,34.184597],[-118.152724,34.1845]]]]},"properties":{"occupancy":"Residential"}},{"type":"Feature","geometry":{"type":"MultiPolygon","coordinates":[[[[-118.152351,34.186854],[-118.152362,34.186754],[-118.152416,34.186758],[-118.152404,34.186858],[-118.152351,34.186854]]]]},"properties":{"occupancy":"Residential"}},{"type":"Feature","geometry":{"type":"MultiPolygon","coordinates":[[[[-118.152447,34.186913],[-118.152477,34.186851],[-118.152552,34.186875],[-118.152522,34.186938],[-118.152447,34.186913]]]]},"properties":{"occupancy":"Residential"}},{"type":"Feature","geometry":{"type":"MultiPolygon","coordinates":[[[[-118.152111,34.187187],[-118.152126,34.187121],[-118.152205,34.187133],[-118.15219,34.187199],[-118.152111,34.187187]]]]},"properties":{"occupancy":"Residential"}},{"type":"Feature","geometry":{"type":"MultiPolygon","coordinates":[[[[-118.153178,34.18721],[-118.153171,34.187143],[-118.153225,34.187139],[-118.153232,34.187206],[-118.153178,34.18721]]]]},"properties":{"occupancy":"Residential"}},{"type":"Feature","geometry":{"type":"MultiPolygon","coordinates":[[[[-118.151353,34.188401],[-118.151346,34.188357],[-118.151426,34.188348],[-118.151433,34.188392],[-118.151353,34.188401]]]]},"properties":{"occupancy":"Residential"}},{"type":"Feature","geometry":{"type":"MultiPolygon","coordinates":[[[[-118.150936,34.188975],[-118.150833,34.18895],[-118.150856,34.188886],[-118.150959,34.188911],[-118.150936,34.188975]]]]},"properties":{"occupancy":"Residential"}},{"type":"Feature","geometry":{"type":"MultiPolygon","coordinates":[[[[-118.150837,34.18903],[-118.150812,34.189094],[-118.150735,34.189073],[-118.15076,34.18901],[-118.150837,34.18903]]]]},"properties":{"occupancy":"Residential"}},{"type":"Feature","geometry":{"type":"MultiPolygon","coordinates":[[[[-118.151722,34.189068],[-118.15171,34.189134],[-118.15163,34.189124],[-118.151642,34.189058],[-118.151722,34.189068]]]]},"properties":{"occupancy":"Residential"}},{"type":"Feature","geometry":{"type":"MultiPolygon","coordinates":[[[[-118.150603,34.189345],[-118.150637,34.189284],[-118.15071,34.189312],[-118.150676,34.189373],[-118.150603,34.189345]]]]},"properties":{"occupancy":"Residential"}},{"type":"Feature","geometry":{"type":"MultiPolygon","coordinates":[[[[-118.151508,34.189485],[-118.151511,34.189529],[-118.151431,34.189533],[-118.151428,34.189489],[-118.151508,34.189485]]]]},"properties":{"occupancy":"Residential"}},{"type":"Feature","geometry":{"type":"MultiPolygon","coordinates":[[[[-118.151826,34.189653],[-118.151751,34.189629],[-118.151784,34.189556],[-118.151859,34.189579],[-118.151826,34.189653]]]]},"properties":{"occupancy":"Residential"}},{"type":"Feature","geometry":{"type":"MultiPolygon","coordinates":[[[[-118.151393,34.189781],[-118.151446,34.189655],[-118.151497,34.189669],[-118.151444,34.189796],[-118.151393,34.189781]]]]},"properties":{"occupancy":"Residential"}},{"type":"Feature","geometry":{"type":"MultiPolygon","coordinates":[[[[-118.152028,34.189669],[-118.152092,34.189686],[-118.152063,34.18976],[-118.151999,34.189743],[-118.152028,34.189669]]]]},"properties":{"occupancy":"Residential"}},{"type":"Feature","geometry":{"type":"MultiPolygon","coordinates":[[[[-118.152414,34.189742],[-118.152388,34.189829],[-118.15231,34.189812],[-118.152336,34.189726],[-118.152414,34.189742]]]]},"properties":{"occupancy":"Residential"}},{"type":"Feature","geometry":{"type":"MultiPolygon","coordinates":[[[[-118.151187,34.190368],[-118.151079,34.190547],[-118.151031,34.190527],[-118.151139,34.190348],[-118.151187,34.190368]]]]},"properties":{"occupancy":"Residential"}},{"type":"Feature","geometry":{"type":"MultiPolygon","coordinates":[[[[-118.152387,34.190517],[-118.152347,34.190624],[-118.152296,34.19061],[-118.152335,34.190504],[-118.152387,34.190517]]]]},"properties":{"occupancy":"Residential"}},{"type":"Feature","geometry":{"type":"MultiPolygon","coordinates":[[[[-118.152177,34.19081],[-118.152117,34.190786],[-118.152134,34.190755],[-118.152049,34.190722],[-118.152072,34.190681],[-118.152218,34.190739],[-118.152177,34.19081]]]]},"properties":{"occupancy":"Residential"}},{"type":"Feature","geometry":{"type":"MultiPolygon","coordinates":[[[[-118.153253,34.191153],[-118.153229,34.19124],[-118.153177,34.19123],[-118.153201,34.191143],[-118.153253,34.191153]]]]},"properties":{"occupancy":"Residential"}},{"type":"Feature","geometry":{"type":"MultiPolygon","coordinates":[[[[-118.152304,34.191708],[-118.152215,34.191683],[-118.152232,34.191641],[-118.152321,34.191666],[-118.152304,34.191708]]]]},"properties":{"occupancy":"Residential"}},{"type":"Feature","geometry":{"type":"MultiPolygon","coordinates":[[[[-118.152682,34.191777],[-118.152563,34.19176],[-118.152573,34.191716],[-118.152692,34.191733],[-118.152682,34.191777]]]]},"properties":{"occupancy":"Residential"}},{"type":"Feature","geometry":{"type":"MultiPolygon","coordinates":[[[[-118.150287,34.191972],[-118.150351,34.192044],[-118.150307,34.19207],[-118.150244,34.191998],[-118.150287,34.191972]]]]},"properties":{"occupancy":"Residential"}},{"type":"Feature","geometry":{"type":"MultiPolygon","coordinates":[[[[-118.153156,34.192143],[-118.153053,34.19212],[-118.153087,34.192012],[-118.153191,34.192035],[-118.153156,34.192143]]]]},"properties":{"occupancy":"Residential"}},{"type":"Feature","geometry":{"type":"MultiPolygon","coordinates":[[[[-118.152716,34.192096],[-118.152832,34.192172],[-118.152791,34.192216],[-118.152675,34.19214],[-118.152716,34.192096]]]]},"properties":{"occupancy":"Residential"}},{"type":"Feature","geometry":{"type":"MultiPolygon","coordinates":[[[[-118.152582,34.192323],[-118.152645,34.192237],[-118.152725,34.192278],[-118.152663,34.192364],[-118.152582,34.192323]]]]},"properties":{"occupancy":"Residential"}},{"type":"Feature","geometry":{"type":"MultiPolygon","coordinates":[[[[-118.152868,34.192454],[-118.152947,34.192467],[-118.152932,34.192532],[-118.152853,34.192519],[-118.152868,34.192454]]]]},"properties":{"occupancy":"Residential"}},{"type":"Feature","geometry":{"type":"MultiPolygon","coordinates":[[[[-118.150339,34.1931],[-118.150385,34.193123],[-118.150331,34.1932],[-118.150284,34.193177],[-118.150339,34.1931]]]]},"properties":{"occupancy":"Residential"}},{"type":"Feature","geometry":{"type":"MultiPolygon","coordinates":[[[[-118.150603,34.193167],[-118.150585,34.193232],[-118.150533,34.193222],[-118.150551,34.193157],[-118.150603,34.193167]]]]},"properties":{"occupancy":"Residential"}},{"type":"Feature","geometry":{"type":"MultiPolygon","coordinates":[[[[-118.150725,34.193339],[-118.150645,34.19335],[-118.15063,34.193273],[-118.150709,34.193262],[-118.150725,34.193339]]]]},"properties":{"occupancy":"Residential"}},{"type":"Feature","geometry":{"type":"MultiPolygon","coordinates":[[[[-118.151138,34.193465],[-118.151032,34.193447],[-118.151048,34.193382],[-118.151153,34.193399],[-118.151138,34.193465]]]]},"properties":{"occupancy":"Residential"}},{"type":"Feature","geometry":{"type":"MultiPolygon","coordinates":[[[[-118.150672,34.194085],[-118.150671,34.194018],[-118.150752,34.194017],[-118.150752,34.194084],[-118.150672,34.194085]]]]},"properties":{"occupancy":"Residential"}},{"type":"Feature","geometry":{"type":"MultiPolygon","coordinates":[[[[-118.151105,34.194212],[-118.151083,34.194277],[-118.151006,34.194258],[-118.151028,34.194194],[-118.151105,34.194212]]]]},"properties":{"occupancy":"Residential"}},{"type":"Feature","geometry":{"type":"MultiPolygon","coordinates":[[[[-118.156024,34.183654],[-118.156105,34.183656],[-118.156102,34.183723],[-118.156021,34.183721],[-118.156024,34.183654]]]]},"properties":{"occupancy":"Residential"}},{"type":"Feature","geometry":{"type":"MultiPolygon","coordinates":[[[[-118.155728,34.184145],[-118.15565,34.184163],[-118.155615,34.184055],[-118.155693,34.184037],[-118.155728,34.184145]]]]},"properties":{"occupancy":"Residential"}},{"type":"Feature","geometry":{"type":"MultiPolygon","coordinates":[[[[-118.15576,34.184824],[-118.155813,34.184822],[-118.155819,34.184933],[-118.155765,34.184935],[-118.15576,34.184824]]]]},"properties":{"occupancy":"Residential"}},{"type":"Feature","geometry":{"type":"MultiPolygon","coordinates":[[[[-118.156168,34.185535],[-118.156153,34.185646],[-118.156073,34.185638],[-118.156088,34.185528],[-118.156168,34.185535]]]]},"properties":{"occupancy":"Residential"}},{"type":"Feature","geometry":{"type":"MultiPolygon","coordinates":[[[[-118.155694,34.185768],[-118.15568,34.185714],[-118.155758,34.185699],[-118.155773,34.185754],[-118.155694,34.185768]]]]},"properties":{"occupancy":"Residential"}},{"type":"Feature","geometry":{"type":"MultiPolygon","coordinates":[[[[-118.156071,34.186145],[-118.155977,34.186155],[-118.155969,34.1861],[-118.156062,34.186089],[-118.156071,34.186145]]]]},"properties":{"occupancy":"Residential"}},{"type":"Feature","geometry":{"type":"MultiPolygon","coordinates":[[[[-118.156083,34.186208],[-118.156086,34.186141],[-118.156166,34.186143],[-118.156163,34.18621],[-118.156083,34.186208]]]]},"properties":{"occupancy":"Residential"}},{"type":"Feature","geometry":{"type":"MultiPolygon","coordinates":[[[[-118.156136,34.186773],[-118.156216,34.186773],[-118.156216,34.18684],[-118.156136,34.18684],[-118.156136,34.186773]]]]},"properties":{"occupancy":"Residential"}},{"type":"Feature","geometry":{"type":"MultiPolygon","coordinates":[[[[-118.155583,34.187739],[-118.155655,34.187769],[-118.155619,34.187829],[-118.155547,34.187799],[-118.155583,34.187739]]]]},"properties":{"occupancy":"Residential"}},{"type":"Feature","geometry":{"type":"MultiPolygon","coordinates":[[[[-118.155721,34.187847],[-118.15565,34.187815],[-118.155689,34.187756],[-118.15576,34.187789],[-118.155721,34.187847]]]]},"properties":{"occupancy":"Residential"}},{"type":"Feature","geometry":{"type":"MultiPolygon","coordinates":[[[[-118.155377,34.18776],[-118.155484,34.187766],[-118.155475,34.187888],[-118.155368,34.187883],[-118.155377,34.18776]]]]},"properties":{"occupancy":"Residential"}},{"type":"Feature","geometry":{"type":"MultiPolygon","coordinates":[[[[-118.155297,34.187989],[-118.155336,34.187944],[-118.155423,34.187996],[-118.155384,34.188041],[-118.155297,34.187989]]]]},"properties":{"occupancy":"Residential"}},{"type":"Feature","geometry":{"type":"MultiPolygon","coordinates":[[[[-118.15533,34.188185],[-118.155251,34.188171],[-118.155268,34.188106],[-118.155347,34.18812],[-118.15533,34.188185]]]]},"properties":{"occupancy":"Residential"}},{"type":"Feature","geometry":{"type":"MultiPolygon","coordinates":[[[[-118.155612,34.189027],[-118.155606,34.188949],[-118.155673,34.188945],[-118.155679,34.189023],[-118.155612,34.189027]]]]},"properties":{"occupancy":"Residential"}},{"type":"Feature","geometry":{"type":"MultiPolygon","coordinates":[[[[-118.156154,34.189806],[-118.156126,34.189869],[-118.156,34.18983],[-118.156028,34.189767],[-118.156154,34.189806]]]]},"properties":{"occupancy":"Residential"}},{"type":"Feature","geometry":{"type":"MultiPolygon","coordinates":[[[[-118.15542,34.190375],[-118.155394,34.190427],[-118.15532,34.190401],[-118.155345,34.19035],[-118.15542,34.190375]]]]},"properties":{"occupancy":"Residential"}},{"type":"Feature","geometry":{"type":"MultiPolygon","coordinates":[[[[-118.155635,34.190592],[-118.155609,34.190655],[-118.155533,34.190634],[-118.155558,34.19057],[-118.155635,34.190592]]]]},"properties":{"occupancy":"Residential"}},{"type":"Feature","geometry":{"type":"MultiPolygon","coordinates":[[[[-118.156073,34.190642],[-118.156096,34.190577],[-118.156173,34.190596],[-118.15615,34.190661],[-118.156073,34.190642]]]]},"properties":{"occupancy":"Residential"}},{"type":"Feature","geometry":{"type":"MultiPolygon","coordinates":[[[[-118.155325,34.190909],[-118.155264,34.190886],[-118.155297,34.190825],[-118.155358,34.190848],[-118.155325,34.190909]]]]},"properties":{"occupancy":"Residential"}},{"type":"Feature","geometry":{"type":"MultiPolygon","coordinates":[[[[-118.155941,34.191895],[-118.155887,34.191863],[-118.155934,34.191808],[-118.155988,34.191841],[-118.155941,34.191895]]]]},"properties":{"occupancy":"Government"}},{"type":"Feature","geometry":{"type":"MultiPolygon","coordinates":[[[[-118.156003,34.194128],[-118.156038,34.194044],[-118.156114,34.194065],[-118.156079,34.19415],[-118.156003,34.194128]]]]},"properties":{"occupancy":"Residential"}},{"type":"Feature","geometry":{"type":"MultiPolygon","coordinates":[[[[-118.144951,34.183549],[-118.144932,34.183637],[-118.144852,34.183624],[-118.144872,34.183537],[-118.144951,34.183549]]]]},"properties":{"occupancy":"Residential"}},{"type":"Feature","geometry":{"type":"MultiPolygon","coordinates":[[[[-118.147197,34.182788],[-118.147277,34.182788],[-118.147278,34.182832],[-118.147197,34.182833],[-118.147197,34.182788]]]]},"properties":{"occupancy":"Residential"}},{"type":"Feature","geometry":{"type":"MultiPolygon","coordinates":[[[[-118.147089,34.183682],[-118.147008,34.183683],[-118.147007,34.183616],[-118.147087,34.183615],[-118.147089,34.183682]]]]},"properties":{"occupancy":"Residential"}},{"type":"Feature","geometry":{"type":"MultiPolygon","coordinates":[[[[-118.146776,34.184143],[-118.146749,34.184206],[-118.146623,34.184168],[-118.14665,34.184105],[-118.146776,34.184143]]]]},"properties":{"occupancy":"Residential"}},{"type":"Feature","geometry":{"type":"MultiPolygon","coordinates":[[[[-118.147383,34.189308],[-118.147357,34.18936],[-118.147209,34.189308],[-118.147234,34.189256],[-118.147383,34.189308]]]]},"properties":{"occupancy":"Residential"}},{"type":"Feature","geometry":{"type":"MultiPolygon","coordinates":[[[[-118.146442,34.189796],[-118.146452,34.189741],[-118.146532,34.189751],[-118.146522,34.189807],[-118.146442,34.189796]]]]},"properties":{"occupancy":"Residential"}},{"type":"Feature","geometry":{"type":"MultiPolygon","coordinates":[[[[-118.147594,34.189999],[-118.147661,34.18989],[-118.147709,34.18991],[-118.147642,34.190019],[-118.147594,34.189999]]]]},"properties":{"occupancy":"Residential"}},{"type":"Feature","geometry":{"type":"MultiPolygon","coordinates":[[[[-118.146843,34.192154],[-118.146921,34.192172],[-118.146901,34.192236],[-118.146823,34.192219],[-118.146843,34.192154]]]]},"properties":{"occupancy":"Residential"}},{"type":"Feature","geometry":{"type":"MultiPolygon","coordinates":[[[[-118.146801,34.192243],[-118.146879,34.192261],[-118.146843,34.192369],[-118.146765,34.192351],[-118.146801,34.192243]]]]},"properties":{"occupancy":"Residential"}},{"type":"Feature","geometry":{"type":"MultiPolygon","coordinates":[[[[-118.147318,34.192479],[-118.14731,34.192423],[-118.147404,34.192415],[-118.147411,34.19247],[-118.147318,34.192479]]]]},"properties":{"occupancy":"Residential"}},{"type":"Feature","geometry":{"type":"MultiPolygon","coordinates":[[[[-118.146444,34.192805],[-118.146364,34.192799],[-118.146371,34.192732],[-118.146452,34.192738],[-118.146444,34.192805]]]]},"properties":{"occupancy":"Residential"}},{"type":"Feature","geometry":{"type":"MultiPolygon","coordinates":[[[[-118.14693,34.193073],[-118.146852,34.193056],[-118.146873,34.192992],[-118.14695,34.193009],[-118.14693,34.193073]]]]},"properties":{"occupancy":"Residential"}},{"type":"Feature","geometry":{"type":"MultiPolygon","coordinates":[[[[-118.146825,34.193132],[-118.146839,34.193077],[-118.146918,34.193092],[-118.146903,34.193146],[-118.146825,34.193132]]]]},"properties":{"occupancy":"Residential"}},{"type":"Feature","geometry":{"type":"MultiPolygon","coordinates":[[[[-118.147117,34.193034],[-118.1471,34.193076],[-118.147189,34.193102],[-118.147193,34.193091],[-118.147295,34.19312],[-118.147273,34.193173],[-118.147019,34.193101],[-118.147054,34.193016],[-118.147117,34.193034]]]]},"properties":{"occupancy":"Residential"}},{"type":"Feature","geometry":{"type":"MultiPolygon","coordinates":[[[[-118.146618,34.193771],[-118.146669,34.19372],[-118.146742,34.19377],[-118.14669,34.193821],[-118.146618,34.193771]]]]},"properties":{"occupancy":"Residential"}},{"type":"Feature","geometry":{"type":"MultiPolygon","coordinates":[[[[-118.146966,34.193828],[-118.146945,34.193893],[-118.146867,34.193875],[-118.146889,34.19381],[-118.146966,34.193828]]]]},"properties":{"occupancy":"Residential"}},{"type":"Feature","geometry":{"type":"MultiPolygon","coordinates":[[[[-118.146739,34.193843],[-118.146706,34.193963],[-118.146653,34.193953],[-118.146686,34.193833],[-118.146739,34.193843]]]]},"properties":{"occupancy":"Residential"}},{"type":"Feature","geometry":{"type":"MultiPolygon","coordinates":[[[[-118.147229,34.193978],[-118.147273,34.193922],[-118.147329,34.193953],[-118.147285,34.194008],[-118.147229,34.193978]]]]},"properties":{"occupancy":"Residential"}},{"type":"Feature","geometry":{"type":"MultiPolygon","coordinates":[[[[-118.145819,34.18389],[-118.14577,34.183943],[-118.145621,34.183849],[-118.14567,34.183795],[-118.145819,34.18389]]]]},"properties":{"occupancy":"Residential"}},{"type":"Feature","geometry":{"type":"MultiPolygon","coordinates":[[[[-118.14504,34.188458],[-118.144978,34.188438],[-118.145018,34.188355],[-118.14508,34.188376],[-118.14504,34.188458]]]]},"properties":{"occupancy":"Residential"}},{"type":"Feature","geometry":{"type":"MultiPolygon","coordinates":[[[[-118.145029,34.191902],[-118.145064,34.191841],[-118.145136,34.191871],[-118.145101,34.191931],[-118.145029,34.191902]]]]},"properties":{"occupancy":"Education"}},{"type":"Feature","geometry":{"type":"MultiPolygon","coordinates":[[[[-118.146125,34.192366],[-118.146147,34.19229],[-118.146213,34.192303],[-118.146191,34.192379],[-118.146125,34.192366]]]]},"properties":{"occupancy":"Residential"}},{"type":"Feature","geometry":{"type":"MultiPolygon","coordinates":[[[[-118.145883,34.193023],[-118.145832,34.193009],[-118.145893,34.192861],[-118.145944,34.192876],[-118.145883,34.193023]]]]},"properties":{"occupancy":"Residential"}},{"type":"Feature","geometry":{"type":"MultiPolygon","coordinates":[[[[-118.146076,34.193567],[-118.146002,34.193542],[-118.146022,34.193501],[-118.146096,34.193525],[-118.146076,34.193567]]]]},"properties":{"occupancy":"Residential"}},{"type":"Feature","geometry":{"type":"MultiPolygon","coordinates":[[[[-118.145557,34.193572],[-118.145587,34.19351],[-118.145662,34.193534],[-118.145632,34.193597],[-118.145557,34.193572]]]]},"properties":{"occupancy":"Residential"}},{"type":"Feature","geometry":{"type":"MultiPolygon","coordinates":[[[[-118.145566,34.193686],[-118.145554,34.193808],[-118.145527,34.193807],[-118.145539,34.193684],[-118.145566,34.193686]]]]},"properties":{"occupancy":"Residential"}},{"type":"Feature","geometry":{"type":"MultiPolygon","coordinates":[[[[-118.148818,34.182635],[-118.148964,34.182632],[-118.148966,34.182699],[-118.148821,34.182702],[-118.148818,34.182635]]]]},"properties":{"occupancy":"Residential"}},{"type":"Feature","geometry":{"type":"MultiPolygon","coordinates":[[[[-118.148665,34.182626],[-118.148751,34.182624],[-118.148754,34.182715],[-118.148668,34.182717],[-118.148665,34.182626]]]]},"properties":{"occupancy":"Residential"}},{"type":"Feature","geometry":{"type":"MultiPolygon","coordinates":[[[[-118.148472,34.182636],[-118.148553,34.182634],[-118.148557,34.182745],[-118.148549,34.182745],[-118.148475,34.182747],[-118.148472,34.182636]]]]},"properties":{"occupancy":"Residential"}},{"type":"Feature","geometry":{"type":"MultiPolygon","coordinates":[[[[-118.148853,34.182771],[-118.149046,34.182768],[-118.149049,34.182863],[-118.148856,34.182867],[-118.148853,34.182771]]]]},"properties":{"occupancy":"Residential"}},{"type":"Feature","geometry":{"type":"MultiPolygon","coordinates":[[[[-118.148738,34.182913],[-118.149007,34.18291],[-118.149009,34.18299],[-118.148739,34.182994],[-118.148738,34.182913]]]]},"properties":{"occupancy":"Residential"}},{"type":"Feature","geometry":{"type":"MultiPolygon","coordinates":[[[[-118.148224,34.182971],[-118.148292,34.18297],[-118.148294,34.183076],[-118.148293,34.183076],[-118.148227,34.183077],[-118.148224,34.182971]]]]},"properties":{"occupancy":"Residential"}},{"type":"Feature","geometry":{"type":"MultiPolygon","coordinates":[[[[-118.148375,34.182962],[-118.148566,34.182959],[-118.148569,34.183085],[-118.148378,34.183088],[-118.148375,34.182962]]]]},"properties":{"occupancy":"Residential"}},{"type":"Feature","geometry":{"type":"MultiPolygon","coordinates":[[[[-118.148402,34.183385],[-118.148497,34.183383],[-118.1485,34.183474],[-118.148404,34.183476],[-118.148402,34.183385]]]]},"properties":{"occupancy":"Residential"}},{"type":"Feature","geometry":{"type":"MultiPolygon","coordinates":[[[[-118.148041,34.183707],[-118.148033,34.183495],[-118.148111,34.183493],[-118.148116,34.183638],[-118.14818,34.183637],[-118.148175,34.183488],[-118.148256,34.183486],[-118.148257,34.183517],[-118.148317,34.183515],[-118.148323,34.183675],[-118.148191,34.183678],[-118.148192,34.183703],[-118.148041,34.183707]]]]},"properties":{"occupancy":"Residential"}},{"type":"Feature","geometry":{"type":"MultiPolygon","coordinates":[[[[-118.148072,34.183842],[-118.148069,34.183756],[-118.148281,34.183751],[-118.148282,34.183775],[-118.148328,34.183774],[-118.14833,34.183836],[-118.148072,34.183842]]]]},"properties":{"occupancy":"Residential"}},{"type":"Feature","geometry":{"type":"MultiPolygon","coordinates":[[[[-118.148946,34.183841],[-118.148944,34.183784],[-118.14885,34.183786],[-118.148847,34.183715],[-118.14903,34.18371],[-118.149035,34.183839],[-118.148946,34.183841]]]]},"properties":{"occupancy":"Residential"}},{"type":"Feature","geometry":{"type":"MultiPolygon","coordinates":[[[[-118.148626,34.183786],[-118.148769,34.183782],[-118.148772,34.183853],[-118.148629,34.183857],[-118.148626,34.183786]]]]},"properties":{"occupancy":"Residential"}},{"type":"Feature","geometry":{"type":"MultiPolygon","coordinates":[[[[-118.148532,34.183875],[-118.148612,34.183873],[-118.148617,34.18401],[-118.148537,34.184012],[-118.148532,34.183875]]]]},"properties":{"occupancy":"Residential"}},{"type":"Feature","geometry":{"type":"MultiPolygon","coordinates":[[[[-118.148494,34.184107],[-118.14859,34.184104],[-118.148592,34.184163],[-118.148497,34.184166],[-118.148494,34.184107]]]]},"properties":{"occupancy":"Residential"}},{"type":"Feature","geometry":{"type":"MultiPolygon","coordinates":[[[[-118.149401,34.182567],[-118.149535,34.182565],[-118.149537,34.18264],[-118.149403,34.182642],[-118.149401,34.182567]]]]},"properties":{"occupancy":"Residential"}},{"type":"Feature","geometry":{"type":"MultiPolygon","coordinates":[[[[-118.149564,34.182573],[-118.149691,34.182571],[-118.149692,34.182642],[-118.149566,34.182643],[-118.149564,34.182573]]]]},"properties":{"occupancy":"Residential"}},{"type":"Feature","geometry":{"type":"MultiPolygon","coordinates":[[[[-118.149826,34.182578],[-118.14995,34.182576],[-118.149952,34.182646],[-118.149827,34.182647],[-118.149826,34.182578]]]]},"properties":{"occupancy":"Residential"}},{"type":"Feature","geometry":{"type":"MultiPolygon","coordinates":[[[[-118.150407,34.182556],[-118.15054,34.182554],[-118.150542,34.182624],[-118.150409,34.182627],[-118.150407,34.182556]]]]},"properties":{"occupancy":"Residential"}},{"type":"Feature","geometry":{"type":"MultiPolygon","coordinates":[[[[-118.149715,34.182578],[-118.149806,34.182577],[-118.149807,34.182627],[-118.149716,34.182628],[-118.149715,34.182578]]]]},"properties":{"occupancy":"Residential"}},{"type":"Feature","geometry":{"type":"MultiPolygon","coordinates":[[[[-118.150078,34.182588],[-118.150184,34.182587],[-118.150185,34.182662],[-118.15008,34.182663],[-118.150078,34.182588]]]]},"properties":{"occupancy":"Residential"}},{"type":"Feature","geometry":{"type":"MultiPolygon","coordinates":[[[[-118.150039,34.182696],[-118.150143,34.182695],[-118.150144,34.182761],[-118.15004,34.182762],[-118.150039,34.182696]]]]},"properties":{"occupancy":"Residential"}},{"type":"Feature","geometry":{"type":"MultiPolygon","coordinates":[[[[-118.150381,34.182932],[-118.150382,34.182729],[-118.150496,34.182729],[-118.150495,34.182933],[-118.150381,34.182932]]]]},"properties":{"occupancy":"Commercial"}},{"type":"Feature","geometry":{"type":"MultiPolygon","coordinates":[[[[-118.150048,34.182792],[-118.150144,34.182791],[-118.150145,34.182857],[-118.150049,34.182858],[-118.150048,34.182792]]]]},"properties":{"occupancy":"Commercial"}},{"type":"Feature","geometry":{"type":"MultiPolygon","coordinates":[[[[-118.150059,34.182927],[-118.150261,34.182924],[-118.150263,34.183007],[-118.15006,34.18301],[-118.150059,34.182927]]]]},"properties":{"occupancy":"Commercial"}},{"type":"Feature","geometry":{"type":"MultiPolygon","coordinates":[[[[-118.150373,34.18296],[-118.150452,34.182959],[-118.150454,34.183046],[-118.150375,34.183047],[-118.150373,34.18296]]]]},"properties":{"occupancy":"Commercial"}},{"type":"Feature","geometry":{"type":"MultiPolygon","coordinates":[[[[-118.149852,34.183061],[-118.149851,34.182815],[-118.150029,34.182816],[-118.15003,34.182874],[-118.149911,34.182875],[-118.149911,34.183061],[-118.149852,34.183061]]]]},"properties":{"occupancy":"Residential"}},{"type":"Feature","geometry":{"type":"MultiPolygon","coordinates":[[[[-118.150092,34.183382],[-118.150091,34.183334],[-118.150169,34.183334],[-118.15017,34.183382],[-118.150259,34.183381],[-118.15026,34.183496],[-118.150093,34.183498],[-118.150092,34.183382]]]]},"properties":{"occupancy":"Commercial"}},{"type":"Feature","geometry":{"type":"MultiPolygon","coordinates":[[[[-118.150413,34.183955],[-118.150426,34.183886],[-118.150573,34.183904],[-118.150547,34.18405],[-118.150478,34.184042],[-118.150492,34.183965],[-118.150413,34.183955]]]]},"properties":{"occupancy":"Residential"}},{"type":"Feature","geometry":{"type":"MultiPolygon","coordinates":[[[[-118.150549,34.184637],[-118.150618,34.184636],[-118.150621,34.184813],[-118.150552,34.184813],[-118.150549,34.184637]]]]},"properties":{"occupancy":"Commercial"}},{"type":"Feature","geometry":{"type":"MultiPolygon","coordinates":[[[[-118.150044,34.187141],[-118.14991,34.187106],[-118.14983,34.187086],[-118.149873,34.18697],[-118.149947,34.186989],[-118.149976,34.18691],[-118.150063,34.186933],[-118.150034,34.187011],[-118.150076,34.187021],[-118.150107,34.186936],[-118.150209,34.186963],[-118.150234,34.186969],[-118.150229,34.186983],[-118.150177,34.187121],[-118.150119,34.187106],[-118.150079,34.187214],[-118.150022,34.1872],[-118.150044,34.187141]]]]},"properties":{"occupancy":"Residential"}},{"type":"Feature","geometry":{"type":"MultiPolygon","coordinates":[[[[-118.150289,34.187088],[-118.150323,34.187004],[-118.150451,34.187041],[-118.150417,34.187124],[-118.150566,34.187167],[-118.150546,34.187215],[-118.15059,34.187228],[-118.150519,34.187387],[-118.150436,34.187361],[-118.150485,34.187252],[-118.150249,34.187185],[-118.150289,34.187088]]]]},"properties":{"occupancy":"Residential"}},{"type":"Feature","geometry":{"type":"MultiPolygon","coordinates":[[[[-118.151464,34.182663],[-118.151464,34.182617],[-118.151438,34.182617],[-118.151437,34.182526],[-118.151532,34.182526],[-118.151534,34.182663],[-118.151464,34.182663]]]]},"properties":{"occupancy":"Commercial"}},{"type":"Feature","geometry":{"type":"MultiPolygon","coordinates":[[[[-118.151595,34.182638],[-118.151594,34.182534],[-118.151657,34.182533],[-118.151659,34.182637],[-118.151595,34.182638]]]]},"properties":{"occupancy":"Residential"}},{"type":"Feature","geometry":{"type":"MultiPolygon","coordinates":[[[[-118.151814,34.182647],[-118.151814,34.182597],[-118.151838,34.182597],[-118.151837,34.182549],[-118.151967,34.182549],[-118.151967,34.182646],[-118.151814,34.182647]]]]},"properties":{"occupancy":"Residential"}},{"type":"Feature","geometry":{"type":"MultiPolygon","coordinates":[[[[-118.151782,34.182763],[-118.151781,34.182691],[-118.151913,34.182691],[-118.151914,34.182763],[-118.151782,34.182763]]]]},"properties":{"occupancy":"Residential"}},{"type":"Feature","geometry":{"type":"MultiPolygon","coordinates":[[[[-118.151225,34.182773],[-118.151299,34.182705],[-118.151438,34.18281],[-118.151364,34.182877],[-118.151225,34.182773]]]]},"properties":{"occupancy":"Commercial"}},{"type":"Feature","geometry":{"type":"MultiPolygon","coordinates":[[[[-118.151932,34.182782],[-118.151931,34.182724],[-118.152004,34.182724],[-118.152004,34.182781],[-118.151932,34.182782]]]]},"properties":{"occupancy":"Residential"}},{"type":"Feature","geometry":{"type":"MultiPolygon","coordinates":[[[[-118.151013,34.18281],[-118.151176,34.182808],[-118.151178,34.182859],[-118.151014,34.182861],[-118.151013,34.18281]]]]},"properties":{"occupancy":"Commercial"}},{"type":"Feature","geometry":{"type":"MultiPolygon","coordinates":[[[[-118.15189,34.182916],[-118.151889,34.182811],[-118.151983,34.18281],[-118.151984,34.182916],[-118.15189,34.182916]]]]},"properties":{"occupancy":"Residential"}},{"type":"Feature","geometry":{"type":"MultiPolygon","coordinates":[[[[-118.151839,34.183273],[-118.152032,34.183267],[-118.152036,34.183355],[-118.152036,34.183355],[-118.151844,34.183361],[-118.151839,34.183273]]]]},"properties":{"occupancy":"Residential"}},{"type":"Feature","geometry":{"type":"MultiPolygon","coordinates":[[[[-118.151236,34.183333],[-118.151314,34.183329],[-118.151323,34.18345],[-118.151244,34.183454],[-118.151236,34.183333]]]]},"properties":{"occupancy":"Commercial"}},{"type":"Feature","geometry":{"type":"MultiPolygon","coordinates":[[[[-118.151842,34.183417],[-118.152043,34.183415],[-118.152044,34.183501],[-118.151843,34.183503],[-118.151842,34.183417]]]]},"properties":{"occupancy":"Residential"}},{"type":"Feature","geometry":{"type":"MultiPolygon","coordinates":[[[[-118.151747,34.183535],[-118.151927,34.183529],[-118.15193,34.183603],[-118.151751,34.183608],[-118.151751,34.183606],[-118.151747,34.183535]]]]},"properties":{"occupancy":"Residential"}},{"type":"Feature","geometry":{"type":"MultiPolygon","coordinates":[[[[-118.151115,34.183537],[-118.151327,34.183529],[-118.151333,34.18363],[-118.15112,34.183638],[-118.151115,34.183537]]]]},"properties":{"occupancy":"Commercial"}},{"type":"Feature","geometry":{"type":"MultiPolygon","coordinates":[[[[-118.151543,34.183573],[-118.15164,34.18357],[-118.151643,34.183635],[-118.151546,34.183638],[-118.151543,34.183573]]]]},"properties":{"occupancy":"Residential"}},{"type":"Feature","geometry":{"type":"MultiPolygon","coordinates":[[[[-118.151946,34.183762],[-118.151945,34.183741],[-118.151891,34.183742],[-118.151889,34.183656],[-118.152042,34.183653],[-118.152045,34.18376],[-118.151946,34.183762]]]]},"properties":{"occupancy":"Residential"}},{"type":"Feature","geometry":{"type":"MultiPolygon","coordinates":[[[[-118.151124,34.183754],[-118.151496,34.183744],[-118.1515,34.183855],[-118.151128,34.183864],[-118.151124,34.183754]]]]},"properties":{"occupancy":"Commercial"}},{"type":"Feature","geometry":{"type":"MultiPolygon","coordinates":[[[[-118.151798,34.183981],[-118.151924,34.18398],[-118.151925,34.184047],[-118.151799,34.184048],[-118.151798,34.183981]]]]},"properties":{"occupancy":"Residential"}},{"type":"Feature","geometry":{"type":"MultiPolygon","coordinates":[[[[-118.151526,34.18399],[-118.151681,34.183988],[-118.151682,34.184042],[-118.151527,34.184044],[-118.151526,34.18399]]]]},"properties":{"occupancy":"Residential"}},{"type":"Feature","geometry":{"type":"MultiPolygon","coordinates":[[[[-118.151857,34.184081],[-118.152035,34.184079],[-118.152036,34.184165],[-118.151858,34.184167],[-118.151857,34.184081]]]]},"properties":{"occupancy":"Residential"}},{"type":"Feature","geometry":{"type":"MultiPolygon","coordinates":[[[[-118.151587,34.184087],[-118.151782,34.184085],[-118.151783,34.184133],[-118.151588,34.184135],[-118.151587,34.184087]]]]},"properties":{"occupancy":"Residential"}},{"type":"Feature","geometry":{"type":"MultiPolygon","coordinates":[[[[-118.151852,34.184237],[-118.152009,34.184234],[-118.152012,34.184336],[-118.151685,34.184343],[-118.151685,34.184343],[-118.151683,34.184286],[-118.151784,34.184284],[-118.151783,34.184255],[-118.151853,34.184253],[-118.151852,34.184237]]]]},"properties":{"occupancy":"Residential"}},{"type":"Feature","geometry":{"type":"MultiPolygon","coordinates":[[[[-118.151832,34.184362],[-118.152027,34.184361],[-118.152028,34.184408],[-118.15193,34.184409],[-118.151931,34.184457],[-118.151787,34.184458],[-118.151786,34.184401],[-118.151832,34.184401],[-118.151832,34.184362]]]]},"properties":{"occupancy":"Residential"}},{"type":"Feature","geometry":{"type":"MultiPolygon","coordinates":[[[[-118.151884,34.184611],[-118.151883,34.184584],[-118.151817,34.184585],[-118.151815,34.184502],[-118.151989,34.184498],[-118.151992,34.184609],[-118.151884,34.184611]]]]},"properties":{"occupancy":"Residential"}},{"type":"Feature","geometry":{"type":"MultiPolygon","coordinates":[[[[-118.151661,34.184559],[-118.151777,34.184554],[-118.151783,34.184654],[-118.151667,34.184659],[-118.151661,34.184559]]]]},"properties":{"occupancy":"Residential"}},{"type":"Feature","geometry":{"type":"MultiPolygon","coordinates":[[[[-118.151916,34.184742],[-118.152019,34.18474],[-118.152022,34.184848],[-118.151919,34.184849],[-118.151916,34.184742]]]]},"properties":{"occupancy":"Residential"}},{"type":"Feature","geometry":{"type":"MultiPolygon","coordinates":[[[[-118.151122,34.185083],[-118.151122,34.185054],[-118.151041,34.185055],[-118.151039,34.184827],[-118.15137,34.184825],[-118.151373,34.184825],[-118.151523,34.184825],[-118.151526,34.185165],[-118.151526,34.185208],[-118.151363,34.185209],[-118.151363,34.185178],[-118.151347,34.185178],[-118.151262,34.185179],[-118.151261,34.185082],[-118.151122,34.185083]]]]},"properties":{"occupancy":"Assembly"}},{"type":"Feature","geometry":{"type":"MultiPolygon","coordinates":[[[[-118.151892,34.184929],[-118.152046,34.184927],[-118.152048,34.185028],[-118.151894,34.18503],[-118.151892,34.184929]]]]},"properties":{"occupancy":"Residential"}},{"type":"Feature","geometry":{"type":"MultiPolygon","coordinates":[[[[-118.151795,34.185112],[-118.151795,34.18505],[-118.151895,34.185049],[-118.151895,34.185112],[-118.151795,34.185112]]]]},"properties":{"occupancy":"Residential"}},{"type":"Feature","geometry":{"type":"MultiPolygon","coordinates":[[[[-118.151916,34.18522],[-118.151917,34.18513],[-118.152053,34.18513],[-118.152053,34.18522],[-118.151916,34.18522]]]]},"properties":{"occupancy":"Residential"}},{"type":"Feature","geometry":{"type":"MultiPolygon","coordinates":[[[[-118.151931,34.185302],[-118.152023,34.185301],[-118.152025,34.185458],[-118.151933,34.185459],[-118.151931,34.185302]]]]},"properties":{"occupancy":"Residential"}},{"type":"Feature","geometry":{"type":"MultiPolygon","coordinates":[[[[-118.151126,34.185729],[-118.151197,34.185576],[-118.151294,34.185607],[-118.15125,34.185702],[-118.151277,34.185711],[-118.15125,34.185769],[-118.151126,34.185729]]]]},"properties":{"occupancy":"Commercial"}},{"type":"Feature","geometry":{"type":"MultiPolygon","coordinates":[[[[-118.151443,34.185684],[-118.151481,34.18557],[-118.151562,34.185589],[-118.151511,34.18574],[-118.151555,34.18575],[-118.151543,34.185786],[-118.15145,34.185765],[-118.151475,34.185691],[-118.151443,34.185684]]]]},"properties":{"occupancy":"Residential"}},{"type":"Feature","geometry":{"type":"MultiPolygon","coordinates":[[[[-118.151558,34.185727],[-118.151606,34.185586],[-118.151677,34.185602],[-118.151629,34.185743],[-118.151558,34.185727]]]]},"properties":{"occupancy":"Residential"}},{"type":"Feature","geometry":{"type":"MultiPolygon","coordinates":[[[[-118.151779,34.18583],[-118.151812,34.18574],[-118.151904,34.185763],[-118.151872,34.185853],[-118.151779,34.18583]]]]},"properties":{"occupancy":"Residential"}},{"type":"Feature","geometry":{"type":"MultiPolygon","coordinates":[[[[-118.151902,34.18589],[-118.151953,34.185749],[-118.152048,34.185773],[-118.152025,34.185839],[-118.152049,34.185845],[-118.152022,34.18592],[-118.151902,34.18589]]]]},"properties":{"occupancy":"Residential"}},{"type":"Feature","geometry":{"type":"MultiPolygon","coordinates":[[[[-118.151,34.186206],[-118.150996,34.185964],[-118.151028,34.185982],[-118.151047,34.185959],[-118.150996,34.185931],[-118.150996,34.185874],[-118.15108,34.185908],[-118.15109,34.18589],[-118.150995,34.185853],[-118.150994,34.18575],[-118.151253,34.185821],[-118.151225,34.185881],[-118.151184,34.185869],[-118.15117,34.1859],[-118.151215,34.185912],[-118.151187,34.185984],[-118.151149,34.185974],[-118.151129,34.186011],[-118.151167,34.186023],[-118.151152,34.186059],[-118.151125,34.186051],[-118.151073,34.186175],[-118.151121,34.186189],[-118.151101,34.186236],[-118.151,34.186206]]]]},"properties":{"occupancy":"Commercial"}},{"type":"Feature","geometry":{"type":"MultiPolygon","coordinates":[[[[-118.151444,34.185876],[-118.151466,34.185814],[-118.151588,34.185845],[-118.151565,34.185906],[-118.151444,34.185876]]]]},"properties":{"occupancy":"Residential"}},{"type":"Feature","geometry":{"type":"MultiPolygon","coordinates":[[[[-118.151992,34.186055],[-118.151863,34.186013],[-118.151846,34.18605],[-118.15174,34.186016],[-118.151783,34.185925],[-118.152017,34.186003],[-118.151992,34.186055]]]]},"properties":{"occupancy":"Residential"}},{"type":"Feature","geometry":{"type":"MultiPolygon","coordinates":[[[[-118.151401,34.186084],[-118.151429,34.186006],[-118.151481,34.186019],[-118.151497,34.185974],[-118.151599,34.185999],[-118.15158,34.186054],[-118.151641,34.186069],[-118.151616,34.186137],[-118.151401,34.186084]]]]},"properties":{"occupancy":"Residential"}},{"type":"Feature","geometry":{"type":"MultiPolygon","coordinates":[[[[-118.15171,34.186153],[-118.151744,34.186059],[-118.151858,34.186088],[-118.151842,34.186131],[-118.151892,34.186144],[-118.151874,34.186194],[-118.15171,34.186153]]]]},"properties":{"occupancy":"Residential"}},{"type":"Feature","geometry":{"type":"MultiPolygon","coordinates":[[[[-118.151274,34.186153],[-118.151295,34.186091],[-118.151573,34.186159],[-118.151568,34.186173],[-118.151612,34.186183],[-118.151582,34.18627],[-118.151479,34.186245],[-118.151493,34.186206],[-118.151274,34.186153]]]]},"properties":{"occupancy":"Residential"}},{"type":"Feature","geometry":{"type":"MultiPolygon","coordinates":[[[[-118.151616,34.186279],[-118.151648,34.186189],[-118.151828,34.186233],[-118.151812,34.18628],[-118.151727,34.186306],[-118.151616,34.186279]]]]},"properties":{"occupancy":"Residential"}},{"type":"Feature","geometry":{"type":"MultiPolygon","coordinates":[[[[-118.151411,34.186439],[-118.151176,34.186385],[-118.151208,34.18629],[-118.151541,34.186368],[-118.151539,34.186376],[-118.151523,34.186424],[-118.151424,34.186401],[-118.151411,34.186439]]]]},"properties":{"occupancy":"Commercial"}},{"type":"Feature","geometry":{"type":"MultiPolygon","coordinates":[[[[-118.151571,34.186428],[-118.151605,34.18633],[-118.151724,34.186358],[-118.15171,34.186396],[-118.151762,34.186408],[-118.151742,34.186468],[-118.151571,34.186428]]]]},"properties":{"occupancy":"Residential"}},{"type":"Feature","geometry":{"type":"MultiPolygon","coordinates":[[[[-118.151566,34.186583],[-118.151598,34.186484],[-118.151684,34.186503],[-118.151732,34.186573],[-118.151718,34.186617],[-118.151566,34.186583]]]]},"properties":{"occupancy":"Residential"}},{"type":"Feature","geometry":{"type":"MultiPolygon","coordinates":[[[[-118.15177,34.186751],[-118.151804,34.186642],[-118.15183,34.186647],[-118.151849,34.186588],[-118.151941,34.186608],[-118.151888,34.186777],[-118.15177,34.186751]]]]},"properties":{"occupancy":"Residential"}},{"type":"Feature","geometry":{"type":"MultiPolygon","coordinates":[[[[-118.151488,34.186757],[-118.151518,34.186659],[-118.15164,34.186685],[-118.151626,34.186731],[-118.15168,34.186742],[-118.151664,34.186795],[-118.151488,34.186757]]]]},"properties":{"occupancy":"Residential"}},{"type":"Feature","geometry":{"type":"MultiPolygon","coordinates":[[[[-118.151963,34.186859],[-118.151996,34.186753],[-118.152072,34.186769],[-118.152039,34.186877],[-118.151962,34.186861],[-118.151963,34.186859]]]]},"properties":{"occupancy":"Residential"}},{"type":"Feature","geometry":{"type":"MultiPolygon","coordinates":[[[[-118.151135,34.186981],[-118.151202,34.186771],[-118.151333,34.1868],[-118.151266,34.187009],[-118.151266,34.187009],[-118.151135,34.186981]]]]},"properties":{"occupancy":"Commercial"}},{"type":"Feature","geometry":{"type":"MultiPolygon","coordinates":[[[[-118.151433,34.186918],[-118.151456,34.186844],[-118.15155,34.186864],[-118.151558,34.186839],[-118.151692,34.186867],[-118.151674,34.186927],[-118.151584,34.186908],[-118.151572,34.186947],[-118.151433,34.186918]]]]},"properties":{"occupancy":"Residential"}},{"type":"Feature","geometry":{"type":"MultiPolygon","coordinates":[[[[-118.151689,34.18698],[-118.151709,34.186914],[-118.151802,34.186934],[-118.151781,34.187],[-118.15178,34.186999],[-118.151689,34.18698]]]]},"properties":{"occupancy":"Residential"}},{"type":"Feature","geometry":{"type":"MultiPolygon","coordinates":[[[[-118.151389,34.187098],[-118.151426,34.186979],[-118.151574,34.187011],[-118.151564,34.187041],[-118.151511,34.18703],[-118.151483,34.187119],[-118.151389,34.187098]]]]},"properties":{"occupancy":"Residential"}},{"type":"Feature","geometry":{"type":"MultiPolygon","coordinates":[[[[-118.15163,34.187167],[-118.151665,34.187055],[-118.15176,34.187076],[-118.151725,34.187188],[-118.15163,34.187167]]]]},"properties":{"occupancy":"Residential"}},{"type":"Feature","geometry":{"type":"MultiPolygon","coordinates":[[[[-118.151791,34.187196],[-118.151823,34.187092],[-118.151928,34.187115],[-118.151896,34.187219],[-118.151791,34.187196]]]]},"properties":{"occupancy":"Residential"}},{"type":"Feature","geometry":{"type":"MultiPolygon","coordinates":[[[[-118.151922,34.187275],[-118.15197,34.187122],[-118.152064,34.187142],[-118.152016,34.187296],[-118.152014,34.187295],[-118.151922,34.187275]]]]},"properties":{"occupancy":"Residential"}},{"type":"Feature","geometry":{"type":"MultiPolygon","coordinates":[[[[-118.150963,34.187405],[-118.150988,34.187338],[-118.151106,34.18737],[-118.151081,34.187436],[-118.150963,34.187405]]]]},"properties":{"occupancy":"Commercial"}},{"type":"Feature","geometry":{"type":"MultiPolygon","coordinates":[[[[-118.151395,34.187583],[-118.151415,34.187525],[-118.151498,34.187545],[-118.151479,34.187602],[-118.151395,34.187583]]]]},"properties":{"occupancy":"Residential"}},{"type":"Feature","geometry":{"type":"MultiPolygon","coordinates":[[[[-118.149509,34.182668],[-118.149649,34.182666],[-118.149651,34.182741],[-118.14951,34.182743],[-118.149509,34.182668]]]]},"properties":{"occupancy":"Residential"}},{"type":"Feature","geometry":{"type":"MultiPolygon","coordinates":[[[[-118.149695,34.182741],[-118.149929,34.182739],[-118.14993,34.182791],[-118.149696,34.182793],[-118.149695,34.182741]]]]},"properties":{"occupancy":"Residential"}},{"type":"Feature","geometry":{"type":"MultiPolygon","coordinates":[[[[-118.14942,34.183058],[-118.149414,34.182843],[-118.149696,34.182842],[-118.149693,34.182826],[-118.149761,34.182828],[-118.149753,34.183062],[-118.149695,34.183062],[-118.14942,34.183058]],[[-118.149695,34.182978],[-118.149696,34.182917],[-118.149536,34.182919],[-118.149536,34.182858],[-118.14949,34.182856],[-118.149496,34.183046],[-118.14953,34.183046],[-118.149529,34.182982],[-118.149695,34.182978]]]]},"properties":{"occupancy":"Residential"}},{"type":"Feature","geometry":{"type":"MultiPolygon","coordinates":[[[[-118.149552,34.184046],[-118.149548,34.184035],[-118.149547,34.184023],[-118.149548,34.18401],[-118.149552,34.183999],[-118.149558,34.183988],[-118.149566,34.183978],[-118.149576,34.183969],[-118.149588,34.183962],[-118.149585,34.183763],[-118.149538,34.183764],[-118.14954,34.183864],[-118.149447,34.183865],[-118.149446,34.183765],[-118.149357,34.183765],[-118.149356,34.183693],[-118.149351,34.18334],[-118.149579,34.183338],[-118.149583,34.183654],[-118.149585,34.183742],[-118.149807,34.18374],[-118.149811,34.184042],[-118.149885,34.184041],[-118.149887,34.184184],[-118.149813,34.184185],[-118.149815,34.184284],[-118.14972,34.184285],[-118.14972,34.184312],[-118.149592,34.184314],[-118.149592,34.184286],[-118.149589,34.184082],[-118.149578,34.184076],[-118.149567,34.184067],[-118.149559,34.184057],[-118.149552,34.184046]],[[-118.149495,34.183537],[-118.149493,34.183406],[-118.149439,34.183407],[-118.149441,34.183538],[-118.149495,34.183537]]]]},"properties":{"occupancy":"Commercial"}},{"type":"Feature","geometry":{"type":"MultiPolygon","coordinates":[[[[-118.149352,34.187749],[-118.149383,34.18767],[-118.149613,34.187732],[-118.149582,34.187811],[-118.14958,34.187811],[-118.149352,34.187749]]]]},"properties":{"occupancy":"Commercial"}},{"type":"Feature","geometry":{"type":"MultiPolygon","coordinates":[[[[-118.149265,34.187971],[-118.149292,34.187904],[-118.149539,34.187973],[-118.149512,34.188039],[-118.149265,34.187971]]]]},"properties":{"occupancy":"Commercial"}},{"type":"Feature","geometry":{"type":"MultiPolygon","coordinates":[[[[-118.149704,34.188445],[-118.149494,34.188369],[-118.149519,34.188322],[-118.149729,34.188398],[-118.149803,34.188257],[-118.149944,34.188308],[-118.149845,34.188497],[-118.149704,34.188445]]]]},"properties":{"occupancy":"Commercial"}},{"type":"Feature","geometry":{"type":"MultiPolygon","coordinates":[[[[-118.149952,34.188479],[-118.150011,34.188341],[-118.150097,34.188367],[-118.150083,34.188398],[-118.150038,34.188384],[-118.149992,34.188491],[-118.149952,34.188479]]]]},"properties":{"occupancy":"Commercial"}},{"type":"Feature","geometry":{"type":"MultiPolygon","coordinates":[[[[-118.149208,34.188477],[-118.149248,34.188366],[-118.149323,34.188384],[-118.149283,34.188496],[-118.149208,34.188477]]]]},"properties":{"occupancy":"Residential"}},{"type":"Feature","geometry":{"type":"MultiPolygon","coordinates":[[[[-118.149345,34.188502],[-118.149379,34.188408],[-118.149455,34.188427],[-118.149422,34.188521],[-118.149345,34.188502]]]]},"properties":{"occupancy":"Residential"}},{"type":"Feature","geometry":{"type":"MultiPolygon","coordinates":[[[[-118.149463,34.188561],[-118.1495,34.18846],[-118.149586,34.188481],[-118.149549,34.188582],[-118.149463,34.188561]]]]},"properties":{"occupancy":"Residential"}},{"type":"Feature","geometry":{"type":"MultiPolygon","coordinates":[[[[-118.149597,34.188586],[-118.14963,34.188498],[-118.149708,34.188517],[-118.149676,34.188606],[-118.149597,34.188586]]]]},"properties":{"occupancy":"Residential"}},{"type":"Feature","geometry":{"type":"MultiPolygon","coordinates":[[[[-118.149705,34.188635],[-118.149754,34.188504],[-118.149844,34.188528],[-118.149795,34.188658],[-118.149705,34.188635]]]]},"properties":{"occupancy":"Residential"}},{"type":"Feature","geometry":{"type":"MultiPolygon","coordinates":[[[[-118.149821,34.188678],[-118.149863,34.188564],[-118.149941,34.188585],[-118.149898,34.188698],[-118.149821,34.188678]]]]},"properties":{"occupancy":"Residential"}},{"type":"Feature","geometry":{"type":"MultiPolygon","coordinates":[[[[-118.149155,34.188844],[-118.149204,34.188704],[-118.149293,34.188725],[-118.149244,34.188865],[-118.149155,34.188844]]]]},"properties":{"occupancy":"Residential"}},{"type":"Feature","geometry":{"type":"MultiPolygon","coordinates":[[[[-118.149296,34.188877],[-118.149337,34.188755],[-118.149422,34.188775],[-118.149381,34.188897],[-118.149296,34.188877]]]]},"properties":{"occupancy":"Residential"}},{"type":"Feature","geometry":{"type":"MultiPolygon","coordinates":[[[[-118.149438,34.188929],[-118.149457,34.188814],[-118.149562,34.188826],[-118.149543,34.188942],[-118.149438,34.188929]]]]},"properties":{"occupancy":"Residential"}},{"type":"Feature","geometry":{"type":"MultiPolygon","coordinates":[[[[-118.14957,34.188951],[-118.149611,34.188835],[-118.149688,34.188854],[-118.149647,34.18897],[-118.14957,34.188951]]]]},"properties":{"occupancy":"Residential"}},{"type":"Feature","geometry":{"type":"MultiPolygon","coordinates":[[[[-118.149672,34.188995],[-118.149715,34.188881],[-118.149795,34.188901],[-118.149751,34.189016],[-118.149672,34.188995]]]]},"properties":{"occupancy":"Residential"}},{"type":"Feature","geometry":{"type":"MultiPolygon","coordinates":[[[[-118.149104,34.189029],[-118.149148,34.188914],[-118.14923,34.188935],[-118.149185,34.18905],[-118.149104,34.189029]]]]},"properties":{"occupancy":"Residential"}},{"type":"Feature","geometry":{"type":"MultiPolygon","coordinates":[[[[-118.149399,34.189196],[-118.149451,34.189063],[-118.149686,34.189128],[-118.149634,34.18926],[-118.149399,34.189196]]]]},"properties":{"occupancy":"Commercial"}},{"type":"Feature","geometry":{"type":"MultiPolygon","coordinates":[[[[-118.149319,34.189472],[-118.149358,34.18938],[-118.149486,34.189418],[-118.149447,34.189509],[-118.149319,34.189472]]]]},"properties":{"occupancy":"Commercial"}},{"type":"Feature","geometry":{"type":"MultiPolygon","coordinates":[[[[-118.149038,34.189617],[-118.14906,34.189568],[-118.149148,34.189596],[-118.149126,34.189644],[-118.149038,34.189617]]]]},"properties":{"occupancy":"Residential"}},{"type":"Feature","geometry":{"type":"MultiPolygon","coordinates":[[[[-118.149156,34.18965],[-118.149177,34.189601],[-118.149294,34.189636],[-118.149273,34.189686],[-118.149271,34.189685],[-118.149156,34.18965]]]]},"properties":{"occupancy":"Residential"}},{"type":"Feature","geometry":{"type":"MultiPolygon","coordinates":[[[[-118.149296,34.189694],[-118.149316,34.189649],[-118.149424,34.189682],[-118.149405,34.189726],[-118.149296,34.189694]]]]},"properties":{"occupancy":"Residential"}},{"type":"Feature","geometry":{"type":"MultiPolygon","coordinates":[[[[-118.149108,34.189741],[-118.149127,34.1897],[-118.14924,34.189736],[-118.149221,34.189777],[-118.149108,34.189741]]]]},"properties":{"occupancy":"Residential"}},{"type":"Feature","geometry":{"type":"MultiPolygon","coordinates":[[[[-118.149888,34.190073],[-118.149933,34.189974],[-118.150002,34.189995],[-118.149957,34.190095],[-118.149888,34.190073]]]]},"properties":{"occupancy":"Commercial"}},{"type":"Feature","geometry":{"type":"MultiPolygon","coordinates":[[[[-118.149234,34.189972],[-118.14926,34.189912],[-118.149328,34.189932],[-118.149302,34.189993],[-118.149234,34.189972]]]]},"properties":{"occupancy":"Commercial"}},{"type":"Feature","geometry":{"type":"MultiPolygon","coordinates":[[[[-118.14916,34.190188],[-118.149201,34.190094],[-118.149252,34.190109],[-118.149211,34.190204],[-118.14916,34.190188]]]]},"properties":{"occupancy":"Commercial"}},{"type":"Feature","geometry":{"type":"MultiPolygon","coordinates":[[[[-118.149841,34.190181],[-118.149863,34.190129],[-118.149935,34.19015],[-118.149913,34.190202],[-118.149841,34.190181]]]]},"properties":{"occupancy":"Commercial"}},{"type":"Feature","geometry":{"type":"MultiPolygon","coordinates":[[[[-118.148822,34.188342],[-118.148867,34.188237],[-118.148948,34.188261],[-118.148903,34.188366],[-118.148822,34.188342]]]]},"properties":{"occupancy":"Residential"}},{"type":"Feature","geometry":{"type":"MultiPolygon","coordinates":[[[[-118.148945,34.188392],[-118.14899,34.188285],[-118.149069,34.188308],[-118.149024,34.188415],[-118.148945,34.188392]]]]},"properties":{"occupancy":"Residential"}},{"type":"Feature","geometry":{"type":"MultiPolygon","coordinates":[[[[-118.149079,34.188439],[-118.149121,34.188326],[-118.149193,34.188344],[-118.149151,34.188457],[-118.149079,34.188439]]]]},"properties":{"occupancy":"Residential"}},{"type":"Feature","geometry":{"type":"MultiPolygon","coordinates":[[[[-118.148647,34.188654],[-118.148688,34.188559],[-118.148764,34.188582],[-118.148726,34.18867],[-118.148722,34.188674],[-118.148722,34.188675],[-118.148722,34.188675],[-118.148722,34.188676],[-118.148647,34.188654]]]]},"properties":{"occupancy":"Residential"}},{"type":"Feature","geometry":{"type":"MultiPolygon","coordinates":[[[[-118.148717,34.18873],[-118.148737,34.18868],[-118.148738,34.18868],[-118.14878,34.188691],[-118.148819,34.188595],[-118.148897,34.188617],[-118.148846,34.188742],[-118.148797,34.188728],[-118.148788,34.18875],[-118.148717,34.18873]]]]},"properties":{"occupancy":"Residential"}},{"type":"Feature","geometry":{"type":"MultiPolygon","coordinates":[[[[-118.148892,34.188735],[-118.14893,34.188634],[-118.149034,34.188661],[-118.148995,34.188762],[-118.148892,34.188735]]]]},"properties":{"occupancy":"Residential"}},{"type":"Feature","geometry":{"type":"MultiPolygon","coordinates":[[[[-118.149037,34.188793],[-118.149079,34.188676],[-118.14916,34.188696],[-118.149118,34.188813],[-118.149037,34.188793]]]]},"properties":{"occupancy":"Residential"}},{"type":"Feature","geometry":{"type":"MultiPolygon","coordinates":[[[[-118.148683,34.188896],[-118.148726,34.188789],[-118.148806,34.188812],[-118.148763,34.188918],[-118.148683,34.188896]]]]},"properties":{"occupancy":"Residential"}},{"type":"Feature","geometry":{"type":"MultiPolygon","coordinates":[[[[-118.148822,34.188941],[-118.148868,34.188822],[-118.148962,34.188847],[-118.148916,34.188966],[-118.148822,34.188941]]]]},"properties":{"occupancy":"Residential"}},{"type":"Feature","geometry":{"type":"MultiPolygon","coordinates":[[[[-118.150302,34.189248],[-118.150195,34.189216],[-118.150153,34.189314],[-118.149997,34.189267],[-118.15016,34.18889],[-118.150187,34.18886],[-118.150251,34.188873],[-118.15058,34.18898],[-118.150562,34.189038],[-118.15055,34.189066],[-118.15052,34.189135],[-118.150512,34.189153],[-118.150474,34.189241],[-118.15037,34.18921],[-118.150316,34.189335],[-118.150271,34.189321],[-118.150302,34.189248]]]]},"properties":{"occupancy":"Industrial"}},{"type":"Feature","geometry":{"type":"MultiPolygon","coordinates":[[[[-118.148978,34.188972],[-118.149014,34.188874],[-118.149081,34.188891],[-118.149044,34.188989],[-118.148978,34.188972]]]]},"properties":{"occupancy":"Residential"}},{"type":"Feature","geometry":{"type":"MultiPolygon","coordinates":[[[[-118.148643,34.189309],[-118.14867,34.189245],[-118.14877,34.189273],[-118.148743,34.189338],[-118.148643,34.189309]]]]},"properties":{"occupancy":"Residential"}},{"type":"Feature","geometry":{"type":"MultiPolygon","coordinates":[[[[-118.148792,34.189345],[-118.148814,34.189293],[-118.148956,34.189333],[-118.148918,34.189424],[-118.148832,34.189399],[-118.148848,34.189361],[-118.148792,34.189345]]]]},"properties":{"occupancy":"Residential"}},{"type":"Feature","geometry":{"type":"MultiPolygon","coordinates":[[[[-118.150295,34.189662],[-118.149884,34.189519],[-118.149918,34.189451],[-118.15021,34.189552],[-118.15029,34.189394],[-118.150419,34.189439],[-118.150306,34.189665],[-118.150295,34.189662]]]]},"properties":{"occupancy":"Commercial"}},{"type":"Feature","geometry":{"type":"MultiPolygon","coordinates":[[[[-118.148893,34.189563],[-118.148955,34.189415],[-118.149023,34.189435],[-118.148927,34.189662],[-118.148926,34.189662],[-118.14887,34.189645],[-118.148903,34.189566],[-118.148893,34.189563]]]]},"properties":{"occupancy":"Residential"}},{"type":"Feature","geometry":{"type":"MultiPolygon","coordinates":[[[[-118.149783,34.189736],[-118.149865,34.189548],[-118.149906,34.18956],[-118.150152,34.189633],[-118.150155,34.189634],[-118.150318,34.189683],[-118.150314,34.189692],[-118.15029,34.189746],[-118.150221,34.189726],[-118.150226,34.189713],[-118.15013,34.189686],[-118.150113,34.189721],[-118.150137,34.189729],[-118.150089,34.189841],[-118.150015,34.189819],[-118.15002,34.189804],[-118.149824,34.189748],[-118.149783,34.189736]]]]},"properties":{"occupancy":"Assembly"}},{"type":"Feature","geometry":{"type":"MultiPolygon","coordinates":[[[[-118.150511,34.189641],[-118.150531,34.189597],[-118.150589,34.189614],[-118.150612,34.189562],[-118.150726,34.189596],[-118.150684,34.189693],[-118.150511,34.189641]]]]},"properties":{"occupancy":"Residential"}},{"type":"Feature","geometry":{"type":"MultiPolygon","coordinates":[[[[-118.148996,34.189709],[-118.149017,34.189663],[-118.149108,34.189691],[-118.149087,34.189737],[-118.148996,34.189709]]]]},"properties":{"occupancy":"Residential"}},{"type":"Feature","geometry":{"type":"MultiPolygon","coordinates":[[[[-118.150507,34.189776],[-118.150548,34.189684],[-118.150659,34.189717],[-118.150618,34.18981],[-118.150507,34.189776]]]]},"properties":{"occupancy":"Residential"}},{"type":"Feature","geometry":{"type":"MultiPolygon","coordinates":[[[[-118.148859,34.189816],[-118.1489,34.189721],[-118.149007,34.189752],[-118.148965,34.189848],[-118.148964,34.189848],[-118.148859,34.189816]]]]},"properties":{"occupancy":"Commercial"}},{"type":"Feature","geometry":{"type":"MultiPolygon","coordinates":[[[[-118.149255,34.189784],[-118.149272,34.189746],[-118.149381,34.189779],[-118.149364,34.189817],[-118.149255,34.189784]]]]},"properties":{"occupancy":"Residential"}},{"type":"Feature","geometry":{"type":"MultiPolygon","coordinates":[[[[-118.149137,34.189911],[-118.149187,34.189796],[-118.149276,34.189823],[-118.149226,34.189938],[-118.149137,34.189911]]]]},"properties":{"occupancy":"Commercial"}},{"type":"Feature","geometry":{"type":"MultiPolygon","coordinates":[[[[-118.150544,34.189943],[-118.150648,34.189842],[-118.15071,34.189886],[-118.150684,34.189911],[-118.15072,34.189936],[-118.150643,34.190012],[-118.150544,34.189943]]]]},"properties":{"occupancy":"Residential"}},{"type":"Feature","geometry":{"type":"MultiPolygon","coordinates":[[[[-118.148736,34.190012],[-118.148782,34.189904],[-118.148873,34.189931],[-118.148827,34.190039],[-118.148736,34.190012]]]]},"properties":{"occupancy":"Residential"}},{"type":"Feature","geometry":{"type":"MultiPolygon","coordinates":[[[[-118.1515,34.188532],[-118.15154,34.188427],[-118.151631,34.188451],[-118.151618,34.188485],[-118.1516,34.18848],[-118.151573,34.188551],[-118.1515,34.188532]]]]},"properties":{"occupancy":"Residential"}},{"type":"Feature","geometry":{"type":"MultiPolygon","coordinates":[[[[-118.151361,34.188538],[-118.151387,34.188453],[-118.151465,34.188469],[-118.151439,34.188554],[-118.151361,34.188538]]]]},"properties":{"occupancy":"Residential"}},{"type":"Feature","geometry":{"type":"MultiPolygon","coordinates":[[[[-118.15089,34.188796],[-118.150939,34.188681],[-118.151051,34.188714],[-118.151024,34.188776],[-118.151141,34.18881],[-118.151118,34.188863],[-118.15089,34.188796]]]]},"properties":{"occupancy":"Residential"}},{"type":"Feature","geometry":{"type":"MultiPolygon","coordinates":[[[[-118.151519,34.188865],[-118.151537,34.188823],[-118.151661,34.188859],[-118.151643,34.188901],[-118.151636,34.1889],[-118.151519,34.188865]]]]},"properties":{"occupancy":"Residential"}},{"type":"Feature","geometry":{"type":"MultiPolygon","coordinates":[[[[-118.150957,34.188919],[-118.150984,34.188858],[-118.151115,34.188897],[-118.151075,34.188989],[-118.15101,34.188969],[-118.151023,34.188939],[-118.150957,34.188919]]]]},"properties":{"occupancy":"Residential"}},{"type":"Feature","geometry":{"type":"MultiPolygon","coordinates":[[[[-118.15147,34.188965],[-118.151499,34.188897],[-118.151659,34.188945],[-118.15163,34.189013],[-118.15147,34.188965]]]]},"properties":{"occupancy":"Residential"}},{"type":"Feature","geometry":{"type":"MultiPolygon","coordinates":[[[[-118.151661,34.189033],[-118.151686,34.188975],[-118.151792,34.189007],[-118.151767,34.189064],[-118.151661,34.189033]]]]},"properties":{"occupancy":"Residential"}},{"type":"Feature","geometry":{"type":"MultiPolygon","coordinates":[[[[-118.150834,34.189065],[-118.150862,34.188993],[-118.151046,34.189042],[-118.151018,34.189114],[-118.150834,34.189065]]]]},"properties":{"occupancy":"Residential"}},{"type":"Feature","geometry":{"type":"MultiPolygon","coordinates":[[[[-118.151805,34.189127],[-118.151847,34.189031],[-118.151954,34.189064],[-118.151913,34.18916],[-118.151805,34.189127]]]]},"properties":{"occupancy":"Residential"}},{"type":"Feature","geometry":{"type":"MultiPolygon","coordinates":[[[[-118.151451,34.189155],[-118.151495,34.189056],[-118.151597,34.189087],[-118.151553,34.189186],[-118.151451,34.189155]]]]},"properties":{"occupancy":"Residential"}},{"type":"Feature","geometry":{"type":"MultiPolygon","coordinates":[[[[-118.15193,34.189224],[-118.151981,34.189107],[-118.152084,34.189138],[-118.151998,34.189336],[-118.151946,34.189304],[-118.15193,34.189224]]]]},"properties":{"occupancy":"Residential"}},{"type":"Feature","geometry":{"type":"MultiPolygon","coordinates":[[[[-118.150793,34.189198],[-118.150825,34.189126],[-118.150981,34.189173],[-118.150941,34.189264],[-118.150864,34.189241],[-118.150872,34.189222],[-118.150793,34.189198]]]]},"properties":{"occupancy":"Residential"}},{"type":"Feature","geometry":{"type":"MultiPolygon","coordinates":[[[[-118.152015,34.189348],[-118.152091,34.189173],[-118.152177,34.189199],[-118.152126,34.189316],[-118.15208,34.189302],[-118.152055,34.189359],[-118.152015,34.189348]]]]},"properties":{"occupancy":"Residential"}},{"type":"Feature","geometry":{"type":"MultiPolygon","coordinates":[[[[-118.151348,34.189266],[-118.151385,34.189183],[-118.151459,34.189205],[-118.151453,34.189217],[-118.15152,34.189237],[-118.151488,34.189309],[-118.151348,34.189266]]]]},"properties":{"occupancy":"Residential"}},{"type":"Feature","geometry":{"type":"MultiPolygon","coordinates":[[[[-118.150765,34.189357],[-118.150806,34.189263],[-118.150918,34.189296],[-118.150864,34.189419],[-118.15078,34.189394],[-118.150793,34.189366],[-118.150765,34.189357]]]]},"properties":{"occupancy":"Residential"}},{"type":"Feature","geometry":{"type":"MultiPolygon","coordinates":[[[[-118.151288,34.189408],[-118.151324,34.189324],[-118.151493,34.189375],[-118.151456,34.189459],[-118.151288,34.189408]]]]},"properties":{"occupancy":"Residential"}},{"type":"Feature","geometry":{"type":"MultiPolygon","coordinates":[[[[-118.151515,34.189397],[-118.151535,34.18935],[-118.151653,34.189386],[-118.151632,34.189432],[-118.151515,34.189397]]]]},"properties":{"occupancy":"Residential"}},{"type":"Feature","geometry":{"type":"MultiPolygon","coordinates":[[[[-118.150678,34.189498],[-118.150714,34.189416],[-118.150858,34.189459],[-118.150822,34.189541],[-118.150678,34.189498]]]]},"properties":{"occupancy":"Residential"}},{"type":"Feature","geometry":{"type":"MultiPolygon","coordinates":[[[[-118.151373,34.189595],[-118.151352,34.189589],[-118.151352,34.18959],[-118.151281,34.189569],[-118.151214,34.189549],[-118.151258,34.189445],[-118.151333,34.189467],[-118.151324,34.189488],[-118.151408,34.189513],[-118.151373,34.189595]]]]},"properties":{"occupancy":"Residential"}},{"type":"Feature","geometry":{"type":"MultiPolygon","coordinates":[[[[-118.151173,34.18965],[-118.151206,34.189573],[-118.151272,34.189592],[-118.151342,34.189613],[-118.151309,34.18969],[-118.151173,34.18965]]]]},"properties":{"occupancy":"Residential"}},{"type":"Feature","geometry":{"type":"MultiPolygon","coordinates":[[[[-118.151614,34.189769],[-118.151682,34.189628],[-118.151727,34.189643],[-118.15166,34.189784],[-118.151614,34.189769]]]]},"properties":{"occupancy":"Residential"}},{"type":"Feature","geometry":{"type":"MultiPolygon","coordinates":[[[[-118.151714,34.1898],[-118.151755,34.189706],[-118.151875,34.189742],[-118.151835,34.189836],[-118.151714,34.1898]]]]},"properties":{"occupancy":"Residential"}},{"type":"Feature","geometry":{"type":"MultiPolygon","coordinates":[[[[-118.151893,34.189841],[-118.151934,34.189747],[-118.152047,34.189781],[-118.152006,34.189874],[-118.151893,34.189841]]]]},"properties":{"occupancy":"Residential"}},{"type":"Feature","geometry":{"type":"MultiPolygon","coordinates":[[[[-118.148547,34.18991],[-118.148589,34.18981],[-118.148688,34.189839],[-118.148646,34.189939],[-118.148547,34.18991]]]]},"properties":{"occupancy":"Residential"}},{"type":"Feature","geometry":{"type":"MultiPolygon","coordinates":[[[[-118.148556,34.190251],[-118.148579,34.190197],[-118.148681,34.190227],[-118.148658,34.190282],[-118.148654,34.19028],[-118.148556,34.190251]]]]},"properties":{"occupancy":"Residential"}},{"type":"Feature","geometry":{"type":"MultiPolygon","coordinates":[[[[-118.148559,34.188838],[-118.148601,34.188738],[-118.14868,34.188761],[-118.148637,34.188861],[-118.148559,34.188838]]]]},"properties":{"occupancy":"Residential"}},{"type":"Feature","geometry":{"type":"MultiPolygon","coordinates":[[[[-118.1485,34.188172],[-118.148525,34.188116],[-118.148641,34.188152],[-118.148617,34.188208],[-118.1485,34.188172]]]]},"properties":{"occupancy":"Residential"}},{"type":"Feature","geometry":{"type":"MultiPolygon","coordinates":[[[[-118.148446,34.188256],[-118.148467,34.188205],[-118.148614,34.188249],[-118.148587,34.1883],[-118.148446,34.188256]]]]},"properties":{"occupancy":"Residential"}},{"type":"Feature","geometry":{"type":"MultiPolygon","coordinates":[[[[-118.148468,34.189265],[-118.148493,34.189205],[-118.148602,34.189236],[-118.148549,34.189362],[-118.148491,34.189345],[-118.148518,34.18928],[-118.148468,34.189265]]]]},"properties":{"occupancy":"Residential"}},{"type":"Feature","geometry":{"type":"MultiPolygon","coordinates":[[[[-118.148456,34.189864],[-118.148506,34.189742],[-118.148581,34.189763],[-118.14853,34.189885],[-118.148456,34.189864]]]]},"properties":{"occupancy":"Residential"}},{"type":"Feature","geometry":{"type":"MultiPolygon","coordinates":[[[[-118.14839,34.188343],[-118.148417,34.188283],[-118.148562,34.188329],[-118.148529,34.188386],[-118.14839,34.188343]]]]},"properties":{"occupancy":"Residential"}},{"type":"Feature","geometry":{"type":"MultiPolygon","coordinates":[[[[-118.148337,34.188486],[-118.148366,34.188421],[-118.148477,34.188456],[-118.148447,34.188521],[-118.148337,34.188486]]]]},"properties":{"occupancy":"Residential"}},{"type":"Feature","geometry":{"type":"MultiPolygon","coordinates":[[[[-118.148291,34.190223],[-118.148318,34.19016],[-118.148343,34.190167],[-118.148359,34.190129],[-118.148465,34.19016],[-118.148422,34.190262],[-118.148291,34.190223]]]]},"properties":{"occupancy":"Residential"}},{"type":"Feature","geometry":{"type":"MultiPolygon","coordinates":[[[[-118.148299,34.188588],[-118.148326,34.188527],[-118.148451,34.188566],[-118.148424,34.188626],[-118.148299,34.188588]]]]},"properties":{"occupancy":"Residential"}},{"type":"Feature","geometry":{"type":"MultiPolygon","coordinates":[[[[-118.148257,34.189218],[-118.148292,34.189133],[-118.148427,34.189172],[-118.148392,34.189257],[-118.148257,34.189218]]]]},"properties":{"occupancy":"Residential"}},{"type":"Feature","geometry":{"type":"MultiPolygon","coordinates":[[[[-118.148244,34.188685],[-118.148272,34.188621],[-118.14841,34.188663],[-118.148382,34.188727],[-118.148244,34.188685]]]]},"properties":{"occupancy":"Residential"}},{"type":"Feature","geometry":{"type":"MultiPolygon","coordinates":[[[[-118.148238,34.19036],[-118.148276,34.19027],[-118.148385,34.190302],[-118.148346,34.190393],[-118.148238,34.19036]]]]},"properties":{"occupancy":"Residential"}},{"type":"Feature","geometry":{"type":"MultiPolygon","coordinates":[[[[-118.148237,34.189737],[-118.148266,34.189664],[-118.14838,34.189696],[-118.148333,34.189811],[-118.148241,34.189785],[-118.148258,34.189743],[-118.148237,34.189737]]]]},"properties":{"occupancy":"Residential"}},{"type":"Feature","geometry":{"type":"MultiPolygon","coordinates":[[[[-118.14819,34.188793],[-118.148223,34.188718],[-118.148374,34.188764],[-118.148341,34.188839],[-118.14819,34.188793]]]]},"properties":{"occupancy":"Residential"}},{"type":"Feature","geometry":{"type":"MultiPolygon","coordinates":[[[[-118.148097,34.189168],[-118.14814,34.189064],[-118.148245,34.189094],[-118.148202,34.189198],[-118.148097,34.189168]]]]},"properties":{"occupancy":"Residential"}},{"type":"Feature","geometry":{"type":"MultiPolygon","coordinates":[[[[-118.147756,34.190045],[-118.147786,34.189974],[-118.147896,34.190006],[-118.147865,34.190077],[-118.147756,34.190045]]]]},"properties":{"occupancy":"Residential"}},{"type":"Feature","geometry":{"type":"MultiPolygon","coordinates":[[[[-118.147563,34.188987],[-118.147606,34.188878],[-118.147703,34.188904],[-118.147622,34.189109],[-118.147539,34.189086],[-118.147576,34.188991],[-118.147563,34.188987]]]]},"properties":{"occupancy":"Residential"}},{"type":"Feature","geometry":{"type":"MultiPolygon","coordinates":[[[[-118.148163,34.190489],[-118.148203,34.190395],[-118.148339,34.190435],[-118.148299,34.190529],[-118.148163,34.190489]]]]},"properties":{"occupancy":"Residential"}},{"type":"Feature","geometry":{"type":"MultiPolygon","coordinates":[[[[-118.148101,34.190605],[-118.148143,34.190525],[-118.148297,34.19058],[-118.148255,34.190661],[-118.148101,34.190605]]]]},"properties":{"occupancy":"Residential"}},{"type":"Feature","geometry":{"type":"MultiPolygon","coordinates":[[[[-118.148035,34.190755],[-118.148071,34.190667],[-118.148216,34.190708],[-118.148215,34.190711],[-118.14818,34.190796],[-118.148035,34.190755]]]]},"properties":{"occupancy":"Residential"}},{"type":"Feature","geometry":{"type":"MultiPolygon","coordinates":[[[[-118.14775,34.191368],[-118.147782,34.191296],[-118.147943,34.191346],[-118.147911,34.191418],[-118.14775,34.191368]]]]},"properties":{"occupancy":"Residential"}},{"type":"Feature","geometry":{"type":"MultiPolygon","coordinates":[[[[-118.148251,34.191565],[-118.148278,34.191498],[-118.148412,34.191536],[-118.148386,34.191602],[-118.148251,34.191565]]]]},"properties":{"occupancy":"Residential"}},{"type":"Feature","geometry":{"type":"MultiPolygon","coordinates":[[[[-118.148037,34.191916],[-118.14807,34.191835],[-118.148093,34.191778],[-118.148034,34.191762],[-118.148054,34.191714],[-118.148113,34.191731],[-118.148278,34.191777],[-118.148268,34.191803],[-118.148334,34.191822],[-118.148305,34.191894],[-118.148148,34.19185],[-118.148113,34.191937],[-118.148037,34.191916]]]]},"properties":{"occupancy":"Education"}},{"type":"Feature","geometry":{"type":"MultiPolygon","coordinates":[[[[-118.150583,34.191078],[-118.150632,34.190961],[-118.150706,34.190983],[-118.150657,34.1911],[-118.150583,34.191078]]]]},"properties":{"occupancy":"Residential"}},{"type":"Feature","geometry":{"type":"MultiPolygon","coordinates":[[[[-118.150589,34.191978],[-118.150628,34.191881],[-118.15071,34.191904],[-118.15067,34.192001],[-118.150589,34.191978]]]]},"properties":{"occupancy":"Residential"}},{"type":"Feature","geometry":{"type":"MultiPolygon","coordinates":[[[[-118.150541,34.190547],[-118.150596,34.19042],[-118.150689,34.190448],[-118.150671,34.19049],[-118.150696,34.190497],[-118.150659,34.190582],[-118.150541,34.190547]]]]},"properties":{"occupancy":"Residential"}},{"type":"Feature","geometry":{"type":"MultiPolygon","coordinates":[[[[-118.150537,34.191528],[-118.150579,34.191424],[-118.15064,34.191441],[-118.150598,34.191544],[-118.150537,34.191528]]]]},"properties":{"occupancy":"Residential"}},{"type":"Feature","geometry":{"type":"MultiPolygon","coordinates":[[[[-118.150471,34.191953],[-118.150507,34.191863],[-118.150589,34.191887],[-118.150552,34.191976],[-118.150471,34.191953]]]]},"properties":{"occupancy":"Residential"}},{"type":"Feature","geometry":{"type":"MultiPolygon","coordinates":[[[[-118.150462,34.191035],[-118.150514,34.19091],[-118.150589,34.190931],[-118.150536,34.191057],[-118.150462,34.191035]]]]},"properties":{"occupancy":"Residential"}},{"type":"Feature","geometry":{"type":"MultiPolygon","coordinates":[[[[-118.150452,34.190283],[-118.150485,34.190205],[-118.150543,34.190222],[-118.150511,34.1903],[-118.150452,34.190283]]]]},"properties":{"occupancy":"Residential"}},{"type":"Feature","geometry":{"type":"MultiPolygon","coordinates":[[[[-118.1504,34.190474],[-118.150448,34.19036],[-118.150558,34.190391],[-118.150509,34.190506],[-118.1504,34.190474]]]]},"properties":{"occupancy":"Residential"}},{"type":"Feature","geometry":{"type":"MultiPolygon","coordinates":[[[[-118.150406,34.191465],[-118.150447,34.191366],[-118.150526,34.191389],[-118.150485,34.191488],[-118.150406,34.191465]]]]},"properties":{"occupancy":"Residential"}},{"type":"Feature","geometry":{"type":"MultiPolygon","coordinates":[[[[-118.15038,34.191145],[-118.150413,34.191066],[-118.150486,34.191087],[-118.150453,34.191167],[-118.15038,34.191145]]]]},"properties":{"occupancy":"Residential"}},{"type":"Feature","geometry":{"type":"MultiPolygon","coordinates":[[[[-118.150343,34.190956],[-118.150389,34.190848],[-118.150471,34.190872],[-118.150425,34.19098],[-118.150343,34.190956]]]]},"properties":{"occupancy":"Residential"}},{"type":"Feature","geometry":{"type":"MultiPolygon","coordinates":[[[[-118.150323,34.191909],[-118.150366,34.191806],[-118.150459,34.191833],[-118.150417,34.191936],[-118.150323,34.191909]]]]},"properties":{"occupancy":"Residential"}},{"type":"Feature","geometry":{"type":"MultiPolygon","coordinates":[[[[-118.150329,34.191243],[-118.150362,34.191164],[-118.15041,34.191178],[-118.150377,34.191257],[-118.150329,34.191243]]]]},"properties":{"occupancy":"Residential"}},{"type":"Feature","geometry":{"type":"MultiPolygon","coordinates":[[[[-118.150276,34.191439],[-118.150322,34.191328],[-118.150399,34.19135],[-118.150352,34.191461],[-118.150276,34.191439]]]]},"properties":{"occupancy":"Residential"}},{"type":"Feature","geometry":{"type":"MultiPolygon","coordinates":[[[[-118.150222,34.190446],[-118.150258,34.190359],[-118.150281,34.190366],[-118.1503,34.190319],[-118.150398,34.190347],[-118.150365,34.190425],[-118.150353,34.190422],[-118.15033,34.190477],[-118.150222,34.190446]]]]},"properties":{"occupancy":"Residential"}},{"type":"Feature","geometry":{"type":"MultiPolygon","coordinates":[[[[-118.150207,34.19017],[-118.150249,34.190069],[-118.15034,34.190095],[-118.150298,34.190196],[-118.150207,34.19017]]]]},"properties":{"occupancy":"Residential"}},{"type":"Feature","geometry":{"type":"MultiPolygon","coordinates":[[[[-118.150229,34.191849],[-118.150258,34.19178],[-118.150337,34.191803],[-118.150308,34.191871],[-118.150229,34.191849]]]]},"properties":{"occupancy":"Residential"}},{"type":"Feature","geometry":{"type":"MultiPolygon","coordinates":[[[[-118.1502,34.190929],[-118.150252,34.190806],[-118.150313,34.190824],[-118.15029,34.190879],[-118.150318,34.190888],[-118.150289,34.190955],[-118.1502,34.190929]]]]},"properties":{"occupancy":"Residential"}},{"type":"Feature","geometry":{"type":"MultiPolygon","coordinates":[[[[-118.150142,34.19031],[-118.150185,34.190208],[-118.150278,34.190234],[-118.150235,34.190337],[-118.150233,34.190336],[-118.150142,34.19031]]]]},"properties":{"occupancy":"Residential"}},{"type":"Feature","geometry":{"type":"MultiPolygon","coordinates":[[[[-118.150159,34.19104],[-118.150187,34.190974],[-118.150264,34.190996],[-118.150236,34.191063],[-118.150159,34.19104]]]]},"properties":{"occupancy":"Residential"}},{"type":"Feature","geometry":{"type":"MultiPolygon","coordinates":[[[[-118.150128,34.191391],[-118.150167,34.191298],[-118.150267,34.191326],[-118.150228,34.191419],[-118.150128,34.191391]]]]},"properties":{"occupancy":"Residential"}},{"type":"Feature","geometry":{"type":"MultiPolygon","coordinates":[[[[-118.150081,34.191841],[-118.150126,34.191735],[-118.150217,34.191762],[-118.150172,34.191867],[-118.150081,34.191841]]]]},"properties":{"occupancy":"Residential"}},{"type":"Feature","geometry":{"type":"MultiPolygon","coordinates":[[[[-118.150087,34.190433],[-118.150128,34.190335],[-118.150215,34.19036],[-118.150174,34.190458],[-118.150087,34.190433]]]]},"properties":{"occupancy":"Residential"}},{"type":"Feature","geometry":{"type":"MultiPolygon","coordinates":[[[[-118.150062,34.190874],[-118.15009,34.190807],[-118.150168,34.19083],[-118.15014,34.190897],[-118.150062,34.190874]]]]},"properties":{"occupancy":"Residential"}},{"type":"Feature","geometry":{"type":"MultiPolygon","coordinates":[[[[-118.149979,34.190121],[-118.150033,34.189992],[-118.150158,34.190029],[-118.150104,34.190158],[-118.149979,34.190121]]]]},"properties":{"occupancy":"Residential"}},{"type":"Feature","geometry":{"type":"MultiPolygon","coordinates":[[[[-118.150001,34.191352],[-118.150042,34.191254],[-118.150137,34.191282],[-118.150096,34.191379],[-118.150001,34.191352]]]]},"properties":{"occupancy":"Residential"}},{"type":"Feature","geometry":{"type":"MultiPolygon","coordinates":[[[[-118.149954,34.191782],[-118.149991,34.191696],[-118.150085,34.191723],[-118.150032,34.191846],[-118.149957,34.191823],[-118.149972,34.191787],[-118.149954,34.191782]]]]},"properties":{"occupancy":"Residential"}},{"type":"Feature","geometry":{"type":"MultiPolygon","coordinates":[[[[-118.149901,34.190277],[-118.149954,34.190147],[-118.150082,34.190184],[-118.150029,34.190313],[-118.149901,34.190277]]]]},"properties":{"occupancy":"Residential"}},{"type":"Feature","geometry":{"type":"MultiPolygon","coordinates":[[[[-118.149939,34.190836],[-118.149981,34.190736],[-118.15003,34.19075],[-118.150013,34.19079],[-118.150039,34.190797],[-118.150014,34.190857],[-118.149939,34.190836]]]]},"properties":{"occupancy":"Residential"}},{"type":"Feature","geometry":{"type":"MultiPolygon","coordinates":[[[[-118.149866,34.19132],[-118.149915,34.191206],[-118.150005,34.191232],[-118.149957,34.191347],[-118.149866,34.19132]]]]},"properties":{"occupancy":"Residential"}},{"type":"Feature","geometry":{"type":"MultiPolygon","coordinates":[[[[-118.14978,34.191802],[-118.149854,34.191633],[-118.149947,34.191661],[-118.149874,34.19183],[-118.149873,34.19183],[-118.14978,34.191802]]]]},"properties":{"occupancy":"Residential"}},{"type":"Feature","geometry":{"type":"MultiPolygon","coordinates":[[[[-118.14979,34.190687],[-118.149804,34.190653],[-118.149926,34.190688],[-118.149894,34.190763],[-118.149795,34.190735],[-118.149812,34.190694],[-118.14979,34.190687]]]]},"properties":{"occupancy":"Residential"}},{"type":"Feature","geometry":{"type":"MultiPolygon","coordinates":[[[[-118.149904,34.192278],[-118.149933,34.19221],[-118.150013,34.192234],[-118.149983,34.192302],[-118.149904,34.192278]]]]},"properties":{"occupancy":"Residential"}},{"type":"Feature","geometry":{"type":"MultiPolygon","coordinates":[[[[-118.150058,34.192327],[-118.150097,34.192242],[-118.150167,34.192264],[-118.150128,34.192349],[-118.150058,34.192327]]]]},"properties":{"occupancy":"Residential"}},{"type":"Feature","geometry":{"type":"MultiPolygon","coordinates":[[[[-118.15016,34.192358],[-118.150193,34.192282],[-118.150282,34.192308],[-118.15025,34.192384],[-118.15016,34.192358]]]]},"properties":{"occupancy":"Residential"}},{"type":"Feature","geometry":{"type":"MultiPolygon","coordinates":[[[[-118.150316,34.19242],[-118.150357,34.192323],[-118.150452,34.192351],[-118.150411,34.192447],[-118.150316,34.19242]]]]},"properties":{"occupancy":"Residential"}},{"type":"Feature","geometry":{"type":"MultiPolygon","coordinates":[[[[-118.150448,34.192472],[-118.15049,34.192372],[-118.150523,34.192382],[-118.15055,34.192318],[-118.150613,34.192336],[-118.150544,34.1925],[-118.150448,34.192472]]]]},"properties":{"occupancy":"Residential"}},{"type":"Feature","geometry":{"type":"MultiPolygon","coordinates":[[[[-118.150614,34.192517],[-118.150681,34.192357],[-118.150753,34.192378],[-118.150686,34.192538],[-118.150614,34.192517]]]]},"properties":{"occupancy":"Residential"}},{"type":"Feature","geometry":{"type":"MultiPolygon","coordinates":[[[[-118.149831,34.192772],[-118.14989,34.192636],[-118.149985,34.192665],[-118.149926,34.1928],[-118.149831,34.192772]]]]},"properties":{"occupancy":"Residential"}},{"type":"Feature","geometry":{"type":"MultiPolygon","coordinates":[[[[-118.149986,34.19277],[-118.150027,34.192675],[-118.150122,34.192704],[-118.150081,34.192799],[-118.149986,34.19277]]]]},"properties":{"occupancy":"Residential"}},{"type":"Feature","geometry":{"type":"MultiPolygon","coordinates":[[[[-118.150124,34.192841],[-118.150171,34.19273],[-118.150253,34.192754],[-118.150206,34.192865],[-118.150206,34.192865],[-118.150124,34.192841]]]]},"properties":{"occupancy":"Residential"}},{"type":"Feature","geometry":{"type":"MultiPolygon","coordinates":[[[[-118.150256,34.192882],[-118.150304,34.192766],[-118.150409,34.192797],[-118.150361,34.192912],[-118.150256,34.192882]]]]},"properties":{"occupancy":"Residential"}},{"type":"Feature","geometry":{"type":"MultiPolygon","coordinates":[[[[-118.150418,34.19293],[-118.150463,34.192823],[-118.15054,34.192845],[-118.150496,34.192952],[-118.150418,34.19293]]]]},"properties":{"occupancy":"Residential"}},{"type":"Feature","geometry":{"type":"MultiPolygon","coordinates":[[[[-118.150489,34.193016],[-118.150568,34.192825],[-118.150623,34.19284],[-118.150602,34.19289],[-118.150665,34.192908],[-118.150606,34.19305],[-118.150489,34.193016]]]]},"properties":{"occupancy":"Residential"}},{"type":"Feature","geometry":{"type":"MultiPolygon","coordinates":[[[[-118.149941,34.193255],[-118.149988,34.193144],[-118.150084,34.193172],[-118.150036,34.193283],[-118.149941,34.193255]]]]},"properties":{"occupancy":"Residential"}},{"type":"Feature","geometry":{"type":"MultiPolygon","coordinates":[[[[-118.150071,34.193314],[-118.150107,34.19323],[-118.150229,34.193265],[-118.150193,34.19335],[-118.150071,34.193314]]]]},"properties":{"occupancy":"Residential"}},{"type":"Feature","geometry":{"type":"MultiPolygon","coordinates":[[[[-118.150267,34.193339],[-118.150297,34.193267],[-118.150371,34.193288],[-118.150341,34.193361],[-118.150267,34.193339]]]]},"properties":{"occupancy":"Residential"}},{"type":"Feature","geometry":{"type":"MultiPolygon","coordinates":[[[[-118.150405,34.193407],[-118.150455,34.193285],[-118.150547,34.193311],[-118.150497,34.193434],[-118.150405,34.193407]]]]},"properties":{"occupancy":"Residential"}},{"type":"Feature","geometry":{"type":"MultiPolygon","coordinates":[[[[-118.150815,34.190105],[-118.150861,34.189998],[-118.150807,34.189982],[-118.150833,34.189922],[-118.150982,34.189967],[-118.150969,34.189997],[-118.150983,34.190001],[-118.150949,34.190081],[-118.150897,34.190065],[-118.150872,34.190123],[-118.150815,34.190105]]]]},"properties":{"occupancy":"Residential"}},{"type":"Feature","geometry":{"type":"MultiPolygon","coordinates":[[[[-118.150972,34.190124],[-118.151036,34.189971],[-118.151143,34.190003],[-118.151097,34.190112],[-118.151069,34.190104],[-118.151051,34.190147],[-118.150972,34.190124]]]]},"properties":{"occupancy":"Residential"}},{"type":"Feature","geometry":{"type":"MultiPolygon","coordinates":[[[[-118.151185,34.190107],[-118.151224,34.190012],[-118.15133,34.190042],[-118.15129,34.190137],[-118.151185,34.190107]]]]},"properties":{"occupancy":"Residential"}},{"type":"Feature","geometry":{"type":"MultiPolygon","coordinates":[[[[-118.151316,34.190158],[-118.151368,34.19004],[-118.15154,34.190092],[-118.151472,34.190247],[-118.151395,34.190224],[-118.151411,34.190187],[-118.151316,34.190158]]]]},"properties":{"occupancy":"Residential"}},{"type":"Feature","geometry":{"type":"MultiPolygon","coordinates":[[[[-118.151521,34.190247],[-118.151578,34.190116],[-118.151707,34.190155],[-118.151649,34.190286],[-118.151521,34.190247]]]]},"properties":{"occupancy":"Residential"}},{"type":"Feature","geometry":{"type":"MultiPolygon","coordinates":[[[[-118.151735,34.190295],[-118.151791,34.19017],[-118.151852,34.190189],[-118.151831,34.190235],[-118.151868,34.190246],[-118.151832,34.190325],[-118.151735,34.190295]]]]},"properties":{"occupancy":"Residential"}},{"type":"Feature","geometry":{"type":"MultiPolygon","coordinates":[[[[-118.151004,34.190251],[-118.151036,34.190176],[-118.151103,34.190195],[-118.151071,34.190271],[-118.151069,34.19027],[-118.151004,34.190251]]]]},"properties":{"occupancy":"Residential"}},{"type":"Feature","geometry":{"type":"MultiPolygon","coordinates":[[[[-118.151903,34.190314],[-118.151944,34.190223],[-118.15204,34.190253],[-118.152,34.190343],[-118.151903,34.190314]]]]},"properties":{"occupancy":"Residential"}},{"type":"Feature","geometry":{"type":"MultiPolygon","coordinates":[[[[-118.152029,34.190426],[-118.152084,34.190303],[-118.152163,34.190327],[-118.152108,34.19045],[-118.152029,34.190426]]]]},"properties":{"occupancy":"Residential"}},{"type":"Feature","geometry":{"type":"MultiPolygon","coordinates":[[[[-118.151721,34.190487],[-118.151763,34.190393],[-118.151817,34.19041],[-118.151774,34.190504],[-118.151721,34.190487]]]]},"properties":{"occupancy":"Residential"}},{"type":"Feature","geometry":{"type":"MultiPolygon","coordinates":[[[[-118.150695,34.190595],[-118.150751,34.190465],[-118.150804,34.190481],[-118.150817,34.19045],[-118.150876,34.190468],[-118.150807,34.190628],[-118.150695,34.190595]]]]},"properties":{"occupancy":"Residential"}},{"type":"Feature","geometry":{"type":"MultiPolygon","coordinates":[[[[-118.151183,34.190565],[-118.151211,34.190497],[-118.151281,34.190517],[-118.151254,34.190585],[-118.151183,34.190565]]]]},"properties":{"occupancy":"Residential"}},{"type":"Feature","geometry":{"type":"MultiPolygon","coordinates":[[[[-118.150887,34.190637],[-118.150924,34.190549],[-118.151042,34.190582],[-118.151005,34.190671],[-118.150887,34.190637]]]]},"properties":{"occupancy":"Residential"}},{"type":"Feature","geometry":{"type":"MultiPolygon","coordinates":[[[[-118.151564,34.190642],[-118.151597,34.190565],[-118.151665,34.190584],[-118.151633,34.190662],[-118.151564,34.190642]]]]},"properties":{"occupancy":"Residential"}},{"type":"Feature","geometry":{"type":"MultiPolygon","coordinates":[[[[-118.151094,34.190706],[-118.151134,34.190607],[-118.151231,34.190635],[-118.15119,34.190733],[-118.151094,34.190706]]]]},"properties":{"occupancy":"Residential"}},{"type":"Feature","geometry":{"type":"MultiPolygon","coordinates":[[[[-118.151236,34.190769],[-118.151282,34.190655],[-118.151361,34.190677],[-118.151315,34.190792],[-118.151312,34.190791],[-118.151236,34.190769]]]]},"properties":{"occupancy":"Residential"}},{"type":"Feature","geometry":{"type":"MultiPolygon","coordinates":[[[[-118.151362,34.190793],[-118.151401,34.190697],[-118.151501,34.190725],[-118.151461,34.190821],[-118.151362,34.190793]]]]},"properties":{"occupancy":"Residential"}},{"type":"Feature","geometry":{"type":"MultiPolygon","coordinates":[[[[-118.151502,34.19085],[-118.151558,34.190716],[-118.151655,34.190744],[-118.151599,34.190878],[-118.151502,34.19085]]]]},"properties":{"occupancy":"Residential"}},{"type":"Feature","geometry":{"type":"MultiPolygon","coordinates":[[[[-118.151767,34.190927],[-118.151861,34.190736],[-118.15194,34.190763],[-118.151846,34.190954],[-118.151767,34.190927]]]]},"properties":{"occupancy":"Residential"}},{"type":"Feature","geometry":{"type":"MultiPolygon","coordinates":[[[[-118.15162,34.1909],[-118.151668,34.190789],[-118.151758,34.190815],[-118.15171,34.190927],[-118.15162,34.1909]]]]},"properties":{"occupancy":"Residential"}},{"type":"Feature","geometry":{"type":"MultiPolygon","coordinates":[[[[-118.151963,34.190816],[-118.151964,34.190815],[-118.151965,34.190815],[-118.152002,34.190826],[-118.15202,34.190932],[-118.151979,34.191023],[-118.151885,34.190995],[-118.151963,34.190816]]]]},"properties":{"occupancy":"Residential"}},{"type":"Feature","geometry":{"type":"MultiPolygon","coordinates":[[[[-118.152053,34.191031],[-118.152095,34.190938],[-118.152182,34.190964],[-118.152141,34.191058],[-118.152053,34.191031]]]]},"properties":{"occupancy":"Residential"}},{"type":"Feature","geometry":{"type":"MultiPolygon","coordinates":[[[[-118.150717,34.191108],[-118.150766,34.190987],[-118.15084,34.191009],[-118.150791,34.191129],[-118.150717,34.191108]]]]},"properties":{"occupancy":"Residential"}},{"type":"Feature","geometry":{"type":"MultiPolygon","coordinates":[[[[-118.150854,34.191114],[-118.150898,34.191008],[-118.150965,34.191027],[-118.150922,34.191133],[-118.150854,34.191114]]]]},"properties":{"occupancy":"Residential"}},{"type":"Feature","geometry":{"type":"MultiPolygon","coordinates":[[[[-118.150974,34.191146],[-118.151012,34.191053],[-118.151088,34.191075],[-118.15105,34.191168],[-118.150974,34.191146]]]]},"properties":{"occupancy":"Residential"}},{"type":"Feature","geometry":{"type":"MultiPolygon","coordinates":[[[[-118.151116,34.191162],[-118.151146,34.19109],[-118.151218,34.19111],[-118.151189,34.191182],[-118.151116,34.191162]]]]},"properties":{"occupancy":"Residential"}},{"type":"Feature","geometry":{"type":"MultiPolygon","coordinates":[[[[-118.151213,34.191262],[-118.15127,34.191121],[-118.151348,34.191143],[-118.15129,34.191284],[-118.151213,34.191262]]]]},"properties":{"occupancy":"Residential"}},{"type":"Feature","geometry":{"type":"MultiPolygon","coordinates":[[[[-118.151346,34.191288],[-118.151394,34.191171],[-118.151467,34.191192],[-118.151419,34.191308],[-118.151346,34.191288]]]]},"properties":{"occupancy":"Residential"}},{"type":"Feature","geometry":{"type":"MultiPolygon","coordinates":[[[[-118.151476,34.19131],[-118.151523,34.191199],[-118.151596,34.19122],[-118.151549,34.191331],[-118.151476,34.19131]]]]},"properties":{"occupancy":"Residential"}},{"type":"Feature","geometry":{"type":"MultiPolygon","coordinates":[[[[-118.151604,34.191312],[-118.151632,34.191245],[-118.151722,34.191271],[-118.151666,34.191406],[-118.151599,34.191386],[-118.151627,34.191319],[-118.151604,34.191312]]]]},"properties":{"occupancy":"Residential"}},{"type":"Feature","geometry":{"type":"MultiPolygon","coordinates":[[[[-118.151728,34.191363],[-118.151768,34.19127],[-118.151852,34.191295],[-118.151813,34.191387],[-118.151812,34.191387],[-118.151728,34.191363]]]]},"properties":{"occupancy":"Residential"}},{"type":"Feature","geometry":{"type":"MultiPolygon","coordinates":[[[[-118.151848,34.191395],[-118.151885,34.191309],[-118.15197,34.191333],[-118.151927,34.191426],[-118.151848,34.191395]]]]},"properties":{"occupancy":"Residential"}},{"type":"Feature","geometry":{"type":"MultiPolygon","coordinates":[[[[-118.151956,34.191454],[-118.151998,34.191356],[-118.152089,34.191383],[-118.152047,34.191481],[-118.151956,34.191454]]]]},"properties":{"occupancy":"Residential"}},{"type":"Feature","geometry":{"type":"MultiPolygon","coordinates":[[[[-118.149,34.190084],[-118.149036,34.190002],[-118.149171,34.190042],[-118.149135,34.190124],[-118.149,34.190084]]]]},"properties":{"occupancy":"Commercial"}},{"type":"Feature","geometry":{"type":"MultiPolygon","coordinates":[[[[-118.149535,34.190311],[-118.149639,34.190062],[-118.149844,34.190121],[-118.149791,34.190248],[-118.149842,34.190263],[-118.149791,34.190385],[-118.149535,34.190311]]]]},"properties":{"occupancy":"Commercial"}},{"type":"Feature","geometry":{"type":"MultiPolygon","coordinates":[[[[-118.148849,34.190495],[-118.148934,34.190302],[-118.149005,34.190324],[-118.14892,34.190516],[-118.148849,34.190495]]]]},"properties":{"occupancy":"Commercial"}},{"type":"Feature","geometry":{"type":"MultiPolygon","coordinates":[[[[-118.1494,34.190555],[-118.149436,34.190469],[-118.149595,34.190515],[-118.149759,34.190562],[-118.14972,34.190653],[-118.14972,34.190654],[-118.1497,34.190701],[-118.149599,34.190672],[-118.149622,34.190619],[-118.149561,34.190601],[-118.1494,34.190555]]]]},"properties":{"occupancy":"Commercial"}},{"type":"Feature","geometry":{"type":"MultiPolygon","coordinates":[[[[-118.148724,34.190594],[-118.148746,34.190546],[-118.148926,34.190604],[-118.148872,34.190719],[-118.148805,34.190697],[-118.148836,34.19063],[-118.148724,34.190594]]]]},"properties":{"occupancy":"Commercial"}},{"type":"Feature","geometry":{"type":"MultiPolygon","coordinates":[[[[-118.149289,34.190816],[-118.149319,34.190744],[-118.149344,34.190685],[-118.149656,34.190776],[-118.149628,34.190841],[-118.149509,34.190806],[-118.149481,34.190872],[-118.149531,34.190886],[-118.149503,34.190952],[-118.149368,34.190912],[-118.149395,34.190847],[-118.149289,34.190816]]]]},"properties":{"occupancy":"Commercial"}},{"type":"Feature","geometry":{"type":"MultiPolygon","coordinates":[[[[-118.148707,34.19073],[-118.148725,34.190692],[-118.148853,34.190734],[-118.148835,34.190773],[-118.148707,34.19073]]]]},"properties":{"occupancy":"Residential"}},{"type":"Feature","geometry":{"type":"MultiPolygon","coordinates":[[[[-118.148681,34.190801],[-118.148705,34.190751],[-118.148879,34.190808],[-118.148855,34.190859],[-118.148854,34.190859],[-118.148681,34.190801]]]]},"properties":{"occupancy":"Commercial"}},{"type":"Feature","geometry":{"type":"MultiPolygon","coordinates":[[[[-118.149717,34.190907],[-118.149759,34.190805],[-118.149846,34.19083],[-118.149804,34.190932],[-118.149717,34.190907]]]]},"properties":{"occupancy":"Residential"}},{"type":"Feature","geometry":{"type":"MultiPolygon","coordinates":[[[[-118.148669,34.190852],[-118.148677,34.190827],[-118.148844,34.190872],[-118.14882,34.190901],[-118.148669,34.190852]]]]},"properties":{"occupancy":"Commercial"}},{"type":"Feature","geometry":{"type":"MultiPolygon","coordinates":[[[[-118.148551,34.190893],[-118.148567,34.190857],[-118.148691,34.190895],[-118.148814,34.190933],[-118.148789,34.190992],[-118.148665,34.190954],[-118.148675,34.190931],[-118.148551,34.190893]]]]},"properties":{"occupancy":"Industrial"}},{"type":"Feature","geometry":{"type":"MultiPolygon","coordinates":[[[[-118.149352,34.191088],[-118.149402,34.190972],[-118.149495,34.191],[-118.149446,34.191116],[-118.149352,34.191088]]]]},"properties":{"occupancy":"Commercial"}},{"type":"Feature","geometry":{"type":"MultiPolygon","coordinates":[[[[-118.148485,34.191114],[-118.148545,34.190979],[-118.148767,34.191048],[-118.148707,34.191182],[-118.148678,34.191247],[-118.148677,34.191246],[-118.148496,34.19119],[-118.148524,34.191126],[-118.148485,34.191114]]]]},"properties":{"occupancy":"Commercial"}},{"type":"Feature","geometry":{"type":"MultiPolygon","coordinates":[[[[-118.149719,34.191262],[-118.149757,34.191174],[-118.149833,34.191196],[-118.149795,34.191284],[-118.149794,34.191284],[-118.149719,34.191262]]]]},"properties":{"occupancy":"Residential"}},{"type":"Feature","geometry":{"type":"MultiPolygon","coordinates":[[[[-118.148536,34.191266],[-118.148553,34.191224],[-118.148679,34.191262],[-118.148662,34.191305],[-118.148536,34.191266]]]]},"properties":{"occupancy":"Commercial"}},{"type":"Feature","geometry":{"type":"MultiPolygon","coordinates":[[[[-118.148473,34.191337],[-118.148496,34.191278],[-118.148649,34.191322],[-118.148612,34.191378],[-118.148473,34.191337]]]]},"properties":{"occupancy":"Commercial"}},{"type":"Feature","geometry":{"type":"MultiPolygon","coordinates":[[[[-118.149015,34.19146],[-118.149034,34.191418],[-118.149147,34.191453],[-118.149169,34.191404],[-118.149115,34.191387],[-118.149131,34.191351],[-118.149184,34.191368],[-118.149265,34.191393],[-118.149362,34.191422],[-118.149305,34.19155],[-118.149223,34.191736],[-118.149126,34.191706],[-118.149182,34.19158],[-118.148988,34.191521],[-118.149015,34.19146]]]]},"properties":{"occupancy":"Assembly"}},{"type":"Feature","geometry":{"type":"MultiPolygon","coordinates":[[[[-118.149349,34.191631],[-118.149402,34.191513],[-118.149526,34.191551],[-118.149473,34.191669],[-118.149349,34.191631]]]]},"properties":{"occupancy":"Residential"}},{"type":"Feature","geometry":{"type":"MultiPolygon","coordinates":[[[[-118.149505,34.191665],[-118.149557,34.191547],[-118.149672,34.191582],[-118.149643,34.191647],[-118.149599,34.191633],[-118.149576,34.191687],[-118.149505,34.191665]]]]},"properties":{"occupancy":"Residential"}},{"type":"Feature","geometry":{"type":"MultiPolygon","coordinates":[[[[-118.149668,34.191736],[-118.149723,34.19161],[-118.149803,34.191634],[-118.149748,34.191761],[-118.149668,34.191736]]]]},"properties":{"occupancy":"Residential"}},{"type":"Feature","geometry":{"type":"MultiPolygon","coordinates":[[[[-118.148725,34.191999],[-118.148844,34.19173],[-118.149016,34.191782],[-118.148897,34.192052],[-118.148725,34.191999]]]]},"properties":{"occupancy":"Commercial"}},{"type":"Feature","geometry":{"type":"MultiPolygon","coordinates":[[[[-118.149183,34.192049],[-118.14922,34.191964],[-118.14933,34.191998],[-118.149293,34.192082],[-118.149183,34.192049]]]]},"properties":{"occupancy":"Residential"}},{"type":"Feature","geometry":{"type":"MultiPolygon","coordinates":[[[[-118.149344,34.192115],[-118.14939,34.192009],[-118.149484,34.192037],[-118.149437,34.192143],[-118.149344,34.192115]]]]},"properties":{"occupancy":"Residential"}},{"type":"Feature","geometry":{"type":"MultiPolygon","coordinates":[[[[-118.149514,34.192118],[-118.149545,34.192046],[-118.149606,34.192064],[-118.149575,34.192136],[-118.149514,34.192118]]]]},"properties":{"occupancy":"Residential"}},{"type":"Feature","geometry":{"type":"MultiPolygon","coordinates":[[[[-118.149623,34.192195],[-118.14967,34.192087],[-118.149734,34.192106],[-118.149717,34.192145],[-118.149739,34.192152],[-118.149709,34.19222],[-118.149623,34.192195]]]]},"properties":{"occupancy":"Residential"}},{"type":"Feature","geometry":{"type":"MultiPolygon","coordinates":[[[[-118.149755,34.192249],[-118.14979,34.192169],[-118.149884,34.192197],[-118.149849,34.192278],[-118.149755,34.192249]]]]},"properties":{"occupancy":"Residential"}},{"type":"Feature","geometry":{"type":"MultiPolygon","coordinates":[[[[-118.148676,34.192299],[-118.148707,34.192228],[-118.148775,34.192249],[-118.148744,34.19232],[-118.148676,34.192299]]]]},"properties":{"occupancy":"Residential"}},{"type":"Feature","geometry":{"type":"MultiPolygon","coordinates":[[[[-118.150648,34.191558],[-118.150697,34.191437],[-118.150777,34.19146],[-118.150728,34.19158],[-118.150648,34.191558]]]]},"properties":{"occupancy":"Residential"}},{"type":"Feature","geometry":{"type":"MultiPolygon","coordinates":[[[[-118.15161,34.19153],[-118.151639,34.19146],[-118.151697,34.191477],[-118.151666,34.191552],[-118.151608,34.191535],[-118.15161,34.19153]]]]},"properties":{"occupancy":"Residential"}},{"type":"Feature","geometry":{"type":"MultiPolygon","coordinates":[[[[-118.150763,34.191588],[-118.1508,34.191495],[-118.150883,34.191519],[-118.150845,34.191611],[-118.150763,34.191588]]]]},"properties":{"occupancy":"Residential"}},{"type":"Feature","geometry":{"type":"MultiPolygon","coordinates":[[[[-118.151457,34.191567],[-118.151478,34.191518],[-118.151592,34.19155],[-118.151571,34.1916],[-118.151457,34.191567]]]]},"properties":{"occupancy":"Residential"}},{"type":"Feature","geometry":{"type":"MultiPolygon","coordinates":[[[[-118.150877,34.191616],[-118.150907,34.191543],[-118.150975,34.191562],[-118.150945,34.191635],[-118.150877,34.191616]]]]},"properties":{"occupancy":"Residential"}},{"type":"Feature","geometry":{"type":"MultiPolygon","coordinates":[[[[-118.151025,34.191654],[-118.151061,34.191564],[-118.151133,34.191584],[-118.151097,34.191674],[-118.151025,34.191654]]]]},"properties":{"occupancy":"Residential"}},{"type":"Feature","geometry":{"type":"MultiPolygon","coordinates":[[[[-118.151137,34.191692],[-118.151188,34.191567],[-118.151269,34.19159],[-118.151218,34.191715],[-118.151137,34.191692]]]]},"properties":{"occupancy":"Residential"}},{"type":"Feature","geometry":{"type":"MultiPolygon","coordinates":[[[[-118.151387,34.191797],[-118.151459,34.191626],[-118.151541,34.19165],[-118.15147,34.191821],[-118.151387,34.191797]]]]},"properties":{"occupancy":"Residential"}},{"type":"Feature","geometry":{"type":"MultiPolygon","coordinates":[[[[-118.151258,34.191759],[-118.151308,34.191638],[-118.151388,34.191661],[-118.151338,34.191782],[-118.151258,34.191759]]]]},"properties":{"occupancy":"Residential"}},{"type":"Feature","geometry":{"type":"MultiPolygon","coordinates":[[[[-118.151513,34.191833],[-118.15158,34.191674],[-118.151654,34.191695],[-118.151587,34.191854],[-118.151586,34.191854],[-118.151513,34.191833]]]]},"properties":{"occupancy":"Residential"}},{"type":"Feature","geometry":{"type":"MultiPolygon","coordinates":[[[[-118.151644,34.191872],[-118.151687,34.19177],[-118.151755,34.19179],[-118.151711,34.191892],[-118.151644,34.191872]]]]},"properties":{"occupancy":"Residential"}},{"type":"Feature","geometry":{"type":"MultiPolygon","coordinates":[[[[-118.151891,34.191946],[-118.151948,34.191812],[-118.152021,34.191833],[-118.151964,34.191968],[-118.151891,34.191946]]]]},"properties":{"occupancy":"Residential"}},{"type":"Feature","geometry":{"type":"MultiPolygon","coordinates":[[[[-118.151756,34.191902],[-118.151786,34.191832],[-118.151871,34.191856],[-118.151842,34.191927],[-118.151756,34.191902]]]]},"properties":{"occupancy":"Residential"}},{"type":"Feature","geometry":{"type":"MultiPolygon","coordinates":[[[[-118.151999,34.192],[-118.152064,34.191848],[-118.15214,34.19187],[-118.152075,34.192022],[-118.151999,34.192]]]]},"properties":{"occupancy":"Residential"}},{"type":"Feature","geometry":{"type":"MultiPolygon","coordinates":[[[[-118.150711,34.192056],[-118.150755,34.191948],[-118.150825,34.191968],[-118.150781,34.192076],[-118.150711,34.192056]]]]},"properties":{"occupancy":"Residential"}},{"type":"Feature","geometry":{"type":"MultiPolygon","coordinates":[[[[-118.150805,34.192124],[-118.150868,34.191969],[-118.150942,34.19199],[-118.150864,34.192181],[-118.15086,34.19218],[-118.150804,34.192164],[-118.150818,34.192128],[-118.150805,34.192124]]]]},"properties":{"occupancy":"Residential"}},{"type":"Feature","geometry":{"type":"MultiPolygon","coordinates":[[[[-118.150949,34.192116],[-118.150988,34.192021],[-118.151072,34.192045],[-118.151032,34.192142],[-118.150948,34.192118],[-118.150949,34.192116]]]]},"properties":{"occupancy":"Residential"}},{"type":"Feature","geometry":{"type":"MultiPolygon","coordinates":[[[[-118.151071,34.192196],[-118.151133,34.192046],[-118.151198,34.192065],[-118.151137,34.192215],[-118.151136,34.192215],[-118.151071,34.192196]]]]},"properties":{"occupancy":"Residential"}},{"type":"Feature","geometry":{"type":"MultiPolygon","coordinates":[[[[-118.151205,34.192182],[-118.151236,34.192107],[-118.151318,34.192131],[-118.151287,34.192205],[-118.151205,34.192182]]]]},"properties":{"occupancy":"Residential"}},{"type":"Feature","geometry":{"type":"MultiPolygon","coordinates":[[[[-118.151334,34.192228],[-118.151376,34.192129],[-118.151443,34.192148],[-118.151401,34.192247],[-118.151334,34.192228]]]]},"properties":{"occupancy":"Residential"}},{"type":"Feature","geometry":{"type":"MultiPolygon","coordinates":[[[[-118.151429,34.19227],[-118.151467,34.192178],[-118.151551,34.192202],[-118.151512,34.192294],[-118.151429,34.19227]]]]},"properties":{"occupancy":"Residential"}},{"type":"Feature","geometry":{"type":"MultiPolygon","coordinates":[[[[-118.15158,34.19228],[-118.151613,34.192201],[-118.151699,34.192226],[-118.151667,34.192304],[-118.15158,34.19228]]]]},"properties":{"occupancy":"Residential"}},{"type":"Feature","geometry":{"type":"MultiPolygon","coordinates":[[[[-118.151675,34.192398],[-118.151733,34.192259],[-118.151809,34.19228],[-118.151751,34.19242],[-118.151675,34.192398]]]]},"properties":{"occupancy":"Residential"}},{"type":"Feature","geometry":{"type":"MultiPolygon","coordinates":[[[[-118.151775,34.192428],[-118.151833,34.192289],[-118.151924,34.192315],[-118.151896,34.192382],[-118.151868,34.192374],[-118.151838,34.192446],[-118.151775,34.192428]]]]},"properties":{"occupancy":"Residential"}},{"type":"Feature","geometry":{"type":"MultiPolygon","coordinates":[[[[-118.151919,34.192413],[-118.151955,34.192327],[-118.152041,34.192352],[-118.152006,34.192438],[-118.152004,34.192438],[-118.151919,34.192413]]]]},"properties":{"occupancy":"Residential"}},{"type":"Feature","geometry":{"type":"MultiPolygon","coordinates":[[[[-118.150742,34.192562],[-118.150823,34.192368],[-118.150908,34.192393],[-118.150828,34.192587],[-118.150742,34.192562]]]]},"properties":{"occupancy":"Residential"}},{"type":"Feature","geometry":{"type":"MultiPolygon","coordinates":[[[[-118.150863,34.192593],[-118.1509,34.192503],[-118.150945,34.192516],[-118.150962,34.192474],[-118.151009,34.192487],[-118.150955,34.192619],[-118.150863,34.192593]]]]},"properties":{"occupancy":"Residential"}},{"type":"Feature","geometry":{"type":"MultiPolygon","coordinates":[[[[-118.151354,34.192748],[-118.151429,34.192559],[-118.151512,34.192581],[-118.151437,34.192771],[-118.151418,34.192765],[-118.151354,34.192748]]]]},"properties":{"occupancy":"Residential"}},{"type":"Feature","geometry":{"type":"MultiPolygon","coordinates":[[[[-118.150979,34.192646],[-118.151013,34.192563],[-118.151107,34.192589],[-118.151073,34.192673],[-118.150979,34.192646]]]]},"properties":{"occupancy":"Residential"}},{"type":"Feature","geometry":{"type":"MultiPolygon","coordinates":[[[[-118.151244,34.192726],[-118.151301,34.192581],[-118.151384,34.192603],[-118.151326,34.192748],[-118.151244,34.192726]]]]},"properties":{"occupancy":"Residential"}},{"type":"Feature","geometry":{"type":"MultiPolygon","coordinates":[[[[-118.151106,34.192677],[-118.151144,34.192582],[-118.151243,34.192609],[-118.151205,34.192704],[-118.151106,34.192677]]]]},"properties":{"occupancy":"Residential"}},{"type":"Feature","geometry":{"type":"MultiPolygon","coordinates":[[[[-118.151493,34.192803],[-118.151532,34.192704],[-118.151606,34.192724],[-118.151567,34.192823],[-118.151493,34.192803]]]]},"properties":{"occupancy":"Residential"}},{"type":"Feature","geometry":{"type":"MultiPolygon","coordinates":[[[[-118.151612,34.192825],[-118.151654,34.192718],[-118.151711,34.192733],[-118.151669,34.19284],[-118.151612,34.192825]]]]},"properties":{"occupancy":"Residential"}},{"type":"Feature","geometry":{"type":"MultiPolygon","coordinates":[[[[-118.151715,34.192856],[-118.151756,34.192753],[-118.151844,34.192777],[-118.151804,34.19288],[-118.151715,34.192856]]]]},"properties":{"occupancy":"Residential"}},{"type":"Feature","geometry":{"type":"MultiPolygon","coordinates":[[[[-118.14862,34.192373],[-118.148636,34.192333],[-118.148673,34.192343],[-118.148802,34.192379],[-118.148768,34.192465],[-118.148638,34.192429],[-118.148657,34.192383],[-118.14862,34.192373]]]]},"properties":{"occupancy":"Residential"}},{"type":"Feature","geometry":{"type":"MultiPolygon","coordinates":[[[[-118.149148,34.192512],[-118.149231,34.192374],[-118.14932,34.192411],[-118.149237,34.192549],[-118.149148,34.192512]]]]},"properties":{"occupancy":"Residential"}},{"type":"Feature","geometry":{"type":"MultiPolygon","coordinates":[[[[-118.148962,34.192549],[-118.148977,34.192512],[-118.149002,34.19252],[-118.149025,34.192468],[-118.149001,34.192461],[-118.149033,34.192386],[-118.149075,34.192399],[-118.149068,34.192415],[-118.149133,34.192435],[-118.149069,34.192581],[-118.149061,34.192579],[-118.148962,34.192549]]]]},"properties":{"occupancy":"Residential"}},{"type":"Feature","geometry":{"type":"MultiPolygon","coordinates":[[[[-118.149297,34.192554],[-118.149342,34.192453],[-118.149417,34.192476],[-118.149373,34.192577],[-118.149297,34.192554]]]]},"properties":{"occupancy":"Residential"}},{"type":"Feature","geometry":{"type":"MultiPolygon","coordinates":[[[[-118.148514,34.19255],[-118.148544,34.192476],[-118.148695,34.192519],[-118.148665,34.192593],[-118.148514,34.19255]]]]},"properties":{"occupancy":"Residential"}},{"type":"Feature","geometry":{"type":"MultiPolygon","coordinates":[[[[-118.149422,34.192625],[-118.149479,34.192494],[-118.149593,34.192528],[-118.149535,34.192659],[-118.149422,34.192625]]]]},"properties":{"occupancy":"Residential"}},{"type":"Feature","geometry":{"type":"MultiPolygon","coordinates":[[[[-118.149586,34.192646],[-118.149624,34.192559],[-118.149694,34.19258],[-118.149656,34.192667],[-118.149586,34.192646]]]]},"properties":{"occupancy":"Residential"}},{"type":"Feature","geometry":{"type":"MultiPolygon","coordinates":[[[[-118.149691,34.192707],[-118.149746,34.192581],[-118.14985,34.192613],[-118.149828,34.192664],[-118.149837,34.192666],[-118.149804,34.192741],[-118.149691,34.192707]]]]},"properties":{"occupancy":"Residential"}},{"type":"Feature","geometry":{"type":"MultiPolygon","coordinates":[[[[-118.148474,34.19267],[-118.148505,34.192597],[-118.148615,34.192628],[-118.148585,34.192701],[-118.148474,34.19267]]]]},"properties":{"occupancy":"Residential"}},{"type":"Feature","geometry":{"type":"MultiPolygon","coordinates":[[[[-118.148387,34.192824],[-118.148422,34.192738],[-118.148632,34.192797],[-118.148597,34.192883],[-118.148387,34.192824]]]]},"properties":{"occupancy":"Residential"}},{"type":"Feature","geometry":{"type":"MultiPolygon","coordinates":[[[[-118.148647,34.192875],[-118.148692,34.19277],[-118.1488,34.192802],[-118.148756,34.192907],[-118.148647,34.192875]]]]},"properties":{"occupancy":"Residential"}},{"type":"Feature","geometry":{"type":"MultiPolygon","coordinates":[[[[-118.149002,34.192945],[-118.149044,34.192847],[-118.149094,34.192862],[-118.149123,34.192797],[-118.149185,34.192816],[-118.149114,34.192979],[-118.149002,34.192945]]]]},"properties":{"occupancy":"Residential"}},{"type":"Feature","geometry":{"type":"MultiPolygon","coordinates":[[[[-118.148808,34.192897],[-118.148844,34.192813],[-118.148979,34.192853],[-118.148943,34.192937],[-118.148808,34.192897]]]]},"properties":{"occupancy":"Residential"}},{"type":"Feature","geometry":{"type":"MultiPolygon","coordinates":[[[[-118.149341,34.192905],[-118.149365,34.19285],[-118.149459,34.192879],[-118.149434,34.192934],[-118.149341,34.192905]]]]},"properties":{"occupancy":"Residential"}},{"type":"Feature","geometry":{"type":"MultiPolygon","coordinates":[[[[-118.149507,34.192949],[-118.149535,34.192887],[-118.149597,34.192906],[-118.14957,34.192969],[-118.149507,34.192949]]]]},"properties":{"occupancy":"Residential"}},{"type":"Feature","geometry":{"type":"MultiPolygon","coordinates":[[[[-118.149157,34.192989],[-118.149194,34.192906],[-118.149314,34.192942],[-118.149277,34.193025],[-118.149157,34.192989]]]]},"properties":{"occupancy":"Residential"}},{"type":"Feature","geometry":{"type":"MultiPolygon","coordinates":[[[[-118.149301,34.193047],[-118.149359,34.192961],[-118.14947,34.193013],[-118.149412,34.193099],[-118.149301,34.193047]]]]},"properties":{"occupancy":"Residential"}},{"type":"Feature","geometry":{"type":"MultiPolygon","coordinates":[[[[-118.149474,34.193114],[-118.149529,34.192991],[-118.149624,34.19302],[-118.149569,34.193143],[-118.149474,34.193114]]]]},"properties":{"occupancy":"Residential"}},{"type":"Feature","geometry":{"type":"MultiPolygon","coordinates":[[[[-118.149621,34.193141],[-118.149661,34.193051],[-118.149738,34.193074],[-118.149718,34.19312],[-118.149741,34.193127],[-118.149722,34.193172],[-118.149621,34.193141]]]]},"properties":{"occupancy":"Residential"}},{"type":"Feature","geometry":{"type":"MultiPolygon","coordinates":[[[[-118.148249,34.193136],[-118.148281,34.193058],[-118.148396,34.193091],[-118.148364,34.193169],[-118.148249,34.193136]]]]},"properties":{"occupancy":"Residential"}},{"type":"Feature","geometry":{"type":"MultiPolygon","coordinates":[[[[-118.149741,34.193212],[-118.149792,34.193095],[-118.149926,34.193135],[-118.149902,34.193192],[-118.14988,34.193185],[-118.149853,34.193246],[-118.149741,34.193212]]]]},"properties":{"occupancy":"Residential"}},{"type":"Feature","geometry":{"type":"MultiPolygon","coordinates":[[[[-118.148188,34.193279],[-118.148236,34.193161],[-118.148374,34.1932],[-118.14836,34.193235],[-118.14834,34.19323],[-118.148306,34.193312],[-118.148188,34.193279]]]]},"properties":{"occupancy":"Residential"}},{"type":"Feature","geometry":{"type":"MultiPolygon","coordinates":[[[[-118.148635,34.193343],[-118.148687,34.193221],[-118.148797,34.193253],[-118.148745,34.193375],[-118.148635,34.193343]]]]},"properties":{"occupancy":"Residential"}},{"type":"Feature","geometry":{"type":"MultiPolygon","coordinates":[[[[-118.148805,34.193411],[-118.14886,34.193285],[-118.148956,34.193314],[-118.148901,34.19344],[-118.148805,34.193411]]]]},"properties":{"occupancy":"Residential"}},{"type":"Feature","geometry":{"type":"MultiPolygon","coordinates":[[[[-118.148127,34.193397],[-118.148165,34.193304],[-118.148285,34.193338],[-118.148247,34.193431],[-118.148127,34.193397]]]]},"properties":{"occupancy":"Residential"}},{"type":"Feature","geometry":{"type":"MultiPolygon","coordinates":[[[[-118.148972,34.193424],[-118.149017,34.193324],[-118.149065,34.193339],[-118.149049,34.193376],[-118.149103,34.193392],[-118.149075,34.193456],[-118.148972,34.193424]]]]},"properties":{"occupancy":"Residential"}},{"type":"Feature","geometry":{"type":"MultiPolygon","coordinates":[[[[-118.149107,34.193485],[-118.149149,34.193391],[-118.14927,34.193428],[-118.149227,34.193522],[-118.149107,34.193485]]]]},"properties":{"occupancy":"Residential"}},{"type":"Feature","geometry":{"type":"MultiPolygon","coordinates":[[[[-118.149289,34.193513],[-118.149311,34.193463],[-118.149392,34.193488],[-118.14937,34.193538],[-118.149289,34.193513]]]]},"properties":{"occupancy":"Residential"}},{"type":"Feature","geometry":{"type":"MultiPolygon","coordinates":[[[[-118.150677,34.193009],[-118.150724,34.192894],[-118.150805,34.192916],[-118.150758,34.193032],[-118.150677,34.193009]]]]},"properties":{"occupancy":"Residential"}},{"type":"Feature","geometry":{"type":"MultiPolygon","coordinates":[[[[-118.150787,34.193058],[-118.150835,34.19294],[-118.150924,34.192965],[-118.150876,34.193083],[-118.150787,34.193058]]]]},"properties":{"occupancy":"Residential"}},{"type":"Feature","geometry":{"type":"MultiPolygon","coordinates":[[[[-118.150868,34.19315],[-118.150937,34.192976],[-118.15104,34.193005],[-118.150997,34.193114],[-118.150957,34.193103],[-118.150931,34.193167],[-118.150868,34.19315]]]]},"properties":{"occupancy":"Residential"}},{"type":"Feature","geometry":{"type":"MultiPolygon","coordinates":[[[[-118.151019,34.193154],[-118.151072,34.193018],[-118.151171,34.193045],[-118.151118,34.193181],[-118.151019,34.193154]]]]},"properties":{"occupancy":"Residential"}},{"type":"Feature","geometry":{"type":"MultiPolygon","coordinates":[[[[-118.151176,34.193149],[-118.151214,34.193052],[-118.151302,34.193075],[-118.151264,34.193174],[-118.151176,34.19315],[-118.151176,34.193149]]]]},"properties":{"occupancy":"Residential"}},{"type":"Feature","geometry":{"type":"MultiPolygon","coordinates":[[[[-118.151991,34.193197],[-118.152032,34.193093],[-118.1522,34.193139],[-118.152158,34.193243],[-118.151991,34.193197]]]]},"properties":{"occupancy":"Residential"}},{"type":"Feature","geometry":{"type":"MultiPolygon","coordinates":[[[[-118.151306,34.193197],[-118.151343,34.1931],[-118.151398,34.193115],[-118.151361,34.193212],[-118.151306,34.193197]]]]},"properties":{"occupancy":"Residential"}},{"type":"Feature","geometry":{"type":"MultiPolygon","coordinates":[[[[-118.151399,34.193249],[-118.151449,34.193121],[-118.151546,34.193147],[-118.151497,34.193275],[-118.151399,34.193249]]]]},"properties":{"occupancy":"Residential"}},{"type":"Feature","geometry":{"type":"MultiPolygon","coordinates":[[[[-118.151784,34.193296],[-118.151823,34.193198],[-118.151902,34.193219],[-118.151864,34.193318],[-118.151784,34.193296]]]]},"properties":{"occupancy":"Residential"}},{"type":"Feature","geometry":{"type":"MultiPolygon","coordinates":[[[[-118.151393,34.193422],[-118.151359,34.193412],[-118.151404,34.193294],[-118.151563,34.193336],[-118.151534,34.193411],[-118.151444,34.193387],[-118.151432,34.193419],[-118.151414,34.193414],[-118.151408,34.193413],[-118.151402,34.193414],[-118.151397,34.193417],[-118.151393,34.193422]]]]},"properties":{"occupancy":"Residential"}},{"type":"Feature","geometry":{"type":"MultiPolygon","coordinates":[[[[-118.15172,34.193388],[-118.151744,34.193325],[-118.151829,34.193347],[-118.151804,34.19341],[-118.15172,34.193388]]]]},"properties":{"occupancy":"Residential"}},{"type":"Feature","geometry":{"type":"MultiPolygon","coordinates":[[[[-118.15193,34.19343],[-118.151966,34.19335],[-118.152085,34.193387],[-118.152049,34.193467],[-118.15193,34.19343]]]]},"properties":{"occupancy":"Residential"}},{"type":"Feature","geometry":{"type":"MultiPolygon","coordinates":[[[[-118.150704,34.193507],[-118.150736,34.19343],[-118.150792,34.193446],[-118.150813,34.193395],[-118.150857,34.193408],[-118.150804,34.193536],[-118.150704,34.193507]]]]},"properties":{"occupancy":"Residential"}},{"type":"Feature","geometry":{"type":"MultiPolygon","coordinates":[[[[-118.150866,34.193561],[-118.150928,34.193409],[-118.151009,34.193432],[-118.150946,34.193583],[-118.150866,34.193561]]]]},"properties":{"occupancy":"Residential"}},{"type":"Feature","geometry":{"type":"MultiPolygon","coordinates":[[[[-118.151408,34.193428],[-118.151409,34.193427],[-118.15141,34.193427],[-118.15152,34.193457],[-118.151492,34.193527],[-118.151381,34.193497],[-118.151408,34.193428]]]]},"properties":{"occupancy":"Residential"}},{"type":"Feature","geometry":{"type":"MultiPolygon","coordinates":[[[[-118.15204,34.193549],[-118.152061,34.193493],[-118.152145,34.193515],[-118.152124,34.193571],[-118.15204,34.193549]]]]},"properties":{"occupancy":"Residential"}},{"type":"Feature","geometry":{"type":"MultiPolygon","coordinates":[[[[-118.151125,34.193646],[-118.151185,34.193497],[-118.151248,34.193515],[-118.15124,34.193535],[-118.151304,34.193554],[-118.151267,34.193644],[-118.151194,34.193624],[-118.151178,34.193661],[-118.151125,34.193646]]]]},"properties":{"occupancy":"Residential"}},{"type":"Feature","geometry":{"type":"MultiPolygon","coordinates":[[[[-118.151299,34.193701],[-118.15134,34.193596],[-118.151426,34.19362],[-118.151385,34.193725],[-118.151299,34.193701]]]]},"properties":{"occupancy":"Residential"}},{"type":"Feature","geometry":{"type":"MultiPolygon","coordinates":[[[[-118.149586,34.193626],[-118.149629,34.193529],[-118.149725,34.193558],[-118.149683,34.193655],[-118.149586,34.193626]]]]},"properties":{"occupancy":"Residential"}},{"type":"Feature","geometry":{"type":"MultiPolygon","coordinates":[[[[-118.149715,34.193748],[-118.149789,34.193574],[-118.149869,34.193598],[-118.149795,34.193772],[-118.149715,34.193748]]]]},"properties":{"occupancy":"Residential"}},{"type":"Feature","geometry":{"type":"MultiPolygon","coordinates":[[[[-118.149886,34.193733],[-118.149929,34.193629],[-118.15003,34.193659],[-118.149987,34.193762],[-118.149886,34.193733]]]]},"properties":{"occupancy":"Residential"}},{"type":"Feature","geometry":{"type":"MultiPolygon","coordinates":[[[[-118.150015,34.193833],[-118.150084,34.193666],[-118.150193,34.193697],[-118.150124,34.193864],[-118.150015,34.193833]]]]},"properties":{"occupancy":"Residential"}},{"type":"Feature","geometry":{"type":"MultiPolygon","coordinates":[[[[-118.150176,34.193878],[-118.1502,34.19382],[-118.150178,34.193813],[-118.150223,34.193704],[-118.150327,34.193733],[-118.150282,34.19384],[-118.150255,34.193832],[-118.150229,34.193893],[-118.150176,34.193878]]]]},"properties":{"occupancy":"Residential"}},{"type":"Feature","geometry":{"type":"MultiPolygon","coordinates":[[[[-118.150324,34.193901],[-118.150389,34.193748],[-118.150437,34.193761],[-118.15041,34.193826],[-118.150481,34.193847],[-118.150443,34.193936],[-118.150324,34.193901]]]]},"properties":{"occupancy":"Residential"}},{"type":"Feature","geometry":{"type":"MultiPolygon","coordinates":[[[[-118.149574,34.193941],[-118.149613,34.19385],[-118.149676,34.193869],[-118.149653,34.193923],[-118.149648,34.193926],[-118.149645,34.19393],[-118.149645,34.19393],[-118.149633,34.193959],[-118.149574,34.193941]]]]},"properties":{"occupancy":"Residential"}},{"type":"Feature","geometry":{"type":"MultiPolygon","coordinates":[[[[-118.14966,34.193936],[-118.14966,34.193935],[-118.149733,34.193957],[-118.149711,34.194008],[-118.149638,34.193987],[-118.14966,34.193936]]]]},"properties":{"occupancy":"Residential"}},{"type":"Feature","geometry":{"type":"MultiPolygon","coordinates":[[[[-118.14997,34.194054],[-118.149992,34.194003],[-118.150128,34.194043],[-118.150107,34.194094],[-118.14997,34.194054]]]]},"properties":{"occupancy":"Residential"}},{"type":"Feature","geometry":{"type":"MultiPolygon","coordinates":[[[[-118.149547,34.194108],[-118.149592,34.194002],[-118.149683,34.194028],[-118.149637,34.194135],[-118.149547,34.194108]]]]},"properties":{"occupancy":"Residential"}},{"type":"Feature","geometry":{"type":"MultiPolygon","coordinates":[[[[-118.149682,34.19415],[-118.14972,34.194061],[-118.149835,34.194095],[-118.149797,34.194184],[-118.149682,34.19415]]]]},"properties":{"occupancy":"Residential"}},{"type":"Feature","geometry":{"type":"MultiPolygon","coordinates":[[[[-118.149818,34.194202],[-118.149865,34.19409],[-118.14998,34.194123],[-118.149933,34.194235],[-118.149818,34.194202]]]]},"properties":{"occupancy":"Residential"}},{"type":"Feature","geometry":{"type":"MultiPolygon","coordinates":[[[[-118.149992,34.194253],[-118.150029,34.194166],[-118.150081,34.194181],[-118.150091,34.194159],[-118.150157,34.194178],[-118.150111,34.194288],[-118.149992,34.194253]]]]},"properties":{"occupancy":"Residential"}},{"type":"Feature","geometry":{"type":"MultiPolygon","coordinates":[[[[-118.150304,34.194355],[-118.15036,34.19421],[-118.150473,34.19425],[-118.150429,34.194341],[-118.150519,34.194361],[-118.150491,34.194409],[-118.150304,34.194355]]]]},"properties":{"occupancy":"Residential"}},{"type":"Feature","geometry":{"type":"MultiPolygon","coordinates":[[[[-118.15014,34.194301],[-118.150168,34.194219],[-118.150307,34.194259],[-118.150264,34.194346],[-118.15014,34.194301]]]]},"properties":{"occupancy":"Residential"}},{"type":"Feature","geometry":{"type":"MultiPolygon","coordinates":[[[[-118.149511,34.194587],[-118.149557,34.194484],[-118.149643,34.194511],[-118.149597,34.194614],[-118.149511,34.194587]]]]},"properties":{"occupancy":"Residential"}},{"type":"Feature","geometry":{"type":"MultiPolygon","coordinates":[[[[-118.149639,34.194628],[-118.149682,34.194523],[-118.149762,34.194546],[-118.149778,34.194507],[-118.14982,34.194518],[-118.14976,34.194663],[-118.149639,34.194628]]]]},"properties":{"occupancy":"Residential"}},{"type":"Feature","geometry":{"type":"MultiPolygon","coordinates":[[[[-118.149811,34.194654],[-118.149848,34.194565],[-118.149954,34.194596],[-118.149918,34.194684],[-118.149811,34.194654]]]]},"properties":{"occupancy":"Residential"}},{"type":"Feature","geometry":{"type":"MultiPolygon","coordinates":[[[[-118.149961,34.194701],[-118.149989,34.194634],[-118.150035,34.194648],[-118.150043,34.194626],[-118.150122,34.194649],[-118.150085,34.194736],[-118.149961,34.194701]]]]},"properties":{"occupancy":"Residential"}},{"type":"Feature","geometry":{"type":"MultiPolygon","coordinates":[[[[-118.150165,34.194751],[-118.150194,34.19468],[-118.150361,34.194728],[-118.150331,34.194799],[-118.150165,34.194751]]]]},"properties":{"occupancy":"Residential"}},{"type":"Feature","geometry":{"type":"MultiPolygon","coordinates":[[[[-118.150418,34.194863],[-118.150455,34.194776],[-118.15056,34.194806],[-118.150523,34.194893],[-118.150418,34.194863]]]]},"properties":{"occupancy":"Residential"}},{"type":"Feature","geometry":{"type":"MultiPolygon","coordinates":[[[[-118.150546,34.194922],[-118.150589,34.194819],[-118.150692,34.194849],[-118.150649,34.194952],[-118.150546,34.194922]]]]},"properties":{"occupancy":"Residential"}},{"type":"Feature","geometry":{"type":"MultiPolygon","coordinates":[[[[-118.149878,34.195003],[-118.149899,34.194951],[-118.149987,34.194976],[-118.149966,34.195027],[-118.149878,34.195003]]]]},"properties":{"occupancy":"Residential"}},{"type":"Feature","geometry":{"type":"MultiPolygon","coordinates":[[[[-118.149595,34.195083],[-118.149642,34.194968],[-118.149733,34.194994],[-118.149686,34.195109],[-118.149595,34.195083]]]]},"properties":{"occupancy":"Residential"}},{"type":"Feature","geometry":{"type":"MultiPolygon","coordinates":[[[[-118.149745,34.195095],[-118.149767,34.195041],[-118.149891,34.195076],[-118.149853,34.19517],[-118.149781,34.195149],[-118.149797,34.19511],[-118.149745,34.195095]]]]},"properties":{"occupancy":"Residential"}},{"type":"Feature","geometry":{"type":"MultiPolygon","coordinates":[[[[-118.150267,34.195146],[-118.150294,34.195081],[-118.150354,34.195098],[-118.150328,34.195163],[-118.150267,34.195146]]]]},"properties":{"occupancy":"Residential"}},{"type":"Feature","geometry":{"type":"MultiPolygon","coordinates":[[[[-118.150393,34.195224],[-118.150444,34.195101],[-118.150593,34.195144],[-118.150567,34.195205],[-118.150485,34.195181],[-118.150459,34.195244],[-118.150393,34.195224]]]]},"properties":{"occupancy":"Residential"}},{"type":"Feature","geometry":{"type":"MultiPolygon","coordinates":[[[[-118.149911,34.195192],[-118.149955,34.195107],[-118.150031,34.195134],[-118.149987,34.195219],[-118.149911,34.195192]]]]},"properties":{"occupancy":"Residential"}},{"type":"Feature","geometry":{"type":"MultiPolygon","coordinates":[[[[-118.150066,34.195262],[-118.150107,34.19516],[-118.150211,34.19519],[-118.150169,34.195291],[-118.150066,34.195262]]]]},"properties":{"occupancy":"Residential"}},{"type":"Feature","geometry":{"type":"MultiPolygon","coordinates":[[[[-118.150504,34.195398],[-118.150553,34.195284],[-118.150656,34.195314],[-118.150608,34.195428],[-118.150504,34.195398]]]]},"properties":{"occupancy":"Residential"}},{"type":"Feature","geometry":{"type":"MultiPolygon","coordinates":[[[[-118.150222,34.194965],[-118.150242,34.1949],[-118.150385,34.19493],[-118.150365,34.194995],[-118.150222,34.194965]]]]},"properties":{"occupancy":"Residential"}},{"type":"Feature","geometry":{"type":"MultiPolygon","coordinates":[[[[-118.150213,34.195361],[-118.150307,34.195176],[-118.150382,34.195202],[-118.150287,34.195387],[-118.150213,34.195361]]]]},"properties":{"occupancy":"Residential"}},{"type":"Feature","geometry":{"type":"MultiPolygon","coordinates":[[[[-118.149437,34.193576],[-118.149475,34.193491],[-118.149561,34.193518],[-118.149524,34.193601],[-118.149456,34.193755],[-118.149404,34.193738],[-118.149471,34.193587],[-118.149437,34.193576]]]]},"properties":{"occupancy":"Residential"}},{"type":"Feature","geometry":{"type":"MultiPolygon","coordinates":[[[[-118.148557,34.193569],[-118.148585,34.193502],[-118.148703,34.193537],[-118.148676,34.193603],[-118.148557,34.193569]]]]},"properties":{"occupancy":"Residential"}},{"type":"Feature","geometry":{"type":"MultiPolygon","coordinates":[[[[-118.148407,34.193733],[-118.148448,34.193634],[-118.148591,34.193675],[-118.148549,34.193775],[-118.148407,34.193733]]]]},"properties":{"occupancy":"Residential"}},{"type":"Feature","geometry":{"type":"MultiPolygon","coordinates":[[[[-118.149448,34.193851],[-118.149524,34.193679],[-118.149565,34.193692],[-118.149489,34.193864],[-118.149448,34.193851]]]]},"properties":{"occupancy":"Residential"}},{"type":"Feature","geometry":{"type":"MultiPolygon","coordinates":[[[[-118.148604,34.19381],[-118.148639,34.193728],[-118.148699,34.193746],[-118.148715,34.193708],[-118.148766,34.193723],[-118.148714,34.193842],[-118.148604,34.19381]]]]},"properties":{"occupancy":"Residential"}},{"type":"Feature","geometry":{"type":"MultiPolygon","coordinates":[[[[-118.149111,34.193799],[-118.149141,34.193734],[-118.149216,34.193757],[-118.149187,34.193822],[-118.149111,34.193799]]]]},"properties":{"occupancy":"Residential"}},{"type":"Feature","geometry":{"type":"MultiPolygon","coordinates":[[[[-118.148801,34.193786],[-118.148873,34.193755],[-118.148924,34.19377],[-118.148869,34.193897],[-118.148766,34.193866],[-118.148801,34.193786]]]]},"properties":{"occupancy":"Residential"}},{"type":"Feature","geometry":{"type":"MultiPolygon","coordinates":[[[[-118.148914,34.193914],[-118.148966,34.193798],[-118.149075,34.193831],[-118.149023,34.193948],[-118.148914,34.193914]]]]},"properties":{"occupancy":"Residential"}},{"type":"Feature","geometry":{"type":"MultiPolygon","coordinates":[[[[-118.149229,34.194004],[-118.149274,34.193902],[-118.149346,34.193924],[-118.149324,34.193972],[-118.149356,34.193982],[-118.149332,34.194036],[-118.149229,34.194004]]]]},"properties":{"occupancy":"Residential"}},{"type":"Feature","geometry":{"type":"MultiPolygon","coordinates":[[[[-118.149355,34.194075],[-118.149423,34.193921],[-118.149554,34.19396],[-118.149511,34.194058],[-118.149484,34.19405],[-118.149459,34.194106],[-118.149355,34.194075]]]]},"properties":{"occupancy":"Residential"}},{"type":"Feature","geometry":{"type":"MultiPolygon","coordinates":[[[[-118.148237,34.194134],[-118.148262,34.194074],[-118.148407,34.194116],[-118.148329,34.194301],[-118.148257,34.194281],[-118.148277,34.194233],[-118.148237,34.194134]]]]},"properties":{"occupancy":"Residential"}},{"type":"Feature","geometry":{"type":"MultiPolygon","coordinates":[[[[-118.148425,34.194215],[-118.148466,34.19412],[-118.148574,34.194152],[-118.148533,34.194247],[-118.148425,34.194215]]]]},"properties":{"occupancy":"Residential"}},{"type":"Feature","geometry":{"type":"MultiPolygon","coordinates":[[[[-118.148571,34.194255],[-118.148613,34.194159],[-118.148737,34.194196],[-118.148668,34.194356],[-118.148604,34.194337],[-118.148632,34.194273],[-118.148571,34.194255]]]]},"properties":{"occupancy":"Residential"}},{"type":"Feature","geometry":{"type":"MultiPolygon","coordinates":[[[[-118.148714,34.194316],[-118.148755,34.194223],[-118.148846,34.19425],[-118.148805,34.194344],[-118.148714,34.194316]]]]},"properties":{"occupancy":"Residential"}},{"type":"Feature","geometry":{"type":"MultiPolygon","coordinates":[[[[-118.14886,34.19434],[-118.148893,34.194266],[-118.149008,34.194301],[-118.148976,34.194375],[-118.14886,34.19434]]]]},"properties":{"occupancy":"Residential"}},{"type":"Feature","geometry":{"type":"MultiPolygon","coordinates":[[[[-118.149023,34.19444],[-118.149075,34.194322],[-118.149187,34.194356],[-118.149136,34.194474],[-118.149023,34.19444]]]]},"properties":{"occupancy":"Residential"}},{"type":"Feature","geometry":{"type":"MultiPolygon","coordinates":[[[[-118.149192,34.19445],[-118.149227,34.194368],[-118.149345,34.194403],[-118.14931,34.194485],[-118.149308,34.194485],[-118.149192,34.19445]]]]},"properties":{"occupancy":"Residential"}},{"type":"Feature","geometry":{"type":"MultiPolygon","coordinates":[[[[-118.14934,34.194541],[-118.149394,34.194415],[-118.149508,34.194448],[-118.149489,34.194494],[-118.149465,34.194487],[-118.149431,34.194568],[-118.14934,34.194541]]]]},"properties":{"occupancy":"Residential"}},{"type":"Feature","geometry":{"type":"MultiPolygon","coordinates":[[[[-118.148192,34.19463],[-118.148267,34.194459],[-118.148364,34.194488],[-118.148288,34.194659],[-118.148192,34.19463]]]]},"properties":{"occupancy":"Residential"}},{"type":"Feature","geometry":{"type":"MultiPolygon","coordinates":[[[[-118.148364,34.194671],[-118.148386,34.194604],[-118.148503,34.194631],[-118.148481,34.194698],[-118.148364,34.194671]]]]},"properties":{"occupancy":"Residential"}},{"type":"Feature","geometry":{"type":"MultiPolygon","coordinates":[[[[-118.148515,34.194724],[-118.148551,34.19464],[-118.148667,34.194674],[-118.148631,34.194758],[-118.148515,34.194724]]]]},"properties":{"occupancy":"Residential"}},{"type":"Feature","geometry":{"type":"MultiPolygon","coordinates":[[[[-118.148683,34.194771],[-118.148738,34.194645],[-118.148827,34.194671],[-118.148772,34.194798],[-118.148683,34.194772],[-118.148683,34.194771]]]]},"properties":{"occupancy":"Residential"}},{"type":"Feature","geometry":{"type":"MultiPolygon","coordinates":[[[[-118.14881,34.194842],[-118.148877,34.194685],[-118.149015,34.194725],[-118.148949,34.194883],[-118.14881,34.194842]]]]},"properties":{"occupancy":"Residential"}},{"type":"Feature","geometry":{"type":"MultiPolygon","coordinates":[[[[-118.149286,34.194784],[-118.149319,34.194704],[-118.149381,34.194722],[-118.149348,34.194801],[-118.149286,34.194784]]]]},"properties":{"occupancy":"Residential"}},{"type":"Feature","geometry":{"type":"MultiPolygon","coordinates":[[[[-118.148985,34.194879],[-118.149031,34.194762],[-118.149135,34.194791],[-118.14909,34.194907],[-118.148985,34.194879]]]]},"properties":{"occupancy":"Residential"}},{"type":"Feature","geometry":{"type":"MultiPolygon","coordinates":[[[[-118.149431,34.19484],[-118.149461,34.194769],[-118.149522,34.194786],[-118.149493,34.194858],[-118.149431,34.19484]]]]},"properties":{"occupancy":"Residential"}},{"type":"Feature","geometry":{"type":"MultiPolygon","coordinates":[[[[-118.149122,34.194936],[-118.149164,34.194836],[-118.149276,34.194868],[-118.149234,34.194968],[-118.149122,34.194936]]]]},"properties":{"occupancy":"Residential"}},{"type":"Feature","geometry":{"type":"MultiPolygon","coordinates":[[[[-118.149271,34.194981],[-118.149303,34.194904],[-118.149409,34.194935],[-118.149377,34.195012],[-118.149271,34.194981]]]]},"properties":{"occupancy":"Residential"}},{"type":"Feature","geometry":{"type":"MultiPolygon","coordinates":[[[[-118.149437,34.195043],[-118.149469,34.194965],[-118.149566,34.194992],[-118.149534,34.19507],[-118.149437,34.195043]]]]},"properties":{"occupancy":"Residential"}},{"type":"Feature","geometry":{"type":"MultiPolygon","coordinates":[[[[-118.148227,34.195196],[-118.148269,34.195099],[-118.148331,34.195117],[-118.148357,34.195056],[-118.148429,34.195078],[-118.148362,34.195235],[-118.148227,34.195196]]]]},"properties":{"occupancy":"Residential"}},{"type":"Feature","geometry":{"type":"MultiPolygon","coordinates":[[[[-118.148519,34.195237],[-118.148481,34.195227],[-118.148464,34.195267],[-118.148399,34.195249],[-118.148438,34.195154],[-118.148471,34.195163],[-118.148493,34.195109],[-118.148564,34.195129],[-118.148558,34.195143],[-118.148651,34.195169],[-118.14858,34.19534],[-118.148488,34.195314],[-118.148519,34.195237]]]]},"properties":{"occupancy":"Residential"}},{"type":"Feature","geometry":{"type":"MultiPolygon","coordinates":[[[[-118.148907,34.195469],[-118.148987,34.195269],[-118.149047,34.195286],[-118.149026,34.195338],[-118.149065,34.195349],[-118.149006,34.195496],[-118.148907,34.195469]]]]},"properties":{"occupancy":"Residential"}},{"type":"Feature","geometry":{"type":"MultiPolygon","coordinates":[[[[-118.149043,34.19551],[-118.149118,34.195323],[-118.149239,34.195357],[-118.149189,34.195482],[-118.149158,34.195473],[-118.149133,34.195535],[-118.149043,34.19551]]]]},"properties":{"occupancy":"Residential"}},{"type":"Feature","geometry":{"type":"MultiPolygon","coordinates":[[[[-118.149305,34.195466],[-118.149332,34.195402],[-118.149472,34.195441],[-118.149401,34.195615],[-118.149305,34.195588],[-118.149349,34.195479],[-118.149305,34.195466]]]]},"properties":{"occupancy":"Residential"}},{"type":"Feature","geometry":{"type":"MultiPolygon","coordinates":[[[[-118.148735,34.194502],[-118.14868,34.194471],[-118.148756,34.194379],[-118.148812,34.194411],[-118.148735,34.194502]]]]},"properties":{"occupancy":"Residential"}},{"type":"Feature","geometry":{"type":"MultiPolygon","coordinates":[[[[-118.149083,34.194501],[-118.149188,34.194485],[-118.149198,34.194529],[-118.149092,34.194545],[-118.149083,34.194501]]]]},"properties":{"occupancy":"Residential"}},{"type":"Feature","geometry":{"type":"MultiPolygon","coordinates":[[[[-118.148775,34.194585],[-118.148836,34.194562],[-118.14888,34.194644],[-118.148818,34.194666],[-118.148775,34.194585]]]]},"properties":{"occupancy":"Residential"}},{"type":"Feature","geometry":{"type":"MultiPolygon","coordinates":[[[[-118.14908,34.194609],[-118.149225,34.194689],[-118.149167,34.194763],[-118.149021,34.194684],[-118.14908,34.194609]]]]},"properties":{"occupancy":"Residential"}},{"type":"Feature","geometry":{"type":"MultiPolygon","coordinates":[[[[-118.148655,34.195265],[-118.148754,34.195324],[-118.148723,34.19536],[-118.148624,34.195302],[-118.148655,34.195265]]]]},"properties":{"occupancy":"Residential"}},{"type":"Feature","geometry":{"type":"MultiPolygon","coordinates":[[[[-118.148341,34.195469],[-118.148112,34.195405],[-118.148138,34.195341],[-118.148367,34.195405],[-118.148341,34.195469]]]]},"properties":{"occupancy":"Residential"}},{"type":"Feature","geometry":{"type":"MultiPolygon","coordinates":[[[[-118.148764,34.195481],[-118.148595,34.195443],[-118.148623,34.195357],[-118.148792,34.195395],[-118.148764,34.195481]]]]},"properties":{"occupancy":"Residential"}},{"type":"Feature","geometry":{"type":"MultiPolygon","coordinates":[[[[-118.148171,34.195629],[-118.148246,34.195536],[-118.148291,34.195561],[-118.148216,34.195653],[-118.148171,34.195629]]]]},"properties":{"occupancy":"Residential"}},{"type":"Feature","geometry":{"type":"MultiPolygon","coordinates":[[[[-118.151622,34.193885],[-118.151672,34.193751],[-118.1518,34.193783],[-118.15175,34.193918],[-118.151622,34.193885]]]]},"properties":{"occupancy":"Residential"}},{"type":"Feature","geometry":{"type":"MultiPolygon","coordinates":[[[[-118.15198,34.193909],[-118.152,34.19379],[-118.152113,34.193803],[-118.152093,34.193922],[-118.15198,34.193909]]]]},"properties":{"occupancy":"Residential"}},{"type":"Feature","geometry":{"type":"MultiPolygon","coordinates":[[[[-118.151781,34.1939],[-118.151832,34.193808],[-118.151917,34.19384],[-118.151867,34.193932],[-118.151781,34.1939]]]]},"properties":{"occupancy":"Residential"}},{"type":"Feature","geometry":{"type":"MultiPolygon","coordinates":[[[[-118.150469,34.193955],[-118.150529,34.193814],[-118.15063,34.193844],[-118.15059,34.193938],[-118.150571,34.193933],[-118.150551,34.193979],[-118.150469,34.193955]]]]},"properties":{"occupancy":"Residential"}},{"type":"Feature","geometry":{"type":"MultiPolygon","coordinates":[[[[-118.15064,34.193948],[-118.150682,34.193851],[-118.150771,34.193878],[-118.150754,34.193917],[-118.150774,34.193923],[-118.150749,34.19398],[-118.15064,34.193948]]]]},"properties":{"occupancy":"Residential"}},{"type":"Feature","geometry":{"type":"MultiPolygon","coordinates":[[[[-118.150768,34.194058],[-118.150831,34.193913],[-118.150939,34.193946],[-118.150877,34.19409],[-118.150768,34.194058]]]]},"properties":{"occupancy":"Residential"}},{"type":"Feature","geometry":{"type":"MultiPolygon","coordinates":[[[[-118.150966,34.194093],[-118.151025,34.193958],[-118.151122,34.193988],[-118.151063,34.194122],[-118.150966,34.194093]]]]},"properties":{"occupancy":"Residential"}},{"type":"Feature","geometry":{"type":"MultiPolygon","coordinates":[[[[-118.151955,34.194031],[-118.151978,34.193967],[-118.152061,34.193988],[-118.152038,34.194052],[-118.151955,34.194031]]]]},"properties":{"occupancy":"Residential"}},{"type":"Feature","geometry":{"type":"MultiPolygon","coordinates":[[[[-118.151123,34.19411],[-118.151171,34.194003],[-118.151273,34.194034],[-118.151225,34.194142],[-118.151123,34.19411]]]]},"properties":{"occupancy":"Residential"}},{"type":"Feature","geometry":{"type":"MultiPolygon","coordinates":[[[[-118.151597,34.194096],[-118.15163,34.19401],[-118.151736,34.194038],[-118.15173,34.194053],[-118.15173,34.194054],[-118.151704,34.194124],[-118.151597,34.194096]]]]},"properties":{"occupancy":"Residential"}},{"type":"Feature","geometry":{"type":"MultiPolygon","coordinates":[[[[-118.151746,34.194057],[-118.151762,34.194016],[-118.151873,34.194044],[-118.151857,34.194086],[-118.151746,34.194057]]]]},"properties":{"occupancy":"Residential"}},{"type":"Feature","geometry":{"type":"MultiPolygon","coordinates":[[[[-118.151524,34.194215],[-118.151555,34.194134],[-118.151674,34.194165],[-118.151643,34.194246],[-118.151524,34.194215]]]]},"properties":{"occupancy":"Residential"}},{"type":"Feature","geometry":{"type":"MultiPolygon","coordinates":[[[[-118.150648,34.194298],[-118.150673,34.19424],[-118.150752,34.194264],[-118.150728,34.194321],[-118.150648,34.194298]]]]},"properties":{"occupancy":"Residential"}},{"type":"Feature","geometry":{"type":"MultiPolygon","coordinates":[[[[-118.151407,34.194423],[-118.151463,34.194301],[-118.151538,34.194325],[-118.151481,34.194447],[-118.151407,34.194423]]]]},"properties":{"occupancy":"Residential"}},{"type":"Feature","geometry":{"type":"MultiPolygon","coordinates":[[[[-118.151558,34.194463],[-118.151602,34.194351],[-118.1517,34.194377],[-118.151657,34.19449],[-118.151558,34.194463]]]]},"properties":{"occupancy":"Residential"}},{"type":"Feature","geometry":{"type":"MultiPolygon","coordinates":[[[[-118.15061,34.194471],[-118.15066,34.194354],[-118.150769,34.194386],[-118.150719,34.194502],[-118.15061,34.194471]]]]},"properties":{"occupancy":"Residential"}},{"type":"Feature","geometry":{"type":"MultiPolygon","coordinates":[[[[-118.150756,34.194482],[-118.15079,34.194401],[-118.150891,34.194431],[-118.150857,34.194511],[-118.150756,34.194482]]]]},"properties":{"occupancy":"Residential"}},{"type":"Feature","geometry":{"type":"MultiPolygon","coordinates":[[[[-118.151716,34.194521],[-118.151756,34.194432],[-118.151858,34.194463],[-118.151818,34.194553],[-118.151716,34.194521]]]]},"properties":{"occupancy":"Residential"}},{"type":"Feature","geometry":{"type":"MultiPolygon","coordinates":[[[[-118.151859,34.194557],[-118.151898,34.194462],[-118.152006,34.194493],[-118.151967,34.194587],[-118.151859,34.194557]]]]},"properties":{"occupancy":"Residential"}},{"type":"Feature","geometry":{"type":"MultiPolygon","coordinates":[[[[-118.150898,34.194574],[-118.150933,34.194488],[-118.151017,34.194511],[-118.150981,34.194598],[-118.150898,34.194574]]]]},"properties":{"occupancy":"Residential"}},{"type":"Feature","geometry":{"type":"MultiPolygon","coordinates":[[[[-118.152016,34.194618],[-118.152066,34.1945],[-118.152165,34.194529],[-118.152115,34.194647],[-118.152115,34.194647],[-118.152016,34.194618]]]]},"properties":{"occupancy":"Residential"}},{"type":"Feature","geometry":{"type":"MultiPolygon","coordinates":[[[[-118.149398,34.195711],[-118.149439,34.195611],[-118.149589,34.195653],[-118.149571,34.195697],[-118.149491,34.195674],[-118.149468,34.195731],[-118.149398,34.195711]]]]},"properties":{"occupancy":"Residential"}},{"type":"Feature","geometry":{"type":"MultiPolygon","coordinates":[[[[-118.14913,34.195688],[-118.149155,34.195629],[-118.149243,34.195654],[-118.149219,34.195714],[-118.14913,34.195688]]]]},"properties":{"occupancy":"Residential"}},{"type":"Feature","geometry":{"type":"MultiPolygon","coordinates":[[[[-118.148777,34.195829],[-118.148803,34.195763],[-118.148868,34.195782],[-118.148841,34.195847],[-118.148777,34.195829]]]]},"properties":{"occupancy":"Residential"}},{"type":"Feature","geometry":{"type":"MultiPolygon","coordinates":[[[[-118.148196,34.195855],[-118.148231,34.195771],[-118.14836,34.195808],[-118.148325,34.195892],[-118.148196,34.195855]]]]},"properties":{"occupancy":"Residential"}},{"type":"Feature","geometry":{"type":"MultiPolygon","coordinates":[[[[-118.148388,34.195925],[-118.148417,34.195853],[-118.148484,34.195872],[-118.1485,34.195834],[-118.14864,34.195873],[-118.148595,34.195983],[-118.148388,34.195925]]]]},"properties":{"occupancy":"Residential"}},{"type":"Feature","geometry":{"type":"MultiPolygon","coordinates":[[[[-118.148667,34.19593],[-118.148698,34.195854],[-118.14878,34.195877],[-118.148749,34.195953],[-118.148667,34.19593]]]]},"properties":{"occupancy":"Residential"}},{"type":"Feature","geometry":{"type":"MultiPolygon","coordinates":[[[[-118.148811,34.196004],[-118.148851,34.195902],[-118.148926,34.195922],[-118.148919,34.195939],[-118.148977,34.195954],[-118.14891,34.196125],[-118.148835,34.196105],[-118.148868,34.196019],[-118.148811,34.196004]]]]},"properties":{"occupancy":"Residential"}},{"type":"Feature","geometry":{"type":"MultiPolygon","coordinates":[[[[-118.149119,34.196167],[-118.149184,34.195981],[-118.149271,34.196006],[-118.149248,34.196062],[-118.149291,34.196074],[-118.14924,34.196201],[-118.149119,34.196167]]]]},"properties":{"occupancy":"Residential"}},{"type":"Feature","geometry":{"type":"MultiPolygon","coordinates":[[[[-118.148962,34.196115],[-118.148998,34.196023],[-118.149072,34.196043],[-118.149084,34.196011],[-118.149136,34.196025],[-118.149087,34.196149],[-118.148962,34.196115]]]]},"properties":{"occupancy":"Residential"}},{"type":"Feature","geometry":{"type":"MultiPolygon","coordinates":[[[[-118.149282,34.196214],[-118.149336,34.196081],[-118.149413,34.196103],[-118.149398,34.196139],[-118.149417,34.196145],[-118.149378,34.196241],[-118.149282,34.196214]]]]},"properties":{"occupancy":"Residential"}},{"type":"Feature","geometry":{"type":"MultiPolygon","coordinates":[[[[-118.148522,34.195687],[-118.148468,34.195788],[-118.148406,34.195766],[-118.148461,34.195664],[-118.148522,34.195687]]]]},"properties":{"occupancy":"Residential"}},{"type":"Feature","geometry":{"type":"MultiPolygon","coordinates":[[[[-118.151134,34.194983],[-118.151155,34.194934],[-118.151215,34.194951],[-118.151233,34.194908],[-118.151169,34.19489],[-118.151213,34.194784],[-118.151331,34.194818],[-118.15125,34.195016],[-118.151134,34.194983]]]]},"properties":{"occupancy":"Residential"}},{"type":"Feature","geometry":{"type":"MultiPolygon","coordinates":[[[[-118.151349,34.194942],[-118.151385,34.194862],[-118.151466,34.194887],[-118.15143,34.194967],[-118.151349,34.194942]]]]},"properties":{"occupancy":"Residential"}},{"type":"Feature","geometry":{"type":"MultiPolygon","coordinates":[[[[-118.150724,34.194926],[-118.150752,34.19486],[-118.150883,34.194898],[-118.150816,34.195059],[-118.150717,34.195031],[-118.150757,34.194935],[-118.150724,34.194926]]]]},"properties":{"occupancy":"Residential"}},{"type":"Feature","geometry":{"type":"MultiPolygon","coordinates":[[[[-118.151489,34.194979],[-118.151523,34.194897],[-118.151615,34.194923],[-118.151581,34.195005],[-118.151489,34.194979]]]]},"properties":{"occupancy":"Residential"}},{"type":"Feature","geometry":{"type":"MultiPolygon","coordinates":[[[[-118.151642,34.195041],[-118.151679,34.194953],[-118.151777,34.194981],[-118.151741,34.195069],[-118.151642,34.195041]]]]},"properties":{"occupancy":"Residential"}},{"type":"Feature","geometry":{"type":"MultiPolygon","coordinates":[[[[-118.151787,34.195085],[-118.15183,34.194984],[-118.15194,34.195015],[-118.151898,34.195117],[-118.151787,34.195085]]]]},"properties":{"occupancy":"Residential"}},{"type":"Feature","geometry":{"type":"MultiPolygon","coordinates":[[[[-118.15113,34.195117],[-118.151165,34.195032],[-118.151258,34.195059],[-118.151222,34.195144],[-118.151218,34.195142],[-118.15113,34.195117]]]]},"properties":{"occupancy":"Residential"}},{"type":"Feature","geometry":{"type":"MultiPolygon","coordinates":[[[[-118.151962,34.195126],[-118.151996,34.195043],[-118.152087,34.195069],[-118.152052,34.195152],[-118.151962,34.195126]]]]},"properties":{"occupancy":"Residential"}},{"type":"Feature","geometry":{"type":"MultiPolygon","coordinates":[[[[-118.151088,34.195238],[-118.151121,34.19516],[-118.151189,34.19518],[-118.151156,34.195258],[-118.151088,34.195238]]]]},"properties":{"occupancy":"Residential"}},{"type":"Feature","geometry":{"type":"MultiPolygon","coordinates":[[[[-118.150891,34.195457],[-118.150933,34.195359],[-118.150999,34.195378],[-118.151019,34.195332],[-118.151082,34.195351],[-118.15102,34.195495],[-118.150891,34.195457]]]]},"properties":{"occupancy":"Residential"}},{"type":"Feature","geometry":{"type":"MultiPolygon","coordinates":[[[[-118.151202,34.19554],[-118.151266,34.19539],[-118.151353,34.195416],[-118.151335,34.19546],[-118.151367,34.195469],[-118.151351,34.195506],[-118.151367,34.19551],[-118.151337,34.19558],[-118.151202,34.19554]]]]},"properties":{"occupancy":"Residential"}},{"type":"Feature","geometry":{"type":"MultiPolygon","coordinates":[[[[-118.151378,34.195565],[-118.151406,34.1955],[-118.151498,34.195527],[-118.151471,34.195592],[-118.151378,34.195565]]]]},"properties":{"occupancy":"Residential"}},{"type":"Feature","geometry":{"type":"MultiPolygon","coordinates":[[[[-118.15187,34.195583],[-118.151895,34.195522],[-118.151964,34.195541],[-118.15194,34.195602],[-118.15187,34.195583]]]]},"properties":{"occupancy":"Residential"}},{"type":"Feature","geometry":{"type":"MultiPolygon","coordinates":[[[[-118.151537,34.195638],[-118.151577,34.195549],[-118.151669,34.195578],[-118.151628,34.195667],[-118.151537,34.195638]]]]},"properties":{"occupancy":"Residential"}},{"type":"Feature","geometry":{"type":"MultiPolygon","coordinates":[[[[-118.151685,34.195675],[-118.151719,34.195592],[-118.151805,34.195616],[-118.151771,34.195699],[-118.151685,34.195675]]]]},"properties":{"occupancy":"Residential"}},{"type":"Feature","geometry":{"type":"MultiPolygon","coordinates":[[[[-118.151824,34.195764],[-118.151866,34.195659],[-118.15206,34.195712],[-118.152018,34.195817],[-118.151824,34.195764]]]]},"properties":{"occupancy":"Residential"}},{"type":"Feature","geometry":{"type":"MultiPolygon","coordinates":[[[[-118.150528,34.196263],[-118.150564,34.19618],[-118.150693,34.196218],[-118.150717,34.196162],[-118.15064,34.196139],[-118.150699,34.196001],[-118.150772,34.196023],[-118.150742,34.196093],[-118.150761,34.196098],[-118.150822,34.196117],[-118.150863,34.196129],[-118.150891,34.196064],[-118.150969,34.196087],[-118.15091,34.196223],[-118.150819,34.196196],[-118.150807,34.196223],[-118.150795,34.196252],[-118.150949,34.196298],[-118.150903,34.196404],[-118.150579,34.196307],[-118.15059,34.196281],[-118.150528,34.196263]]]]},"properties":{"occupancy":"Assembly"}},{"type":"Feature","geometry":{"type":"MultiPolygon","coordinates":[[[[-118.151224,34.196106],[-118.151267,34.196006],[-118.151358,34.196034],[-118.151315,34.196133],[-118.151224,34.196106]]]]},"properties":{"occupancy":"Residential"}},{"type":"Feature","geometry":{"type":"MultiPolygon","coordinates":[[[[-118.151387,34.196152],[-118.151426,34.196062],[-118.151588,34.19611],[-118.151582,34.196124],[-118.151549,34.1962],[-118.151387,34.196152]]]]},"properties":{"occupancy":"Residential"}},{"type":"Feature","geometry":{"type":"MultiPolygon","coordinates":[[[[-118.150586,34.195017],[-118.150626,34.195015],[-118.15063,34.195059],[-118.15071,34.195055],[-118.150715,34.19511],[-118.150595,34.195117],[-118.150586,34.195017]]]]},"properties":{"occupancy":"Residential"}},{"type":"Feature","geometry":{"type":"MultiPolygon","coordinates":[[[[-118.151225,34.195381],[-118.151174,34.195345],[-118.151157,34.195362],[-118.151218,34.195406],[-118.151113,34.195507],[-118.151042,34.195456],[-118.151261,34.195245],[-118.151322,34.195288],[-118.151225,34.195381]]]]},"properties":{"occupancy":"Residential"}},{"type":"Feature","geometry":{"type":"MultiPolygon","coordinates":[[[[-118.149551,34.195613],[-118.149599,34.195498],[-118.149713,34.19553],[-118.14968,34.195609],[-118.149652,34.195601],[-118.149636,34.195638],[-118.149551,34.195613]]]]},"properties":{"occupancy":"Residential"}},{"type":"Feature","geometry":{"type":"MultiPolygon","coordinates":[[[[-118.149757,34.195644],[-118.149796,34.19555],[-118.149907,34.195582],[-118.149868,34.195675],[-118.149757,34.195644]]]]},"properties":{"occupancy":"Residential"}},{"type":"Feature","geometry":{"type":"MultiPolygon","coordinates":[[[[-118.149913,34.195673],[-118.149946,34.195594],[-118.150051,34.195624],[-118.150001,34.195744],[-118.149923,34.195721],[-118.14994,34.195681],[-118.149913,34.195673]]]]},"properties":{"occupancy":"Residential"}},{"type":"Feature","geometry":{"type":"MultiPolygon","coordinates":[[[[-118.150185,34.195756],[-118.15024,34.195624],[-118.150511,34.195702],[-118.15043,34.195894],[-118.150331,34.195865],[-118.150356,34.195805],[-118.150185,34.195756]]]]},"properties":{"occupancy":"Commercial"}},{"type":"Feature","geometry":{"type":"MultiPolygon","coordinates":[[[[-118.150086,34.195714],[-118.150119,34.195637],[-118.150204,34.195661],[-118.150164,34.195756],[-118.150123,34.195744],[-118.15013,34.195727],[-118.150086,34.195714]]]]},"properties":{"occupancy":"Residential"}},{"type":"Feature","geometry":{"type":"MultiPolygon","coordinates":[[[[-118.149651,34.195787],[-118.149684,34.195706],[-118.14975,34.195725],[-118.149716,34.195806],[-118.149651,34.195787]]]]},"properties":{"occupancy":"Residential"}},{"type":"Feature","geometry":{"type":"MultiPolygon","coordinates":[[[[-118.150184,34.19605],[-118.150212,34.195982],[-118.15033,34.196015],[-118.150328,34.19602],[-118.150302,34.196083],[-118.150184,34.19605]]]]},"properties":{"occupancy":"Residential"}},{"type":"Feature","geometry":{"type":"MultiPolygon","coordinates":[[[[-118.150097,34.196182],[-118.150131,34.1961],[-118.150201,34.19612],[-118.150167,34.196202],[-118.150097,34.196182]]]]},"properties":{"occupancy":"Residential"}},{"type":"Feature","geometry":{"type":"MultiPolygon","coordinates":[[[[-118.149799,34.195805],[-118.149828,34.195743],[-118.149903,34.195766],[-118.149875,34.195829],[-118.149799,34.195805]]]]},"properties":{"occupancy":"Residential"}},{"type":"Feature","geometry":{"type":"MultiPolygon","coordinates":[[[[-118.150063,34.195831],[-118.15011,34.195852],[-118.150064,34.195921],[-118.150017,34.195899],[-118.150063,34.195831]]]]},"properties":{"occupancy":"Residential"}},{"type":"Feature","geometry":{"type":"MultiPolygon","coordinates":[[[[-118.144617,34.183137],[-118.144645,34.18307],[-118.144856,34.183132],[-118.144827,34.183198],[-118.144617,34.183137]]]]},"properties":{"occupancy":"Residential"}},{"type":"Feature","geometry":{"type":"MultiPolygon","coordinates":[[[[-118.147985,34.182689],[-118.147984,34.182642],[-118.148111,34.182641],[-118.148111,34.182688],[-118.148174,34.182688],[-118.148175,34.18274],[-118.147951,34.182742],[-118.14795,34.18269],[-118.147985,34.182689]]]]},"properties":{"occupancy":"Residential"}},{"type":"Feature","geometry":{"type":"MultiPolygon","coordinates":[[[[-118.147314,34.182662],[-118.147581,34.182655],[-118.147584,34.182737],[-118.147212,34.182746],[-118.147211,34.182717],[-118.147316,34.182715],[-118.147314,34.182662]]]]},"properties":{"occupancy":"Residential"}},{"type":"Feature","geometry":{"type":"MultiPolygon","coordinates":[[[[-118.147949,34.182796],[-118.148046,34.182794],[-118.148048,34.182887],[-118.147951,34.182889],[-118.147949,34.182796]]]]},"properties":{"occupancy":"Residential"}},{"type":"Feature","geometry":{"type":"MultiPolygon","coordinates":[[[[-118.147412,34.182813],[-118.147582,34.182808],[-118.147585,34.182881],[-118.147415,34.182886],[-118.147412,34.182813]]]]},"properties":{"occupancy":"Residential"}},{"type":"Feature","geometry":{"type":"MultiPolygon","coordinates":[[[[-118.147288,34.182923],[-118.147614,34.182914],[-118.147617,34.182997],[-118.147442,34.183002],[-118.147443,34.183013],[-118.147379,34.183015],[-118.14738,34.183029],[-118.147293,34.183032],[-118.147288,34.182923]]]]},"properties":{"occupancy":"Assembly"}},{"type":"Feature","geometry":{"type":"MultiPolygon","coordinates":[[[[-118.148099,34.182982],[-118.148186,34.18298],[-118.148188,34.183065],[-118.148101,34.183066],[-118.148099,34.182982]]]]},"properties":{"occupancy":"Residential"}},{"type":"Feature","geometry":{"type":"MultiPolygon","coordinates":[[[[-118.147922,34.182995],[-118.148027,34.182993],[-118.14803,34.183083],[-118.147924,34.183085],[-118.147922,34.182995]]]]},"properties":{"occupancy":"Residential"}},{"type":"Feature","geometry":{"type":"MultiPolygon","coordinates":[[[[-118.147698,34.183419],[-118.147785,34.183417],[-118.147791,34.183566],[-118.147783,34.183566],[-118.147703,34.183568],[-118.147698,34.183419]]]]},"properties":{"occupancy":"Residential"}},{"type":"Feature","geometry":{"type":"MultiPolygon","coordinates":[[[[-118.147601,34.183649],[-118.147599,34.183598],[-118.147579,34.183598],[-118.147576,34.183509],[-118.147677,34.183507],[-118.147682,34.183647],[-118.147601,34.183649]]]]},"properties":{"occupancy":"Residential"}},{"type":"Feature","geometry":{"type":"MultiPolygon","coordinates":[[[[-118.147267,34.183687],[-118.147261,34.183514],[-118.147333,34.183512],[-118.147336,34.183579],[-118.147377,34.183579],[-118.147374,34.183521],[-118.147478,34.183519],[-118.147483,34.18364],[-118.147379,34.183643],[-118.147378,34.18361],[-118.147314,34.183611],[-118.147317,34.183686],[-118.147267,34.183687]]]]},"properties":{"occupancy":"Residential"}},{"type":"Feature","geometry":{"type":"MultiPolygon","coordinates":[[[[-118.147701,34.183644],[-118.147797,34.183642],[-118.147802,34.183744],[-118.147705,34.183747],[-118.147701,34.183644]]]]},"properties":{"occupancy":"Residential"}},{"type":"Feature","geometry":{"type":"MultiPolygon","coordinates":[[[[-118.147419,34.183693],[-118.147516,34.183691],[-118.147519,34.183779],[-118.147518,34.183779],[-118.147422,34.183782],[-118.147419,34.183693]]]]},"properties":{"occupancy":"Residential"}},{"type":"Feature","geometry":{"type":"MultiPolygon","coordinates":[[[[-118.147188,34.183766],[-118.147283,34.183764],[-118.147284,34.183826],[-118.147189,34.183827],[-118.147188,34.183766]]]]},"properties":{"occupancy":"Residential"}},{"type":"Feature","geometry":{"type":"MultiPolygon","coordinates":[[[[-118.147701,34.183779],[-118.147798,34.183777],[-118.147802,34.183881],[-118.147705,34.183884],[-118.147701,34.183779]]]]},"properties":{"occupancy":"Residential"}},{"type":"Feature","geometry":{"type":"MultiPolygon","coordinates":[[[[-118.147698,34.183914],[-118.147787,34.183914],[-118.147789,34.184014],[-118.1477,34.184014],[-118.147698,34.183914]]]]},"properties":{"occupancy":"Residential"}},{"type":"Feature","geometry":{"type":"MultiPolygon","coordinates":[[[[-118.148038,34.183921],[-118.148093,34.18392],[-118.148096,34.184022],[-118.148041,34.184023],[-118.148038,34.183921]]]]},"properties":{"occupancy":"Residential"}},{"type":"Feature","geometry":{"type":"MultiPolygon","coordinates":[[[[-118.147413,34.184001],[-118.147522,34.183998],[-118.147525,34.184075],[-118.147524,34.184075],[-118.147416,34.184078],[-118.147413,34.184001]]]]},"properties":{"occupancy":"Residential"}},{"type":"Feature","geometry":{"type":"MultiPolygon","coordinates":[[[[-118.147934,34.183975],[-118.148016,34.183973],[-118.148019,34.184075],[-118.147937,34.184077],[-118.147934,34.183975]]]]},"properties":{"occupancy":"Residential"}},{"type":"Feature","geometry":{"type":"MultiPolygon","coordinates":[[[[-118.147228,34.184054],[-118.14729,34.183902],[-118.147402,34.183933],[-118.14734,34.184086],[-118.147339,34.184085],[-118.147228,34.184054]]]]},"properties":{"occupancy":"Residential"}},{"type":"Feature","geometry":{"type":"MultiPolygon","coordinates":[[[[-118.147543,34.184052],[-118.147633,34.18405],[-118.147637,34.184147],[-118.147547,34.18415],[-118.147543,34.184052]]]]},"properties":{"occupancy":"Residential"}},{"type":"Feature","geometry":{"type":"MultiPolygon","coordinates":[[[[-118.147674,34.184193],[-118.14771,34.184099],[-118.147796,34.184121],[-118.14776,34.184215],[-118.147674,34.184193]]]]},"properties":{"occupancy":"Residential"}},{"type":"Feature","geometry":{"type":"MultiPolygon","coordinates":[[[[-118.147335,34.184263],[-118.147393,34.184117],[-118.147481,34.184141],[-118.147429,34.184273],[-118.147388,34.184262],[-118.147382,34.184276],[-118.147335,34.184263]]]]},"properties":{"occupancy":"Residential"}},{"type":"Feature","geometry":{"type":"MultiPolygon","coordinates":[[[[-118.147607,34.184336],[-118.147645,34.184236],[-118.147735,34.18426],[-118.147696,34.18436],[-118.147607,34.184336]]]]},"properties":{"occupancy":"Residential"}},{"type":"Feature","geometry":{"type":"MultiPolygon","coordinates":[[[[-118.147963,34.184329],[-118.148009,34.184215],[-118.148081,34.184235],[-118.148066,34.18427],[-118.14814,34.184291],[-118.148108,34.18437],[-118.147963,34.184329]]]]},"properties":{"occupancy":"Residential"}},{"type":"Feature","geometry":{"type":"MultiPolygon","coordinates":[[[[-118.147408,34.184389],[-118.14745,34.184283],[-118.147499,34.184297],[-118.147493,34.184313],[-118.147539,34.184325],[-118.147504,34.184415],[-118.147408,34.184389]]]]},"properties":{"occupancy":"Residential"}},{"type":"Feature","geometry":{"type":"MultiPolygon","coordinates":[[[[-118.1478,34.184392],[-118.147839,34.184295],[-118.147916,34.184316],[-118.147878,34.184414],[-118.1478,34.184392]]]]},"properties":{"occupancy":"Residential"}},{"type":"Feature","geometry":{"type":"MultiPolygon","coordinates":[[[[-118.147914,34.184419],[-118.147942,34.184351],[-118.148015,34.184371],[-118.147988,34.184439],[-118.147914,34.184419]]]]},"properties":{"occupancy":"Residential"}},{"type":"Feature","geometry":{"type":"MultiPolygon","coordinates":[[[[-118.147555,34.18446],[-118.147591,34.184367],[-118.147673,34.184389],[-118.147636,34.184482],[-118.147555,34.18446]]]]},"properties":{"occupancy":"Residential"}},{"type":"Feature","geometry":{"type":"MultiPolygon","coordinates":[[[[-118.147737,34.184524],[-118.147776,34.184425],[-118.147851,34.184446],[-118.147812,34.184545],[-118.147737,34.184524]]]]},"properties":{"occupancy":"Residential"}},{"type":"Feature","geometry":{"type":"MultiPolygon","coordinates":[[[[-118.147867,34.184568],[-118.147918,34.184441],[-118.147996,34.184463],[-118.147945,34.184589],[-118.147867,34.184568]]]]},"properties":{"occupancy":"Residential"}},{"type":"Feature","geometry":{"type":"MultiPolygon","coordinates":[[[[-118.146896,34.182639],[-118.147011,34.182636],[-118.147013,34.182687],[-118.146898,34.182689],[-118.146896,34.182639]]]]},"properties":{"occupancy":"Residential"}},{"type":"Feature","geometry":{"type":"MultiPolygon","coordinates":[[[[-118.146647,34.182651],[-118.146756,34.182649],[-118.14676,34.18274],[-118.146647,34.182742],[-118.146645,34.182691],[-118.146647,34.182651]]]]},"properties":{"occupancy":"Residential"}},{"type":"Feature","geometry":{"type":"MultiPolygon","coordinates":[[[[-118.146781,34.182651],[-118.146878,34.182648],[-118.146881,34.182741],[-118.146784,34.182743],[-118.146781,34.182651]]]]},"properties":{"occupancy":"Residential"}},{"type":"Feature","geometry":{"type":"MultiPolygon","coordinates":[[[[-118.146461,34.182656],[-118.146608,34.182652],[-118.146609,34.182692],[-118.14661,34.182736],[-118.146464,34.18274],[-118.146461,34.182656]]]]},"properties":{"occupancy":"Residential"}},{"type":"Feature","geometry":{"type":"MultiPolygon","coordinates":[[[[-118.14649,34.182884],[-118.146489,34.182856],[-118.146419,34.182858],[-118.146416,34.182798],[-118.146663,34.182791],[-118.146666,34.182879],[-118.14649,34.182884]]]]},"properties":{"occupancy":"Residential"}},{"type":"Feature","geometry":{"type":"MultiPolygon","coordinates":[[[[-118.14673,34.182823],[-118.146901,34.182818],[-118.146902,34.182844],[-118.146902,34.182844],[-118.146901,34.182849],[-118.146901,34.18285],[-118.146902,34.182879],[-118.146732,34.182884],[-118.14673,34.182823]]]]},"properties":{"occupancy":"Residential"}},{"type":"Feature","geometry":{"type":"MultiPolygon","coordinates":[[[[-118.146918,34.182849],[-118.14698,34.182847],[-118.146985,34.182958],[-118.146922,34.18296],[-118.146922,34.182956],[-118.146917,34.18285],[-118.146918,34.182849]]]]},"properties":{"occupancy":"Residential"}},{"type":"Feature","geometry":{"type":"MultiPolygon","coordinates":[[[[-118.146718,34.182987],[-118.146791,34.182985],[-118.146793,34.183047],[-118.146792,34.183047],[-118.14672,34.183049],[-118.146718,34.182987]]]]},"properties":{"occupancy":"Residential"}},{"type":"Feature","geometry":{"type":"MultiPolygon","coordinates":[[[[-118.14646,34.183027],[-118.146631,34.183024],[-118.146634,34.183118],[-118.146463,34.183122],[-118.14646,34.183027]]]]},"properties":{"occupancy":"Residential"}},{"type":"Feature","geometry":{"type":"MultiPolygon","coordinates":[[[[-118.146804,34.183057],[-118.146871,34.183055],[-118.146875,34.183141],[-118.146807,34.183143],[-118.146803,34.183057],[-118.146804,34.183057]]]]},"properties":{"occupancy":"Residential"}},{"type":"Feature","geometry":{"type":"MultiPolygon","coordinates":[[[[-118.146926,34.183065],[-118.146999,34.183063],[-118.147002,34.18314],[-118.146929,34.183142],[-118.146928,34.183138],[-118.146926,34.183065]]]]},"properties":{"occupancy":"Residential"}},{"type":"Feature","geometry":{"type":"MultiPolygon","coordinates":[[[[-118.146791,34.183526],[-118.146791,34.183463],[-118.146941,34.183462],[-118.146941,34.183525],[-118.146791,34.183526]]]]},"properties":{"occupancy":"Residential"}},{"type":"Feature","geometry":{"type":"MultiPolygon","coordinates":[[[[-118.147037,34.18346],[-118.147136,34.183459],[-118.147138,34.18357],[-118.147039,34.183571],[-118.147037,34.18346]]]]},"properties":{"occupancy":"Residential"}},{"type":"Feature","geometry":{"type":"MultiPolygon","coordinates":[[[[-118.146848,34.183647],[-118.146853,34.183569],[-118.147005,34.183576],[-118.147,34.183654],[-118.146848,34.183647]]]]},"properties":{"occupancy":"Residential"}},{"type":"Feature","geometry":{"type":"MultiPolygon","coordinates":[[[[-118.146558,34.183656],[-118.146584,34.183435],[-118.146681,34.183442],[-118.146655,34.183664],[-118.146558,34.183656]]]]},"properties":{"occupancy":"Residential"}},{"type":"Feature","geometry":{"type":"MultiPolygon","coordinates":[[[[-118.146429,34.183809],[-118.146469,34.183717],[-118.146592,34.183754],[-118.146553,34.183846],[-118.146429,34.183809]]]]},"properties":{"occupancy":"Residential"}},{"type":"Feature","geometry":{"type":"MultiPolygon","coordinates":[[[[-118.146586,34.183868],[-118.146679,34.183655],[-118.146798,34.18369],[-118.146706,34.183903],[-118.146586,34.183868]]]]},"properties":{"occupancy":"Residential"}},{"type":"Feature","geometry":{"type":"MultiPolygon","coordinates":[[[[-118.146724,34.183958],[-118.146789,34.183809],[-118.146903,34.183843],[-118.146839,34.183992],[-118.146724,34.183958]]]]},"properties":{"occupancy":"Residential"}},{"type":"Feature","geometry":{"type":"MultiPolygon","coordinates":[[[[-118.146518,34.183991],[-118.146556,34.183902],[-118.146686,34.183941],[-118.146648,34.18403],[-118.146518,34.183991]]]]},"properties":{"occupancy":"Residential"}},{"type":"Feature","geometry":{"type":"MultiPolygon","coordinates":[[[[-118.147055,34.184045],[-118.147089,34.183965],[-118.147155,34.183984],[-118.147121,34.184064],[-118.147055,34.184045]]]]},"properties":{"occupancy":"Residential"}},{"type":"Feature","geometry":{"type":"MultiPolygon","coordinates":[[[[-118.146683,34.184043],[-118.146707,34.183987],[-118.146755,34.184002],[-118.146747,34.184021],[-118.146808,34.18404],[-118.146792,34.184076],[-118.146683,34.184043]]]]},"properties":{"occupancy":"Residential"}},{"type":"Feature","geometry":{"type":"MultiPolygon","coordinates":[[[[-118.146841,34.184064],[-118.146918,34.183885],[-118.146994,34.183907],[-118.146917,34.184086],[-118.146841,34.184064]]]]},"properties":{"occupancy":"Residential"}},{"type":"Feature","geometry":{"type":"MultiPolygon","coordinates":[[[[-118.146779,34.18421],[-118.146825,34.184103],[-118.146901,34.184125],[-118.146855,34.184232],[-118.146779,34.18421]]]]},"properties":{"occupancy":"Residential"}},{"type":"Feature","geometry":{"type":"MultiPolygon","coordinates":[[[[-118.146938,34.184255],[-118.147019,34.184064],[-118.147097,34.184086],[-118.147016,34.184278],[-118.147015,34.184277],[-118.146938,34.184255]]]]},"properties":{"occupancy":"Residential"}},{"type":"Feature","geometry":{"type":"MultiPolygon","coordinates":[[[[-118.147103,34.184283],[-118.147148,34.184175],[-118.147224,34.184197],[-118.147178,34.184305],[-118.147103,34.184283]]]]},"properties":{"occupancy":"Residential"}},{"type":"Feature","geometry":{"type":"MultiPolygon","coordinates":[[[[-118.145049,34.182691],[-118.145047,34.182548],[-118.145088,34.182547],[-118.145089,34.182612],[-118.145145,34.182612],[-118.145146,34.18269],[-118.145049,34.182691]]]]},"properties":{"occupancy":"Residential"}},{"type":"Feature","geometry":{"type":"MultiPolygon","coordinates":[[[[-118.145751,34.182692],[-118.14575,34.182664],[-118.145659,34.182666],[-118.145657,34.182588],[-118.145824,34.182585],[-118.145828,34.182734],[-118.145664,34.182737],[-118.145663,34.182694],[-118.145751,34.182692]]]]},"properties":{"occupancy":"Residential"}},{"type":"Feature","geometry":{"type":"MultiPolygon","coordinates":[[[[-118.145193,34.182668],[-118.145283,34.182666],[-118.145285,34.182747],[-118.145195,34.182749],[-118.145193,34.182668]]]]},"properties":{"occupancy":"Residential"}},{"type":"Feature","geometry":{"type":"MultiPolygon","coordinates":[[[[-118.14531,34.182717],[-118.145412,34.182715],[-118.145415,34.18281],[-118.145313,34.182811],[-118.14531,34.182717]]]]},"properties":{"occupancy":"Residential"}},{"type":"Feature","geometry":{"type":"MultiPolygon","coordinates":[[[[-118.145506,34.182757],[-118.145623,34.182755],[-118.145628,34.182898],[-118.14551,34.182901],[-118.145506,34.182757]]]]},"properties":{"occupancy":"Residential"}},{"type":"Feature","geometry":{"type":"MultiPolygon","coordinates":[[[[-118.145137,34.183229],[-118.145165,34.18316],[-118.145361,34.183215],[-118.145333,34.183284],[-118.145137,34.183229]]]]},"properties":{"occupancy":"Residential"}},{"type":"Feature","geometry":{"type":"MultiPolygon","coordinates":[[[[-118.14596,34.183449],[-118.145991,34.183377],[-118.146103,34.18341],[-118.146072,34.183483],[-118.14596,34.183449]]]]},"properties":{"occupancy":"Residential"}},{"type":"Feature","geometry":{"type":"MultiPolygon","coordinates":[[[[-118.146128,34.183502],[-118.14617,34.183405],[-118.146261,34.183432],[-118.146219,34.18353],[-118.146128,34.183503],[-118.146128,34.183502]]]]},"properties":{"occupancy":"Residential"}},{"type":"Feature","geometry":{"type":"MultiPolygon","coordinates":[[[[-118.145731,34.183552],[-118.14577,34.183461],[-118.145922,34.183505],[-118.145883,34.183596],[-118.145731,34.183552]]]]},"properties":{"occupancy":"Residential"}},{"type":"Feature","geometry":{"type":"MultiPolygon","coordinates":[[[[-118.146262,34.183597],[-118.146327,34.183447],[-118.146416,34.183474],[-118.146351,34.183624],[-118.146262,34.183597]]]]},"properties":{"occupancy":"Residential"}},{"type":"Feature","geometry":{"type":"MultiPolygon","coordinates":[[[[-118.14499,34.183599],[-118.145048,34.183495],[-118.145199,34.183553],[-118.145141,34.183657],[-118.14499,34.183599]]]]},"properties":{"occupancy":"Residential"}},{"type":"Feature","geometry":{"type":"MultiPolygon","coordinates":[[[[-118.145902,34.183703],[-118.145955,34.18358],[-118.146036,34.183604],[-118.145983,34.183727],[-118.145974,34.183725],[-118.145902,34.183703]]]]},"properties":{"occupancy":"Residential"}},{"type":"Feature","geometry":{"type":"MultiPolygon","coordinates":[[[[-118.146314,34.183727],[-118.146348,34.183648],[-118.146442,34.183676],[-118.146408,34.183755],[-118.146314,34.183727]]]]},"properties":{"occupancy":"Residential"}},{"type":"Feature","geometry":{"type":"MultiPolygon","coordinates":[[[[-118.145675,34.183749],[-118.145713,34.183658],[-118.14584,34.183694],[-118.145816,34.183751],[-118.145836,34.183757],[-118.145821,34.183792],[-118.145675,34.183749]]]]},"properties":{"occupancy":"Residential"}},{"type":"Feature","geometry":{"type":"MultiPolygon","coordinates":[[[[-118.146257,34.184022],[-118.146179,34.183999],[-118.146171,34.184016],[-118.146103,34.183995],[-118.146148,34.183893],[-118.146294,34.183937],[-118.146257,34.184022]]]]},"properties":{"occupancy":"Residential"}},{"type":"Feature","geometry":{"type":"MultiPolygon","coordinates":[[[[-118.146286,34.184068],[-118.146355,34.183909],[-118.146418,34.183928],[-118.146385,34.184006],[-118.146443,34.184023],[-118.146408,34.184104],[-118.146286,34.184068]]]]},"properties":{"occupancy":"Residential"}},{"type":"Feature","geometry":{"type":"MultiPolygon","coordinates":[[[[-118.14563,34.185463],[-118.145664,34.18539],[-118.145722,34.185409],[-118.146312,34.185601],[-118.146278,34.185673],[-118.145688,34.185481],[-118.14563,34.185463]]]]},"properties":{"occupancy":"Commercial"}},{"type":"Feature","geometry":{"type":"MultiPolygon","coordinates":[[[[-118.157121,34.182474],[-118.157224,34.182472],[-118.157226,34.182564],[-118.157123,34.182566],[-118.157123,34.182565],[-118.157121,34.182474]]]]},"properties":{"occupancy":"Residential"}},{"type":"Feature","geometry":{"type":"MultiPolygon","coordinates":[[[[-118.157279,34.182482],[-118.157385,34.18248],[-118.157387,34.182575],[-118.157281,34.182577],[-118.157279,34.182482]]]]},"properties":{"occupancy":"Residential"}},{"type":"Feature","geometry":{"type":"MultiPolygon","coordinates":[[[[-118.156941,34.182446],[-118.157053,34.182444],[-118.157057,34.18258],[-118.157054,34.18258],[-118.156944,34.182582],[-118.156941,34.182446]]]]},"properties":{"occupancy":"Residential"}},{"type":"Feature","geometry":{"type":"MultiPolygon","coordinates":[[[[-118.154623,34.182533],[-118.154698,34.18253],[-118.154702,34.182626],[-118.154627,34.182628],[-118.154623,34.182533]]]]},"properties":{"occupancy":"Residential"}},{"type":"Feature","geometry":{"type":"MultiPolygon","coordinates":[[[[-118.153726,34.182542],[-118.15396,34.182539],[-118.153962,34.182632],[-118.153728,34.182635],[-118.153726,34.182542]]]]},"properties":{"occupancy":"Residential"}},{"type":"Feature","geometry":{"type":"MultiPolygon","coordinates":[[[[-118.153727,34.182668],[-118.153965,34.182664],[-118.153967,34.182746],[-118.153729,34.182749],[-118.153727,34.182668]]]]},"properties":{"occupancy":"Residential"}},{"type":"Feature","geometry":{"type":"MultiPolygon","coordinates":[[[[-118.154731,34.182696],[-118.154802,34.182694],[-118.154805,34.182771],[-118.154735,34.182773],[-118.154731,34.182696]]]]},"properties":{"occupancy":"Residential"}},{"type":"Feature","geometry":{"type":"MultiPolygon","coordinates":[[[[-118.15372,34.182807],[-118.153903,34.182806],[-118.153904,34.182882],[-118.153721,34.182884],[-118.15372,34.182807]]]]},"properties":{"occupancy":"Residential"}},{"type":"Feature","geometry":{"type":"MultiPolygon","coordinates":[[[[-118.15251,34.182553],[-118.152646,34.182551],[-118.152648,34.182627],[-118.152512,34.182629],[-118.15251,34.182553]]]]},"properties":{"occupancy":"Residential"}},{"type":"Feature","geometry":{"type":"MultiPolygon","coordinates":[[[[-118.153175,34.182547],[-118.153228,34.182546],[-118.15323,34.182639],[-118.153067,34.182642],[-118.153065,34.182555],[-118.153175,34.182553],[-118.153175,34.182547]]]]},"properties":{"occupancy":"Residential"}},{"type":"Feature","geometry":{"type":"MultiPolygon","coordinates":[[[[-118.15242,34.182663],[-118.152518,34.182661],[-118.152519,34.182726],[-118.152421,34.182728],[-118.15242,34.182663]]]]},"properties":{"occupancy":"Residential"}},{"type":"Feature","geometry":{"type":"MultiPolygon","coordinates":[[[[-118.152878,34.182667],[-118.153037,34.182664],[-118.153039,34.182742],[-118.15288,34.182744],[-118.152878,34.182667]]]]},"properties":{"occupancy":"Residential"}},{"type":"Feature","geometry":{"type":"MultiPolygon","coordinates":[[[[-118.153124,34.182682],[-118.153229,34.18268],[-118.153231,34.182777],[-118.153127,34.182778],[-118.153124,34.182682]]]]},"properties":{"occupancy":"Residential"}},{"type":"Feature","geometry":{"type":"MultiPolygon","coordinates":[[[[-118.152619,34.182712],[-118.152707,34.182711],[-118.152708,34.18277],[-118.15262,34.182771],[-118.152619,34.182712]]]]},"properties":{"occupancy":"Residential"}},{"type":"Feature","geometry":{"type":"MultiPolygon","coordinates":[[[[-118.153061,34.182809],[-118.153212,34.182807],[-118.153214,34.182898],[-118.153063,34.1829],[-118.153061,34.182809]]]]},"properties":{"occupancy":"Residential"}},{"type":"Feature","geometry":{"type":"MultiPolygon","coordinates":[[[[-118.152911,34.182828],[-118.152983,34.182827],[-118.152985,34.182923],[-118.152913,34.182924],[-118.152911,34.182828]]]]},"properties":{"occupancy":"Residential"}},{"type":"Feature","geometry":{"type":"MultiPolygon","coordinates":[[[[-118.152416,34.182833],[-118.15255,34.182831],[-118.152552,34.182928],[-118.152418,34.18293],[-118.152416,34.182833]]]]},"properties":{"occupancy":"Residential"}},{"type":"Feature","geometry":{"type":"MultiPolygon","coordinates":[[[[-118.15272,34.182848],[-118.152825,34.182847],[-118.152827,34.182916],[-118.152722,34.182917],[-118.15272,34.182848]]]]},"properties":{"occupancy":"Residential"}},{"type":"Feature","geometry":{"type":"MultiPolygon","coordinates":[[[[-118.155799,34.182411],[-118.155899,34.182408],[-118.155905,34.18257],[-118.155762,34.182573],[-118.155758,34.182458],[-118.155801,34.182457],[-118.155799,34.182411]]]]},"properties":{"occupancy":"Residential"}},{"type":"Feature","geometry":{"type":"MultiPolygon","coordinates":[[[[-118.156287,34.182456],[-118.156403,34.182453],[-118.156407,34.182572],[-118.156292,34.182575],[-118.156287,34.182456]]]]},"properties":{"occupancy":"Residential"}},{"type":"Feature","geometry":{"type":"MultiPolygon","coordinates":[[[[-118.155951,34.182454],[-118.156068,34.182451],[-118.156072,34.182579],[-118.156069,34.182579],[-118.155956,34.182582],[-118.155951,34.182454]]]]},"properties":{"occupancy":"Residential"}},{"type":"Feature","geometry":{"type":"MultiPolygon","coordinates":[[[[-118.156128,34.182459],[-118.156232,34.182457],[-118.156237,34.182577],[-118.156133,34.182579],[-118.156128,34.182459]]]]},"properties":{"occupancy":"Residential"}},{"type":"Feature","geometry":{"type":"MultiPolygon","coordinates":[[[[-118.156617,34.18246],[-118.156733,34.182458],[-118.156736,34.182569],[-118.15662,34.182572],[-118.156617,34.18246]]]]},"properties":{"occupancy":"Residential"}},{"type":"Feature","geometry":{"type":"MultiPolygon","coordinates":[[[[-118.156461,34.182477],[-118.156568,34.182475],[-118.156571,34.182565],[-118.156464,34.182567],[-118.156461,34.182477]]]]},"properties":{"occupancy":"Residential"}},{"type":"Feature","geometry":{"type":"MultiPolygon","coordinates":[[[[-118.156783,34.182478],[-118.156894,34.182476],[-118.156897,34.182564],[-118.156785,34.182566],[-118.156783,34.182478]]]]},"properties":{"occupancy":"Residential"}},{"type":"Feature","geometry":{"type":"MultiPolygon","coordinates":[[[[-118.154756,34.182515],[-118.154873,34.182511],[-118.154875,34.182559],[-118.154758,34.182563],[-118.154756,34.182515]]]]},"properties":{"occupancy":"Residential"}},{"type":"Feature","geometry":{"type":"MultiPolygon","coordinates":[[[[-118.154953,34.182609],[-118.154951,34.182563],[-118.154901,34.182564],[-118.154899,34.18253],[-118.155077,34.182524],[-118.155081,34.182605],[-118.154953,34.182609]]]]},"properties":{"occupancy":"Residential"}},{"type":"Feature","geometry":{"type":"MultiPolygon","coordinates":[[[[-118.155392,34.182623],[-118.155389,34.182531],[-118.155503,34.182528],[-118.155504,34.182565],[-118.155681,34.182561],[-118.155683,34.182617],[-118.155392,34.182623]]]]},"properties":{"occupancy":"Residential"}},{"type":"Feature","geometry":{"type":"MultiPolygon","coordinates":[[[[-118.154901,34.182672],[-118.155061,34.182671],[-118.155063,34.182757],[-118.154902,34.182758],[-118.154901,34.182672]]]]},"properties":{"occupancy":"Residential"}},{"type":"Feature","geometry":{"type":"MultiPolygon","coordinates":[[[[-118.157658,34.182387],[-118.157721,34.182386],[-118.157724,34.182571],[-118.157609,34.182572],[-118.157607,34.182452],[-118.157659,34.182451],[-118.157658,34.182387]]]]},"properties":{"occupancy":"Residential"}},{"type":"Feature","geometry":{"type":"MultiPolygon","coordinates":[[[[-118.158449,34.182554],[-118.158447,34.182438],[-118.158552,34.182437],[-118.158553,34.182553],[-118.158449,34.182554]]]]},"properties":{"occupancy":"Residential"}},{"type":"Feature","geometry":{"type":"MultiPolygon","coordinates":[[[[-118.158278,34.182567],[-118.158276,34.182437],[-118.158383,34.182436],[-118.158384,34.182566],[-118.158278,34.182567]]]]},"properties":{"occupancy":"Residential"}},{"type":"Feature","geometry":{"type":"MultiPolygon","coordinates":[[[[-118.157944,34.18257],[-118.157942,34.182446],[-118.158054,34.182445],[-118.158055,34.182569],[-118.157944,34.18257]]]]},"properties":{"occupancy":"Residential"}},{"type":"Feature","geometry":{"type":"MultiPolygon","coordinates":[[[[-118.158603,34.182575],[-118.158602,34.182448],[-118.158708,34.182447],[-118.158709,34.182574],[-118.158603,34.182575]]]]},"properties":{"occupancy":"Residential"}},{"type":"Feature","geometry":{"type":"MultiPolygon","coordinates":[[[[-118.157794,34.182508],[-118.157846,34.182459],[-118.157888,34.182458],[-118.157889,34.182564],[-118.157794,34.182565],[-118.157794,34.182508]]]]},"properties":{"occupancy":"Residential"}},{"type":"Feature","geometry":{"type":"MultiPolygon","coordinates":[[[[-118.15811,34.182568],[-118.158109,34.182467],[-118.15822,34.182466],[-118.158221,34.182567],[-118.15811,34.182568]]]]},"properties":{"occupancy":"Residential"}},{"type":"Feature","geometry":{"type":"MultiPolygon","coordinates":[[[[-118.157454,34.182471],[-118.157553,34.18247],[-118.157555,34.182571],[-118.157456,34.182572],[-118.157454,34.182471]]]]},"properties":{"occupancy":"Residential"}},{"type":"Feature","geometry":{"type":"MultiPolygon","coordinates":[[[[-118.158767,34.182562],[-118.158766,34.182484],[-118.15888,34.182484],[-118.15888,34.182561],[-118.158767,34.182562]]]]},"properties":{"occupancy":"Residential"}},{"type":"Feature","geometry":{"type":"MultiPolygon","coordinates":[[[[-118.157723,34.182885],[-118.157826,34.182882],[-118.157832,34.183006],[-118.157767,34.183009],[-118.15777,34.183067],[-118.157732,34.183068],[-118.157723,34.182885]]]]},"properties":{"occupancy":"Residential"}},{"type":"Feature","geometry":{"type":"MultiPolygon","coordinates":[[[[-118.157589,34.182893],[-118.157685,34.18289],[-118.157691,34.183019],[-118.157595,34.183022],[-118.157589,34.182893]]]]},"properties":{"occupancy":"Residential"}},{"type":"Feature","geometry":{"type":"MultiPolygon","coordinates":[[[[-118.158206,34.182899],[-118.158299,34.182896],[-118.158306,34.183071],[-118.158212,34.183073],[-118.158206,34.182899]]]]},"properties":{"occupancy":"Residential"}},{"type":"Feature","geometry":{"type":"MultiPolygon","coordinates":[[[[-118.158582,34.18364],[-118.158581,34.183005],[-118.158629,34.183005],[-118.158629,34.182928],[-118.158927,34.182928],[-118.158927,34.182975],[-118.158994,34.182975],[-118.158994,34.183592],[-118.158993,34.183592],[-118.158993,34.183671],[-118.158944,34.183671],[-118.158945,34.183715],[-118.158942,34.183715],[-118.158942,34.183713],[-118.158619,34.183714],[-118.158619,34.183677],[-118.158582,34.183677],[-118.158582,34.18364],[-118.158582,34.18364]]]]},"properties":{"occupancy":"Commercial"}},{"type":"Feature","geometry":{"type":"MultiPolygon","coordinates":[[[[-118.157378,34.182941],[-118.157498,34.182937],[-118.157502,34.183041],[-118.157383,34.183045],[-118.157378,34.182941]]]]},"properties":{"occupancy":"Residential"}},{"type":"Feature","geometry":{"type":"MultiPolygon","coordinates":[[[[-118.157898,34.182963],[-118.157986,34.18296],[-118.157991,34.183075],[-118.157904,34.183078],[-118.157898,34.182963]]]]},"properties":{"occupancy":"Residential"}},{"type":"Feature","geometry":{"type":"MultiPolygon","coordinates":[[[[-118.158089,34.182964],[-118.158189,34.182961],[-118.158194,34.1831],[-118.158094,34.183103],[-118.158089,34.182964]]]]},"properties":{"occupancy":"Residential"}},{"type":"Feature","geometry":{"type":"MultiPolygon","coordinates":[[[[-118.157059,34.183148],[-118.157053,34.182962],[-118.157131,34.182961],[-118.157135,34.183088],[-118.157194,34.183087],[-118.157195,34.183145],[-118.157059,34.183148]]]]},"properties":{"occupancy":"Residential"}},{"type":"Feature","geometry":{"type":"MultiPolygon","coordinates":[[[[-118.157233,34.182979],[-118.157356,34.182976],[-118.157361,34.183097],[-118.157324,34.183098],[-118.157325,34.183141],[-118.15724,34.183143],[-118.157233,34.182979]]]]},"properties":{"occupancy":"Residential"}},{"type":"Feature","geometry":{"type":"MultiPolygon","coordinates":[[[[-118.157439,34.183244],[-118.157546,34.18324],[-118.15755,34.183312],[-118.157443,34.183316],[-118.157439,34.183244]]]]},"properties":{"occupancy":"Residential"}},{"type":"Feature","geometry":{"type":"MultiPolygon","coordinates":[[[[-118.157843,34.183265],[-118.157936,34.183261],[-118.157939,34.183324],[-118.157846,34.183327],[-118.157843,34.183265]]]]},"properties":{"occupancy":"Residential"}},{"type":"Feature","geometry":{"type":"MultiPolygon","coordinates":[[[[-118.157258,34.183276],[-118.157363,34.183272],[-118.157369,34.183398],[-118.157264,34.183402],[-118.157258,34.183276]]]]},"properties":{"occupancy":"Residential"}},{"type":"Feature","geometry":{"type":"MultiPolygon","coordinates":[[[[-118.158098,34.183326],[-118.158207,34.183323],[-118.158211,34.183413],[-118.158102,34.183416],[-118.158098,34.183326]]]]},"properties":{"occupancy":"Residential"}},{"type":"Feature","geometry":{"type":"MultiPolygon","coordinates":[[[[-118.157473,34.183364],[-118.157533,34.183362],[-118.157549,34.183682],[-118.157438,34.183686],[-118.157429,34.183509],[-118.157453,34.183508],[-118.157451,34.183474],[-118.157479,34.183473],[-118.157473,34.183364]]]]},"properties":{"occupancy":"Residential"}},{"type":"Feature","geometry":{"type":"MultiPolygon","coordinates":[[[[-118.157324,34.183455],[-118.157383,34.183453],[-118.157386,34.183528],[-118.157327,34.18353],[-118.157324,34.183455]]]]},"properties":{"occupancy":"Residential"}},{"type":"Feature","geometry":{"type":"MultiPolygon","coordinates":[[[[-118.158401,34.183489],[-118.158499,34.183488],[-118.158501,34.183614],[-118.158404,34.183616],[-118.158401,34.183489]]]]},"properties":{"occupancy":"Residential"}},{"type":"Feature","geometry":{"type":"MultiPolygon","coordinates":[[[[-118.15763,34.18356],[-118.157627,34.183495],[-118.157689,34.183492],[-118.157691,34.183525],[-118.157712,34.183525],[-118.15772,34.183667],[-118.157598,34.183671],[-118.157592,34.183562],[-118.15763,34.18356]]]]},"properties":{"occupancy":"Residential"}},{"type":"Feature","geometry":{"type":"MultiPolygon","coordinates":[[[[-118.157077,34.183495],[-118.157162,34.183493],[-118.157169,34.183677],[-118.157084,34.183679],[-118.157077,34.183495]]]]},"properties":{"occupancy":"Residential"}},{"type":"Feature","geometry":{"type":"MultiPolygon","coordinates":[[[[-118.15823,34.183501],[-118.158328,34.183499],[-118.158333,34.183634],[-118.158234,34.183636],[-118.15823,34.183501]]]]},"properties":{"occupancy":"Residential"}},{"type":"Feature","geometry":{"type":"MultiPolygon","coordinates":[[[[-118.15786,34.183504],[-118.157962,34.183501],[-118.15797,34.183662],[-118.1578,34.183668],[-118.157797,34.183609],[-118.157865,34.183607],[-118.15786,34.183504]]]]},"properties":{"occupancy":"Residential"}},{"type":"Feature","geometry":{"type":"MultiPolygon","coordinates":[[[[-118.158072,34.183578],[-118.158184,34.183575],[-118.158188,34.183684],[-118.158076,34.183687],[-118.158072,34.183578]]]]},"properties":{"occupancy":"Residential"}},{"type":"Feature","geometry":{"type":"MultiPolygon","coordinates":[[[[-118.157264,34.183595],[-118.157379,34.183591],[-118.157384,34.183689],[-118.157269,34.183693],[-118.157264,34.183595]]]]},"properties":{"occupancy":"Residential"}},{"type":"Feature","geometry":{"type":"MultiPolygon","coordinates":[[[[-118.156004,34.182921],[-118.156088,34.18292],[-118.156092,34.183048],[-118.156007,34.183049],[-118.156004,34.182921]]]]},"properties":{"occupancy":"Residential"}},{"type":"Feature","geometry":{"type":"MultiPolygon","coordinates":[[[[-118.156156,34.182953],[-118.156248,34.182951],[-118.156251,34.183045],[-118.156158,34.183047],[-118.156156,34.182953]]]]},"properties":{"occupancy":"Residential"}},{"type":"Feature","geometry":{"type":"MultiPolygon","coordinates":[[[[-118.155929,34.183265],[-118.155927,34.183197],[-118.155836,34.183198],[-118.155831,34.183017],[-118.155934,34.183015],[-118.155937,34.183125],[-118.155981,34.183125],[-118.155984,34.183264],[-118.155929,34.183265]]]]},"properties":{"occupancy":"Residential"}},{"type":"Feature","geometry":{"type":"MultiPolygon","coordinates":[[[[-118.156991,34.183133],[-118.15699,34.183117],[-118.156888,34.183119],[-118.156886,34.183055],[-118.15703,34.183052],[-118.157033,34.183132],[-118.156991,34.183133]]]]},"properties":{"occupancy":"Residential"}},{"type":"Feature","geometry":{"type":"MultiPolygon","coordinates":[[[[-118.156764,34.183061],[-118.156853,34.183059],[-118.156856,34.183145],[-118.156766,34.183147],[-118.156764,34.183061]]]]},"properties":{"occupancy":"Residential"}},{"type":"Feature","geometry":{"type":"MultiPolygon","coordinates":[[[[-118.156294,34.18313],[-118.156415,34.183128],[-118.156417,34.183253],[-118.156192,34.183256],[-118.156191,34.183193],[-118.156295,34.183192],[-118.156294,34.18313]]]]},"properties":{"occupancy":"Residential"}},{"type":"Feature","geometry":{"type":"MultiPolygon","coordinates":[[[[-118.156063,34.183241],[-118.156134,34.183239],[-118.156135,34.183298],[-118.156064,34.183299],[-118.156063,34.183241]]]]},"properties":{"occupancy":"Residential"}},{"type":"Feature","geometry":{"type":"MultiPolygon","coordinates":[[[[-118.156491,34.183498],[-118.15649,34.183416],[-118.156566,34.183416],[-118.156567,34.183497],[-118.156491,34.183498]]]]},"properties":{"occupancy":"Residential"}},{"type":"Feature","geometry":{"type":"MultiPolygon","coordinates":[[[[-118.156664,34.183424],[-118.156729,34.183424],[-118.15673,34.183493],[-118.156666,34.183494],[-118.156664,34.183424]]]]},"properties":{"occupancy":"Residential"}},{"type":"Feature","geometry":{"type":"MultiPolygon","coordinates":[[[[-118.156127,34.183713],[-118.156126,34.183557],[-118.156167,34.183557],[-118.156166,34.183475],[-118.15624,34.183475],[-118.156243,34.183654],[-118.156226,34.183654],[-118.156227,34.183712],[-118.156127,34.183713]]]]},"properties":{"occupancy":"Residential"}},{"type":"Feature","geometry":{"type":"MultiPolygon","coordinates":[[[[-118.155984,34.18349],[-118.156076,34.183489],[-118.156078,34.183626],[-118.155986,34.183627],[-118.155984,34.18349]]]]},"properties":{"occupancy":"Residential"}},{"type":"Feature","geometry":{"type":"MultiPolygon","coordinates":[[[[-118.155868,34.183497],[-118.155945,34.183496],[-118.155948,34.183623],[-118.15587,34.183624],[-118.155868,34.183497]]]]},"properties":{"occupancy":"Residential"}},{"type":"Feature","geometry":{"type":"MultiPolygon","coordinates":[[[[-118.156576,34.183677],[-118.156575,34.183582],[-118.156603,34.183582],[-118.156602,34.183524],[-118.156707,34.183523],[-118.156709,34.183676],[-118.156576,34.183677]]]]},"properties":{"occupancy":"Residential"}},{"type":"Feature","geometry":{"type":"MultiPolygon","coordinates":[[[[-118.156783,34.183559],[-118.156887,34.183557],[-118.15689,34.183689],[-118.156785,34.18369],[-118.156785,34.183688],[-118.156783,34.183559]]]]},"properties":{"occupancy":"Residential"}},{"type":"Feature","geometry":{"type":"MultiPolygon","coordinates":[[[[-118.156921,34.183582],[-118.15701,34.18358],[-118.157014,34.183714],[-118.156924,34.183716],[-118.156921,34.183582]]]]},"properties":{"occupancy":"Residential"}},{"type":"Feature","geometry":{"type":"MultiPolygon","coordinates":[[[[-118.156353,34.183683],[-118.156353,34.183635],[-118.156442,34.183634],[-118.156442,34.183683],[-118.156353,34.183683]]]]},"properties":{"occupancy":"Residential"}},{"type":"Feature","geometry":{"type":"MultiPolygon","coordinates":[[[[-118.156901,34.18402],[-118.157021,34.184018],[-118.157023,34.184106],[-118.156903,34.184108],[-118.156901,34.18402]]]]},"properties":{"occupancy":"Residential"}},{"type":"Feature","geometry":{"type":"MultiPolygon","coordinates":[[[[-118.156736,34.18402],[-118.156849,34.184019],[-118.156851,34.184132],[-118.156738,34.184133],[-118.156736,34.18402]]]]},"properties":{"occupancy":"Residential"}},{"type":"Feature","geometry":{"type":"MultiPolygon","coordinates":[[[[-118.156554,34.184035],[-118.156656,34.184033],[-118.156662,34.184219],[-118.15656,34.184221],[-118.156554,34.184035]]]]},"properties":{"occupancy":"Residential"}},{"type":"Feature","geometry":{"type":"MultiPolygon","coordinates":[[[[-118.156251,34.184039],[-118.156361,34.184038],[-118.156363,34.18422],[-118.156254,34.184221],[-118.156251,34.184039]]]]},"properties":{"occupancy":"Residential"}},{"type":"Feature","geometry":{"type":"MultiPolygon","coordinates":[[[[-118.156435,34.184038],[-118.156516,34.184037],[-118.156518,34.184199],[-118.156437,34.1842],[-118.156435,34.184038]]]]},"properties":{"occupancy":"Residential"}},{"type":"Feature","geometry":{"type":"MultiPolygon","coordinates":[[[[-118.155935,34.184095],[-118.156027,34.184093],[-118.15603,34.18422],[-118.155938,34.184221],[-118.155935,34.184095]]]]},"properties":{"occupancy":"Residential"}},{"type":"Feature","geometry":{"type":"MultiPolygon","coordinates":[[[[-118.156108,34.184103],[-118.156187,34.184101],[-118.156191,34.184266],[-118.156064,34.184267],[-118.156061,34.184135],[-118.156109,34.184135],[-118.156108,34.184103]]]]},"properties":{"occupancy":"Residential"}},{"type":"Feature","geometry":{"type":"MultiPolygon","coordinates":[[[[-118.156729,34.184213],[-118.156808,34.18421],[-118.156811,34.184277],[-118.156732,34.184279],[-118.156729,34.184213]]]]},"properties":{"occupancy":"Residential"}},{"type":"Feature","geometry":{"type":"MultiPolygon","coordinates":[[[[-118.156873,34.18423],[-118.15695,34.184227],[-118.156953,34.184283],[-118.156876,34.184286],[-118.156873,34.18423]]]]},"properties":{"occupancy":"Residential"}},{"type":"Feature","geometry":{"type":"MultiPolygon","coordinates":[[[[-118.155462,34.183014],[-118.155671,34.183011],[-118.155672,34.183079],[-118.155464,34.183082],[-118.155462,34.183014]]]]},"properties":{"occupancy":"Residential"}},{"type":"Feature","geometry":{"type":"MultiPolygon","coordinates":[[[[-118.15561,34.183231],[-118.15561,34.183214],[-118.1555,34.183216],[-118.155468,34.183217],[-118.155468,34.183229],[-118.155367,34.183231],[-118.155366,34.183157],[-118.155499,34.183155],[-118.155651,34.183153],[-118.15565,34.183113],[-118.155795,34.183111],[-118.155798,34.183228],[-118.15561,34.183231]]]]},"properties":{"occupancy":"Residential"}},{"type":"Feature","geometry":{"type":"MultiPolygon","coordinates":[[[[-118.155367,34.183292],[-118.155498,34.183291],[-118.1555,34.183376],[-118.155493,34.183376],[-118.155368,34.183378],[-118.155367,34.183292]]]]},"properties":{"occupancy":"Residential"}},{"type":"Feature","geometry":{"type":"MultiPolygon","coordinates":[[[[-118.155017,34.183463],[-118.155015,34.183314],[-118.155125,34.183313],[-118.155126,34.183427],[-118.155106,34.183427],[-118.155107,34.183462],[-118.155017,34.183463]]]]},"properties":{"occupancy":"Residential"}},{"type":"Feature","geometry":{"type":"MultiPolygon","coordinates":[[[[-118.154907,34.183531],[-118.154905,34.183398],[-118.154847,34.183399],[-118.154844,34.183329],[-118.154987,34.183325],[-118.154989,34.183373],[-118.15496,34.183374],[-118.154961,34.183396],[-118.154961,34.183396],[-118.154963,34.183531],[-118.154907,34.183531]]]]},"properties":{"occupancy":"Residential"}},{"type":"Feature","geometry":{"type":"MultiPolygon","coordinates":[[[[-118.155405,34.183567],[-118.155403,34.183448],[-118.155514,34.183447],[-118.155515,34.183492],[-118.155545,34.183492],[-118.155546,34.183565],[-118.155405,34.183567]]]]},"properties":{"occupancy":"Residential"}},{"type":"Feature","geometry":{"type":"MultiPolygon","coordinates":[[[[-118.154753,34.183497],[-118.154824,34.183495],[-118.154827,34.183571],[-118.154756,34.183573],[-118.154753,34.183497]]]]},"properties":{"occupancy":"Residential"}},{"type":"Feature","geometry":{"type":"MultiPolygon","coordinates":[[[[-118.154997,34.183563],[-118.154997,34.183513],[-118.155117,34.183512],[-118.155117,34.183562],[-118.154997,34.183563]]]]},"properties":{"occupancy":"Residential"}},{"type":"Feature","geometry":{"type":"MultiPolygon","coordinates":[[[[-118.15546,34.18359],[-118.155561,34.183589],[-118.155562,34.183648],[-118.155461,34.183649],[-118.15546,34.18359]]]]},"properties":{"occupancy":"Residential"}},{"type":"Feature","geometry":{"type":"MultiPolygon","coordinates":[[[[-118.155627,34.183641],[-118.155748,34.18364],[-118.15575,34.183726],[-118.155629,34.183727],[-118.155627,34.183641]]]]},"properties":{"occupancy":"Residential"}},{"type":"Feature","geometry":{"type":"MultiPolygon","coordinates":[[[[-118.155401,34.18367],[-118.15556,34.183669],[-118.155561,34.183781],[-118.155403,34.183783],[-118.155401,34.18367]]]]},"properties":{"occupancy":"Residential"}},{"type":"Feature","geometry":{"type":"MultiPolygon","coordinates":[[[[-118.154898,34.183682],[-118.155058,34.183681],[-118.155059,34.183745],[-118.154899,34.183747],[-118.154898,34.183682]]]]},"properties":{"occupancy":"Residential"}},{"type":"Feature","geometry":{"type":"MultiPolygon","coordinates":[[[[-118.154776,34.183775],[-118.154982,34.183772],[-118.154983,34.183853],[-118.154777,34.183855],[-118.154776,34.183775]]]]},"properties":{"occupancy":"Residential"}},{"type":"Feature","geometry":{"type":"MultiPolygon","coordinates":[[[[-118.155421,34.18394],[-118.155582,34.183937],[-118.155584,34.184031],[-118.155423,34.184034],[-118.155421,34.18394]]]]},"properties":{"occupancy":"Residential"}},{"type":"Feature","geometry":{"type":"MultiPolygon","coordinates":[[[[-118.154772,34.184111],[-118.15503,34.184104],[-118.155033,34.184178],[-118.154776,34.184185],[-118.154772,34.184111]]]]},"properties":{"occupancy":"Residential"}},{"type":"Feature","geometry":{"type":"MultiPolygon","coordinates":[[[[-118.155744,34.184168],[-118.155829,34.184167],[-118.155832,34.184264],[-118.155689,34.184267],[-118.155688,34.184231],[-118.155746,34.184229],[-118.155744,34.184168]]]]},"properties":{"occupancy":"Residential"}},{"type":"Feature","geometry":{"type":"MultiPolygon","coordinates":[[[[-118.154871,34.184206],[-118.155081,34.1842],[-118.155084,34.184261],[-118.154945,34.184265],[-118.154947,34.184312],[-118.154875,34.184314],[-118.154871,34.184206]]]]},"properties":{"occupancy":"Residential"}},{"type":"Feature","geometry":{"type":"MultiPolygon","coordinates":[[[[-118.154883,34.184358],[-118.154985,34.184355],[-118.154987,34.184412],[-118.154976,34.184413],[-118.154978,34.184454],[-118.154888,34.184456],[-118.154886,34.184413],[-118.154883,34.184358]]]]},"properties":{"occupancy":"Residential"}},{"type":"Feature","geometry":{"type":"MultiPolygon","coordinates":[[[[-118.154744,34.18437],[-118.154842,34.184367],[-118.154844,34.184414],[-118.154845,34.184457],[-118.154748,34.18446],[-118.154744,34.18437]]]]},"properties":{"occupancy":"Residential"}},{"type":"Feature","geometry":{"type":"MultiPolygon","coordinates":[[[[-118.155436,34.184469],[-118.155629,34.184463],[-118.155633,34.184555],[-118.15544,34.18456],[-118.155436,34.184469]]]]},"properties":{"occupancy":"Residential"}},{"type":"Feature","geometry":{"type":"MultiPolygon","coordinates":[[[[-118.154894,34.184508],[-118.155052,34.184504],[-118.155055,34.184585],[-118.154897,34.184589],[-118.154894,34.184508]]]]},"properties":{"occupancy":"Residential"}},{"type":"Feature","geometry":{"type":"MultiPolygon","coordinates":[[[[-118.154927,34.184634],[-118.155048,34.184633],[-118.155049,34.184724],[-118.154929,34.184725],[-118.154927,34.184634]]]]},"properties":{"occupancy":"Residential"}},{"type":"Feature","geometry":{"type":"MultiPolygon","coordinates":[[[[-118.155449,34.184672],[-118.155588,34.184669],[-118.15559,34.184732],[-118.155451,34.184735],[-118.155449,34.184672]]]]},"properties":{"occupancy":"Residential"}},{"type":"Feature","geometry":{"type":"MultiPolygon","coordinates":[[[[-118.153142,34.18325],[-118.153243,34.183248],[-118.153245,34.183354],[-118.153145,34.183356],[-118.153142,34.18325]]]]},"properties":{"occupancy":"Residential"}},{"type":"Feature","geometry":{"type":"MultiPolygon","coordinates":[[[[-118.152452,34.18333],[-118.152739,34.183327],[-118.152741,34.183437],[-118.152454,34.18344],[-118.152452,34.18333]]]]},"properties":{"occupancy":"Residential"}},{"type":"Feature","geometry":{"type":"MultiPolygon","coordinates":[[[[-118.15309,34.183383],[-118.153252,34.183379],[-118.153255,34.183457],[-118.153093,34.18346],[-118.15309,34.183383]]]]},"properties":{"occupancy":"Residential"}},{"type":"Feature","geometry":{"type":"MultiPolygon","coordinates":[[[[-118.153156,34.183521],[-118.153249,34.183519],[-118.153253,34.183605],[-118.15316,34.183608],[-118.153156,34.183521]]]]},"properties":{"occupancy":"Residential"}},{"type":"Feature","geometry":{"type":"MultiPolygon","coordinates":[[[[-118.15245,34.183536],[-118.152578,34.183534],[-118.15258,34.183602],[-118.152451,34.183604],[-118.15245,34.183536]]]]},"properties":{"occupancy":"Residential"}},{"type":"Feature","geometry":{"type":"MultiPolygon","coordinates":[[[[-118.153166,34.18365],[-118.153275,34.183646],[-118.153282,34.183769],[-118.153173,34.183773],[-118.153166,34.18365]]]]},"properties":{"occupancy":"Residential"}},{"type":"Feature","geometry":{"type":"MultiPolygon","coordinates":[[[[-118.152765,34.183652],[-118.152856,34.18365],[-118.152858,34.183746],[-118.152768,34.183748],[-118.152765,34.183652]]]]},"properties":{"occupancy":"Residential"}},{"type":"Feature","geometry":{"type":"MultiPolygon","coordinates":[[[[-118.152456,34.183681],[-118.152608,34.183678],[-118.152609,34.183755],[-118.152458,34.183758],[-118.152456,34.183681]]]]},"properties":{"occupancy":"Residential"}},{"type":"Feature","geometry":{"type":"MultiPolygon","coordinates":[[[[-118.153102,34.183811],[-118.153274,34.183809],[-118.153275,34.183895],[-118.153103,34.183896],[-118.153102,34.183811]]]]},"properties":{"occupancy":"Residential"}},{"type":"Feature","geometry":{"type":"MultiPolygon","coordinates":[[[[-118.15244,34.183825],[-118.152594,34.183823],[-118.152595,34.183895],[-118.152442,34.183898],[-118.15244,34.183825]]]]},"properties":{"occupancy":"Residential"}},{"type":"Feature","geometry":{"type":"MultiPolygon","coordinates":[[[[-118.1529,34.183875],[-118.152979,34.183873],[-118.152983,34.183976],[-118.152904,34.183978],[-118.152904,34.183976],[-118.1529,34.183875]]]]},"properties":{"occupancy":"Residential"}},{"type":"Feature","geometry":{"type":"MultiPolygon","coordinates":[[[[-118.152428,34.183947],[-118.152589,34.183945],[-118.152591,34.184041],[-118.15243,34.184043],[-118.152428,34.183947]]]]},"properties":{"occupancy":"Residential"}},{"type":"Feature","geometry":{"type":"MultiPolygon","coordinates":[[[[-118.153121,34.183946],[-118.153263,34.183941],[-118.153268,34.184038],[-118.153262,34.184038],[-118.153126,34.184043],[-118.153121,34.183946]]]]},"properties":{"occupancy":"Residential"}},{"type":"Feature","geometry":{"type":"MultiPolygon","coordinates":[[[[-118.153147,34.184096],[-118.153281,34.184092],[-118.153284,34.184186],[-118.153151,34.18419],[-118.153147,34.184096]]]]},"properties":{"occupancy":"Residential"}},{"type":"Feature","geometry":{"type":"MultiPolygon","coordinates":[[[[-118.152501,34.184106],[-118.152597,34.184104],[-118.1526,34.184191],[-118.152439,34.184194],[-118.152436,34.184119],[-118.152502,34.184117],[-118.152501,34.184106]]]]},"properties":{"occupancy":"Residential"}},{"type":"Feature","geometry":{"type":"MultiPolygon","coordinates":[[[[-118.152727,34.184108],[-118.152857,34.184105],[-118.152859,34.184172],[-118.152729,34.184175],[-118.152727,34.184108]]]]},"properties":{"occupancy":"Residential"}},{"type":"Feature","geometry":{"type":"MultiPolygon","coordinates":[[[[-118.152448,34.184234],[-118.152567,34.184232],[-118.15257,34.184323],[-118.152451,34.184326],[-118.152448,34.184234]]]]},"properties":{"occupancy":"Residential"}},{"type":"Feature","geometry":{"type":"MultiPolygon","coordinates":[[[[-118.153101,34.184237],[-118.153265,34.184232],[-118.153269,34.18433],[-118.153105,34.184334],[-118.153101,34.184237]]]]},"properties":{"occupancy":"Residential"}},{"type":"Feature","geometry":{"type":"MultiPolygon","coordinates":[[[[-118.152628,34.184272],[-118.152707,34.18427],[-118.152709,34.184327],[-118.15263,34.184329],[-118.152628,34.184272]]]]},"properties":{"occupancy":"Residential"}},{"type":"Feature","geometry":{"type":"MultiPolygon","coordinates":[[[[-118.153195,34.184369],[-118.153279,34.184367],[-118.153282,34.184467],[-118.153198,34.184469],[-118.153119,34.184471],[-118.153117,34.184406],[-118.153196,34.184404],[-118.153195,34.184369]]]]},"properties":{"occupancy":"Residential"}},{"type":"Feature","geometry":{"type":"MultiPolygon","coordinates":[[[[-118.152453,34.184374],[-118.152612,34.184371],[-118.152615,34.184465],[-118.152455,34.184468],[-118.152453,34.184374]]]]},"properties":{"occupancy":"Residential"}},{"type":"Feature","geometry":{"type":"MultiPolygon","coordinates":[[[[-118.15245,34.184488],[-118.15256,34.184486],[-118.152563,34.184612],[-118.152453,34.184614],[-118.152453,34.18461],[-118.15245,34.184488]]]]},"properties":{"occupancy":"Residential"}},{"type":"Feature","geometry":{"type":"MultiPolygon","coordinates":[[[[-118.153086,34.18451],[-118.153277,34.184508],[-118.153278,34.184598],[-118.153088,34.1846],[-118.153086,34.18451]]]]},"properties":{"occupancy":"Residential"}},{"type":"Feature","geometry":{"type":"MultiPolygon","coordinates":[[[[-118.153104,34.184693],[-118.153103,34.18464],[-118.153245,34.184639],[-118.153246,34.184739],[-118.153149,34.18474],[-118.153149,34.184693],[-118.153104,34.184693]]]]},"properties":{"occupancy":"Residential"}},{"type":"Feature","geometry":{"type":"MultiPolygon","coordinates":[[[[-118.152435,34.184651],[-118.152561,34.184648],[-118.152564,34.184733],[-118.152437,34.184736],[-118.152435,34.184651]]]]},"properties":{"occupancy":"Residential"}},{"type":"Feature","geometry":{"type":"MultiPolygon","coordinates":[[[[-118.153043,34.184876],[-118.153042,34.184794],[-118.153158,34.184793],[-118.153158,34.184767],[-118.153233,34.184767],[-118.153286,34.184823],[-118.153286,34.184875],[-118.153043,34.184876]]]]},"properties":{"occupancy":"Residential"}},{"type":"Feature","geometry":{"type":"MultiPolygon","coordinates":[[[[-118.152454,34.184796],[-118.152579,34.184794],[-118.152581,34.184886],[-118.152457,34.184888],[-118.152454,34.184796]]]]},"properties":{"occupancy":"Residential"}},{"type":"Feature","geometry":{"type":"MultiPolygon","coordinates":[[[[-118.152706,34.184897],[-118.152794,34.184896],[-118.152795,34.18495],[-118.152707,34.184951],[-118.152706,34.184897]]]]},"properties":{"occupancy":"Residential"}},{"type":"Feature","geometry":{"type":"MultiPolygon","coordinates":[[[[-118.153116,34.185013],[-118.153115,34.184924],[-118.153261,34.184924],[-118.153261,34.185012],[-118.153116,34.185013]]]]},"properties":{"occupancy":"Residential"}},{"type":"Feature","geometry":{"type":"MultiPolygon","coordinates":[[[[-118.152468,34.184925],[-118.152608,34.184923],[-118.15261,34.185018],[-118.15247,34.18502],[-118.152468,34.184925]]]]},"properties":{"occupancy":"Residential"}},{"type":"Feature","geometry":{"type":"MultiPolygon","coordinates":[[[[-118.153103,34.185155],[-118.153102,34.185071],[-118.153198,34.185071],[-118.153198,34.185048],[-118.153278,34.185048],[-118.153278,34.185154],[-118.153276,34.185154],[-118.153103,34.185155]]]]},"properties":{"occupancy":"Residential"}},{"type":"Feature","geometry":{"type":"MultiPolygon","coordinates":[[[[-118.152458,34.18507],[-118.152583,34.185068],[-118.152585,34.185149],[-118.152459,34.185151],[-118.152458,34.18507]]]]},"properties":{"occupancy":"Residential"}},{"type":"Feature","geometry":{"type":"MultiPolygon","coordinates":[[[[-118.153142,34.185291],[-118.153141,34.185197],[-118.153289,34.185196],[-118.15329,34.185291],[-118.153142,34.185291]]]]},"properties":{"occupancy":"Residential"}},{"type":"Feature","geometry":{"type":"MultiPolygon","coordinates":[[[[-118.15246,34.185212],[-118.152587,34.18521],[-118.152588,34.185289],[-118.152462,34.185291],[-118.15246,34.185212]]]]},"properties":{"occupancy":"Residential"}},{"type":"Feature","geometry":{"type":"MultiPolygon","coordinates":[[[[-118.154376,34.183299],[-118.154467,34.183298],[-118.154469,34.183427],[-118.154378,34.183428],[-118.154376,34.183299]]]]},"properties":{"occupancy":"Residential"}},{"type":"Feature","geometry":{"type":"MultiPolygon","coordinates":[[[[-118.15366,34.183309],[-118.153727,34.183307],[-118.153735,34.18348],[-118.153708,34.183481],[-118.15371,34.183528],[-118.153608,34.183532],[-118.153601,34.183388],[-118.153664,34.183386],[-118.15366,34.183309]]]]},"properties":{"occupancy":"Residential"}},{"type":"Feature","geometry":{"type":"MultiPolygon","coordinates":[[[[-118.154175,34.183322],[-118.154331,34.183318],[-118.154333,34.183377],[-118.154287,34.183378],[-118.154288,34.183397],[-118.154178,34.1834],[-118.154175,34.183322]]]]},"properties":{"occupancy":"Residential"}},{"type":"Feature","geometry":{"type":"MultiPolygon","coordinates":[[[[-118.154671,34.183321],[-118.154789,34.183318],[-118.154793,34.183407],[-118.154792,34.183407],[-118.154674,34.18341],[-118.154671,34.183321]]]]},"properties":{"occupancy":"Residential"}},{"type":"Feature","geometry":{"type":"MultiPolygon","coordinates":[[[[-118.153969,34.183328],[-118.154149,34.183322],[-118.154152,34.183389],[-118.154073,34.183391],[-118.154074,34.183417],[-118.153973,34.18342],[-118.153969,34.183328]]]]},"properties":{"occupancy":"Residential"}},{"type":"Feature","geometry":{"type":"MultiPolygon","coordinates":[[[[-118.153773,34.183326],[-118.153951,34.183321],[-118.153953,34.183371],[-118.153893,34.183373],[-118.153895,34.183422],[-118.153777,34.183426],[-118.153773,34.183326]]]]},"properties":{"occupancy":"Residential"}},{"type":"Feature","geometry":{"type":"MultiPolygon","coordinates":[[[[-118.154592,34.183327],[-118.154647,34.183325],[-118.154652,34.183463],[-118.154646,34.183463],[-118.154519,34.183467],[-118.154516,34.183379],[-118.154592,34.183327]]]]},"properties":{"occupancy":"Residential"}},{"type":"Feature","geometry":{"type":"MultiPolygon","coordinates":[[[[-118.154366,34.1835],[-118.154424,34.183498],[-118.154429,34.183632],[-118.154371,34.183633],[-118.154366,34.1835]]]]},"properties":{"occupancy":"Residential"}},{"type":"Feature","geometry":{"type":"MultiPolygon","coordinates":[[[[-118.153615,34.183635],[-118.153718,34.18363],[-118.153721,34.183694],[-118.153619,34.183698],[-118.153615,34.183635]]]]},"properties":{"occupancy":"Residential"}},{"type":"Feature","geometry":{"type":"MultiPolygon","coordinates":[[[[-118.154196,34.183772],[-118.154264,34.18377],[-118.154272,34.183955],[-118.154161,34.183958],[-118.154156,34.183837],[-118.154199,34.183835],[-118.154196,34.183772]]]]},"properties":{"occupancy":"Residential"}},{"type":"Feature","geometry":{"type":"MultiPolygon","coordinates":[[[[-118.153983,34.183883],[-118.154055,34.183881],[-118.154062,34.18401],[-118.153913,34.184016],[-118.153909,34.183937],[-118.153986,34.183934],[-118.153983,34.183883]]]]},"properties":{"occupancy":"Residential"}},{"type":"Feature","geometry":{"type":"MultiPolygon","coordinates":[[[[-118.154527,34.18395],[-118.154613,34.183948],[-118.154615,34.184016],[-118.154529,34.184018],[-118.154527,34.18395]]]]},"properties":{"occupancy":"Residential"}},{"type":"Feature","geometry":{"type":"MultiPolygon","coordinates":[[[[-118.153575,34.183978],[-118.153741,34.183976],[-118.153743,34.184072],[-118.153576,34.184073],[-118.153575,34.183978]]]]},"properties":{"occupancy":"Residential"}},{"type":"Feature","geometry":{"type":"MultiPolygon","coordinates":[[[[-118.153887,34.184203],[-118.153884,34.184144],[-118.153817,34.184146],[-118.153814,34.184074],[-118.15401,34.184068],[-118.154014,34.184149],[-118.154041,34.184148],[-118.154044,34.184198],[-118.153887,34.184203]]]]},"properties":{"occupancy":"Residential"}},{"type":"Feature","geometry":{"type":"MultiPolygon","coordinates":[[[[-118.153655,34.184265],[-118.153793,34.184261],[-118.153799,34.184385],[-118.153797,34.184385],[-118.15366,34.18439],[-118.153655,34.184265]]]]},"properties":{"occupancy":"Residential"}},{"type":"Feature","geometry":{"type":"MultiPolygon","coordinates":[[[[-118.154373,34.184342],[-118.154471,34.184339],[-118.154475,34.184419],[-118.154377,34.184422],[-118.154373,34.184342]]]]},"properties":{"occupancy":"Residential"}},{"type":"Feature","geometry":{"type":"MultiPolygon","coordinates":[[[[-118.154599,34.184372],[-118.154717,34.184369],[-118.15472,34.184445],[-118.154602,34.184449],[-118.154599,34.184372]]]]},"properties":{"occupancy":"Residential"}},{"type":"Feature","geometry":{"type":"MultiPolygon","coordinates":[[[[-118.153993,34.184428],[-118.154106,34.184425],[-118.154111,34.184532],[-118.153998,34.184536],[-118.153993,34.184428]]]]},"properties":{"occupancy":"Residential"}},{"type":"Feature","geometry":{"type":"MultiPolygon","coordinates":[[[[-118.153637,34.18453],[-118.153638,34.184439],[-118.153776,34.184439],[-118.153775,34.18453],[-118.153637,34.18453]]]]},"properties":{"occupancy":"Residential"}},{"type":"Feature","geometry":{"type":"MultiPolygon","coordinates":[[[[-118.154542,34.184524],[-118.154678,34.18452],[-118.154681,34.184585],[-118.154545,34.184589],[-118.154542,34.184524]]]]},"properties":{"occupancy":"Residential"}},{"type":"Feature","geometry":{"type":"MultiPolygon","coordinates":[[[[-118.15423,34.184707],[-118.154227,34.184656],[-118.154134,34.184658],[-118.154131,34.184592],[-118.154205,34.18459],[-118.154203,34.184545],[-118.154266,34.184544],[-118.154269,34.184612],[-118.154336,34.18461],[-118.154341,34.184704],[-118.15423,34.184707]]]]},"properties":{"occupancy":"Residential"}},{"type":"Feature","geometry":{"type":"MultiPolygon","coordinates":[[[[-118.154504,34.184623],[-118.154629,34.18462],[-118.154632,34.184713],[-118.154508,34.184716],[-118.154504,34.184623]]]]},"properties":{"occupancy":"Residential"}},{"type":"Feature","geometry":{"type":"MultiPolygon","coordinates":[[[[-118.153644,34.184879],[-118.153645,34.184712],[-118.15376,34.184713],[-118.153758,34.18488],[-118.153644,34.184879]]]]},"properties":{"occupancy":"Residential"}},{"type":"Feature","geometry":{"type":"MultiPolygon","coordinates":[[[[-118.154387,34.184721],[-118.154448,34.184719],[-118.154452,34.184833],[-118.154392,34.184835],[-118.154387,34.184721]]]]},"properties":{"occupancy":"Residential"}},{"type":"Feature","geometry":{"type":"MultiPolygon","coordinates":[[[[-118.154241,34.184764],[-118.154333,34.184762],[-118.154338,34.184896],[-118.154164,34.184901],[-118.154162,34.18486],[-118.154241,34.184764]]]]},"properties":{"occupancy":"Residential"}},{"type":"Feature","geometry":{"type":"MultiPolygon","coordinates":[[[[-118.153934,34.18488],[-118.153949,34.184827],[-118.15412,34.184862],[-118.154093,34.184951],[-118.153957,34.184923],[-118.153934,34.18488]]]]},"properties":{"occupancy":"Residential"}},{"type":"Feature","geometry":{"type":"MultiPolygon","coordinates":[[[[-118.154492,34.184899],[-118.154621,34.184895],[-118.154627,34.185044],[-118.154623,34.185045],[-118.154498,34.185048],[-118.154492,34.184899]]]]},"properties":{"occupancy":"Residential"}},{"type":"Feature","geometry":{"type":"MultiPolygon","coordinates":[[[[-118.154694,34.184903],[-118.154825,34.1849],[-118.154828,34.184986],[-118.154697,34.184989],[-118.154694,34.184903]]]]},"properties":{"occupancy":"Residential"}},{"type":"Feature","geometry":{"type":"MultiPolygon","coordinates":[[[[-118.158414,34.183981],[-118.158512,34.183979],[-118.158515,34.184106],[-118.158417,34.184107],[-118.158414,34.183981]]]]},"properties":{"occupancy":"Residential"}},{"type":"Feature","geometry":{"type":"MultiPolygon","coordinates":[[[[-118.158037,34.183989],[-118.158169,34.183986],[-118.158171,34.184051],[-118.15815,34.184052],[-118.158151,34.184101],[-118.15804,34.184104],[-118.158037,34.183989]]]]},"properties":{"occupancy":"Residential"}},{"type":"Feature","geometry":{"type":"MultiPolygon","coordinates":[[[[-118.157711,34.183992],[-118.157809,34.18399],[-118.157813,34.184134],[-118.157716,34.184136],[-118.157711,34.183992]]]]},"properties":{"occupancy":"Residential"}},{"type":"Feature","geometry":{"type":"MultiPolygon","coordinates":[[[[-118.157394,34.183996],[-118.157498,34.183993],[-118.157503,34.184134],[-118.157399,34.184137],[-118.157394,34.183996]]]]},"properties":{"occupancy":"Residential"}},{"type":"Feature","geometry":{"type":"MultiPolygon","coordinates":[[[[-118.157924,34.183999],[-118.158011,34.183997],[-118.158014,34.184102],[-118.157927,34.184104],[-118.157924,34.183999]]]]},"properties":{"occupancy":"Residential"}},{"type":"Feature","geometry":{"type":"MultiPolygon","coordinates":[[[[-118.157566,34.183998],[-118.157658,34.183997],[-118.157659,34.184111],[-118.157567,34.184112],[-118.157566,34.183998]]]]},"properties":{"occupancy":"Residential"}},{"type":"Feature","geometry":{"type":"MultiPolygon","coordinates":[[[[-118.157212,34.184006],[-118.15734,34.184003],[-118.157344,34.184122],[-118.157217,34.184125],[-118.157212,34.184006]]]]},"properties":{"occupancy":"Residential"}},{"type":"Feature","geometry":{"type":"MultiPolygon","coordinates":[[[[-118.157038,34.184031],[-118.157151,34.184026],[-118.157161,34.184168],[-118.157048,34.184173],[-118.157038,34.184031]]]]},"properties":{"occupancy":"Residential"}},{"type":"Feature","geometry":{"type":"MultiPolygon","coordinates":[[[[-118.158229,34.184294],[-118.158228,34.18411],[-118.158307,34.184109],[-118.158309,34.184294],[-118.158229,34.184294]]]]},"properties":{"occupancy":"Residential"}},{"type":"Feature","geometry":{"type":"MultiPolygon","coordinates":[[[[-118.15746,34.184199],[-118.157534,34.184198],[-118.157536,34.184356],[-118.157462,34.184356],[-118.15746,34.184199]]]]},"properties":{"occupancy":"Residential"}},{"type":"Feature","geometry":{"type":"MultiPolygon","coordinates":[[[[-118.157708,34.184376],[-118.157703,34.184201],[-118.157762,34.1842],[-118.157765,34.184309],[-118.157842,34.184308],[-118.157844,34.184373],[-118.157708,34.184376]]]]},"properties":{"occupancy":"Residential"}},{"type":"Feature","geometry":{"type":"MultiPolygon","coordinates":[[[[-118.15763,34.184205],[-118.157687,34.184203],[-118.15769,34.184298],[-118.157633,34.1843],[-118.15763,34.184205]]]]},"properties":{"occupancy":"Residential"}},{"type":"Feature","geometry":{"type":"MultiPolygon","coordinates":[[[[-118.157118,34.184245],[-118.157192,34.184241],[-118.157195,34.184299],[-118.157121,34.184302],[-118.157118,34.184245]]]]},"properties":{"occupancy":"Residential"}},{"type":"Feature","geometry":{"type":"MultiPolygon","coordinates":[[[[-118.158029,34.184246],[-118.158172,34.184245],[-118.158174,34.184374],[-118.15803,34.184375],[-118.158029,34.184246]]]]},"properties":{"occupancy":"Residential"}},{"type":"Feature","geometry":{"type":"MultiPolygon","coordinates":[[[[-118.157935,34.184453],[-118.158023,34.184453],[-118.158024,34.18452],[-118.157936,34.184521],[-118.157935,34.184453]]]]},"properties":{"occupancy":"Residential"}},{"type":"Feature","geometry":{"type":"MultiPolygon","coordinates":[[[[-118.158107,34.184647],[-118.158106,34.18455],[-118.158193,34.18455],[-118.158194,34.184646],[-118.158107,34.184647]]]]},"properties":{"occupancy":"Residential"}},{"type":"Feature","geometry":{"type":"MultiPolygon","coordinates":[[[[-118.157262,34.184588],[-118.157349,34.184585],[-118.157352,34.184674],[-118.157266,34.184677],[-118.157262,34.184588]]]]},"properties":{"occupancy":"Residential"}},{"type":"Feature","geometry":{"type":"MultiPolygon","coordinates":[[[[-118.157386,34.184592],[-118.157501,34.184589],[-118.157503,34.184638],[-118.157388,34.18464],[-118.157386,34.184592]]]]},"properties":{"occupancy":"Residential"}},{"type":"Feature","geometry":{"type":"MultiPolygon","coordinates":[[[[-118.157054,34.184632],[-118.157119,34.18463],[-118.157122,34.184697],[-118.157057,34.184699],[-118.157054,34.184632]]]]},"properties":{"occupancy":"Residential"}},{"type":"Feature","geometry":{"type":"MultiPolygon","coordinates":[[[[-118.158235,34.184827],[-118.158234,34.184658],[-118.158345,34.184658],[-118.158347,34.184826],[-118.158235,34.184827]]]]},"properties":{"occupancy":"Residential"}},{"type":"Feature","geometry":{"type":"MultiPolygon","coordinates":[[[[-118.157537,34.184674],[-118.157649,34.184673],[-118.157652,34.184837],[-118.15754,34.184839],[-118.157537,34.184674]]]]},"properties":{"occupancy":"Residential"}},{"type":"Feature","geometry":{"type":"MultiPolygon","coordinates":[[[[-118.158079,34.184705],[-118.158151,34.184704],[-118.158153,34.184832],[-118.15808,34.184833],[-118.158079,34.184705]]]]},"properties":{"occupancy":"Residential"}},{"type":"Feature","geometry":{"type":"MultiPolygon","coordinates":[[[[-118.157721,34.184713],[-118.157816,34.184711],[-118.157818,34.184836],[-118.157723,34.184837],[-118.157721,34.184713]]]]},"properties":{"occupancy":"Residential"}},{"type":"Feature","geometry":{"type":"MultiPolygon","coordinates":[[[[-118.157409,34.18474],[-118.157512,34.184738],[-118.157515,34.184865],[-118.157412,34.184867],[-118.157409,34.18474]]]]},"properties":{"occupancy":"Residential"}},{"type":"Feature","geometry":{"type":"MultiPolygon","coordinates":[[[[-118.157916,34.184752],[-118.158002,34.184751],[-118.158004,34.184843],[-118.157918,34.184844],[-118.157916,34.184752]]]]},"properties":{"occupancy":"Residential"}},{"type":"Feature","geometry":{"type":"MultiPolygon","coordinates":[[[[-118.157064,34.184762],[-118.157152,34.184759],[-118.157155,34.184852],[-118.157067,34.184854],[-118.157064,34.184762]]]]},"properties":{"occupancy":"Residential"}},{"type":"Feature","geometry":{"type":"MultiPolygon","coordinates":[[[[-118.161062,34.185136],[-118.161128,34.185134],[-118.161134,34.185239],[-118.161068,34.185242],[-118.161062,34.185136]]]]},"properties":{"occupancy":"Residential"}},{"type":"Feature","geometry":{"type":"MultiPolygon","coordinates":[[[[-118.160855,34.185142],[-118.160944,34.185139],[-118.160949,34.18525],[-118.160901,34.185252],[-118.160858,34.185207],[-118.160855,34.185142]]]]},"properties":{"occupancy":"Residential"}},{"type":"Feature","geometry":{"type":"MultiPolygon","coordinates":[[[[-118.160426,34.185162],[-118.160542,34.185158],[-118.160545,34.185233],[-118.160429,34.185237],[-118.160426,34.185162]]]]},"properties":{"occupancy":"Residential"}},{"type":"Feature","geometry":{"type":"MultiPolygon","coordinates":[[[[-118.16033,34.185302],[-118.1604,34.1853],[-118.160403,34.185368],[-118.160334,34.185371],[-118.16033,34.185302]]]]},"properties":{"occupancy":"Residential"}},{"type":"Feature","geometry":{"type":"MultiPolygon","coordinates":[[[[-118.160485,34.18541],[-118.160568,34.185408],[-118.160575,34.185561],[-118.160491,34.185564],[-118.160485,34.18541]]]]},"properties":{"occupancy":"Residential"}},{"type":"Feature","geometry":{"type":"MultiPolygon","coordinates":[[[[-118.161028,34.185456],[-118.161106,34.185454],[-118.16111,34.185536],[-118.161032,34.185539],[-118.161028,34.185456]]]]},"properties":{"occupancy":"Residential"}},{"type":"Feature","geometry":{"type":"MultiPolygon","coordinates":[[[[-118.16082,34.185594],[-118.16082,34.185515],[-118.160973,34.185515],[-118.160973,34.185594],[-118.16082,34.185594]]]]},"properties":{"occupancy":"Residential"}},{"type":"Feature","geometry":{"type":"MultiPolygon","coordinates":[[[[-118.159858,34.186472],[-118.159856,34.18633],[-118.159855,34.186201],[-118.15985,34.185798],[-118.160013,34.185797],[-118.160015,34.18596],[-118.160019,34.18596],[-118.160021,34.186136],[-118.160174,34.186134],[-118.160175,34.186199],[-118.160053,34.1862],[-118.160054,34.186328],[-118.160055,34.18634],[-118.160106,34.186339],[-118.160282,34.186338],[-118.160283,34.186391],[-118.160119,34.186393],[-118.160119,34.18647],[-118.159858,34.186472]]]]},"properties":{"occupancy":"Commercial"}},{"type":"Feature","geometry":{"type":"MultiPolygon","coordinates":[[[[-118.161027,34.186084],[-118.161085,34.186083],[-118.161088,34.186244],[-118.161031,34.186245],[-118.161027,34.186084]]]]},"properties":{"occupancy":"Residential"}},{"type":"Feature","geometry":{"type":"MultiPolygon","coordinates":[[[[-118.160296,34.18623],[-118.160296,34.186167],[-118.160413,34.186167],[-118.160413,34.186293],[-118.160399,34.186293],[-118.160324,34.186293],[-118.160324,34.18623],[-118.160296,34.18623]]]]},"properties":{"occupancy":"Residential"}},{"type":"Feature","geometry":{"type":"MultiPolygon","coordinates":[[[[-118.160674,34.186388],[-118.160673,34.186267],[-118.160755,34.186267],[-118.160756,34.186388],[-118.160674,34.186388]]]]},"properties":{"occupancy":"Residential"}},{"type":"Feature","geometry":{"type":"MultiPolygon","coordinates":[[[[-118.16113,34.186282],[-118.161233,34.186281],[-118.161235,34.186382],[-118.161132,34.186384],[-118.16113,34.186282]]]]},"properties":{"occupancy":"Residential"}},{"type":"Feature","geometry":{"type":"MultiPolygon","coordinates":[[[[-118.160942,34.186292],[-118.161037,34.186291],[-118.161039,34.186386],[-118.160943,34.186387],[-118.160942,34.186292]]]]},"properties":{"occupancy":"Residential"}},{"type":"Feature","geometry":{"type":"MultiPolygon","coordinates":[[[[-118.160489,34.186399],[-118.160488,34.186307],[-118.160599,34.186306],[-118.160599,34.186399],[-118.160489,34.186399]]]]},"properties":{"occupancy":"Residential"}},{"type":"Feature","geometry":{"type":"MultiPolygon","coordinates":[[[[-118.160799,34.186389],[-118.160798,34.186318],[-118.160915,34.186317],[-118.160916,34.186388],[-118.160799,34.186389]]]]},"properties":{"occupancy":"Residential"}},{"type":"Feature","geometry":{"type":"MultiPolygon","coordinates":[[[[-118.160639,34.186678],[-118.160728,34.186677],[-118.160731,34.186823],[-118.160641,34.186823],[-118.160639,34.186678]]]]},"properties":{"occupancy":"Residential"}},{"type":"Feature","geometry":{"type":"MultiPolygon","coordinates":[[[[-118.160505,34.186681],[-118.16058,34.18668],[-118.160581,34.186781],[-118.160506,34.186781],[-118.160505,34.186681]]]]},"properties":{"occupancy":"Residential"}},{"type":"Feature","geometry":{"type":"MultiPolygon","coordinates":[[[[-118.16033,34.186727],[-118.160429,34.186726],[-118.16043,34.186834],[-118.160332,34.186835],[-118.16033,34.186727]]]]},"properties":{"occupancy":"Residential"}},{"type":"Feature","geometry":{"type":"MultiPolygon","coordinates":[[[[-118.159946,34.186874],[-118.159944,34.186755],[-118.160073,34.186753],[-118.160074,34.186777],[-118.160115,34.186776],[-118.160117,34.186872],[-118.159946,34.186874]]]]},"properties":{"occupancy":"Residential"}},{"type":"Feature","geometry":{"type":"MultiPolygon","coordinates":[[[[-118.160197,34.186886],[-118.160285,34.186885],[-118.160288,34.187007],[-118.1602,34.187009],[-118.160197,34.186886]]]]},"properties":{"occupancy":"Commercial"}},{"type":"Feature","geometry":{"type":"MultiPolygon","coordinates":[[[[-118.159847,34.187103],[-118.159844,34.186915],[-118.16005,34.186913],[-118.160051,34.187014],[-118.160115,34.187014],[-118.160116,34.187054],[-118.160011,34.187055],[-118.160012,34.187101],[-118.159847,34.187103]]]]},"properties":{"occupancy":"Commercial"}},{"type":"Feature","geometry":{"type":"MultiPolygon","coordinates":[[[[-118.159031,34.187074],[-118.159031,34.186985],[-118.159059,34.186985],[-118.159059,34.186919],[-118.159541,34.186919],[-118.159541,34.187011],[-118.159592,34.187011],[-118.159593,34.187403],[-118.159059,34.187404],[-118.159059,34.187074],[-118.159031,34.187074]]]]},"properties":{"occupancy":"Commercial"}},{"type":"Feature","geometry":{"type":"MultiPolygon","coordinates":[[[[-118.160344,34.1871],[-118.160419,34.1871],[-118.160421,34.187243],[-118.160189,34.187245],[-118.160189,34.18719],[-118.160231,34.187189],[-118.160231,34.18714],[-118.160277,34.18714],[-118.160277,34.187119],[-118.160345,34.187119],[-118.160344,34.1871]]]]},"properties":{"occupancy":"Residential"}},{"type":"Feature","geometry":{"type":"MultiPolygon","coordinates":[[[[-118.159854,34.187406],[-118.159855,34.187167],[-118.159991,34.187168],[-118.159991,34.18725],[-118.159991,34.18726],[-118.160039,34.18726],[-118.160039,34.187247],[-118.160039,34.18718],[-118.160147,34.18718],[-118.160147,34.187248],[-118.160147,34.187262],[-118.160096,34.187262],[-118.160095,34.187406],[-118.159854,34.187406]]]]},"properties":{"occupancy":"Commercial"}},{"type":"Feature","geometry":{"type":"MultiPolygon","coordinates":[[[[-118.16065,34.187215],[-118.160769,34.187213],[-118.16077,34.187278],[-118.160738,34.187278],[-118.160739,34.187333],[-118.160649,34.187334],[-118.16065,34.187262],[-118.16065,34.187215]]]]},"properties":{"occupancy":"Residential"}},{"type":"Feature","geometry":{"type":"MultiPolygon","coordinates":[[[[-118.16049,34.187223],[-118.160596,34.187222],[-118.160597,34.187263],[-118.160597,34.187335],[-118.160492,34.187337],[-118.16049,34.187223]]]]},"properties":{"occupancy":"Residential"}},{"type":"Feature","geometry":{"type":"MultiPolygon","coordinates":[[[[-118.159219,34.187718],[-118.159247,34.187583],[-118.159324,34.187594],[-118.159296,34.187729],[-118.159219,34.187718]]]]},"properties":{"occupancy":"Residential"}},{"type":"Feature","geometry":{"type":"MultiPolygon","coordinates":[[[[-118.158964,34.18768],[-118.158984,34.187589],[-118.159108,34.187609],[-118.159088,34.187699],[-118.158964,34.18768]]]]},"properties":{"occupancy":"Residential"}},{"type":"Feature","geometry":{"type":"MultiPolygon","coordinates":[[[[-118.160256,34.187842],[-118.160263,34.187612],[-118.160362,34.187614],[-118.160355,34.187844],[-118.160256,34.187842]]]]},"properties":{"occupancy":"Commercial"}},{"type":"Feature","geometry":{"type":"MultiPolygon","coordinates":[[[[-118.160661,34.187663],[-118.16076,34.18766],[-118.16077,34.187873],[-118.160671,34.187876],[-118.160661,34.187663]]]]},"properties":{"occupancy":"Residential"}},{"type":"Feature","geometry":{"type":"MultiPolygon","coordinates":[[[[-118.16041,34.187688],[-118.160482,34.187687],[-118.160484,34.187876],[-118.160413,34.187877],[-118.16041,34.187688]]]]},"properties":{"occupancy":"Residential"}},{"type":"Feature","geometry":{"type":"MultiPolygon","coordinates":[[[[-118.159833,34.187837],[-118.159838,34.187779],[-118.160014,34.187791],[-118.160022,34.187709],[-118.160114,34.187715],[-118.160099,34.187855],[-118.159833,34.187837]]]]},"properties":{"occupancy":"Commercial"}},{"type":"Feature","geometry":{"type":"MultiPolygon","coordinates":[[[[-118.15908,34.187811],[-118.159099,34.187728],[-118.159236,34.18775],[-118.159217,34.187833],[-118.15908,34.187811]]]]},"properties":{"occupancy":"Residential"}},{"type":"Feature","geometry":{"type":"MultiPolygon","coordinates":[[[[-118.159407,34.187872],[-118.159428,34.187776],[-118.159505,34.187788],[-118.159484,34.187884],[-118.159407,34.187872]]]]},"properties":{"occupancy":"Residential"}},{"type":"Feature","geometry":{"type":"MultiPolygon","coordinates":[[[[-118.160946,34.186782],[-118.160946,34.186775],[-118.160932,34.186775],[-118.160931,34.186734],[-118.161002,34.186734],[-118.161001,34.186678],[-118.161072,34.186677],[-118.161074,34.18678],[-118.160946,34.186782]]]]},"properties":{"occupancy":"Residential"}},{"type":"Feature","geometry":{"type":"MultiPolygon","coordinates":[[[[-118.160799,34.186678],[-118.160897,34.186677],[-118.1609,34.186813],[-118.160868,34.186813],[-118.160868,34.186847],[-118.160802,34.186848],[-118.160799,34.186678]]]]},"properties":{"occupancy":"Residential"}},{"type":"Feature","geometry":{"type":"MultiPolygon","coordinates":[[[[-118.161116,34.186678],[-118.161228,34.186677],[-118.161232,34.186855],[-118.16112,34.186856],[-118.161116,34.186678]]]]},"properties":{"occupancy":"Residential"}},{"type":"Feature","geometry":{"type":"MultiPolygon","coordinates":[[[[-118.160843,34.186862],[-118.160927,34.186861],[-118.160929,34.186976],[-118.160845,34.186977],[-118.160843,34.186862]]]]},"properties":{"occupancy":"Residential"}},{"type":"Feature","geometry":{"type":"MultiPolygon","coordinates":[[[[-118.160812,34.187186],[-118.160907,34.187185],[-118.160911,34.187324],[-118.160815,34.187326],[-118.160812,34.187186]]]]},"properties":{"occupancy":"Residential"}},{"type":"Feature","geometry":{"type":"MultiPolygon","coordinates":[[[[-118.160976,34.187209],[-118.161065,34.187207],[-118.161068,34.187306],[-118.161063,34.187306],[-118.160978,34.187307],[-118.160976,34.187209]]]]},"properties":{"occupancy":"Residential"}},{"type":"Feature","geometry":{"type":"MultiPolygon","coordinates":[[[[-118.161103,34.187215],[-118.161243,34.187213],[-118.161245,34.187295],[-118.161105,34.187298],[-118.161103,34.187215]]]]},"properties":{"occupancy":"Residential"}},{"type":"Feature","geometry":{"type":"MultiPolygon","coordinates":[[[[-118.160851,34.187661],[-118.160949,34.18766],[-118.160952,34.187865],[-118.160854,34.187866],[-118.160851,34.187661]]]]},"properties":{"occupancy":"Residential"}},{"type":"Feature","geometry":{"type":"MultiPolygon","coordinates":[[[[-118.161168,34.187871],[-118.161166,34.187786],[-118.161106,34.187786],[-118.161105,34.187739],[-118.161248,34.187738],[-118.16125,34.18787],[-118.161168,34.187871]]]]},"properties":{"occupancy":"Residential"}},{"type":"Feature","geometry":{"type":"MultiPolygon","coordinates":[[[[-118.161041,34.187954],[-118.161044,34.187875],[-118.161123,34.187877],[-118.16112,34.187956],[-118.161041,34.187954]]]]},"properties":{"occupancy":"Residential"}},{"type":"Feature","geometry":{"type":"MultiPolygon","coordinates":[[[[-118.160827,34.187895],[-118.160902,34.187894],[-118.160904,34.187998],[-118.160829,34.187999],[-118.160827,34.187895]]]]},"properties":{"occupancy":"Residential"}},{"type":"Feature","geometry":{"type":"MultiPolygon","coordinates":[[[[-118.160743,34.188497],[-118.160755,34.188444],[-118.160829,34.188457],[-118.160759,34.188743],[-118.160685,34.188731],[-118.160724,34.188574],[-118.160725,34.188573],[-118.160726,34.188571],[-118.160743,34.188505],[-118.160744,34.188502],[-118.160743,34.188497]]]]},"properties":{"occupancy":"Residential"}},{"type":"Feature","geometry":{"type":"MultiPolygon","coordinates":[[[[-118.160701,34.189204],[-118.160727,34.189109],[-118.160835,34.18913],[-118.160809,34.189225],[-118.160701,34.189204]]]]},"properties":{"occupancy":"Residential"}},{"type":"Feature","geometry":{"type":"MultiPolygon","coordinates":[[[[-118.160702,34.187909],[-118.160774,34.187908],[-118.160775,34.188002],[-118.160703,34.188003],[-118.160702,34.187909]]]]},"properties":{"occupancy":"Residential"}},{"type":"Feature","geometry":{"type":"MultiPolygon","coordinates":[[[[-118.160644,34.18811],[-118.160648,34.18806],[-118.160738,34.188066],[-118.160733,34.188116],[-118.160644,34.18811]]]]},"properties":{"occupancy":"Residential"}},{"type":"Feature","geometry":{"type":"MultiPolygon","coordinates":[[[[-118.160643,34.188555],[-118.160661,34.18849],[-118.160727,34.188502],[-118.160727,34.188503],[-118.16071,34.188567],[-118.16071,34.188568],[-118.160643,34.188555]]]]},"properties":{"occupancy":"Residential"}},{"type":"Feature","geometry":{"type":"MultiPolygon","coordinates":[[[[-118.160543,34.189219],[-118.160584,34.189077],[-118.160695,34.189099],[-118.160654,34.189241],[-118.160651,34.18924],[-118.160543,34.189219]]]]},"properties":{"occupancy":"Residential"}},{"type":"Feature","geometry":{"type":"MultiPolygon","coordinates":[[[[-118.16053,34.18874],[-118.160572,34.188598],[-118.16068,34.18862],[-118.160637,34.188762],[-118.16053,34.18874]]]]},"properties":{"occupancy":"Residential"}},{"type":"Feature","geometry":{"type":"MultiPolygon","coordinates":[[[[-118.160458,34.188062],[-118.160465,34.187991],[-118.160611,34.188001],[-118.160604,34.188072],[-118.160458,34.188062]]]]},"properties":{"occupancy":"Residential"}},{"type":"Feature","geometry":{"type":"MultiPolygon","coordinates":[[[[-118.160403,34.189101],[-118.160425,34.189034],[-118.160518,34.189054],[-118.160496,34.189122],[-118.160403,34.189101]]]]},"properties":{"occupancy":"Residential"}},{"type":"Feature","geometry":{"type":"MultiPolygon","coordinates":[[[[-118.160398,34.188681],[-118.160435,34.188563],[-118.160508,34.18858],[-118.160489,34.18864],[-118.160511,34.188645],[-118.160493,34.188702],[-118.160398,34.188681]]]]},"properties":{"occupancy":"Residential"}},{"type":"Feature","geometry":{"type":"MultiPolygon","coordinates":[[[[-118.160301,34.188405],[-118.160323,34.188337],[-118.160433,34.188362],[-118.160411,34.188429],[-118.160301,34.188405]]]]},"properties":{"occupancy":"Residential"}},{"type":"Feature","geometry":{"type":"MultiPolygon","coordinates":[[[[-118.160225,34.189119],[-118.160276,34.188971],[-118.160387,34.188997],[-118.160336,34.189145],[-118.160225,34.189119]]]]},"properties":{"occupancy":"Residential"}},{"type":"Feature","geometry":{"type":"MultiPolygon","coordinates":[[[[-118.160215,34.188642],[-118.160249,34.18854],[-118.160277,34.188546],[-118.160301,34.188476],[-118.160382,34.188495],[-118.160323,34.18867],[-118.160214,34.188645],[-118.160215,34.188642]]]]},"properties":{"occupancy":"Residential"}},{"type":"Feature","geometry":{"type":"MultiPolygon","coordinates":[[[[-118.160225,34.189246],[-118.16025,34.189172],[-118.160328,34.18919],[-118.160303,34.189264],[-118.160225,34.189246]]]]},"properties":{"occupancy":"Residential"}},{"type":"Feature","geometry":{"type":"MultiPolygon","coordinates":[[[[-118.16005,34.188239],[-118.16008,34.188151],[-118.160234,34.188187],[-118.160205,34.188275],[-118.16005,34.188239]]]]},"properties":{"occupancy":"Residential"}},{"type":"Feature","geometry":{"type":"MultiPolygon","coordinates":[[[[-118.160068,34.189034],[-118.16011,34.188919],[-118.160225,34.188948],[-118.160182,34.189063],[-118.160068,34.189034]]]]},"properties":{"occupancy":"Residential"}},{"type":"Feature","geometry":{"type":"MultiPolygon","coordinates":[[[[-118.160035,34.188611],[-118.160071,34.18851],[-118.16017,34.188535],[-118.160134,34.188636],[-118.160035,34.188611]]]]},"properties":{"occupancy":"Residential"}},{"type":"Feature","geometry":{"type":"MultiPolygon","coordinates":[[[[-118.159269,34.188007],[-118.159295,34.187908],[-118.159398,34.187926],[-118.159392,34.187949],[-118.15944,34.187957],[-118.15942,34.188034],[-118.159269,34.188007]]]]},"properties":{"occupancy":"Residential"}},{"type":"Feature","geometry":{"type":"MultiPolygon","coordinates":[[[[-118.159837,34.188124],[-118.159865,34.188041],[-118.160076,34.188091],[-118.160048,34.188173],[-118.159837,34.188124]]]]},"properties":{"occupancy":"Residential"}},{"type":"Feature","geometry":{"type":"MultiPolygon","coordinates":[[[[-118.159187,34.188128],[-118.159211,34.188048],[-118.159395,34.188086],[-118.159372,34.188166],[-118.159187,34.188128]]]]},"properties":{"occupancy":"Residential"}},{"type":"Feature","geometry":{"type":"MultiPolygon","coordinates":[[[[-118.159051,34.188173],[-118.159065,34.188123],[-118.159149,34.188141],[-118.159134,34.188191],[-118.159051,34.188173]]]]},"properties":{"occupancy":"Residential"}},{"type":"Feature","geometry":{"type":"MultiPolygon","coordinates":[[[[-118.158936,34.188219],[-118.158954,34.188165],[-118.15934,34.188252],[-118.159323,34.188306],[-118.158936,34.188219]]]]},"properties":{"occupancy":"Residential"}},{"type":"Feature","geometry":{"type":"MultiPolygon","coordinates":[[[[-118.159806,34.188273],[-118.159842,34.188171],[-118.159944,34.188196],[-118.159908,34.188298],[-118.159806,34.188273]]]]},"properties":{"occupancy":"Residential"}},{"type":"Feature","geometry":{"type":"MultiPolygon","coordinates":[[[[-118.159747,34.188403],[-118.159782,34.188307],[-118.159878,34.188331],[-118.159843,34.188427],[-118.159747,34.188403]]]]},"properties":{"occupancy":"Residential"}},{"type":"Feature","geometry":{"type":"MultiPolygon","coordinates":[[[[-118.159141,34.188401],[-118.159167,34.18832],[-118.159276,34.188344],[-118.15925,34.188425],[-118.159141,34.188401]]]]},"properties":{"occupancy":"Residential"}},{"type":"Feature","geometry":{"type":"MultiPolygon","coordinates":[[[[-118.159866,34.188434],[-118.159895,34.188357],[-118.159952,34.188372],[-118.159924,34.188449],[-118.159866,34.188434]]]]},"properties":{"occupancy":"Residential"}},{"type":"Feature","geometry":{"type":"MultiPolygon","coordinates":[[[[-118.158919,34.188433],[-118.158935,34.18838],[-118.159023,34.188399],[-118.159006,34.188451],[-118.158919,34.188433]]]]},"properties":{"occupancy":"Residential"}},{"type":"Feature","geometry":{"type":"MultiPolygon","coordinates":[[[[-118.159947,34.188458],[-118.15997,34.188397],[-118.160049,34.188417],[-118.160026,34.188479],[-118.159947,34.188458]]]]},"properties":{"occupancy":"Residential"}},{"type":"Feature","geometry":{"type":"MultiPolygon","coordinates":[[[[-118.159705,34.188504],[-118.159732,34.188431],[-118.159853,34.188462],[-118.159825,34.188535],[-118.159705,34.188504]]]]},"properties":{"occupancy":"Residential"}},{"type":"Feature","geometry":{"type":"MultiPolygon","coordinates":[[[[-118.159051,34.188536],[-118.159079,34.18845],[-118.15926,34.18849],[-118.159232,34.188577],[-118.159051,34.188536]]]]},"properties":{"occupancy":"Residential"}},{"type":"Feature","geometry":{"type":"MultiPolygon","coordinates":[[[[-118.15988,34.188525],[-118.1599,34.188471],[-118.16003,34.188504],[-118.160009,34.188558],[-118.15988,34.188525]]]]},"properties":{"occupancy":"Residential"}},{"type":"Feature","geometry":{"type":"MultiPolygon","coordinates":[[[[-118.159004,34.18867],[-118.159033,34.188586],[-118.159213,34.188629],[-118.159183,34.188713],[-118.159004,34.18867]]]]},"properties":{"occupancy":"Residential"}},{"type":"Feature","geometry":{"type":"MultiPolygon","coordinates":[[[[-118.159592,34.188791],[-118.159633,34.188682],[-118.159797,34.188725],[-118.159756,34.188834],[-118.159592,34.188791]]]]},"properties":{"occupancy":"Residential"}},{"type":"Feature","geometry":{"type":"MultiPolygon","coordinates":[[[[-118.159035,34.188833],[-118.159063,34.188743],[-118.159166,34.188766],[-118.159138,34.188855],[-118.159035,34.188833]]]]},"properties":{"occupancy":"Residential"}},{"type":"Feature","geometry":{"type":"MultiPolygon","coordinates":[[[[-118.159549,34.188902],[-118.159582,34.188814],[-118.159692,34.188843],[-118.159659,34.18893],[-118.159549,34.188902]]]]},"properties":{"occupancy":"Residential"}},{"type":"Feature","geometry":{"type":"MultiPolygon","coordinates":[[[[-118.158939,34.188962],[-118.15897,34.188868],[-118.159116,34.1889],[-118.159086,34.188995],[-118.158939,34.188962]]]]},"properties":{"occupancy":"Residential"}},{"type":"Feature","geometry":{"type":"MultiPolygon","coordinates":[[[[-118.15976,34.188964],[-118.159793,34.18888],[-118.159898,34.188908],[-118.159866,34.188992],[-118.15976,34.188964]]]]},"properties":{"occupancy":"Residential"}},{"type":"Feature","geometry":{"type":"MultiPolygon","coordinates":[[[[-118.15951,34.189041],[-118.159548,34.188941],[-118.159694,34.188979],[-118.159657,34.189079],[-118.15951,34.189041]]]]},"properties":{"occupancy":"Residential"}},{"type":"Feature","geometry":{"type":"MultiPolygon","coordinates":[[[[-118.159937,34.189041],[-118.159965,34.188969],[-118.160025,34.188985],[-118.159997,34.189058],[-118.159937,34.189041]]]]},"properties":{"occupancy":"Residential"}},{"type":"Feature","geometry":{"type":"MultiPolygon","coordinates":[[[[-118.158851,34.189095],[-118.158868,34.189045],[-118.158925,34.189058],[-118.158943,34.189003],[-118.159078,34.189034],[-118.159044,34.189138],[-118.158851,34.189095]]]]},"properties":{"occupancy":"Residential"}},{"type":"Feature","geometry":{"type":"MultiPolygon","coordinates":[[[[-118.159869,34.189129],[-118.159898,34.189052],[-118.159992,34.189077],[-118.159962,34.189154],[-118.159961,34.189154],[-118.159869,34.189129]]]]},"properties":{"occupancy":"Residential"}},{"type":"Feature","geometry":{"type":"MultiPolygon","coordinates":[[[[-118.159447,34.18916],[-118.159479,34.189075],[-118.159617,34.18911],[-118.159585,34.189196],[-118.159447,34.18916]]]]},"properties":{"occupancy":"Residential"}},{"type":"Feature","geometry":{"type":"MultiPolygon","coordinates":[[[[-118.159998,34.189183],[-118.160029,34.1891],[-118.160082,34.189114],[-118.16005,34.189197],[-118.159998,34.189183]]]]},"properties":{"occupancy":"Residential"}},{"type":"Feature","geometry":{"type":"MultiPolygon","coordinates":[[[[-118.158876,34.189227],[-118.158907,34.18913],[-118.158986,34.189148],[-118.158976,34.189176],[-118.159027,34.189187],[-118.158999,34.189271],[-118.158935,34.189256],[-118.158939,34.189242],[-118.158876,34.189227]]]]},"properties":{"occupancy":"Residential"}},{"type":"Feature","geometry":{"type":"MultiPolygon","coordinates":[[[[-118.15977,34.18924],[-118.159797,34.189168],[-118.159884,34.189191],[-118.159857,34.189263],[-118.15977,34.18924]]]]},"properties":{"occupancy":"Residential"}},{"type":"Feature","geometry":{"type":"MultiPolygon","coordinates":[[[[-118.159404,34.189302],[-118.15944,34.189204],[-118.159549,34.189232],[-118.159513,34.18933],[-118.159404,34.189302]]]]},"properties":{"occupancy":"Residential"}},{"type":"Feature","geometry":{"type":"MultiPolygon","coordinates":[[[[-118.159698,34.189372],[-118.159728,34.189291],[-118.159852,34.189323],[-118.159821,34.189404],[-118.159698,34.189372]]]]},"properties":{"occupancy":"Residential"}},{"type":"Feature","geometry":{"type":"MultiPolygon","coordinates":[[[[-118.159364,34.18944],[-118.159401,34.189341],[-118.159555,34.18938],[-118.159518,34.189479],[-118.159364,34.18944]]]]},"properties":{"occupancy":"Residential"}},{"type":"Feature","geometry":{"type":"MultiPolygon","coordinates":[[[[-118.159919,34.189443],[-118.159941,34.18938],[-118.160071,34.189412],[-118.160034,34.189513],[-118.159958,34.189494],[-118.159971,34.189456],[-118.159919,34.189443]]]]},"properties":{"occupancy":"Residential"}},{"type":"Feature","geometry":{"type":"MultiPolygon","coordinates":[[[[-118.15969,34.189558],[-118.159715,34.189491],[-118.159787,34.189509],[-118.159805,34.18946],[-118.159872,34.189477],[-118.15983,34.189593],[-118.15969,34.189558]]]]},"properties":{"occupancy":"Residential"}},{"type":"Feature","geometry":{"type":"MultiPolygon","coordinates":[[[[-118.159281,34.189601],[-118.159331,34.18949],[-118.15948,34.189536],[-118.15943,34.189647],[-118.159281,34.189601]]]]},"properties":{"occupancy":"Residential"}},{"type":"Feature","geometry":{"type":"MultiPolygon","coordinates":[[[[-118.16102,34.188428],[-118.16104,34.188326],[-118.161113,34.188336],[-118.161093,34.188438],[-118.16102,34.188428]]]]},"properties":{"occupancy":"Residential"}},{"type":"Feature","geometry":{"type":"MultiPolygon","coordinates":[[[[-118.161105,34.18853],[-118.161136,34.188396],[-118.161235,34.188411],[-118.161205,34.188546],[-118.161105,34.18853]]]]},"properties":{"occupancy":"Residential"}},{"type":"Feature","geometry":{"type":"MultiPolygon","coordinates":[[[[-118.160816,34.188832],[-118.160847,34.188722],[-118.160964,34.188745],[-118.160933,34.188855],[-118.160816,34.188832]]]]},"properties":{"occupancy":"Residential"}},{"type":"Feature","geometry":{"type":"MultiPolygon","coordinates":[[[[-118.160977,34.188858],[-118.161009,34.188747],[-118.161113,34.188767],[-118.161081,34.188879],[-118.160977,34.188858]]]]},"properties":{"occupancy":"Residential"}},{"type":"Feature","geometry":{"type":"MultiPolygon","coordinates":[[[[-118.161135,34.188915],[-118.161174,34.188785],[-118.161315,34.188814],[-118.161276,34.188944],[-118.161135,34.188915]]]]},"properties":{"occupancy":"Residential"}},{"type":"Feature","geometry":{"type":"MultiPolygon","coordinates":[[[[-118.160825,34.18929],[-118.160862,34.189162],[-118.160956,34.18918],[-118.160962,34.18916],[-118.16101,34.18917],[-118.160967,34.189319],[-118.160825,34.18929]]]]},"properties":{"occupancy":"Residential"}},{"type":"Feature","geometry":{"type":"MultiPolygon","coordinates":[[[[-118.161,34.189346],[-118.161029,34.189248],[-118.161127,34.189268],[-118.161071,34.189458],[-118.161022,34.189448],[-118.161049,34.189356],[-118.161,34.189346]]]]},"properties":{"occupancy":"Residential"}},{"type":"Feature","geometry":{"type":"MultiPolygon","coordinates":[[[[-118.161166,34.18937],[-118.161194,34.189277],[-118.161348,34.18931],[-118.161302,34.18946],[-118.161218,34.189442],[-118.161236,34.189385],[-118.161166,34.18937]]]]},"properties":{"occupancy":"Residential"}},{"type":"Feature","geometry":{"type":"MultiPolygon","coordinates":[[[[-118.161077,34.189555],[-118.161095,34.189496],[-118.161163,34.18951],[-118.161145,34.189569],[-118.161077,34.189555]]]]},"properties":{"occupancy":"Residential"}},{"type":"Feature","geometry":{"type":"MultiPolygon","coordinates":[[[[-118.160899,34.189633],[-118.160916,34.189575],[-118.161013,34.189595],[-118.160995,34.189653],[-118.160899,34.189633]]]]},"properties":{"occupancy":"Residential"}},{"type":"Feature","geometry":{"type":"MultiPolygon","coordinates":[[[[-118.159421,34.189735],[-118.159451,34.189653],[-118.15955,34.189678],[-118.159531,34.189731],[-118.159511,34.189726],[-118.1595,34.189755],[-118.159421,34.189735]]]]},"properties":{"occupancy":"Residential"}},{"type":"Feature","geometry":{"type":"MultiPolygon","coordinates":[[[[-118.159557,34.189764],[-118.159584,34.189692],[-118.15967,34.189714],[-118.159643,34.189786],[-118.159557,34.189764]]]]},"properties":{"occupancy":"Residential"}},{"type":"Feature","geometry":{"type":"MultiPolygon","coordinates":[[[[-118.15978,34.189809],[-118.159816,34.189707],[-118.159863,34.189719],[-118.159871,34.189698],[-118.159923,34.189711],[-118.159879,34.189833],[-118.15978,34.189809]]]]},"properties":{"occupancy":"Residential"}},{"type":"Feature","geometry":{"type":"MultiPolygon","coordinates":[[[[-118.159656,34.189813],[-118.159689,34.189723],[-118.159779,34.189746],[-118.159746,34.189836],[-118.159656,34.189813]]]]},"properties":{"occupancy":"Residential"}},{"type":"Feature","geometry":{"type":"MultiPolygon","coordinates":[[[[-118.16011,34.189907],[-118.160158,34.189762],[-118.16021,34.189774],[-118.160218,34.189749],[-118.160265,34.18976],[-118.160208,34.18993],[-118.16011,34.189907]]]]},"properties":{"occupancy":"Residential"}},{"type":"Feature","geometry":{"type":"MultiPolygon","coordinates":[[[[-118.160291,34.189953],[-118.16033,34.189835],[-118.160427,34.189857],[-118.160389,34.189975],[-118.160291,34.189953]]]]},"properties":{"occupancy":"Residential"}},{"type":"Feature","geometry":{"type":"MultiPolygon","coordinates":[[[[-118.160452,34.189994],[-118.160498,34.189848],[-118.160583,34.189867],[-118.160537,34.190013],[-118.160452,34.189994]]]]},"properties":{"occupancy":"Residential"}},{"type":"Feature","geometry":{"type":"MultiPolygon","coordinates":[[[[-118.160578,34.190038],[-118.160609,34.189939],[-118.160714,34.189961],[-118.160683,34.190061],[-118.160578,34.190038]]]]},"properties":{"occupancy":"Residential"}},{"type":"Feature","geometry":{"type":"MultiPolygon","coordinates":[[[[-118.16075,34.190086],[-118.160776,34.190001],[-118.160874,34.190022],[-118.160847,34.190107],[-118.16075,34.190086]]]]},"properties":{"occupancy":"Residential"}},{"type":"Feature","geometry":{"type":"MultiPolygon","coordinates":[[[[-118.159585,34.19013],[-118.159624,34.190018],[-118.159722,34.190042],[-118.159683,34.190153],[-118.159585,34.19013]]]]},"properties":{"occupancy":"Residential"}},{"type":"Feature","geometry":{"type":"MultiPolygon","coordinates":[[[[-118.159809,34.1902],[-118.15984,34.190115],[-118.159944,34.190141],[-118.159913,34.190226],[-118.159809,34.1902]]]]},"properties":{"occupancy":"Residential"}},{"type":"Feature","geometry":{"type":"MultiPolygon","coordinates":[[[[-118.159085,34.190334],[-118.159136,34.190206],[-118.159223,34.190231],[-118.159172,34.190358],[-118.159085,34.190334]]]]},"properties":{"occupancy":"Assembly"}},{"type":"Feature","geometry":{"type":"MultiPolygon","coordinates":[[[[-118.160136,34.190436],[-118.160172,34.190329],[-118.1602,34.190336],[-118.160226,34.190258],[-118.160308,34.190277],[-118.160268,34.190395],[-118.160248,34.190391],[-118.160225,34.190457],[-118.160136,34.190436]]]]},"properties":{"occupancy":"Residential"}},{"type":"Feature","geometry":{"type":"MultiPolygon","coordinates":[[[[-118.159807,34.190339],[-118.159836,34.19026],[-118.159979,34.190296],[-118.159934,34.19042],[-118.159889,34.190409],[-118.159906,34.190364],[-118.159807,34.190339]]]]},"properties":{"occupancy":"Residential"}},{"type":"Feature","geometry":{"type":"MultiPolygon","coordinates":[[[[-118.16032,34.190503],[-118.160363,34.190372],[-118.160489,34.1904],[-118.160445,34.190531],[-118.16032,34.190503]]]]},"properties":{"occupancy":"Residential"}},{"type":"Feature","geometry":{"type":"MultiPolygon","coordinates":[[[[-118.159432,34.190439],[-118.159458,34.190374],[-118.159574,34.190405],[-118.159549,34.190471],[-118.159432,34.190439]]]]},"properties":{"occupancy":"Residential"}},{"type":"Feature","geometry":{"type":"MultiPolygon","coordinates":[[[[-118.159736,34.190462],[-118.159754,34.190414],[-118.159941,34.190461],[-118.159905,34.190559],[-118.159831,34.19054],[-118.159849,34.19049],[-118.159736,34.190462]]]]},"properties":{"occupancy":"Residential"}},{"type":"Feature","geometry":{"type":"MultiPolygon","coordinates":[[[[-118.160605,34.190567],[-118.160641,34.190454],[-118.160733,34.190474],[-118.160697,34.190587],[-118.160605,34.190567]]]]},"properties":{"occupancy":"Residential"}},{"type":"Feature","geometry":{"type":"MultiPolygon","coordinates":[[[[-118.158833,34.190913],[-118.158876,34.190807],[-118.158905,34.190806],[-118.15894,34.190805],[-118.158983,34.190805],[-118.159268,34.190876],[-118.159294,34.190802],[-118.159203,34.190779],[-118.159314,34.19047],[-118.15953,34.190524],[-118.159502,34.190601],[-118.159457,34.190726],[-118.159418,34.190833],[-118.159327,34.191086],[-118.159203,34.191055],[-118.159149,34.191042],[-118.159158,34.191021],[-118.158928,34.190964],[-118.158871,34.190941],[-118.158828,34.190923],[-118.158833,34.190913]]]]},"properties":{"occupancy":"Assembly"}},{"type":"Feature","geometry":{"type":"MultiPolygon","coordinates":[[[[-118.160741,34.190676],[-118.160796,34.190504],[-118.160896,34.190526],[-118.160841,34.190698],[-118.160839,34.190698],[-118.160741,34.190676]]]]},"properties":{"occupancy":"Residential"}},{"type":"Feature","geometry":{"type":"MultiPolygon","coordinates":[[[[-118.15965,34.190579],[-118.159669,34.190528],[-118.159855,34.190576],[-118.159818,34.190675],[-118.159732,34.190653],[-118.159749,34.190605],[-118.15965,34.190579]]]]},"properties":{"occupancy":"Residential"}},{"type":"Feature","geometry":{"type":"MultiPolygon","coordinates":[[[[-118.160262,34.190842],[-118.160287,34.190769],[-118.160413,34.190798],[-118.160424,34.190767],[-118.160477,34.190779],[-118.160441,34.190884],[-118.160262,34.190842]]]]},"properties":{"occupancy":"Residential"}},{"type":"Feature","geometry":{"type":"MultiPolygon","coordinates":[[[[-118.159727,34.191085],[-118.159721,34.191057],[-118.15972,34.191057],[-118.159783,34.190881],[-118.159852,34.190898],[-118.159823,34.190979],[-118.159861,34.190988],[-118.159835,34.191063],[-118.159812,34.191057],[-118.159796,34.191102],[-118.159727,34.191085]]]]},"properties":{"occupancy":"Residential"}},{"type":"Feature","geometry":{"type":"MultiPolygon","coordinates":[[[[-118.160438,34.191062],[-118.160468,34.190976],[-118.16058,34.191004],[-118.16055,34.191089],[-118.160438,34.191062]]]]},"properties":{"occupancy":"Residential"}},{"type":"Feature","geometry":{"type":"MultiPolygon","coordinates":[[[[-118.15938,34.191112],[-118.159417,34.191012],[-118.159533,34.191042],[-118.159497,34.191142],[-118.15938,34.191112]]]]},"properties":{"occupancy":"Residential"}},{"type":"Feature","geometry":{"type":"MultiPolygon","coordinates":[[[[-118.159524,34.191157],[-118.159537,34.191121],[-118.159583,34.191132],[-118.159615,34.191044],[-118.159715,34.191069],[-118.159715,34.191069],[-118.159715,34.19107],[-118.15967,34.191194],[-118.159524,34.191157]]]]},"properties":{"occupancy":"Residential"}},{"type":"Feature","geometry":{"type":"MultiPolygon","coordinates":[[[[-118.16019,34.191091],[-118.160207,34.191045],[-118.160312,34.191071],[-118.160295,34.191117],[-118.160292,34.191116],[-118.16019,34.191091]]]]},"properties":{"occupancy":"Residential"}},{"type":"Feature","geometry":{"type":"MultiPolygon","coordinates":[[[[-118.159834,34.191197],[-118.159874,34.191086],[-118.160013,34.191122],[-118.159981,34.191208],[-118.159922,34.191193],[-118.159913,34.191217],[-118.159834,34.191197]]]]},"properties":{"occupancy":"Residential"}},{"type":"Feature","geometry":{"type":"MultiPolygon","coordinates":[[[[-118.160746,34.191194],[-118.160765,34.19114],[-118.160892,34.19117],[-118.160873,34.191224],[-118.160746,34.191194]]]]},"properties":{"occupancy":"Residential"}},{"type":"Feature","geometry":{"type":"MultiPolygon","coordinates":[[[[-118.160906,34.190084],[-118.160949,34.189948],[-118.161064,34.189974],[-118.161021,34.190109],[-118.160906,34.190084]]]]},"properties":{"occupancy":"Residential"}},{"type":"Feature","geometry":{"type":"MultiPolygon","coordinates":[[[[-118.161066,34.190112],[-118.161108,34.189983],[-118.16119,34.190001],[-118.161149,34.19013],[-118.161147,34.19013],[-118.161066,34.190112]]]]},"properties":{"occupancy":"Residential"}},{"type":"Feature","geometry":{"type":"MultiPolygon","coordinates":[[[[-118.160967,34.190646],[-118.160998,34.190548],[-118.161105,34.190572],[-118.161048,34.19075],[-118.16095,34.190728],[-118.160972,34.19066],[-118.160973,34.190656],[-118.160971,34.190651],[-118.160968,34.190646],[-118.160967,34.190646]]]]},"properties":{"occupancy":"Residential"}},{"type":"Feature","geometry":{"type":"MultiPolygon","coordinates":[[[[-118.161147,34.190754],[-118.161187,34.190628],[-118.161312,34.190655],[-118.161259,34.190824],[-118.161155,34.190801],[-118.161168,34.190759],[-118.161147,34.190754]]]]},"properties":{"occupancy":"Residential"}},{"type":"Feature","geometry":{"type":"MultiPolygon","coordinates":[[[[-118.160882,34.190742],[-118.160912,34.190646],[-118.160956,34.190656],[-118.160956,34.190657],[-118.160956,34.190657],[-118.160926,34.190751],[-118.160882,34.190742]]]]},"properties":{"occupancy":"Residential"}},{"type":"Feature","geometry":{"type":"MultiPolygon","coordinates":[[[[-118.161053,34.190895],[-118.161075,34.190827],[-118.161152,34.190844],[-118.161131,34.190912],[-118.161053,34.190895]]]]},"properties":{"occupancy":"Residential"}},{"type":"Feature","geometry":{"type":"MultiPolygon","coordinates":[[[[-118.161097,34.191462],[-118.161127,34.191378],[-118.1612,34.191396],[-118.16117,34.19148],[-118.161097,34.191462]]]]},"properties":{"occupancy":"Residential"}},{"type":"Feature","geometry":{"type":"MultiPolygon","coordinates":[[[[-118.159994,34.19126],[-118.160028,34.191169],[-118.16014,34.191198],[-118.160125,34.19124],[-118.160149,34.191246],[-118.16013,34.191296],[-118.159994,34.19126]]]]},"properties":{"occupancy":"Residential"}},{"type":"Feature","geometry":{"type":"MultiPolygon","coordinates":[[[[-118.158847,34.191353],[-118.158901,34.191216],[-118.158996,34.191242],[-118.159031,34.191297],[-118.158993,34.191393],[-118.158847,34.191353]]]]},"properties":{"occupancy":"Government"}},{"type":"Feature","geometry":{"type":"MultiPolygon","coordinates":[[[[-118.160195,34.191333],[-118.160223,34.19126],[-118.160326,34.191287],[-118.160298,34.19136],[-118.160195,34.191333]]]]},"properties":{"occupancy":"Residential"}},{"type":"Feature","geometry":{"type":"MultiPolygon","coordinates":[[[[-118.16034,34.191353],[-118.160374,34.191265],[-118.160488,34.191295],[-118.160429,34.191447],[-118.160371,34.191432],[-118.160395,34.191368],[-118.16034,34.191353]]]]},"properties":{"occupancy":"Residential"}},{"type":"Feature","geometry":{"type":"MultiPolygon","coordinates":[[[[-118.160472,34.191456],[-118.160541,34.191294],[-118.160606,34.191314],[-118.160537,34.191476],[-118.160472,34.191456]]]]},"properties":{"occupancy":"Residential"}},{"type":"Feature","geometry":{"type":"MultiPolygon","coordinates":[[[[-118.160644,34.191533],[-118.160705,34.191372],[-118.160819,34.191402],[-118.160759,34.191562],[-118.160644,34.191533]]]]},"properties":{"occupancy":"Residential"}},{"type":"Feature","geometry":{"type":"MultiPolygon","coordinates":[[[[-118.160791,34.191534],[-118.160828,34.191433],[-118.160945,34.191463],[-118.160922,34.191524],[-118.160941,34.191529],[-118.160926,34.191569],[-118.160791,34.191534]]]]},"properties":{"occupancy":"Residential"}},{"type":"Feature","geometry":{"type":"MultiPolygon","coordinates":[[[[-118.159155,34.191679],[-118.159155,34.191634],[-118.159181,34.191634],[-118.159181,34.19158],[-118.159152,34.19158],[-118.159152,34.191526],[-118.159181,34.191526],[-118.159266,34.191526],[-118.159266,34.191644],[-118.159313,34.191645],[-118.159312,34.191709],[-118.15923,34.191709],[-118.15923,34.191679],[-118.159181,34.191679],[-118.159155,34.191679]]]]},"properties":{"occupancy":"Residential"}},{"type":"Feature","geometry":{"type":"MultiPolygon","coordinates":[[[[-118.159519,34.191785],[-118.159631,34.191526],[-118.159733,34.191557],[-118.159621,34.191816],[-118.159519,34.191785]]]]},"properties":{"occupancy":"Residential"}},{"type":"Feature","geometry":{"type":"MultiPolygon","coordinates":[[[[-118.16059,34.192762],[-118.16059,34.192758],[-118.160571,34.192758],[-118.160565,34.192544],[-118.160341,34.192548],[-118.160338,34.192443],[-118.160562,34.192439],[-118.160558,34.192337],[-118.160333,34.192343],[-118.160329,34.192232],[-118.160555,34.192227],[-118.160554,34.192181],[-118.160177,34.192063],[-118.160215,34.191977],[-118.159971,34.191904],[-118.160026,34.191777],[-118.160183,34.191825],[-118.160205,34.191773],[-118.160427,34.19184],[-118.160451,34.191786],[-118.161124,34.191988],[-118.16108,34.192089],[-118.160473,34.191906],[-118.160424,34.192018],[-118.160658,34.192088],[-118.160653,34.192099],[-118.160617,34.192182],[-118.160606,34.192206],[-118.160607,34.192226],[-118.161004,34.192216],[-118.161008,34.192326],[-118.16061,34.192336],[-118.160613,34.192438],[-118.161021,34.192429],[-118.161024,34.192534],[-118.160616,34.192543],[-118.16062,34.192651],[-118.160967,34.19264],[-118.160971,34.19275],[-118.160617,34.192761],[-118.16059,34.192762]]]]},"properties":{"occupancy":"Education"}},{"type":"Feature","geometry":{"type":"MultiPolygon","coordinates":[[[[-118.158928,34.191859],[-118.15906,34.191856],[-118.159066,34.192027],[-118.158934,34.19203],[-118.158928,34.191859]]]]},"properties":{"occupancy":"Residential"}},{"type":"Feature","geometry":{"type":"MultiPolygon","coordinates":[[[[-118.159264,34.192085],[-118.159321,34.191952],[-118.159452,34.19199],[-118.15941,34.192088],[-118.159389,34.192082],[-118.159374,34.192117],[-118.159264,34.192085]]]]},"properties":{"occupancy":"Residential"}},{"type":"Feature","geometry":{"type":"MultiPolygon","coordinates":[[[[-118.159021,34.192147],[-118.159054,34.19207],[-118.159354,34.192158],[-118.159309,34.192265],[-118.159145,34.192217],[-118.159157,34.192187],[-118.159021,34.192147]]]]},"properties":{"occupancy":"Residential"}},{"type":"Feature","geometry":{"type":"MultiPolygon","coordinates":[[[[-118.160062,34.192577],[-118.160062,34.192214],[-118.160264,34.192214],[-118.160265,34.192577],[-118.160062,34.192577]]]]},"properties":{"occupancy":"Education"}},{"type":"Feature","geometry":{"type":"MultiPolygon","coordinates":[[[[-118.159125,34.192323],[-118.159142,34.192281],[-118.15933,34.192335],[-118.15933,34.192335],[-118.159292,34.192426],[-118.159123,34.192377],[-118.159143,34.192328],[-118.159125,34.192323]]]]},"properties":{"occupancy":"Residential"}},{"type":"Feature","geometry":{"type":"MultiPolygon","coordinates":[[[[-118.159448,34.192338],[-118.15947,34.192287],[-118.159667,34.192344],[-118.159645,34.192395],[-118.159448,34.192338]]]]},"properties":{"occupancy":"Residential"}},{"type":"Feature","geometry":{"type":"MultiPolygon","coordinates":[[[[-118.159663,34.192483],[-118.159721,34.192323],[-118.159781,34.192338],[-118.159724,34.192498],[-118.159663,34.192483]]]]},"properties":{"occupancy":"Education"}},{"type":"Feature","geometry":{"type":"MultiPolygon","coordinates":[[[[-118.159509,34.192535],[-118.159536,34.192472],[-118.159611,34.192494],[-118.159585,34.192557],[-118.159509,34.192535]]]]},"properties":{"occupancy":"Education"}},{"type":"Feature","geometry":{"type":"MultiPolygon","coordinates":[[[[-118.158956,34.192534],[-118.159047,34.192473],[-118.159162,34.192525],[-118.159157,34.192628],[-118.159066,34.192674],[-118.158961,34.192633],[-118.158956,34.192534]]]]},"properties":{"occupancy":"Assembly"}},{"type":"Feature","geometry":{"type":"MultiPolygon","coordinates":[[[[-118.159247,34.192818],[-118.159243,34.192668],[-118.15921,34.192668],[-118.159206,34.192549],[-118.159292,34.19252],[-118.159369,34.192546],[-118.159382,34.192957],[-118.159317,34.192991],[-118.159219,34.192961],[-118.159214,34.192819],[-118.159247,34.192818]]]]},"properties":{"occupancy":"Assembly"}},{"type":"Feature","geometry":{"type":"MultiPolygon","coordinates":[[[[-118.16011,34.192666],[-118.160252,34.19266],[-118.160257,34.192745],[-118.160114,34.19275],[-118.16011,34.192666]]]]},"properties":{"occupancy":"Education"}},{"type":"Feature","geometry":{"type":"MultiPolygon","coordinates":[[[[-118.160984,34.191602],[-118.161019,34.191509],[-118.161131,34.191537],[-118.161097,34.191631],[-118.160984,34.191602]]]]},"properties":{"occupancy":"Residential"}},{"type":"Feature","geometry":{"type":"MultiPolygon","coordinates":[[[[-118.161112,34.19165],[-118.161149,34.191549],[-118.16126,34.191578],[-118.161222,34.191678],[-118.161112,34.19165]]]]},"properties":{"occupancy":"Residential"}},{"type":"Feature","geometry":{"type":"MultiPolygon","coordinates":[[[[-118.160871,34.193122],[-118.160897,34.193061],[-118.160959,34.193079],[-118.160972,34.193049],[-118.161033,34.193067],[-118.160994,34.193159],[-118.160871,34.193122]]]]},"properties":{"occupancy":"Residential"}},{"type":"Feature","geometry":{"type":"MultiPolygon","coordinates":[[[[-118.161031,34.193171],[-118.161059,34.193106],[-118.161159,34.193135],[-118.161131,34.193201],[-118.161031,34.193171]]]]},"properties":{"occupancy":"Residential"}},{"type":"Feature","geometry":{"type":"MultiPolygon","coordinates":[[[[-118.161176,34.193222],[-118.161204,34.193158],[-118.161297,34.193187],[-118.161269,34.193251],[-118.161176,34.193222]]]]},"properties":{"occupancy":"Residential"}},{"type":"Feature","geometry":{"type":"MultiPolygon","coordinates":[[[[-118.144846,34.188268],[-118.144896,34.188149],[-118.144992,34.188177],[-118.144943,34.188296],[-118.144846,34.188268]]]]},"properties":{"occupancy":"Residential"}},{"type":"Feature","geometry":{"type":"MultiPolygon","coordinates":[[[[-118.144972,34.188296],[-118.145021,34.188197],[-118.145096,34.188217],[-118.145049,34.188321],[-118.144972,34.188296]]]]},"properties":{"occupancy":"Residential"}},{"type":"Feature","geometry":{"type":"MultiPolygon","coordinates":[[[[-118.145137,34.188347],[-118.145172,34.188263],[-118.145233,34.18828],[-118.145227,34.188296],[-118.145276,34.18831],[-118.14524,34.188398],[-118.145167,34.188377],[-118.145175,34.188358],[-118.145137,34.188347]]]]},"properties":{"occupancy":"Residential"}},{"type":"Feature","geometry":{"type":"MultiPolygon","coordinates":[[[[-118.145304,34.188409],[-118.145356,34.188283],[-118.145444,34.188308],[-118.145392,34.188434],[-118.145304,34.188409]]]]},"properties":{"occupancy":"Residential"}},{"type":"Feature","geometry":{"type":"MultiPolygon","coordinates":[[[[-118.14546,34.188478],[-118.145518,34.188348],[-118.14562,34.18838],[-118.145562,34.188509],[-118.14546,34.188478]]]]},"properties":{"occupancy":"Residential"}},{"type":"Feature","geometry":{"type":"MultiPolygon","coordinates":[[[[-118.145641,34.188502],[-118.145686,34.188397],[-118.145786,34.188427],[-118.145742,34.188531],[-118.145641,34.188502]]]]},"properties":{"occupancy":"Residential"}},{"type":"Feature","geometry":{"type":"MultiPolygon","coordinates":[[[[-118.145629,34.188972],[-118.145675,34.188876],[-118.145794,34.188915],[-118.145747,34.189011],[-118.145629,34.188972]]]]},"properties":{"occupancy":"Residential"}},{"type":"Feature","geometry":{"type":"MultiPolygon","coordinates":[[[[-118.145596,34.189097],[-118.145625,34.189036],[-118.145725,34.189068],[-118.145711,34.1891],[-118.145727,34.189105],[-118.145713,34.189136],[-118.145596,34.189097]]]]},"properties":{"occupancy":"Residential"}},{"type":"Feature","geometry":{"type":"MultiPolygon","coordinates":[[[[-118.145213,34.189148],[-118.145246,34.189071],[-118.145386,34.189112],[-118.145353,34.189189],[-118.145213,34.189148]]]]},"properties":{"occupancy":"Residential"}},{"type":"Feature","geometry":{"type":"MultiPolygon","coordinates":[[[[-118.145414,34.189261],[-118.14547,34.18914],[-118.145553,34.189166],[-118.145497,34.189287],[-118.145414,34.189261]]]]},"properties":{"occupancy":"Residential"}},{"type":"Feature","geometry":{"type":"MultiPolygon","coordinates":[[[[-118.14508,34.189239],[-118.145105,34.189182],[-118.145173,34.189202],[-118.145146,34.189263],[-118.145079,34.189242],[-118.14508,34.189239]]]]},"properties":{"occupancy":"Residential"}},{"type":"Feature","geometry":{"type":"MultiPolygon","coordinates":[[[[-118.144672,34.189627],[-118.144701,34.18956],[-118.144743,34.189573],[-118.144754,34.189548],[-118.144882,34.189587],[-118.144889,34.18957],[-118.144987,34.1896],[-118.144959,34.189664],[-118.145107,34.189709],[-118.145082,34.189766],[-118.144923,34.189718],[-118.144929,34.189705],[-118.144917,34.189701],[-118.144672,34.189627]]]]},"properties":{"occupancy":"Residential"}},{"type":"Feature","geometry":{"type":"MultiPolygon","coordinates":[[[[-118.1452,34.189759],[-118.145248,34.189648],[-118.145408,34.189696],[-118.1454,34.189715],[-118.145473,34.189737],[-118.145434,34.189829],[-118.1452,34.189759]]]]},"properties":{"occupancy":"Residential"}},{"type":"Feature","geometry":{"type":"MultiPolygon","coordinates":[[[[-118.145806,34.188554],[-118.145852,34.188451],[-118.145949,34.188481],[-118.145903,34.188584],[-118.145806,34.188554]]]]},"properties":{"occupancy":"Residential"}},{"type":"Feature","geometry":{"type":"MultiPolygon","coordinates":[[[[-118.145959,34.188596],[-118.146008,34.188484],[-118.146122,34.188519],[-118.146072,34.188631],[-118.145959,34.188596]]]]},"properties":{"occupancy":"Residential"}},{"type":"Feature","geometry":{"type":"MultiPolygon","coordinates":[[[[-118.146408,34.188647],[-118.146463,34.188524],[-118.14656,34.188554],[-118.146505,34.188677],[-118.146408,34.188647]]]]},"properties":{"occupancy":"Residential"}},{"type":"Feature","geometry":{"type":"MultiPolygon","coordinates":[[[[-118.146598,34.188691],[-118.146645,34.188584],[-118.146732,34.188611],[-118.146718,34.188642],[-118.146766,34.188656],[-118.146733,34.188732],[-118.146598,34.188691]]]]},"properties":{"occupancy":"Residential"}},{"type":"Feature","geometry":{"type":"MultiPolygon","coordinates":[[[[-118.146777,34.188761],[-118.146825,34.188649],[-118.14694,34.188683],[-118.14688,34.18882],[-118.146827,34.188804],[-118.146838,34.188779],[-118.146777,34.188761]]]]},"properties":{"occupancy":"Residential"}},{"type":"Feature","geometry":{"type":"MultiPolygon","coordinates":[[[[-118.146333,34.188831],[-118.146369,34.188749],[-118.146446,34.188773],[-118.146409,34.188855],[-118.146408,34.188854],[-118.146333,34.188831]]]]},"properties":{"occupancy":"Residential"}},{"type":"Feature","geometry":{"type":"MultiPolygon","coordinates":[[[[-118.146272,34.189011],[-118.146306,34.188936],[-118.146371,34.188956],[-118.146336,34.189031],[-118.146272,34.189011]]]]},"properties":{"occupancy":"Residential"}},{"type":"Feature","geometry":{"type":"MultiPolygon","coordinates":[[[[-118.146128,34.189162],[-118.14616,34.189094],[-118.146296,34.189138],[-118.146264,34.189206],[-118.146128,34.189162]]]]},"properties":{"occupancy":"Residential"}},{"type":"Feature","geometry":{"type":"MultiPolygon","coordinates":[[[[-118.146368,34.18922],[-118.14641,34.189128],[-118.146473,34.189148],[-118.146456,34.189184],[-118.146484,34.189192],[-118.146459,34.189248],[-118.146368,34.18922]]]]},"properties":{"occupancy":"Residential"}},{"type":"Feature","geometry":{"type":"MultiPolygon","coordinates":[[[[-118.146502,34.189249],[-118.146534,34.189179],[-118.146703,34.189231],[-118.146671,34.189302],[-118.14667,34.189301],[-118.146502,34.189249]]]]},"properties":{"occupancy":"Residential"}},{"type":"Feature","geometry":{"type":"MultiPolygon","coordinates":[[[[-118.14672,34.189306],[-118.14674,34.189239],[-118.146869,34.189275],[-118.14684,34.189337],[-118.14672,34.189306]]]]},"properties":{"occupancy":"Residential"}},{"type":"Feature","geometry":{"type":"MultiPolygon","coordinates":[[[[-118.146072,34.189519],[-118.146114,34.189423],[-118.146222,34.189455],[-118.14618,34.189552],[-118.146072,34.189519]]]]},"properties":{"occupancy":"Residential"}},{"type":"Feature","geometry":{"type":"MultiPolygon","coordinates":[[[[-118.146019,34.189648],[-118.146057,34.189558],[-118.146181,34.189595],[-118.146164,34.189633],[-118.146266,34.189663],[-118.146245,34.189714],[-118.146019,34.189648]]]]},"properties":{"occupancy":"Residential"}},{"type":"Feature","geometry":{"type":"MultiPolygon","coordinates":[[[[-118.146578,34.189671],[-118.146607,34.189601],[-118.146793,34.189656],[-118.146764,34.189725],[-118.146578,34.189671]]]]},"properties":{"occupancy":"Residential"}},{"type":"Feature","geometry":{"type":"MultiPolygon","coordinates":[[[[-118.145981,34.189788],[-118.146016,34.189705],[-118.146141,34.189741],[-118.146106,34.189824],[-118.145981,34.189788]]]]},"properties":{"occupancy":"Residential"}},{"type":"Feature","geometry":{"type":"MultiPolygon","coordinates":[[[[-118.14658,34.189814],[-118.146616,34.189728],[-118.146741,34.189763],[-118.146705,34.18985],[-118.14658,34.189814]]]]},"properties":{"occupancy":"Residential"}},{"type":"Feature","geometry":{"type":"MultiPolygon","coordinates":[[[[-118.146019,34.189898],[-118.146041,34.189846],[-118.146158,34.189879],[-118.146136,34.189932],[-118.146019,34.189898]]]]},"properties":{"occupancy":"Residential"}},{"type":"Feature","geometry":{"type":"MultiPolygon","coordinates":[[[[-118.14648,34.189904],[-118.146505,34.189842],[-118.146685,34.189893],[-118.14665,34.189979],[-118.146573,34.189957],[-118.146583,34.189933],[-118.14648,34.189904]]]]},"properties":{"occupancy":"Residential"}},{"type":"Feature","geometry":{"type":"MultiPolygon","coordinates":[[[[-118.145869,34.190033],[-118.145907,34.189942],[-118.146025,34.189976],[-118.146009,34.190014],[-118.145981,34.190006],[-118.145959,34.190059],[-118.145869,34.190033]]]]},"properties":{"occupancy":"Residential"}},{"type":"Feature","geometry":{"type":"MultiPolygon","coordinates":[[[[-118.146443,34.190065],[-118.146486,34.189961],[-118.146634,34.190003],[-118.146615,34.190049],[-118.146631,34.190054],[-118.146607,34.190112],[-118.146443,34.190065]]]]},"properties":{"occupancy":"Residential"}},{"type":"Feature","geometry":{"type":"MultiPolygon","coordinates":[[[[-118.145791,34.19014],[-118.145815,34.190086],[-118.14595,34.190128],[-118.145928,34.190178],[-118.145791,34.19014]]]]},"properties":{"occupancy":"Residential"}},{"type":"Feature","geometry":{"type":"MultiPolygon","coordinates":[[[[-118.146415,34.190209],[-118.146446,34.190131],[-118.146566,34.190165],[-118.146534,34.190243],[-118.146415,34.190209]]]]},"properties":{"occupancy":"Residential"}},{"type":"Feature","geometry":{"type":"MultiPolygon","coordinates":[[[[-118.145879,34.190302],[-118.145828,34.190287],[-118.145823,34.190299],[-118.145739,34.190275],[-118.145781,34.190173],[-118.145917,34.190213],[-118.145879,34.190302]]]]},"properties":{"occupancy":"Residential"}},{"type":"Feature","geometry":{"type":"MultiPolygon","coordinates":[[[[-118.145907,34.190353],[-118.145955,34.190232],[-118.146007,34.190247],[-118.145983,34.190306],[-118.146058,34.190327],[-118.146014,34.190436],[-118.145945,34.190417],[-118.145964,34.190369],[-118.145907,34.190353]]]]},"properties":{"occupancy":"Residential"}},{"type":"Feature","geometry":{"type":"MultiPolygon","coordinates":[[[[-118.146195,34.190296],[-118.146216,34.190244],[-118.146339,34.190279],[-118.146348,34.190256],[-118.146502,34.190299],[-118.146472,34.190373],[-118.146195,34.190296]]]]},"properties":{"occupancy":"Residential"}},{"type":"Feature","geometry":{"type":"MultiPolygon","coordinates":[[[[-118.146308,34.190479],[-118.146346,34.190386],[-118.146452,34.190416],[-118.146414,34.190509],[-118.146308,34.190479]]]]},"properties":{"occupancy":"Residential"}},{"type":"Feature","geometry":{"type":"MultiPolygon","coordinates":[[[[-118.145833,34.19057],[-118.14586,34.190505],[-118.145917,34.190521],[-118.14589,34.190586],[-118.145833,34.19057]]]]},"properties":{"occupancy":"Residential"}},{"type":"Feature","geometry":{"type":"MultiPolygon","coordinates":[[[[-118.146211,34.190595],[-118.146248,34.190504],[-118.146361,34.190536],[-118.146324,34.190627],[-118.146211,34.190595]]]]},"properties":{"occupancy":"Residential"}},{"type":"Feature","geometry":{"type":"MultiPolygon","coordinates":[[[[-118.146826,34.190644],[-118.14685,34.190566],[-118.146972,34.190591],[-118.146949,34.190669],[-118.146826,34.190644]]]]},"properties":{"occupancy":"Residential"}},{"type":"Feature","geometry":{"type":"MultiPolygon","coordinates":[[[[-118.146183,34.190722],[-118.146217,34.19064],[-118.146329,34.190672],[-118.146295,34.190755],[-118.146183,34.190722]]]]},"properties":{"occupancy":"Residential"}},{"type":"Feature","geometry":{"type":"MultiPolygon","coordinates":[[[[-118.146765,34.190749],[-118.146792,34.190684],[-118.146948,34.19073],[-118.146921,34.190794],[-118.146765,34.190749]]]]},"properties":{"occupancy":"Residential"}},{"type":"Feature","geometry":{"type":"MultiPolygon","coordinates":[[[[-118.145858,34.190819],[-118.145899,34.190721],[-118.145962,34.190739],[-118.145979,34.190698],[-118.146049,34.190718],[-118.145991,34.190857],[-118.145858,34.190819]]]]},"properties":{"occupancy":"Residential"}},{"type":"Feature","geometry":{"type":"MultiPolygon","coordinates":[[[[-118.146089,34.190827],[-118.146126,34.190741],[-118.146271,34.190783],[-118.146234,34.190869],[-118.146089,34.190827]]]]},"properties":{"occupancy":"Residential"}},{"type":"Feature","geometry":{"type":"MultiPolygon","coordinates":[[[[-118.146746,34.190889],[-118.146779,34.190811],[-118.146901,34.190848],[-118.146867,34.190926],[-118.146746,34.190889]]]]},"properties":{"occupancy":"Residential"}},{"type":"Feature","geometry":{"type":"MultiPolygon","coordinates":[[[[-118.146982,34.188763],[-118.147013,34.188687],[-118.147119,34.188718],[-118.147087,34.188793],[-118.146982,34.188763]]]]},"properties":{"occupancy":"Residential"}},{"type":"Feature","geometry":{"type":"MultiPolygon","coordinates":[[[[-118.147246,34.18905],[-118.147293,34.188932],[-118.147388,34.188959],[-118.147367,34.189011],[-118.147384,34.189015],[-118.147357,34.189081],[-118.147246,34.18905]]]]},"properties":{"occupancy":"Residential"}},{"type":"Feature","geometry":{"type":"MultiPolygon","coordinates":[[[[-118.14772,34.189057],[-118.147765,34.188944],[-118.147843,34.188966],[-118.147815,34.189035],[-118.147809,34.189033],[-118.147806,34.18904],[-118.147791,34.189077],[-118.14772,34.189057]]]]},"properties":{"occupancy":"Residential"}},{"type":"Feature","geometry":{"type":"MultiPolygon","coordinates":[[[[-118.14711,34.189046],[-118.147139,34.188975],[-118.147213,34.188996],[-118.147184,34.189067],[-118.14711,34.189046]]]]},"properties":{"occupancy":"Residential"}},{"type":"Feature","geometry":{"type":"MultiPolygon","coordinates":[[[[-118.147891,34.189146],[-118.147953,34.188993],[-118.148049,34.189019],[-118.148018,34.189098],[-118.147997,34.189092],[-118.147966,34.189167],[-118.147891,34.189146]]]]},"properties":{"occupancy":"Residential"}},{"type":"Feature","geometry":{"type":"MultiPolygon","coordinates":[[[[-118.147424,34.189176],[-118.147443,34.189128],[-118.147535,34.189153],[-118.147516,34.189201],[-118.147515,34.189201],[-118.147424,34.189176]]]]},"properties":{"occupancy":"Residential"}},{"type":"Feature","geometry":{"type":"MultiPolygon","coordinates":[[[[-118.147073,34.189451],[-118.147143,34.189284],[-118.147209,34.189303],[-118.147193,34.189342],[-118.147232,34.189353],[-118.147194,34.189442],[-118.147116,34.189419],[-118.147099,34.189458],[-118.147073,34.189451]]]]},"properties":{"occupancy":"Residential"}},{"type":"Feature","geometry":{"type":"MultiPolygon","coordinates":[[[[-118.146916,34.189378],[-118.146954,34.189291],[-118.147067,34.189325],[-118.14703,34.189412],[-118.146916,34.189378]]]]},"properties":{"occupancy":"Residential"}},{"type":"Feature","geometry":{"type":"MultiPolygon","coordinates":[[[[-118.147296,34.189478],[-118.147331,34.189393],[-118.147431,34.189422],[-118.147397,34.189507],[-118.147296,34.189478]]]]},"properties":{"occupancy":"Residential"}},{"type":"Feature","geometry":{"type":"MultiPolygon","coordinates":[[[[-118.147456,34.189528],[-118.147489,34.189445],[-118.147575,34.189469],[-118.147542,34.189551],[-118.147456,34.189528]]]]},"properties":{"occupancy":"Residential"}},{"type":"Feature","geometry":{"type":"MultiPolygon","coordinates":[[[[-118.147842,34.189609],[-118.14789,34.189489],[-118.14803,34.189528],[-118.148016,34.189565],[-118.148014,34.189564],[-118.147957,34.189708],[-118.147883,34.189687],[-118.147907,34.189627],[-118.147842,34.189609]]]]},"properties":{"occupancy":"Residential"}},{"type":"Feature","geometry":{"type":"MultiPolygon","coordinates":[[[[-118.147667,34.189594],[-118.147703,34.189502],[-118.147769,34.189519],[-118.147733,34.189611],[-118.147667,34.189594]]]]},"properties":{"occupancy":"Residential"}},{"type":"Feature","geometry":{"type":"MultiPolygon","coordinates":[[[[-118.148009,34.189728],[-118.148059,34.189603],[-118.148139,34.189626],[-118.14809,34.18975],[-118.148009,34.189728]]]]},"properties":{"occupancy":"Residential"}},{"type":"Feature","geometry":{"type":"MultiPolygon","coordinates":[[[[-118.147173,34.189873],[-118.147215,34.189775],[-118.147332,34.18981],[-118.14731,34.189862],[-118.147356,34.189876],[-118.147337,34.189921],[-118.147173,34.189873]]]]},"properties":{"occupancy":"Residential"}},{"type":"Feature","geometry":{"type":"MultiPolygon","coordinates":[[[[-118.147135,34.189985],[-118.147174,34.189894],[-118.147309,34.189934],[-118.14727,34.190025],[-118.147135,34.189985]]]]},"properties":{"occupancy":"Residential"}},{"type":"Feature","geometry":{"type":"MultiPolygon","coordinates":[[[[-118.147065,34.190116],[-118.147105,34.190021],[-118.147285,34.190073],[-118.147244,34.190169],[-118.147065,34.190116]]]]},"properties":{"occupancy":"Residential"}},{"type":"Feature","geometry":{"type":"MultiPolygon","coordinates":[[[[-118.147613,34.190155],[-118.147632,34.190113],[-118.14768,34.190128],[-118.147693,34.190096],[-118.147862,34.190147],[-118.147831,34.19022],[-118.147613,34.190155]]]]},"properties":{"occupancy":"Residential"}},{"type":"Feature","geometry":{"type":"MultiPolygon","coordinates":[[[[-118.14732,34.190212],[-118.147358,34.190124],[-118.147427,34.190145],[-118.147389,34.190232],[-118.14732,34.190212]]]]},"properties":{"occupancy":"Residential"}},{"type":"Feature","geometry":{"type":"MultiPolygon","coordinates":[[[[-118.147011,34.190238],[-118.147044,34.190159],[-118.147163,34.190193],[-118.147152,34.19022],[-118.14721,34.190237],[-118.147189,34.190289],[-118.147011,34.190238]]]]},"properties":{"occupancy":"Residential"}},{"type":"Feature","geometry":{"type":"MultiPolygon","coordinates":[[[[-118.147579,34.190259],[-118.147605,34.190198],[-118.147801,34.190255],[-118.147766,34.190337],[-118.147657,34.190306],[-118.147666,34.190284],[-118.147579,34.190259]]]]},"properties":{"occupancy":"Residential"}},{"type":"Feature","geometry":{"type":"MultiPolygon","coordinates":[[[[-118.147447,34.190256],[-118.147465,34.190215],[-118.147558,34.190243],[-118.14754,34.190284],[-118.147447,34.190256]]]]},"properties":{"occupancy":"Residential"}},{"type":"Feature","geometry":{"type":"MultiPolygon","coordinates":[[[[-118.146957,34.190356],[-118.146985,34.190288],[-118.147076,34.190314],[-118.147048,34.190382],[-118.146957,34.190356]]]]},"properties":{"occupancy":"Residential"}},{"type":"Feature","geometry":{"type":"MultiPolygon","coordinates":[[[[-118.147556,34.190415],[-118.147588,34.190335],[-118.147733,34.190377],[-118.147701,34.190456],[-118.147556,34.190415]]]]},"properties":{"occupancy":"Residential"}},{"type":"Feature","geometry":{"type":"MultiPolygon","coordinates":[[[[-118.147185,34.190466],[-118.147215,34.190393],[-118.147286,34.190413],[-118.147256,34.190486],[-118.147185,34.190466]]]]},"properties":{"occupancy":"Residential"}},{"type":"Feature","geometry":{"type":"MultiPolygon","coordinates":[[[[-118.146903,34.190506],[-118.146934,34.190423],[-118.14701,34.190442],[-118.146979,34.190525],[-118.146903,34.190506]]]]},"properties":{"occupancy":"Residential"}},{"type":"Feature","geometry":{"type":"MultiPolygon","coordinates":[[[[-118.147449,34.190551],[-118.147481,34.190473],[-118.14767,34.190525],[-118.147638,34.190603],[-118.147449,34.190551]]]]},"properties":{"occupancy":"Residential"}},{"type":"Feature","geometry":{"type":"MultiPolygon","coordinates":[[[[-118.147462,34.190681],[-118.147501,34.190583],[-118.147625,34.190617],[-118.147587,34.190715],[-118.147462,34.190681]]]]},"properties":{"occupancy":"Residential"}},{"type":"Feature","geometry":{"type":"MultiPolygon","coordinates":[[[[-118.144983,34.190307],[-118.145047,34.190157],[-118.145174,34.190194],[-118.145134,34.190288],[-118.145072,34.19027],[-118.145048,34.190326],[-118.144983,34.190307]]]]},"properties":{"occupancy":"Residential"}},{"type":"Feature","geometry":{"type":"MultiPolygon","coordinates":[[[[-118.145166,34.190349],[-118.145224,34.190211],[-118.14534,34.190245],[-118.14531,34.190315],[-118.145288,34.190308],[-118.145259,34.190376],[-118.145166,34.190349]]]]},"properties":{"occupancy":"Residential"}},{"type":"Feature","geometry":{"type":"MultiPolygon","coordinates":[[[[-118.145656,34.190416],[-118.145694,34.190325],[-118.145823,34.190361],[-118.145785,34.190453],[-118.145656,34.190416]]]]},"properties":{"occupancy":"Residential"}},{"type":"Feature","geometry":{"type":"MultiPolygon","coordinates":[[[[-118.145586,34.190541],[-118.145624,34.190449],[-118.145709,34.190474],[-118.145689,34.190521],[-118.145804,34.190554],[-118.145786,34.190599],[-118.145586,34.190541]]]]},"properties":{"occupancy":"Residential"}},{"type":"Feature","geometry":{"type":"MultiPolygon","coordinates":[[[[-118.144982,34.190492],[-118.144993,34.190466],[-118.14516,34.190516],[-118.14512,34.190609],[-118.145017,34.190579],[-118.145046,34.190511],[-118.144982,34.190492]]]]},"properties":{"occupancy":"Residential"}},{"type":"Feature","geometry":{"type":"MultiPolygon","coordinates":[[[[-118.145529,34.190678],[-118.145578,34.190563],[-118.145666,34.190589],[-118.145617,34.190704],[-118.145616,34.190703],[-118.145529,34.190678]]]]},"properties":{"occupancy":"Residential"}},{"type":"Feature","geometry":{"type":"MultiPolygon","coordinates":[[[[-118.144904,34.190661],[-118.144938,34.190582],[-118.145119,34.190636],[-118.145085,34.190715],[-118.144904,34.190661]]]]},"properties":{"occupancy":"Residential"}},{"type":"Feature","geometry":{"type":"MultiPolygon","coordinates":[[[[-118.144842,34.190776],[-118.144883,34.190682],[-118.145064,34.190736],[-118.145024,34.19083],[-118.145022,34.19083],[-118.144842,34.190776]]]]},"properties":{"occupancy":"Residential"}},{"type":"Feature","geometry":{"type":"MultiPolygon","coordinates":[[[[-118.145634,34.19083],[-118.145676,34.190729],[-118.145828,34.190773],[-118.145785,34.190873],[-118.145634,34.19083]]]]},"properties":{"occupancy":"Residential"}},{"type":"Feature","geometry":{"type":"MultiPolygon","coordinates":[[[[-118.14482,34.190943],[-118.144861,34.19085],[-118.144993,34.190891],[-118.144952,34.190984],[-118.14482,34.190943]]]]},"properties":{"occupancy":"Residential"}},{"type":"Feature","geometry":{"type":"MultiPolygon","coordinates":[[[[-118.145476,34.190966],[-118.14552,34.190864],[-118.145628,34.190896],[-118.145584,34.190998],[-118.145476,34.190966]]]]},"properties":{"occupancy":"Residential"}},{"type":"Feature","geometry":{"type":"MultiPolygon","coordinates":[[[[-118.145283,34.19106],[-118.145359,34.190884],[-118.145435,34.190907],[-118.145403,34.190981],[-118.145433,34.190991],[-118.145408,34.19105],[-118.145352,34.191033],[-118.145334,34.191075],[-118.145283,34.19106]]]]},"properties":{"occupancy":"Residential"}},{"type":"Feature","geometry":{"type":"MultiPolygon","coordinates":[[[[-118.145598,34.191152],[-118.145676,34.190999],[-118.145753,34.191026],[-118.145675,34.191179],[-118.145598,34.191152]]]]},"properties":{"occupancy":"Residential"}},{"type":"Feature","geometry":{"type":"MultiPolygon","coordinates":[[[[-118.145212,34.19171],[-118.145269,34.19157],[-118.145356,34.191594],[-118.145299,34.191734],[-118.145212,34.19171]]]]},"properties":{"occupancy":"Education"}},{"type":"Feature","geometry":{"type":"MultiPolygon","coordinates":[[[[-118.147364,34.190797],[-118.147399,34.19071],[-118.147565,34.190756],[-118.14753,34.190843],[-118.147364,34.190797]]]]},"properties":{"occupancy":"Residential"}},{"type":"Feature","geometry":{"type":"MultiPolygon","coordinates":[[[[-118.147982,34.190867],[-118.148019,34.190776],[-118.148165,34.190817],[-118.148128,34.190908],[-118.148127,34.190908],[-118.147982,34.190867]]]]},"properties":{"occupancy":"Residential"}},{"type":"Feature","geometry":{"type":"MultiPolygon","coordinates":[[[[-118.147383,34.190937],[-118.147418,34.190848],[-118.147512,34.190873],[-118.147477,34.190962],[-118.147383,34.190937]]]]},"properties":{"occupancy":"Residential"}},{"type":"Feature","geometry":{"type":"MultiPolygon","coordinates":[[[[-118.147934,34.190999],[-118.147964,34.190921],[-118.14808,34.190952],[-118.148049,34.19103],[-118.147934,34.190999]]]]},"properties":{"occupancy":"Residential"}},{"type":"Feature","geometry":{"type":"MultiPolygon","coordinates":[[[[-118.147239,34.191043],[-118.147271,34.190963],[-118.147432,34.191008],[-118.147399,34.191088],[-118.147239,34.191043]]]]},"properties":{"occupancy":"Residential"}},{"type":"Feature","geometry":{"type":"MultiPolygon","coordinates":[[[[-118.147883,34.191123],[-118.147913,34.191044],[-118.148058,34.191083],[-118.148028,34.191161],[-118.147883,34.191123]]]]},"properties":{"occupancy":"Residential"}},{"type":"Feature","geometry":{"type":"MultiPolygon","coordinates":[[[[-118.147215,34.191186],[-118.147241,34.191122],[-118.147381,34.191162],[-118.147355,34.191226],[-118.147215,34.191186]]]]},"properties":{"occupancy":"Residential"}},{"type":"Feature","geometry":{"type":"MultiPolygon","coordinates":[[[[-118.147818,34.191261],[-118.147851,34.191175],[-118.147996,34.191214],[-118.147963,34.191299],[-118.147818,34.191261]]]]},"properties":{"occupancy":"Residential"}},{"type":"Feature","geometry":{"type":"MultiPolygon","coordinates":[[[[-118.147144,34.191307],[-118.147178,34.191223],[-118.147331,34.191267],[-118.147296,34.19135],[-118.147144,34.191307]]]]},"properties":{"occupancy":"Residential"}},{"type":"Feature","geometry":{"type":"MultiPolygon","coordinates":[[[[-118.147734,34.191491],[-118.147762,34.191419],[-118.147835,34.191438],[-118.147807,34.19151],[-118.147734,34.191491]]]]},"properties":{"occupancy":"Residential"}},{"type":"Feature","geometry":{"type":"MultiPolygon","coordinates":[[[[-118.146868,34.191508],[-118.146906,34.191419],[-118.147009,34.191449],[-118.14697,34.191539],[-118.146868,34.191508]]]]},"properties":{"occupancy":"Residential"}},{"type":"Feature","geometry":{"type":"MultiPolygon","coordinates":[[[[-118.147148,34.191583],[-118.147202,34.19145],[-118.147334,34.191486],[-118.14728,34.19162],[-118.147148,34.191583]]]]},"properties":{"occupancy":"Residential"}},{"type":"Feature","geometry":{"type":"MultiPolygon","coordinates":[[[[-118.146998,34.191551],[-118.147035,34.191463],[-118.147142,34.191494],[-118.147105,34.191582],[-118.146998,34.191551]]]]},"properties":{"occupancy":"Residential"}},{"type":"Feature","geometry":{"type":"MultiPolygon","coordinates":[[[[-118.147935,34.191597],[-118.147958,34.191534],[-118.14806,34.191561],[-118.148037,34.191624],[-118.147935,34.191597]]]]},"properties":{"occupancy":"Residential"}},{"type":"Feature","geometry":{"type":"MultiPolygon","coordinates":[[[[-118.147771,34.191632],[-118.147797,34.191563],[-118.147861,34.19158],[-118.147834,34.191649],[-118.147771,34.191632]]]]},"properties":{"occupancy":"Residential"}},{"type":"Feature","geometry":{"type":"MultiPolygon","coordinates":[[[[-118.147889,34.191657],[-118.147907,34.191609],[-118.148008,34.191635],[-118.147989,34.191683],[-118.147889,34.191657]]]]},"properties":{"occupancy":"Residential"}},{"type":"Feature","geometry":{"type":"MultiPolygon","coordinates":[[[[-118.147625,34.191774],[-118.147684,34.191623],[-118.147741,34.191638],[-118.147716,34.191702],[-118.14778,34.19172],[-118.147746,34.191807],[-118.147625,34.191774]]]]},"properties":{"occupancy":"Residential"}},{"type":"Feature","geometry":{"type":"MultiPolygon","coordinates":[[[[-118.147502,34.191729],[-118.147539,34.191632],[-118.147636,34.191658],[-118.147598,34.191755],[-118.147502,34.191729]]]]},"properties":{"occupancy":"Residential"}},{"type":"Feature","geometry":{"type":"MultiPolygon","coordinates":[[[[-118.147792,34.191829],[-118.147833,34.191727],[-118.147899,34.191744],[-118.147882,34.191787],[-118.147917,34.191797],[-118.147893,34.191858],[-118.147792,34.191831],[-118.147792,34.191829]]]]},"properties":{"occupancy":"Residential"}},{"type":"Feature","geometry":{"type":"MultiPolygon","coordinates":[[[[-118.146697,34.19102],[-118.146732,34.190942],[-118.146842,34.190975],[-118.146825,34.191012],[-118.146778,34.190997],[-118.146759,34.191039],[-118.146697,34.19102]]]]},"properties":{"occupancy":"Residential"}},{"type":"Feature","geometry":{"type":"MultiPolygon","coordinates":[[[[-118.146186,34.191083],[-118.146214,34.191018],[-118.14628,34.191038],[-118.146251,34.191103],[-118.146186,34.191083]]]]},"properties":{"occupancy":"Residential"}},{"type":"Feature","geometry":{"type":"MultiPolygon","coordinates":[[[[-118.145729,34.19114],[-118.145754,34.191081],[-118.145815,34.191099],[-118.14584,34.191041],[-118.145903,34.19106],[-118.14587,34.191137],[-118.145837,34.191127],[-118.14582,34.191167],[-118.145729,34.19114]]]]},"properties":{"occupancy":"Residential"}},{"type":"Feature","geometry":{"type":"MultiPolygon","coordinates":[[[[-118.146599,34.191122],[-118.146632,34.191049],[-118.146801,34.191101],[-118.146768,34.191174],[-118.146599,34.191122]]]]},"properties":{"occupancy":"Residential"}},{"type":"Feature","geometry":{"type":"MultiPolygon","coordinates":[[[[-118.145891,34.191201],[-118.145939,34.191111],[-118.146027,34.191143],[-118.14598,34.191233],[-118.145891,34.191201]]]]},"properties":{"occupancy":"Residential"}},{"type":"Feature","geometry":{"type":"MultiPolygon","coordinates":[[[[-118.146028,34.19127],[-118.146078,34.191175],[-118.146118,34.19119],[-118.146141,34.191145],[-118.146212,34.191171],[-118.146139,34.19131],[-118.146068,34.191285],[-118.146028,34.19127]]]]},"properties":{"occupancy":"Residential"}},{"type":"Feature","geometry":{"type":"MultiPolygon","coordinates":[[[[-118.146502,34.191199],[-118.146523,34.191154],[-118.146602,34.191178],[-118.146581,34.191224],[-118.146502,34.191199]]]]},"properties":{"occupancy":"Residential"}},{"type":"Feature","geometry":{"type":"MultiPolygon","coordinates":[[[[-118.146752,34.191274],[-118.1468,34.191167],[-118.14687,34.191189],[-118.146822,34.191295],[-118.146752,34.191274]]]]},"properties":{"occupancy":"Residential"}},{"type":"Feature","geometry":{"type":"MultiPolygon","coordinates":[[[[-118.146398,34.19135],[-118.146456,34.191222],[-118.146566,34.191256],[-118.146508,34.191384],[-118.146398,34.19135]]]]},"properties":{"occupancy":"Residential"}},{"type":"Feature","geometry":{"type":"MultiPolygon","coordinates":[[[[-118.146549,34.191371],[-118.146601,34.191255],[-118.146682,34.19128],[-118.146698,34.191246],[-118.146736,34.191257],[-118.146638,34.191476],[-118.146576,34.191457],[-118.146607,34.191389],[-118.146549,34.191371]]]]},"properties":{"occupancy":"Residential"}},{"type":"Feature","geometry":{"type":"MultiPolygon","coordinates":[[[[-118.146712,34.191447],[-118.146764,34.191329],[-118.146865,34.19136],[-118.146813,34.191478],[-118.146712,34.191447]]]]},"properties":{"occupancy":"Residential"}},{"type":"Feature","geometry":{"type":"MultiPolygon","coordinates":[[[[-118.145864,34.191766],[-118.145917,34.191644],[-118.145976,34.191661],[-118.145967,34.191682],[-118.146034,34.191702],[-118.145991,34.191803],[-118.145864,34.191766]]]]},"properties":{"occupancy":"Residential"}},{"type":"Feature","geometry":{"type":"MultiPolygon","coordinates":[[[[-118.145789,34.191908],[-118.145824,34.191828],[-118.145848,34.191836],[-118.145866,34.191795],[-118.145964,34.191824],[-118.145926,34.191913],[-118.145892,34.191903],[-118.145879,34.191935],[-118.145789,34.191908]]]]},"properties":{"occupancy":"Residential"}},{"type":"Feature","geometry":{"type":"MultiPolygon","coordinates":[[[[-118.146475,34.191957],[-118.146521,34.191847],[-118.146618,34.191875],[-118.146572,34.191985],[-118.146475,34.191957]]]]},"properties":{"occupancy":"Residential"}},{"type":"Feature","geometry":{"type":"MultiPolygon","coordinates":[[[[-118.145723,34.192057],[-118.145774,34.191939],[-118.145813,34.191951],[-118.145804,34.191971],[-118.14588,34.191994],[-118.145838,34.192092],[-118.145723,34.192057]]]]},"properties":{"occupancy":"Residential"}},{"type":"Feature","geometry":{"type":"MultiPolygon","coordinates":[[[[-118.146739,34.192051],[-118.146781,34.191949],[-118.146922,34.191989],[-118.146879,34.192091],[-118.146739,34.192051]]]]},"properties":{"occupancy":"Residential"}},{"type":"Feature","geometry":{"type":"MultiPolygon","coordinates":[[[[-118.146412,34.192111],[-118.146464,34.191985],[-118.146562,34.192013],[-118.14651,34.192139],[-118.146412,34.192111]]]]},"properties":{"occupancy":"Residential"}},{"type":"Feature","geometry":{"type":"MultiPolygon","coordinates":[[[[-118.146252,34.192147],[-118.146303,34.192023],[-118.146353,34.192038],[-118.146326,34.192104],[-118.146504,34.192155],[-118.146451,34.192284],[-118.146379,34.192263],[-118.146393,34.192231],[-118.146293,34.192202],[-118.146309,34.192163],[-118.146252,34.192147]]]]},"properties":{"occupancy":"Residential"}},{"type":"Feature","geometry":{"type":"MultiPolygon","coordinates":[[[[-118.145678,34.19218],[-118.145713,34.192098],[-118.145808,34.192125],[-118.145773,34.192207],[-118.145678,34.19218]]]]},"properties":{"occupancy":"Residential"}},{"type":"Feature","geometry":{"type":"MultiPolygon","coordinates":[[[[-118.144972,34.192206],[-118.145037,34.19205],[-118.145175,34.19209],[-118.14511,34.192246],[-118.144972,34.192206]]]]},"properties":{"occupancy":"Education"}},{"type":"Feature","geometry":{"type":"MultiPolygon","coordinates":[[[[-118.145589,34.192339],[-118.145639,34.192221],[-118.145723,34.192246],[-118.145709,34.192278],[-118.145747,34.192289],[-118.145711,34.192375],[-118.145589,34.192339]]]]},"properties":{"occupancy":"Residential"}},{"type":"Feature","geometry":{"type":"MultiPolygon","coordinates":[[[[-118.145537,34.192464],[-118.14558,34.192382],[-118.145692,34.192423],[-118.145648,34.192505],[-118.145537,34.192464]]]]},"properties":{"occupancy":"Residential"}},{"type":"Feature","geometry":{"type":"MultiPolygon","coordinates":[[[[-118.145461,34.192631],[-118.14551,34.19251],[-118.145598,34.192534],[-118.145578,34.192584],[-118.145612,34.192593],[-118.145583,34.192665],[-118.145461,34.192631]]]]},"properties":{"occupancy":"Residential"}},{"type":"Feature","geometry":{"type":"MultiPolygon","coordinates":[[[[-118.145403,34.192776],[-118.145451,34.192653],[-118.145559,34.192683],[-118.145527,34.192766],[-118.145491,34.192756],[-118.145476,34.192795],[-118.145403,34.192776]]]]},"properties":{"occupancy":"Residential"}},{"type":"Feature","geometry":{"type":"MultiPolygon","coordinates":[[[[-118.145331,34.192914],[-118.145377,34.192793],[-118.145449,34.192811],[-118.145441,34.19283],[-118.145485,34.192842],[-118.145446,34.192944],[-118.145331,34.192914]]]]},"properties":{"occupancy":"Residential"}},{"type":"Feature","geometry":{"type":"MultiPolygon","coordinates":[[[[-118.145207,34.193038],[-118.145229,34.192979],[-118.145289,34.192995],[-118.145312,34.192933],[-118.145433,34.192965],[-118.145388,34.193085],[-118.145207,34.193038]]]]},"properties":{"occupancy":"Residential"}},{"type":"Feature","geometry":{"type":"MultiPolygon","coordinates":[[[[-118.145189,34.193213],[-118.145239,34.193081],[-118.145314,34.193101],[-118.145299,34.193142],[-118.145388,34.193165],[-118.145373,34.193206],[-118.145326,34.193194],[-118.145308,34.193244],[-118.145295,34.193241],[-118.145293,34.19324],[-118.145293,34.19324],[-118.145292,34.19324],[-118.145189,34.193213]]]]},"properties":{"occupancy":"Residential"}},{"type":"Feature","geometry":{"type":"MultiPolygon","coordinates":[[[[-118.145302,34.193364],[-118.145218,34.193342],[-118.14521,34.193364],[-118.145126,34.193342],[-118.145172,34.193222],[-118.145286,34.193252],[-118.145287,34.193253],[-118.145265,34.193312],[-118.145317,34.193326],[-118.145302,34.193364]]]]},"properties":{"occupancy":"Residential"}},{"type":"Feature","geometry":{"type":"MultiPolygon","coordinates":[[[[-118.145017,34.193435],[-118.145053,34.193349],[-118.145123,34.193369],[-118.145226,34.193398],[-118.145178,34.193516],[-118.145075,34.193486],[-118.145088,34.193455],[-118.145017,34.193435]]]]},"properties":{"occupancy":"Residential"}},{"type":"Feature","geometry":{"type":"MultiPolygon","coordinates":[[[[-118.145012,34.19361],[-118.145045,34.193528],[-118.14523,34.193581],[-118.145197,34.193662],[-118.145012,34.19361]]]]},"properties":{"occupancy":"Residential"}},{"type":"Feature","geometry":{"type":"MultiPolygon","coordinates":[[[[-118.146911,34.192118],[-118.146958,34.192003],[-118.147101,34.192044],[-118.147054,34.192159],[-118.146911,34.192118]]]]},"properties":{"occupancy":"Residential"}},{"type":"Feature","geometry":{"type":"MultiPolygon","coordinates":[[[[-118.147091,34.192175],[-118.147135,34.192068],[-118.147277,34.192108],[-118.147233,34.192215],[-118.147091,34.192175]]]]},"properties":{"occupancy":"Residential"}},{"type":"Feature","geometry":{"type":"MultiPolygon","coordinates":[[[[-118.147272,34.192252],[-118.147336,34.192098],[-118.147452,34.192131],[-118.147389,34.192285],[-118.147272,34.192252]]]]},"properties":{"occupancy":"Residential"}},{"type":"Feature","geometry":{"type":"MultiPolygon","coordinates":[[[[-118.147455,34.192281],[-118.147494,34.192185],[-118.14764,34.192226],[-118.1476,34.192322],[-118.147455,34.192281]]]]},"properties":{"occupancy":"Residential"}},{"type":"Feature","geometry":{"type":"MultiPolygon","coordinates":[[[[-118.147627,34.192338],[-118.147667,34.19224],[-118.147807,34.192279],[-118.147768,34.192377],[-118.147627,34.192338]]]]},"properties":{"occupancy":"Residential"}},{"type":"Feature","geometry":{"type":"MultiPolygon","coordinates":[[[[-118.147803,34.192402],[-118.147845,34.1923],[-118.147986,34.192339],[-118.147945,34.192442],[-118.147945,34.192442],[-118.147803,34.192402]]]]},"properties":{"occupancy":"Residential"}},{"type":"Feature","geometry":{"type":"MultiPolygon","coordinates":[[[[-118.146875,34.192366],[-118.146893,34.192323],[-118.147022,34.19236],[-118.147008,34.192394],[-118.147113,34.192425],[-118.147078,34.192509],[-118.146889,34.192455],[-118.146921,34.192379],[-118.146875,34.192366]]]]},"properties":{"occupancy":"Residential"}},{"type":"Feature","geometry":{"type":"MultiPolygon","coordinates":[[[[-118.147991,34.192512],[-118.148051,34.192362],[-118.148144,34.192387],[-118.148084,34.192538],[-118.147991,34.192512]]]]},"properties":{"occupancy":"Residential"}},{"type":"Feature","geometry":{"type":"MultiPolygon","coordinates":[[[[-118.147523,34.192512],[-118.147569,34.192399],[-118.147633,34.192417],[-118.147587,34.19253],[-118.147523,34.192512]]]]},"properties":{"occupancy":"Residential"}},{"type":"Feature","geometry":{"type":"MultiPolygon","coordinates":[[[[-118.147087,34.192587],[-118.147129,34.192485],[-118.147263,34.192524],[-118.14726,34.19253],[-118.147221,34.192625],[-118.147087,34.192587]]]]},"properties":{"occupancy":"Residential"}},{"type":"Feature","geometry":{"type":"MultiPolygon","coordinates":[[[[-118.147283,34.192654],[-118.147324,34.192555],[-118.147458,34.192593],[-118.147417,34.192692],[-118.147283,34.192654]]]]},"properties":{"occupancy":"Residential"}},{"type":"Feature","geometry":{"type":"MultiPolygon","coordinates":[[[[-118.147457,34.192703],[-118.147485,34.192634],[-118.147511,34.192641],[-118.147539,34.192571],[-118.147666,34.192606],[-118.147609,34.192746],[-118.147457,34.192703]]]]},"properties":{"occupancy":"Residential"}},{"type":"Feature","geometry":{"type":"MultiPolygon","coordinates":[[[[-118.147874,34.192628],[-118.147895,34.192575],[-118.147969,34.192595],[-118.147948,34.192648],[-118.147874,34.192628]]]]},"properties":{"occupancy":"Residential"}},{"type":"Feature","geometry":{"type":"MultiPolygon","coordinates":[[[[-118.147632,34.192773],[-118.147674,34.192668],[-118.147816,34.192707],[-118.147774,34.192812],[-118.147632,34.192773]]]]},"properties":{"occupancy":"Residential"}},{"type":"Feature","geometry":{"type":"MultiPolygon","coordinates":[[[[-118.147838,34.192843],[-118.147899,34.192689],[-118.147992,34.192715],[-118.14793,34.192869],[-118.147838,34.192843]]]]},"properties":{"occupancy":"Residential"}},{"type":"Feature","geometry":{"type":"MultiPolygon","coordinates":[[[[-118.146955,34.192895],[-118.14699,34.192811],[-118.147123,34.192849],[-118.147068,34.192982],[-118.147023,34.192969],[-118.147043,34.19292],[-118.146955,34.192895]]]]},"properties":{"occupancy":"Residential"}},{"type":"Feature","geometry":{"type":"MultiPolygon","coordinates":[[[[-118.147127,34.192967],[-118.147166,34.19287],[-118.147308,34.192911],[-118.147268,34.193007],[-118.147127,34.192967]]]]},"properties":{"occupancy":"Residential"}},{"type":"Feature","geometry":{"type":"MultiPolygon","coordinates":[[[[-118.147312,34.193028],[-118.14735,34.192936],[-118.147486,34.192975],[-118.147431,34.19311],[-118.147335,34.193083],[-118.147353,34.19304],[-118.147312,34.193028]]]]},"properties":{"occupancy":"Residential"}},{"type":"Feature","geometry":{"type":"MultiPolygon","coordinates":[[[[-118.147486,34.193081],[-118.147526,34.192983],[-118.147672,34.193024],[-118.147631,34.193122],[-118.147486,34.193081]]]]},"properties":{"occupancy":"Residential"}},{"type":"Feature","geometry":{"type":"MultiPolygon","coordinates":[[[[-118.147672,34.193204],[-118.147736,34.193045],[-118.147825,34.19307],[-118.147774,34.193193],[-118.147758,34.193189],[-118.147744,34.193224],[-118.147672,34.193204]]]]},"properties":{"occupancy":"Residential"}},{"type":"Feature","geometry":{"type":"MultiPolygon","coordinates":[[[[-118.146276,34.192395],[-118.146323,34.192282],[-118.146425,34.192311],[-118.146378,34.192424],[-118.146276,34.192395]]]]},"properties":{"occupancy":"Residential"}},{"type":"Feature","geometry":{"type":"MultiPolygon","coordinates":[[[[-118.146093,34.19246],[-118.146127,34.19239],[-118.146377,34.192473],[-118.146344,34.192543],[-118.146093,34.19246]]]]},"properties":{"occupancy":"Residential"}},{"type":"Feature","geometry":{"type":"MultiPolygon","coordinates":[[[[-118.146647,34.192576],[-118.146713,34.192415],[-118.146816,34.192444],[-118.14675,34.192605],[-118.146647,34.192576]]]]},"properties":{"occupancy":"Residential"}},{"type":"Feature","geometry":{"type":"MultiPolygon","coordinates":[[[[-118.146439,34.192612],[-118.146463,34.192552],[-118.146465,34.192553],[-118.14649,34.19256],[-118.146513,34.192503],[-118.146574,34.19252],[-118.146526,34.192637],[-118.146439,34.192612]]]]},"properties":{"occupancy":"Residential"}},{"type":"Feature","geometry":{"type":"MultiPolygon","coordinates":[[[[-118.146131,34.192687],[-118.146164,34.192607],[-118.146188,34.192613],[-118.146205,34.192572],[-118.14629,34.192596],[-118.14624,34.192718],[-118.146131,34.192687]]]]},"properties":{"occupancy":"Residential"}},{"type":"Feature","geometry":{"type":"MultiPolygon","coordinates":[[[[-118.146557,34.192741],[-118.146606,34.19262],[-118.146738,34.192657],[-118.146689,34.192779],[-118.146557,34.192741]]]]},"properties":{"occupancy":"Residential"}},{"type":"Feature","geometry":{"type":"MultiPolygon","coordinates":[[[[-118.146102,34.19282],[-118.146143,34.192721],[-118.146219,34.192742],[-118.146178,34.192842],[-118.146102,34.19282]]]]},"properties":{"occupancy":"Residential"}},{"type":"Feature","geometry":{"type":"MultiPolygon","coordinates":[[[[-118.146483,34.192913],[-118.146495,34.192884],[-118.146552,34.1929],[-118.146583,34.192825],[-118.146705,34.192859],[-118.146687,34.192903],[-118.14666,34.192895],[-118.146635,34.192956],[-118.146483,34.192913]]]]},"properties":{"occupancy":"Residential"}},{"type":"Feature","geometry":{"type":"MultiPolygon","coordinates":[[[[-118.146011,34.192966],[-118.146058,34.192853],[-118.14615,34.192879],[-118.146104,34.192992],[-118.146011,34.192966]]]]},"properties":{"occupancy":"Residential"}},{"type":"Feature","geometry":{"type":"MultiPolygon","coordinates":[[[[-118.146437,34.193083],[-118.146487,34.192963],[-118.146627,34.193003],[-118.146578,34.193123],[-118.146567,34.19312],[-118.146437,34.193083]]]]},"properties":{"occupancy":"Residential"}},{"type":"Feature","geometry":{"type":"MultiPolygon","coordinates":[[[[-118.145952,34.193063],[-118.145982,34.192987],[-118.146104,34.193021],[-118.146054,34.193147],[-118.145963,34.193122],[-118.145983,34.193071],[-118.145952,34.193063]]]]},"properties":{"occupancy":"Residential"}},{"type":"Feature","geometry":{"type":"MultiPolygon","coordinates":[[[[-118.146345,34.193245],[-118.146391,34.193131],[-118.146514,34.193165],[-118.146468,34.193279],[-118.146345,34.193245]]]]},"properties":{"occupancy":"Residential"}},{"type":"Feature","geometry":{"type":"MultiPolygon","coordinates":[[[[-118.145838,34.193192],[-118.145854,34.193152],[-118.145929,34.193173],[-118.145937,34.193154],[-118.146013,34.193175],[-118.145969,34.193287],[-118.145864,34.193258],[-118.145885,34.193205],[-118.145838,34.193192]]]]},"properties":{"occupancy":"Residential"}},{"type":"Feature","geometry":{"type":"MultiPolygon","coordinates":[[[[-118.146138,34.193279],[-118.146183,34.193165],[-118.146256,34.193185],[-118.146212,34.193299],[-118.146138,34.193279]]]]},"properties":{"occupancy":"Residential"}},{"type":"Feature","geometry":{"type":"MultiPolygon","coordinates":[[[[-118.146755,34.193318],[-118.14679,34.193234],[-118.146841,34.193248],[-118.146862,34.193197],[-118.146948,34.193222],[-118.146902,34.193336],[-118.146829,34.193315],[-118.14682,34.193337],[-118.146755,34.193318]]]]},"properties":{"occupancy":"Residential"}},{"type":"Feature","geometry":{"type":"MultiPolygon","coordinates":[[[[-118.145713,34.193303],[-118.145738,34.193241],[-118.145966,34.193303],[-118.145917,34.193428],[-118.145805,34.193397],[-118.145829,34.193335],[-118.145713,34.193303]]]]},"properties":{"occupancy":"Residential"}},{"type":"Feature","geometry":{"type":"MultiPolygon","coordinates":[[[[-118.146206,34.193449],[-118.146254,34.193326],[-118.146274,34.193331],[-118.146288,34.193295],[-118.146389,34.193322],[-118.146327,34.193482],[-118.146206,34.193449]]]]},"properties":{"occupancy":"Residential"}},{"type":"Feature","geometry":{"type":"MultiPolygon","coordinates":[[[[-118.145743,34.193552],[-118.145792,34.193427],[-118.145891,34.193454],[-118.145842,34.193579],[-118.145743,34.193552]]]]},"properties":{"occupancy":"Residential"}},{"type":"Feature","geometry":{"type":"MultiPolygon","coordinates":[[[[-118.146593,34.193655],[-118.146646,34.193523],[-118.146783,34.193561],[-118.146747,34.193649],[-118.146664,34.193675],[-118.146593,34.193655]]]]},"properties":{"occupancy":"Residential"}},{"type":"Feature","geometry":{"type":"MultiPolygon","coordinates":[[[[-118.146366,34.193587],[-118.146391,34.193523],[-118.146575,34.193573],[-118.146533,34.193679],[-118.146436,34.193653],[-118.146453,34.19361],[-118.146366,34.193587]]]]},"properties":{"occupancy":"Residential"}},{"type":"Feature","geometry":{"type":"MultiPolygon","coordinates":[[[[-118.145677,34.193656],[-118.145713,34.193565],[-118.145843,34.193601],[-118.145792,34.193731],[-118.145707,34.193708],[-118.145723,34.193668],[-118.145677,34.193656]]]]},"properties":{"occupancy":"Residential"}},{"type":"Feature","geometry":{"type":"MultiPolygon","coordinates":[[[[-118.146802,34.193678],[-118.146841,34.193582],[-118.146981,34.193622],[-118.146927,34.193754],[-118.146849,34.193732],[-118.146864,34.193696],[-118.146802,34.193678]]]]},"properties":{"occupancy":"Residential"}},{"type":"Feature","geometry":{"type":"MultiPolygon","coordinates":[[[[-118.145943,34.19376],[-118.145995,34.193625],[-118.146101,34.193653],[-118.146088,34.193687],[-118.146129,34.193699],[-118.14609,34.1938],[-118.145943,34.19376]]]]},"properties":{"occupancy":"Residential"}},{"type":"Feature","geometry":{"type":"MultiPolygon","coordinates":[[[[-118.146144,34.193719],[-118.146171,34.19365],[-118.146241,34.193668],[-118.146214,34.193738],[-118.146144,34.193719]]]]},"properties":{"occupancy":"Residential"}},{"type":"Feature","geometry":{"type":"MultiPolygon","coordinates":[[[[-118.146311,34.19377],[-118.146334,34.19371],[-118.146408,34.193729],[-118.146384,34.19379],[-118.146311,34.19377]]]]},"properties":{"occupancy":"Residential"}},{"type":"Feature","geometry":{"type":"MultiPolygon","coordinates":[[[[-118.145597,34.193829],[-118.145625,34.19376],[-118.145648,34.193766],[-118.145667,34.193718],[-118.145768,34.193746],[-118.145721,34.193863],[-118.145597,34.193829]]]]},"properties":{"occupancy":"Residential"}},{"type":"Feature","geometry":{"type":"MultiPolygon","coordinates":[[[[-118.146079,34.193914],[-118.146114,34.193824],[-118.146145,34.193832],[-118.146162,34.193786],[-118.146279,34.193817],[-118.146227,34.193953],[-118.146079,34.193914]]]]},"properties":{"occupancy":"Residential"}},{"type":"Feature","geometry":{"type":"MultiPolygon","coordinates":[[[[-118.146269,34.193976],[-118.146318,34.19385],[-118.14645,34.193886],[-118.146412,34.193981],[-118.146385,34.193974],[-118.146373,34.194004],[-118.146269,34.193976]]]]},"properties":{"occupancy":"Residential"}},{"type":"Feature","geometry":{"type":"MultiPolygon","coordinates":[[[[-118.146432,34.194025],[-118.146472,34.193924],[-118.146543,34.193944],[-118.146575,34.193865],[-118.146657,34.193888],[-118.146585,34.194067],[-118.146432,34.194025]]]]},"properties":{"occupancy":"Residential"}},{"type":"Feature","geometry":{"type":"MultiPolygon","coordinates":[[[[-118.146612,34.194085],[-118.146653,34.193986],[-118.146795,34.194027],[-118.146755,34.194126],[-118.146612,34.194085]]]]},"properties":{"occupancy":"Residential"}},{"type":"Feature","geometry":{"type":"MultiPolygon","coordinates":[[[[-118.146805,34.194141],[-118.14686,34.194011],[-118.146991,34.19405],[-118.146937,34.19418],[-118.146805,34.194141]]]]},"properties":{"occupancy":"Residential"}},{"type":"Feature","geometry":{"type":"MultiPolygon","coordinates":[[[[-118.146949,34.193364],[-118.146988,34.19327],[-118.147127,34.19331],[-118.147088,34.193404],[-118.146949,34.193364]]]]},"properties":{"occupancy":"Residential"}},{"type":"Feature","geometry":{"type":"MultiPolygon","coordinates":[[[[-118.14713,34.193421],[-118.147172,34.19332],[-118.147313,34.193361],[-118.147271,34.193461],[-118.14713,34.193421]]]]},"properties":{"occupancy":"Residential"}},{"type":"Feature","geometry":{"type":"MultiPolygon","coordinates":[[[[-118.147412,34.193517],[-118.147317,34.19349],[-118.147372,34.193356],[-118.147451,34.193379],[-118.14744,34.193406],[-118.147493,34.193422],[-118.147456,34.193511],[-118.14742,34.1935],[-118.147412,34.193517]]]]},"properties":{"occupancy":"Residential"}},{"type":"Feature","geometry":{"type":"MultiPolygon","coordinates":[[[[-118.147494,34.193554],[-118.147549,34.193422],[-118.147655,34.193453],[-118.1476,34.193584],[-118.147494,34.193554]]]]},"properties":{"occupancy":"Residential"}},{"type":"Feature","geometry":{"type":"MultiPolygon","coordinates":[[[[-118.148052,34.193562],[-118.14808,34.193492],[-118.148214,34.193529],[-118.148185,34.1936],[-118.148052,34.193562]]]]},"properties":{"occupancy":"Residential"}},{"type":"Feature","geometry":{"type":"MultiPolygon","coordinates":[[[[-118.148033,34.193645],[-118.148056,34.19359],[-118.148136,34.193613],[-118.148114,34.193668],[-118.148033,34.193645]]]]},"properties":{"occupancy":"Residential"}},{"type":"Feature","geometry":{"type":"MultiPolygon","coordinates":[[[[-118.14697,34.193754],[-118.147015,34.193647],[-118.147163,34.19369],[-118.147118,34.193797],[-118.14697,34.193754]]]]},"properties":{"occupancy":"Residential"}},{"type":"Feature","geometry":{"type":"MultiPolygon","coordinates":[[[[-118.147156,34.1938],[-118.147198,34.193701],[-118.147343,34.193743],[-118.147302,34.193843],[-118.147298,34.193842],[-118.147156,34.1938]]]]},"properties":{"occupancy":"Residential"}},{"type":"Feature","geometry":{"type":"MultiPolygon","coordinates":[[[[-118.147341,34.193914],[-118.147406,34.193759],[-118.147499,34.193785],[-118.147434,34.19394],[-118.147341,34.193914]]]]},"properties":{"occupancy":"Residential"}},{"type":"Feature","geometry":{"type":"MultiPolygon","coordinates":[[[[-118.147861,34.193978],[-118.147893,34.193886],[-118.14802,34.193924],[-118.147979,34.194014],[-118.147861,34.193978]]]]},"properties":{"occupancy":"Residential"}},{"type":"Feature","geometry":{"type":"MultiPolygon","coordinates":[[[[-118.147797,34.19413],[-118.147838,34.194014],[-118.147989,34.194061],[-118.147957,34.194123],[-118.147865,34.1941],[-118.147846,34.194147],[-118.147797,34.19413]]]]},"properties":{"occupancy":"Residential"}},{"type":"Feature","geometry":{"type":"MultiPolygon","coordinates":[[[[-118.146978,34.1942],[-118.14702,34.1941],[-118.14717,34.194143],[-118.147128,34.194243],[-118.146978,34.1942]]]]},"properties":{"occupancy":"Residential"}},{"type":"Feature","geometry":{"type":"MultiPolygon","coordinates":[[[[-118.147175,34.194271],[-118.147242,34.19411],[-118.147337,34.194137],[-118.147299,34.19423],[-118.147308,34.194233],[-118.147279,34.194302],[-118.147175,34.194271]]]]},"properties":{"occupancy":"Residential"}},{"type":"Feature","geometry":{"type":"MultiPolygon","coordinates":[[[[-118.147735,34.194259],[-118.147769,34.194174],[-118.147873,34.194203],[-118.147839,34.194288],[-118.147735,34.194259]]]]},"properties":{"occupancy":"Residential"}},{"type":"Feature","geometry":{"type":"MultiPolygon","coordinates":[[[[-118.147665,34.194371],[-118.147701,34.194284],[-118.147816,34.194317],[-118.14778,34.194404],[-118.147665,34.194371]]]]},"properties":{"occupancy":"Residential"}},{"type":"Feature","geometry":{"type":"MultiPolygon","coordinates":[[[[-118.147613,34.194506],[-118.147649,34.194418],[-118.147891,34.194486],[-118.147856,34.194574],[-118.147613,34.194506]]]]},"properties":{"occupancy":"Residential"}},{"type":"Feature","geometry":{"type":"MultiPolygon","coordinates":[[[[-118.148009,34.194576],[-118.148041,34.194497],[-118.148178,34.194537],[-118.148146,34.194615],[-118.148009,34.194576]]]]},"properties":{"occupancy":"Residential"}},{"type":"Feature","geometry":{"type":"MultiPolygon","coordinates":[[[[-118.146946,34.194733],[-118.14699,34.194624],[-118.147149,34.194669],[-118.147104,34.194778],[-118.146946,34.194733]]]]},"properties":{"occupancy":"Residential"}},{"type":"Feature","geometry":{"type":"MultiPolygon","coordinates":[[[[-118.147388,34.194913],[-118.147433,34.194805],[-118.147551,34.194839],[-118.147506,34.194947],[-118.147388,34.194913]]]]},"properties":{"occupancy":"Residential"}},{"type":"Feature","geometry":{"type":"MultiPolygon","coordinates":[[[[-118.147564,34.194987],[-118.147611,34.194876],[-118.147694,34.194901],[-118.147647,34.195012],[-118.147564,34.194987]]]]},"properties":{"occupancy":"Residential"}},{"type":"Feature","geometry":{"type":"MultiPolygon","coordinates":[[[[-118.147721,34.195021],[-118.147756,34.194939],[-118.147863,34.194971],[-118.147828,34.195052],[-118.147721,34.195021]]]]},"properties":{"occupancy":"Residential"}},{"type":"Feature","geometry":{"type":"MultiPolygon","coordinates":[[[[-118.147935,34.195096],[-118.147986,34.194977],[-118.148129,34.19502],[-118.148078,34.195138],[-118.147935,34.195096]]]]},"properties":{"occupancy":"Residential"}},{"type":"Feature","geometry":{"type":"MultiPolygon","coordinates":[[[[-118.147573,34.195224],[-118.147421,34.195179],[-118.147409,34.195206],[-118.147343,34.195186],[-118.147373,34.195117],[-118.147451,34.19514],[-118.147464,34.195111],[-118.147603,34.195153],[-118.147573,34.195224]]]]},"properties":{"occupancy":"Residential"}},{"type":"Feature","geometry":{"type":"MultiPolygon","coordinates":[[[[-118.14798,34.195223],[-118.147902,34.195161],[-118.147949,34.195121],[-118.148026,34.195182],[-118.14798,34.195223]]]]},"properties":{"occupancy":"Residential"}},{"type":"Feature","geometry":{"type":"MultiPolygon","coordinates":[[[[-118.147992,34.195261],[-118.147957,34.195322],[-118.147848,34.195278],[-118.147883,34.195218],[-118.147992,34.195261]]]]},"properties":{"occupancy":"Residential"}},{"type":"Feature","geometry":{"type":"MultiPolygon","coordinates":[[[[-118.147819,34.195437],[-118.147809,34.195337],[-118.14797,34.195326],[-118.14798,34.195426],[-118.147819,34.195437]]]]},"properties":{"occupancy":"Residential"}},{"type":"Feature","geometry":{"type":"MultiPolygon","coordinates":[[[[-118.144948,34.194128],[-118.144976,34.194059],[-118.145029,34.194074],[-118.145047,34.194031],[-118.145103,34.194047],[-118.145058,34.194159],[-118.144948,34.194128]]]]},"properties":{"occupancy":"Residential"}},{"type":"Feature","geometry":{"type":"MultiPolygon","coordinates":[[[[-118.14514,34.194223],[-118.145191,34.194099],[-118.145304,34.194131],[-118.145253,34.194255],[-118.145249,34.194254],[-118.14514,34.194223]]]]},"properties":{"occupancy":"Residential"}},{"type":"Feature","geometry":{"type":"MultiPolygon","coordinates":[[[[-118.145385,34.194353],[-118.145447,34.194205],[-118.14557,34.194241],[-118.145501,34.194406],[-118.145433,34.194386],[-118.14544,34.19437],[-118.145385,34.194353]]]]},"properties":{"occupancy":"Residential"}},{"type":"Feature","geometry":{"type":"MultiPolygon","coordinates":[[[[-118.145549,34.194635],[-118.145573,34.194574],[-118.145667,34.1946],[-118.145643,34.194661],[-118.145549,34.194635]]]]},"properties":{"occupancy":"Residential"}},{"type":"Feature","geometry":{"type":"MultiPolygon","coordinates":[[[[-118.144899,34.194803],[-118.144934,34.194713],[-118.145071,34.194749],[-118.145036,34.194839],[-118.144899,34.194803]]]]},"properties":{"occupancy":"Residential"}},{"type":"Feature","geometry":{"type":"MultiPolygon","coordinates":[[[[-118.145199,34.194849],[-118.145246,34.194731],[-118.145342,34.194757],[-118.145295,34.194876],[-118.145199,34.194849]]]]},"properties":{"occupancy":"Residential"}},{"type":"Feature","geometry":{"type":"MultiPolygon","coordinates":[[[[-118.145355,34.194842],[-118.145394,34.194745],[-118.145518,34.194779],[-118.145479,34.194877],[-118.145355,34.194842]]]]},"properties":{"occupancy":"Residential"}},{"type":"Feature","geometry":{"type":"MultiPolygon","coordinates":[[[[-118.144966,34.195305],[-118.145022,34.195175],[-118.145152,34.195213],[-118.145097,34.195343],[-118.144966,34.195305]]]]},"properties":{"occupancy":"Residential"}},{"type":"Feature","geometry":{"type":"MultiPolygon","coordinates":[[[[-118.145226,34.195364],[-118.145251,34.195305],[-118.145345,34.195332],[-118.14532,34.195391],[-118.145226,34.195364]]]]},"properties":{"occupancy":"Residential"}},{"type":"Feature","geometry":{"type":"MultiPolygon","coordinates":[[[[-118.145506,34.195497],[-118.145558,34.195375],[-118.145674,34.195409],[-118.145622,34.195531],[-118.145506,34.195497]]]]},"properties":{"occupancy":"Residential"}},{"type":"Feature","geometry":{"type":"MultiPolygon","coordinates":[[[[-118.145059,34.195461],[-118.14509,34.195388],[-118.145143,34.195403],[-118.145112,34.195476],[-118.145059,34.195461]]]]},"properties":{"occupancy":"Residential"}},{"type":"Feature","geometry":{"type":"MultiPolygon","coordinates":[[[[-118.145007,34.195587],[-118.145038,34.195516],[-118.145128,34.195542],[-118.145097,34.195613],[-118.145007,34.195587]]]]},"properties":{"occupancy":"Residential"}},{"type":"Feature","geometry":{"type":"MultiPolygon","coordinates":[[[[-118.144906,34.195855],[-118.144983,34.195677],[-118.145087,34.195708],[-118.145033,34.195833],[-118.145029,34.195833],[-118.145023,34.195834],[-118.14502,34.195835],[-118.144973,34.195821],[-118.144952,34.195869],[-118.144906,34.195855]]]]},"properties":{"occupancy":"Residential"}},{"type":"Feature","geometry":{"type":"MultiPolygon","coordinates":[[[[-118.144956,34.196015],[-118.145029,34.195847],[-118.14503,34.195847],[-118.145115,34.195872],[-118.145042,34.196041],[-118.14504,34.19604],[-118.144956,34.196015]]]]},"properties":{"occupancy":"Residential"}},{"type":"Feature","geometry":{"type":"MultiPolygon","coordinates":[[[[-118.145144,34.196093],[-118.145196,34.195972],[-118.145303,34.196003],[-118.145251,34.196125],[-118.145144,34.196093]]]]},"properties":{"occupancy":"Residential"}},{"type":"Feature","geometry":{"type":"MultiPolygon","coordinates":[[[[-118.145306,34.196134],[-118.145362,34.196005],[-118.145447,34.19603],[-118.145392,34.196159],[-118.145306,34.196134]]]]},"properties":{"occupancy":"Residential"}},{"type":"Feature","geometry":{"type":"MultiPolygon","coordinates":[[[[-118.145447,34.196179],[-118.145486,34.196088],[-118.145591,34.196119],[-118.145552,34.19621],[-118.145447,34.196179]]]]},"properties":{"occupancy":"Residential"}},{"type":"Feature","geometry":{"type":"MultiPolygon","coordinates":[[[[-118.145114,34.194675],[-118.145064,34.194728],[-118.14498,34.194672],[-118.14503,34.19462],[-118.145114,34.194675]]]]},"properties":{"occupancy":"Residential"}},{"type":"Feature","geometry":{"type":"MultiPolygon","coordinates":[[[[-118.145709,34.194511],[-118.145734,34.194448],[-118.145813,34.194469],[-118.145842,34.194394],[-118.145922,34.194416],[-118.145845,34.194612],[-118.145755,34.194588],[-118.145755,34.194586],[-118.145777,34.19453],[-118.145709,34.194511]]]]},"properties":{"occupancy":"Residential"}},{"type":"Feature","geometry":{"type":"MultiPolygon","coordinates":[[[[-118.146089,34.194502],[-118.14612,34.19444],[-118.146242,34.194482],[-118.146211,34.194544],[-118.146089,34.194502]]]]},"properties":{"occupancy":"Residential"}},{"type":"Feature","geometry":{"type":"MultiPolygon","coordinates":[[[[-118.146316,34.194593],[-118.146358,34.194499],[-118.146493,34.19454],[-118.146451,34.194634],[-118.146316,34.194593]]]]},"properties":{"occupancy":"Residential"}},{"type":"Feature","geometry":{"type":"MultiPolygon","coordinates":[[[[-118.146496,34.194661],[-118.146538,34.194554],[-118.146654,34.194586],[-118.146612,34.194693],[-118.146496,34.194661]]]]},"properties":{"occupancy":"Residential"}},{"type":"Feature","geometry":{"type":"MultiPolygon","coordinates":[[[[-118.146646,34.194728],[-118.146702,34.194591],[-118.146758,34.194607],[-118.146739,34.194654],[-118.146815,34.194675],[-118.146779,34.194765],[-118.146646,34.194728]]]]},"properties":{"occupancy":"Residential"}},{"type":"Feature","geometry":{"type":"MultiPolygon","coordinates":[[[[-118.145912,34.194893],[-118.145951,34.194792],[-118.146021,34.19481],[-118.146003,34.194857],[-118.146095,34.194881],[-118.146074,34.194936],[-118.145912,34.194893]]]]},"properties":{"occupancy":"Residential"}},{"type":"Feature","geometry":{"type":"MultiPolygon","coordinates":[[[[-118.145577,34.19496],[-118.145634,34.194815],[-118.145805,34.194861],[-118.145771,34.194949],[-118.145701,34.19493],[-118.145679,34.194987],[-118.145577,34.19496]]]]},"properties":{"occupancy":"Residential"}},{"type":"Feature","geometry":{"type":"MultiPolygon","coordinates":[[[[-118.146877,34.194985],[-118.146923,34.194877],[-118.147004,34.194901],[-118.146958,34.195009],[-118.146877,34.194985]]]]},"properties":{"occupancy":"Residential"}},{"type":"Feature","geometry":{"type":"MultiPolygon","coordinates":[[[[-118.146596,34.19502],[-118.146623,34.194953],[-118.146681,34.194969],[-118.146653,34.195037],[-118.146596,34.19502]]]]},"properties":{"occupancy":"Residential"}},{"type":"Feature","geometry":{"type":"MultiPolygon","coordinates":[[[[-118.146687,34.195018],[-118.146708,34.194966],[-118.146795,34.194991],[-118.146774,34.195043],[-118.146687,34.195018]]]]},"properties":{"occupancy":"Residential"}},{"type":"Feature","geometry":{"type":"MultiPolygon","coordinates":[[[[-118.145788,34.195075],[-118.145827,34.194978],[-118.14598,34.19502],[-118.145942,34.195117],[-118.145788,34.195075]]]]},"properties":{"occupancy":"Residential"}},{"type":"Feature","geometry":{"type":"MultiPolygon","coordinates":[[[[-118.14607,34.195139],[-118.146125,34.195],[-118.146248,34.195034],[-118.146193,34.195173],[-118.14607,34.195139]]]]},"properties":{"occupancy":"Residential"}},{"type":"Feature","geometry":{"type":"MultiPolygon","coordinates":[[[[-118.14678,34.19511],[-118.146817,34.195023],[-118.146943,34.19506],[-118.146906,34.195147],[-118.14678,34.19511]]]]},"properties":{"occupancy":"Residential"}},{"type":"Feature","geometry":{"type":"MultiPolygon","coordinates":[[[[-118.146226,34.195234],[-118.146277,34.195107],[-118.146395,34.19514],[-118.14638,34.195175],[-118.146402,34.195182],[-118.146365,34.195273],[-118.146226,34.195234]]]]},"properties":{"occupancy":"Residential"}},{"type":"Feature","geometry":{"type":"MultiPolygon","coordinates":[[[[-118.146594,34.195195],[-118.146621,34.195131],[-118.146687,34.19515],[-118.146661,34.195214],[-118.146594,34.195195]]]]},"properties":{"occupancy":"Residential"}},{"type":"Feature","geometry":{"type":"MultiPolygon","coordinates":[[[[-118.146414,34.195298],[-118.146464,34.195177],[-118.146576,34.195208],[-118.146525,34.19533],[-118.146414,34.195298]]]]},"properties":{"occupancy":"Residential"}},{"type":"Feature","geometry":{"type":"MultiPolygon","coordinates":[[[[-118.146748,34.195405],[-118.146827,34.195221],[-118.146921,34.195249],[-118.146843,34.195433],[-118.146748,34.195405]]]]},"properties":{"occupancy":"Residential"}},{"type":"Feature","geometry":{"type":"MultiPolygon","coordinates":[[[[-118.146575,34.195345],[-118.146616,34.195245],[-118.146732,34.195279],[-118.14669,34.195378],[-118.146575,34.195345]]]]},"properties":{"occupancy":"Residential"}},{"type":"Feature","geometry":{"type":"MultiPolygon","coordinates":[[[[-118.145707,34.195591],[-118.145766,34.195456],[-118.145865,34.195486],[-118.145807,34.195621],[-118.145707,34.195591]]]]},"properties":{"occupancy":"Residential"}},{"type":"Feature","geometry":{"type":"MultiPolygon","coordinates":[[[[-118.145869,34.195627],[-118.145915,34.195522],[-118.146019,34.195553],[-118.145973,34.195658],[-118.145869,34.195627]]]]},"properties":{"occupancy":"Residential"}},{"type":"Feature","geometry":{"type":"MultiPolygon","coordinates":[[[[-118.146064,34.195678],[-118.146108,34.195578],[-118.146212,34.19561],[-118.146169,34.195709],[-118.146064,34.195678]]]]},"properties":{"occupancy":"Residential"}},{"type":"Feature","geometry":{"type":"MultiPolygon","coordinates":[[[[-118.146463,34.195798],[-118.14653,34.195642],[-118.146619,34.195668],[-118.1466,34.195713],[-118.146601,34.195714],[-118.146671,34.195735],[-118.146623,34.195846],[-118.146463,34.195798]]]]},"properties":{"occupancy":"Residential"}},{"type":"Feature","geometry":{"type":"MultiPolygon","coordinates":[[[[-118.146289,34.195723],[-118.146323,34.195645],[-118.146442,34.195681],[-118.146441,34.195682],[-118.146408,34.195759],[-118.146289,34.195723]]]]},"properties":{"occupancy":"Residential"}},{"type":"Feature","geometry":{"type":"MultiPolygon","coordinates":[[[[-118.145865,34.195984],[-118.145915,34.195868],[-118.145946,34.195878],[-118.14597,34.195822],[-118.146034,34.195842],[-118.146,34.195921],[-118.146031,34.19593],[-118.145991,34.196022],[-118.145865,34.195984]]]]},"properties":{"occupancy":"Residential"}},{"type":"Feature","geometry":{"type":"MultiPolygon","coordinates":[[[[-118.146815,34.196118],[-118.146889,34.195953],[-118.146954,34.195973],[-118.146972,34.195933],[-118.147053,34.195958],[-118.147006,34.196061],[-118.146926,34.196036],[-118.14688,34.196138],[-118.146815,34.196118]]]]},"properties":{"occupancy":"Residential"}},{"type":"Feature","geometry":{"type":"MultiPolygon","coordinates":[[[[-118.146253,34.195999],[-118.146274,34.195952],[-118.146357,34.195977],[-118.146373,34.195941],[-118.146464,34.195968],[-118.146428,34.196051],[-118.146253,34.195999]]]]},"properties":{"occupancy":"Residential"}},{"type":"Feature","geometry":{"type":"MultiPolygon","coordinates":[[[[-118.145657,34.196138],[-118.145711,34.196014],[-118.145825,34.196048],[-118.145801,34.196103],[-118.145764,34.196092],[-118.145734,34.196161],[-118.145657,34.196138]]]]},"properties":{"occupancy":"Residential"}},{"type":"Feature","geometry":{"type":"MultiPolygon","coordinates":[[[[-118.146099,34.196103],[-118.146127,34.196038],[-118.146354,34.196106],[-118.146326,34.196171],[-118.146099,34.196103]]]]},"properties":{"occupancy":"Residential"}},{"type":"Feature","geometry":{"type":"MultiPolygon","coordinates":[[[[-118.145752,34.194718],[-118.145763,34.194663],[-118.145843,34.194674],[-118.145832,34.194729],[-118.145752,34.194718]]]]},"properties":{"occupancy":"Residential"}},{"type":"Feature","geometry":{"type":"MultiPolygon","coordinates":[[[[-118.146817,34.194757],[-118.146836,34.194692],[-118.146914,34.194709],[-118.146895,34.194774],[-118.146817,34.194757]]]]},"properties":{"occupancy":"Residential"}},{"type":"Feature","geometry":{"type":"MultiPolygon","coordinates":[[[[-118.146481,34.194993],[-118.146446,34.195054],[-118.146374,34.195024],[-118.146409,34.194964],[-118.146481,34.194993]]]]},"properties":{"occupancy":"Residential"}},{"type":"Feature","geometry":{"type":"MultiPolygon","coordinates":[[[[-118.147091,34.195516],[-118.147117,34.195454],[-118.147212,34.195482],[-118.147186,34.195544],[-118.147091,34.195516]]]]},"properties":{"occupancy":"Residential"}},{"type":"Feature","geometry":{"type":"MultiPolygon","coordinates":[[[[-118.14724,34.195557],[-118.147275,34.195473],[-118.147443,34.195523],[-118.147408,34.195607],[-118.14724,34.195557]]]]},"properties":{"occupancy":"Residential"}},{"type":"Feature","geometry":{"type":"MultiPolygon","coordinates":[[[[-118.14767,34.195584],[-118.147692,34.195532],[-118.147781,34.195558],[-118.147759,34.19561],[-118.14767,34.195584]]]]},"properties":{"occupancy":"Residential"}},{"type":"Feature","geometry":{"type":"MultiPolygon","coordinates":[[[[-118.147684,34.195705],[-118.147717,34.195626],[-118.147849,34.195665],[-118.147816,34.195743],[-118.147684,34.195705]]]]},"properties":{"occupancy":"Residential"}},{"type":"Feature","geometry":{"type":"MultiPolygon","coordinates":[[[[-118.147902,34.195707],[-118.148023,34.195646],[-118.14807,34.19571],[-118.147948,34.195771],[-118.147902,34.195707]]]]},"properties":{"occupancy":"Residential"}},{"type":"Feature","geometry":{"type":"MultiPolygon","coordinates":[[[[-118.147178,34.196046],[-118.147206,34.195981],[-118.147279,34.196002],[-118.147302,34.195946],[-118.147367,34.195965],[-118.147295,34.196136],[-118.147244,34.196121],[-118.147264,34.196071],[-118.147178,34.196046]]]]},"properties":{"occupancy":"Residential"}},{"type":"Feature","geometry":{"type":"MultiPolygon","coordinates":[[[[-118.14747,34.196089],[-118.147509,34.195996],[-118.147631,34.196031],[-118.147592,34.196124],[-118.14747,34.196089]]]]},"properties":{"occupancy":"Residential"}},{"type":"Feature","geometry":{"type":"MultiPolygon","coordinates":[[[[-118.147039,34.196168],[-118.147055,34.19613],[-118.147189,34.196168],[-118.147165,34.196227],[-118.147086,34.196204],[-118.147094,34.196185],[-118.147039,34.196169],[-118.147039,34.196168]]]]},"properties":{"occupancy":"Residential"}},{"type":"Feature","geometry":{"type":"MultiPolygon","coordinates":[[[[-118.146918,34.196207],[-118.146942,34.196148],[-118.147023,34.196172],[-118.147023,34.196172],[-118.147023,34.196172],[-118.146999,34.19623],[-118.146918,34.196207]]]]},"properties":{"occupancy":"Residential"}},{"type":"Feature","geometry":{"type":"MultiPolygon","coordinates":[[[[-118.148069,34.195646],[-118.147982,34.195594],[-118.148014,34.195558],[-118.1481,34.19561],[-118.148069,34.195646]]]]},"properties":{"occupancy":"Residential"}},{"type":"Feature","geometry":{"type":"MultiPolygon","coordinates":[[[[-118.147424,34.196213],[-118.147359,34.196201],[-118.147373,34.196147],[-118.147439,34.196159],[-118.147424,34.196213]]]]},"properties":{"occupancy":"Residential"}},{"type":"Feature","geometry":{"type":"MultiPolygon","coordinates":[[[[-118.156854,34.184587],[-118.156977,34.184584],[-118.156979,34.184627],[-118.156856,34.184631],[-118.156854,34.184587]]]]},"properties":{"occupancy":"Residential"}},{"type":"Feature","geometry":{"type":"MultiPolygon","coordinates":[[[[-118.156298,34.184903],[-118.156295,34.184843],[-118.156233,34.184845],[-118.156228,34.184734],[-118.156292,34.184732],[-118.156286,34.184615],[-118.156359,34.184612],[-118.156372,34.1849],[-118.156298,34.184903]]]]},"properties":{"occupancy":"Residential"}},{"type":"Feature","geometry":{"type":"MultiPolygon","coordinates":[[[[-118.156713,34.184879],[-118.156713,34.184862],[-118.156619,34.184865],[-118.156608,34.184634],[-118.15669,34.184632],[-118.156698,34.184792],[-118.156737,34.184791],[-118.15673,34.184637],[-118.156802,34.184634],[-118.156809,34.18479],[-118.156842,34.184789],[-118.156846,34.184874],[-118.156791,34.184876],[-118.156713,34.184879]]]]},"properties":{"occupancy":"Residential"}},{"type":"Feature","geometry":{"type":"MultiPolygon","coordinates":[[[[-118.155897,34.184721],[-118.156042,34.184716],[-118.156048,34.184837],[-118.156046,34.184837],[-118.15596,34.18484],[-118.155963,34.184895],[-118.155905,34.184897],[-118.155897,34.184721]]]]},"properties":{"occupancy":"Residential"}},{"type":"Feature","geometry":{"type":"MultiPolygon","coordinates":[[[[-118.156134,34.184742],[-118.156189,34.18474],[-118.156196,34.184862],[-118.156189,34.184862],[-118.156093,34.184866],[-118.156088,34.184762],[-118.156135,34.18476],[-118.156134,34.184742]]]]},"properties":{"occupancy":"Residential"}},{"type":"Feature","geometry":{"type":"MultiPolygon","coordinates":[[[[-118.156446,34.185249],[-118.156444,34.185202],[-118.156352,34.185206],[-118.156349,34.185145],[-118.156566,34.185137],[-118.156572,34.185244],[-118.156446,34.185249]]]]},"properties":{"occupancy":"Residential"}},{"type":"Feature","geometry":{"type":"MultiPolygon","coordinates":[[[[-118.155952,34.185174],[-118.156038,34.185172],[-118.156044,34.185315],[-118.155957,34.185318],[-118.155952,34.185174]]]]},"properties":{"occupancy":"Residential"}},{"type":"Feature","geometry":{"type":"MultiPolygon","coordinates":[[[[-118.156084,34.185186],[-118.156204,34.185183],[-118.156209,34.18528],[-118.156145,34.185375],[-118.156093,34.185377],[-118.156084,34.185186]]]]},"properties":{"occupancy":"Residential"}},{"type":"Feature","geometry":{"type":"MultiPolygon","coordinates":[[[[-118.156413,34.185273],[-118.156577,34.185267],[-118.15658,34.185329],[-118.156509,34.185332],[-118.156511,34.18538],[-118.156419,34.185383],[-118.156413,34.185273]]]]},"properties":{"occupancy":"Residential"}},{"type":"Feature","geometry":{"type":"MultiPolygon","coordinates":[[[[-118.156889,34.185292],[-118.157095,34.185286],[-118.157099,34.185386],[-118.156893,34.185392],[-118.156889,34.185292]]]]},"properties":{"occupancy":"Residential"}},{"type":"Feature","geometry":{"type":"MultiPolygon","coordinates":[[[[-118.156354,34.185523],[-118.156349,34.185408],[-118.156509,34.185403],[-118.156512,34.185465],[-118.156583,34.185463],[-118.156586,34.185515],[-118.156354,34.185523]]]]},"properties":{"occupancy":"Residential"}},{"type":"Feature","geometry":{"type":"MultiPolygon","coordinates":[[[[-118.156447,34.185656],[-118.156447,34.185649],[-118.156445,34.185649],[-118.156442,34.185585],[-118.15654,34.185581],[-118.156543,34.185653],[-118.156447,34.185656]]]]},"properties":{"occupancy":"Residential"}},{"type":"Feature","geometry":{"type":"MultiPolygon","coordinates":[[[[-118.156247,34.185684],[-118.156339,34.185682],[-118.156341,34.185737],[-118.156249,34.18574],[-118.156247,34.185684]]]]},"properties":{"occupancy":"Residential"}},{"type":"Feature","geometry":{"type":"MultiPolygon","coordinates":[[[[-118.156435,34.185714],[-118.156566,34.185711],[-118.156569,34.185797],[-118.156439,34.185801],[-118.156435,34.185714]]]]},"properties":{"occupancy":"Residential"}},{"type":"Feature","geometry":{"type":"MultiPolygon","coordinates":[[[[-118.156889,34.185814],[-118.15705,34.18581],[-118.157054,34.185909],[-118.156893,34.185913],[-118.156889,34.185814]]]]},"properties":{"occupancy":"Residential"}},{"type":"Feature","geometry":{"type":"MultiPolygon","coordinates":[[[[-118.15639,34.185841],[-118.156559,34.185836],[-118.156563,34.185935],[-118.156394,34.185939],[-118.15639,34.185841]]]]},"properties":{"occupancy":"Residential"}},{"type":"Feature","geometry":{"type":"MultiPolygon","coordinates":[[[[-118.156382,34.185981],[-118.156537,34.185977],[-118.15654,34.186059],[-118.156533,34.186059],[-118.156385,34.186062],[-118.156382,34.185981]]]]},"properties":{"occupancy":"Residential"}},{"type":"Feature","geometry":{"type":"MultiPolygon","coordinates":[[[[-118.15628,34.186022],[-118.156354,34.18602],[-118.156356,34.186088],[-118.156282,34.186089],[-118.15628,34.186022]]]]},"properties":{"occupancy":"Residential"}},{"type":"Feature","geometry":{"type":"MultiPolygon","coordinates":[[[[-118.156907,34.186114],[-118.157082,34.186108],[-118.157086,34.186195],[-118.156911,34.186202],[-118.156907,34.186114]]]]},"properties":{"occupancy":"Residential"}},{"type":"Feature","geometry":{"type":"MultiPolygon","coordinates":[[[[-118.156252,34.186113],[-118.156388,34.18611],[-118.15639,34.186174],[-118.156254,34.186177],[-118.156252,34.186113]]]]},"properties":{"occupancy":"Residential"}},{"type":"Feature","geometry":{"type":"MultiPolygon","coordinates":[[[[-118.156352,34.186237],[-118.156507,34.186233],[-118.15651,34.186311],[-118.156355,34.186315],[-118.156352,34.186237]]]]},"properties":{"occupancy":"Residential"}},{"type":"Feature","geometry":{"type":"MultiPolygon","coordinates":[[[[-118.156902,34.186434],[-118.156894,34.186312],[-118.15705,34.186305],[-118.157051,34.186331],[-118.157093,34.186329],[-118.157099,34.186425],[-118.156902,34.186434]]]]},"properties":{"occupancy":"Residential"}},{"type":"Feature","geometry":{"type":"MultiPolygon","coordinates":[[[[-118.155987,34.186368],[-118.15607,34.186366],[-118.156072,34.186427],[-118.155989,34.18643],[-118.155987,34.186368]]]]},"properties":{"occupancy":"Residential"}},{"type":"Feature","geometry":{"type":"MultiPolygon","coordinates":[[[[-118.156442,34.186372],[-118.156552,34.186369],[-118.156555,34.186453],[-118.156445,34.186456],[-118.156442,34.186372]]]]},"properties":{"occupancy":"Residential"}},{"type":"Feature","geometry":{"type":"MultiPolygon","coordinates":[[[[-118.156247,34.186398],[-118.156368,34.186394],[-118.156369,34.186432],[-118.156249,34.186435],[-118.156247,34.186398]]]]},"properties":{"occupancy":"Residential"}},{"type":"Feature","geometry":{"type":"MultiPolygon","coordinates":[[[[-118.156412,34.186515],[-118.156569,34.18651],[-118.156572,34.186582],[-118.156415,34.186587],[-118.156412,34.186515]]]]},"properties":{"occupancy":"Residential"}},{"type":"Feature","geometry":{"type":"MultiPolygon","coordinates":[[[[-118.156439,34.186637],[-118.15657,34.186633],[-118.156573,34.18671],[-118.156442,34.186713],[-118.156439,34.186637]]]]},"properties":{"occupancy":"Residential"}},{"type":"Feature","geometry":{"type":"MultiPolygon","coordinates":[[[[-118.155934,34.186641],[-118.155995,34.186639],[-118.155999,34.186712],[-118.155938,34.186714],[-118.155934,34.186641]]]]},"properties":{"occupancy":"Residential"}},{"type":"Feature","geometry":{"type":"MultiPolygon","coordinates":[[[[-118.15695,34.186657],[-118.157066,34.186651],[-118.15707,34.186712],[-118.156955,34.186718],[-118.15695,34.186657]]]]},"properties":{"occupancy":"Residential"}},{"type":"Feature","geometry":{"type":"MultiPolygon","coordinates":[[[[-118.156241,34.186698],[-118.156319,34.186696],[-118.156322,34.186756],[-118.156243,34.186758],[-118.156241,34.186698]]]]},"properties":{"occupancy":"Residential"}},{"type":"Feature","geometry":{"type":"MultiPolygon","coordinates":[[[[-118.155893,34.186764],[-118.155974,34.186762],[-118.155979,34.186895],[-118.155898,34.186897],[-118.155893,34.186764]]]]},"properties":{"occupancy":"Residential"}},{"type":"Feature","geometry":{"type":"MultiPolygon","coordinates":[[[[-118.156518,34.186807],[-118.156645,34.186804],[-118.156647,34.186858],[-118.15652,34.186862],[-118.156518,34.186807]]]]},"properties":{"occupancy":"Residential"}},{"type":"Feature","geometry":{"type":"MultiPolygon","coordinates":[[[[-118.156316,34.186824],[-118.156367,34.186823],[-118.156372,34.186965],[-118.156344,34.186966],[-118.156347,34.187034],[-118.156269,34.187036],[-118.156264,34.186881],[-118.156318,34.18688],[-118.156316,34.186824]]]]},"properties":{"occupancy":"Residential"}},{"type":"Feature","geometry":{"type":"MultiPolygon","coordinates":[[[[-118.156524,34.187063],[-118.156524,34.187041],[-118.156438,34.187043],[-118.156435,34.18694],[-118.156626,34.186936],[-118.15663,34.18706],[-118.156524,34.187063]]]]},"properties":{"occupancy":"Residential"}},{"type":"Feature","geometry":{"type":"MultiPolygon","coordinates":[[[[-118.156922,34.187049],[-118.157055,34.187047],[-118.157057,34.187144],[-118.156924,34.187146],[-118.156922,34.187049]]]]},"properties":{"occupancy":"Residential"}},{"type":"Feature","geometry":{"type":"MultiPolygon","coordinates":[[[[-118.155448,34.18483],[-118.155613,34.184826],[-118.155616,34.184933],[-118.155452,34.184937],[-118.155448,34.18483]]]]},"properties":{"occupancy":"Residential"}},{"type":"Feature","geometry":{"type":"MultiPolygon","coordinates":[[[[-118.154908,34.184871],[-118.155062,34.184867],[-118.155064,34.184946],[-118.154911,34.18495],[-118.154908,34.184871]]]]},"properties":{"occupancy":"Residential"}},{"type":"Feature","geometry":{"type":"MultiPolygon","coordinates":[[[[-118.154838,34.185025],[-118.155072,34.18502],[-118.155075,34.185104],[-118.154841,34.18511],[-118.154838,34.185025]]]]},"properties":{"occupancy":"Residential"}},{"type":"Feature","geometry":{"type":"MultiPolygon","coordinates":[[[[-118.154746,34.185159],[-118.15486,34.185156],[-118.154863,34.185208],[-118.154748,34.185211],[-118.154746,34.185159]]]]},"properties":{"occupancy":"Residential"}},{"type":"Feature","geometry":{"type":"MultiPolygon","coordinates":[[[[-118.155428,34.185158],[-118.155611,34.185155],[-118.155613,34.185251],[-118.15543,34.185254],[-118.155428,34.185158]]]]},"properties":{"occupancy":"Residential"}},{"type":"Feature","geometry":{"type":"MultiPolygon","coordinates":[[[[-118.155735,34.185165],[-118.155857,34.185162],[-118.155859,34.185247],[-118.155738,34.18525],[-118.155735,34.185165]]]]},"properties":{"occupancy":"Residential"}},{"type":"Feature","geometry":{"type":"MultiPolygon","coordinates":[[[[-118.154903,34.185196],[-118.155076,34.185191],[-118.15508,34.18528],[-118.154906,34.185284],[-118.154903,34.185196]]]]},"properties":{"occupancy":"Residential"}},{"type":"Feature","geometry":{"type":"MultiPolygon","coordinates":[[[[-118.155441,34.185395],[-118.155439,34.185299],[-118.155591,34.185296],[-118.155592,34.185341],[-118.155681,34.18534],[-118.155682,34.185391],[-118.155441,34.185395]]]]},"properties":{"occupancy":"Residential"}},{"type":"Feature","geometry":{"type":"MultiPolygon","coordinates":[[[[-118.155432,34.185415],[-118.155676,34.185412],[-118.155678,34.185502],[-118.155434,34.185506],[-118.155432,34.185415]]]]},"properties":{"occupancy":"Residential"}},{"type":"Feature","geometry":{"type":"MultiPolygon","coordinates":[[[[-118.154852,34.185436],[-118.155032,34.185431],[-118.155035,34.185512],[-118.154855,34.185517],[-118.154852,34.185436]]]]},"properties":{"occupancy":"Residential"}},{"type":"Feature","geometry":{"type":"MultiPolygon","coordinates":[[[[-118.15579,34.185545],[-118.155893,34.185543],[-118.155895,34.18562],[-118.155792,34.185622],[-118.15579,34.185545]]]]},"properties":{"occupancy":"Residential"}},{"type":"Feature","geometry":{"type":"MultiPolygon","coordinates":[[[[-118.154951,34.185666],[-118.15495,34.185644],[-118.154905,34.185645],[-118.154905,34.185627],[-118.154805,34.185629],[-118.154803,34.185571],[-118.155072,34.185564],[-118.155076,34.185662],[-118.154951,34.185666]]]]},"properties":{"occupancy":"Residential"}},{"type":"Feature","geometry":{"type":"MultiPolygon","coordinates":[[[[-118.155435,34.1856],[-118.155635,34.185596],[-118.155637,34.18567],[-118.155437,34.185673],[-118.155435,34.1856]]]]},"properties":{"occupancy":"Residential"}},{"type":"Feature","geometry":{"type":"MultiPolygon","coordinates":[[[[-118.155454,34.18571],[-118.155591,34.185707],[-118.155593,34.185768],[-118.155456,34.18577],[-118.155454,34.18571]]]]},"properties":{"occupancy":"Residential"}},{"type":"Feature","geometry":{"type":"MultiPolygon","coordinates":[[[[-118.154913,34.185717],[-118.155097,34.185716],[-118.155098,34.185802],[-118.154915,34.185803],[-118.154913,34.185717]]]]},"properties":{"occupancy":"Residential"}},{"type":"Feature","geometry":{"type":"MultiPolygon","coordinates":[[[[-118.155453,34.18582],[-118.155559,34.185819],[-118.155561,34.185932],[-118.155454,34.185933],[-118.155453,34.18582]]]]},"properties":{"occupancy":"Residential"}},{"type":"Feature","geometry":{"type":"MultiPolygon","coordinates":[[[[-118.154937,34.185868],[-118.155082,34.185865],[-118.155085,34.185956],[-118.15494,34.185959],[-118.154937,34.185868]]]]},"properties":{"occupancy":"Residential"}},{"type":"Feature","geometry":{"type":"MultiPolygon","coordinates":[[[[-118.155431,34.185985],[-118.155615,34.185981],[-118.155618,34.186078],[-118.155434,34.186082],[-118.155431,34.185985]]]]},"properties":{"occupancy":"Residential"}},{"type":"Feature","geometry":{"type":"MultiPolygon","coordinates":[[[[-118.154922,34.186],[-118.155066,34.185997],[-118.155068,34.186088],[-118.154925,34.186091],[-118.154922,34.186]]]]},"properties":{"occupancy":"Residential"}},{"type":"Feature","geometry":{"type":"MultiPolygon","coordinates":[[[[-118.15477,34.18612],[-118.154861,34.186118],[-118.154864,34.186205],[-118.154772,34.186207],[-118.15477,34.18612]]]]},"properties":{"occupancy":"Residential"}},{"type":"Feature","geometry":{"type":"MultiPolygon","coordinates":[[[[-118.154908,34.186123],[-118.155074,34.186121],[-118.155075,34.186203],[-118.154909,34.186204],[-118.154908,34.186123]]]]},"properties":{"occupancy":"Residential"}},{"type":"Feature","geometry":{"type":"MultiPolygon","coordinates":[[[[-118.155764,34.186129],[-118.155848,34.186127],[-118.155851,34.18621],[-118.155768,34.186212],[-118.155764,34.186129]]]]},"properties":{"occupancy":"Residential"}},{"type":"Feature","geometry":{"type":"MultiPolygon","coordinates":[[[[-118.155452,34.18622],[-118.155449,34.186132],[-118.155514,34.186131],[-118.155515,34.186179],[-118.155563,34.186178],[-118.155565,34.186218],[-118.155452,34.18622]]]]},"properties":{"occupancy":"Residential"}},{"type":"Feature","geometry":{"type":"MultiPolygon","coordinates":[[[[-118.155461,34.186284],[-118.15557,34.186281],[-118.155572,34.186356],[-118.155565,34.186356],[-118.155463,34.186358],[-118.155461,34.186284]]]]},"properties":{"occupancy":"Residential"}},{"type":"Feature","geometry":{"type":"MultiPolygon","coordinates":[[[[-118.155461,34.186605],[-118.155457,34.186488],[-118.155453,34.186399],[-118.155631,34.186394],[-118.155635,34.186483],[-118.155523,34.186486],[-118.155524,34.186523],[-118.15567,34.186519],[-118.155673,34.186599],[-118.155461,34.186605]]]]},"properties":{"occupancy":"Residential"}},{"type":"Feature","geometry":{"type":"MultiPolygon","coordinates":[[[[-118.155675,34.186455],[-118.155915,34.186448],[-118.155917,34.186496],[-118.155677,34.186503],[-118.155675,34.186455]]]]},"properties":{"occupancy":"Residential"}},{"type":"Feature","geometry":{"type":"MultiPolygon","coordinates":[[[[-118.154887,34.18657],[-118.155078,34.186569],[-118.155079,34.186655],[-118.154988,34.186656],[-118.154888,34.186657],[-118.154887,34.186597],[-118.154887,34.18657]]]]},"properties":{"occupancy":"Residential"}},{"type":"Feature","geometry":{"type":"MultiPolygon","coordinates":[[[[-118.155455,34.186689],[-118.155608,34.186686],[-118.155611,34.18678],[-118.155609,34.18678],[-118.155513,34.186782],[-118.155456,34.186728],[-118.155455,34.186689]]]]},"properties":{"occupancy":"Residential"}},{"type":"Feature","geometry":{"type":"MultiPolygon","coordinates":[[[[-118.154792,34.186686],[-118.154874,34.186684],[-118.154878,34.186787],[-118.154777,34.18679],[-118.154775,34.186732],[-118.154794,34.186732],[-118.154792,34.186686]]]]},"properties":{"occupancy":"Residential"}},{"type":"Feature","geometry":{"type":"MultiPolygon","coordinates":[[[[-118.154923,34.186694],[-118.155048,34.186692],[-118.155052,34.186811],[-118.154927,34.186813],[-118.154923,34.186694]]]]},"properties":{"occupancy":"Residential"}},{"type":"Feature","geometry":{"type":"MultiPolygon","coordinates":[[[[-118.155475,34.186811],[-118.15562,34.186808],[-118.155623,34.186915],[-118.155478,34.186918],[-118.155475,34.186811]]]]},"properties":{"occupancy":"Residential"}},{"type":"Feature","geometry":{"type":"MultiPolygon","coordinates":[[[[-118.154155,34.18509],[-118.154253,34.185087],[-118.154256,34.185177],[-118.154158,34.18518],[-118.154155,34.18509]]]]},"properties":{"occupancy":"Residential"}},{"type":"Feature","geometry":{"type":"MultiPolygon","coordinates":[[[[-118.153666,34.185238],[-118.153667,34.185123],[-118.15377,34.185123],[-118.15377,34.185238],[-118.153666,34.185238]]]]},"properties":{"occupancy":"Residential"}},{"type":"Feature","geometry":{"type":"MultiPolygon","coordinates":[[[[-118.153797,34.185226],[-118.153797,34.185176],[-118.153852,34.185176],[-118.153852,34.185132],[-118.153954,34.185132],[-118.153954,34.185226],[-118.153797,34.185226]]]]},"properties":{"occupancy":"Residential"}},{"type":"Feature","geometry":{"type":"MultiPolygon","coordinates":[[[[-118.15448,34.185251],[-118.154478,34.185196],[-118.154464,34.185196],[-118.154462,34.18516],[-118.154619,34.185155],[-118.154622,34.185206],[-118.154701,34.185204],[-118.154703,34.185245],[-118.15448,34.185251]]]]},"properties":{"occupancy":"Residential"}},{"type":"Feature","geometry":{"type":"MultiPolygon","coordinates":[[[[-118.154488,34.185446],[-118.154484,34.185366],[-118.154388,34.185369],[-118.154385,34.185307],[-118.154617,34.1853],[-118.154622,34.185419],[-118.154542,34.185421],[-118.154543,34.185444],[-118.154488,34.185446]]]]},"properties":{"occupancy":"Residential"}},{"type":"Feature","geometry":{"type":"MultiPolygon","coordinates":[[[[-118.153914,34.185346],[-118.154025,34.185344],[-118.154028,34.185431],[-118.153917,34.185433],[-118.153914,34.185346]]]]},"properties":{"occupancy":"Residential"}},{"type":"Feature","geometry":{"type":"MultiPolygon","coordinates":[[[[-118.15468,34.185433],[-118.154774,34.185431],[-118.154777,34.185496],[-118.154683,34.185499],[-118.15468,34.185433]]]]},"properties":{"occupancy":"Residential"}},{"type":"Feature","geometry":{"type":"MultiPolygon","coordinates":[[[[-118.154229,34.185481],[-118.15432,34.185479],[-118.154327,34.185674],[-118.154325,34.185674],[-118.154236,34.185676],[-118.154229,34.185481]]]]},"properties":{"occupancy":"Residential"}},{"type":"Feature","geometry":{"type":"MultiPolygon","coordinates":[[[[-118.153976,34.185511],[-118.154075,34.185509],[-118.154079,34.185694],[-118.154075,34.185694],[-118.153981,34.185696],[-118.153976,34.185511]]]]},"properties":{"occupancy":"Residential"}},{"type":"Feature","geometry":{"type":"MultiPolygon","coordinates":[[[[-118.153672,34.185551],[-118.153807,34.18555],[-118.153808,34.185593],[-118.153775,34.185593],[-118.153777,34.185725],[-118.153675,34.185726],[-118.153672,34.185551]]]]},"properties":{"occupancy":"Residential"}},{"type":"Feature","geometry":{"type":"MultiPolygon","coordinates":[[[[-118.154454,34.18572],[-118.154526,34.185718],[-118.15453,34.185817],[-118.154457,34.185819],[-118.154457,34.185816],[-118.154454,34.18572]]]]},"properties":{"occupancy":"Residential"}},{"type":"Feature","geometry":{"type":"MultiPolygon","coordinates":[[[[-118.154024,34.185733],[-118.154138,34.185731],[-118.15414,34.185814],[-118.154026,34.185816],[-118.154024,34.185733]]]]},"properties":{"occupancy":"Residential"}},{"type":"Feature","geometry":{"type":"MultiPolygon","coordinates":[[[[-118.154616,34.185779],[-118.154745,34.185776],[-118.154747,34.185825],[-118.154618,34.185828],[-118.154616,34.185779]]]]},"properties":{"occupancy":"Residential"}},{"type":"Feature","geometry":{"type":"MultiPolygon","coordinates":[[[[-118.153677,34.185811],[-118.153865,34.185809],[-118.153866,34.185856],[-118.153851,34.185856],[-118.153853,34.185966],[-118.15368,34.185968],[-118.153677,34.185811]]]]},"properties":{"occupancy":"Residential"}},{"type":"Feature","geometry":{"type":"MultiPolygon","coordinates":[[[[-118.154217,34.186034],[-118.154315,34.186033],[-118.154318,34.186243],[-118.15422,34.186244],[-118.154217,34.186034]]]]},"properties":{"occupancy":"Residential"}},{"type":"Feature","geometry":{"type":"MultiPolygon","coordinates":[[[[-118.153695,34.186045],[-118.153883,34.186042],[-118.153886,34.186151],[-118.153697,34.186154],[-118.153695,34.186045]]]]},"properties":{"occupancy":"Residential"}},{"type":"Feature","geometry":{"type":"MultiPolygon","coordinates":[[[[-118.154026,34.186091],[-118.154119,34.18609],[-118.154121,34.18618],[-118.154029,34.186182],[-118.154026,34.186091]]]]},"properties":{"occupancy":"Residential"}},{"type":"Feature","geometry":{"type":"MultiPolygon","coordinates":[[[[-118.154038,34.186213],[-118.154123,34.186211],[-118.154127,34.186341],[-118.154042,34.186343],[-118.154038,34.186213]]]]},"properties":{"occupancy":"Residential"}},{"type":"Feature","geometry":{"type":"MultiPolygon","coordinates":[[[[-118.154557,34.186258],[-118.154633,34.186256],[-118.154635,34.186331],[-118.15456,34.186333],[-118.154557,34.186258]]]]},"properties":{"occupancy":"Residential"}},{"type":"Feature","geometry":{"type":"MultiPolygon","coordinates":[[[[-118.154023,34.186359],[-118.154125,34.186357],[-118.154128,34.186442],[-118.154026,34.186445],[-118.154023,34.186359]]]]},"properties":{"occupancy":"Residential"}},{"type":"Feature","geometry":{"type":"MultiPolygon","coordinates":[[[[-118.154175,34.186385],[-118.154274,34.186383],[-118.154278,34.186499],[-118.154179,34.186501],[-118.154179,34.186495],[-118.154175,34.186385]]]]},"properties":{"occupancy":"Residential"}},{"type":"Feature","geometry":{"type":"MultiPolygon","coordinates":[[[[-118.15451,34.18639],[-118.154624,34.186387],[-118.154628,34.186506],[-118.15462,34.186506],[-118.154515,34.186509],[-118.15451,34.18639]]]]},"properties":{"occupancy":"Residential"}},{"type":"Feature","geometry":{"type":"MultiPolygon","coordinates":[[[[-118.157053,34.185148],[-118.157226,34.185147],[-118.157227,34.185218],[-118.157054,34.18522],[-118.157053,34.185148]]]]},"properties":{"occupancy":"Residential"}},{"type":"Feature","geometry":{"type":"MultiPolygon","coordinates":[[[[-118.158139,34.185174],[-118.158236,34.185173],[-118.158239,34.185303],[-118.158141,34.185304],[-118.158139,34.185174]]]]},"properties":{"occupancy":"Residential"}},{"type":"Feature","geometry":{"type":"MultiPolygon","coordinates":[[[[-118.158757,34.185355],[-118.15876,34.185196],[-118.158896,34.185198],[-118.158894,34.185298],[-118.158855,34.185297],[-118.158853,34.185357],[-118.158757,34.185355]]]]},"properties":{"occupancy":"Residential"}},{"type":"Feature","geometry":{"type":"MultiPolygon","coordinates":[[[[-118.157586,34.185211],[-118.157688,34.185209],[-118.157692,34.185371],[-118.15759,34.185373],[-118.157586,34.185211]]]]},"properties":{"occupancy":"Residential"}},{"type":"Feature","geometry":{"type":"MultiPolygon","coordinates":[[[[-118.158319,34.185308],[-118.158318,34.185212],[-118.158401,34.185211],[-118.158402,34.185308],[-118.158319,34.185308]]]]},"properties":{"occupancy":"Residential"}},{"type":"Feature","geometry":{"type":"MultiPolygon","coordinates":[[[[-118.15781,34.185368],[-118.15781,34.185343],[-118.157748,34.185345],[-118.157744,34.185214],[-118.157859,34.185212],[-118.157863,34.185367],[-118.15781,34.185368]]]]},"properties":{"occupancy":"Residential"}},{"type":"Feature","geometry":{"type":"MultiPolygon","coordinates":[[[[-118.158477,34.185344],[-118.158477,34.185216],[-118.158572,34.185216],[-118.158572,34.185344],[-118.158477,34.185344]]]]},"properties":{"occupancy":"Residential"}},{"type":"Feature","geometry":{"type":"MultiPolygon","coordinates":[[[[-118.157445,34.185216],[-118.157542,34.185215],[-118.157544,34.185363],[-118.157447,34.185364],[-118.157445,34.185216]]]]},"properties":{"occupancy":"Residential"}},{"type":"Feature","geometry":{"type":"MultiPolygon","coordinates":[[[[-118.157176,34.185255],[-118.157247,34.185253],[-118.157249,34.185329],[-118.157179,34.185331],[-118.157176,34.185255]]]]},"properties":{"occupancy":"Residential"}},{"type":"Feature","geometry":{"type":"MultiPolygon","coordinates":[[[[-118.157099,34.185411],[-118.157311,34.185406],[-118.157314,34.185477],[-118.157102,34.185482],[-118.157099,34.185411]]]]},"properties":{"occupancy":"Residential"}},{"type":"Feature","geometry":{"type":"MultiPolygon","coordinates":[[[[-118.158186,34.185423],[-118.158247,34.185422],[-118.15825,34.1855],[-118.158188,34.185502],[-118.158186,34.185423]]]]},"properties":{"occupancy":"Residential"}},{"type":"Feature","geometry":{"type":"MultiPolygon","coordinates":[[[[-118.157807,34.185448],[-118.157885,34.185446],[-118.157888,34.185518],[-118.157809,34.185519],[-118.157807,34.185448]]]]},"properties":{"occupancy":"Residential"}},{"type":"Feature","geometry":{"type":"MultiPolygon","coordinates":[[[[-118.157409,34.185451],[-118.157491,34.185449],[-118.157493,34.1855],[-118.157411,34.185501],[-118.157409,34.185451]]]]},"properties":{"occupancy":"Residential"}},{"type":"Feature","geometry":{"type":"MultiPolygon","coordinates":[[[[-118.157709,34.185628],[-118.157707,34.18558],[-118.157595,34.185582],[-118.157593,34.185531],[-118.157791,34.185527],[-118.157795,34.185626],[-118.157709,34.185628]]]]},"properties":{"occupancy":"Residential"}},{"type":"Feature","geometry":{"type":"MultiPolygon","coordinates":[[[[-118.158457,34.185525],[-118.158546,34.185524],[-118.158549,34.185633],[-118.158433,34.185635],[-118.158432,34.185578],[-118.158458,34.185577],[-118.158457,34.185525]]]]},"properties":{"occupancy":"Residential"}},{"type":"Feature","geometry":{"type":"MultiPolygon","coordinates":[[[[-118.15713,34.185593],[-118.157303,34.185588],[-118.157305,34.185657],[-118.157116,34.185662],[-118.157118,34.185728],[-118.157058,34.185729],[-118.15706,34.185773],[-118.156927,34.185776],[-118.156923,34.185669],[-118.157006,34.185667],[-118.157004,34.185607],[-118.15713,34.185604],[-118.15713,34.185593]]]]},"properties":{"occupancy":"Residential"}},{"type":"Feature","geometry":{"type":"MultiPolygon","coordinates":[[[[-118.157549,34.185675],[-118.157652,34.185673],[-118.157653,34.185719],[-118.157551,34.185722],[-118.157549,34.185675]]]]},"properties":{"occupancy":"Residential"}},{"type":"Feature","geometry":{"type":"MultiPolygon","coordinates":[[[[-118.158162,34.185693],[-118.158227,34.185691],[-118.15823,34.185779],[-118.15823,34.185779],[-118.158165,34.185781],[-118.158162,34.185693]]]]},"properties":{"occupancy":"Residential"}},{"type":"Feature","geometry":{"type":"MultiPolygon","coordinates":[[[[-118.157706,34.185719],[-118.157795,34.185717],[-118.157798,34.185785],[-118.157709,34.185787],[-118.157708,34.185785],[-118.157706,34.185719]]]]},"properties":{"occupancy":"Residential"}},{"type":"Feature","geometry":{"type":"MultiPolygon","coordinates":[[[[-118.152613,34.185319],[-118.152685,34.185318],[-118.152686,34.18542],[-118.152438,34.185423],[-118.152437,34.185338],[-118.152613,34.185337],[-118.152613,34.185319]]]]},"properties":{"occupancy":"Residential"}},{"type":"Feature","geometry":{"type":"MultiPolygon","coordinates":[[[[-118.153169,34.185421],[-118.153169,34.185333],[-118.153302,34.185332],[-118.153303,34.185422],[-118.153169,34.185423],[-118.153169,34.185421]]]]},"properties":{"occupancy":"Residential"}},{"type":"Feature","geometry":{"type":"MultiPolygon","coordinates":[[[[-118.15311,34.185546],[-118.15311,34.185489],[-118.153205,34.185489],[-118.153204,34.185445],[-118.153301,34.185445],[-118.153302,34.185545],[-118.15311,34.185546]]]]},"properties":{"occupancy":"Residential"}},{"type":"Feature","geometry":{"type":"MultiPolygon","coordinates":[[[[-118.152442,34.185489],[-118.15259,34.185488],[-118.152592,34.185574],[-118.152444,34.185576],[-118.152442,34.185489]]]]},"properties":{"occupancy":"Residential"}},{"type":"Feature","geometry":{"type":"MultiPolygon","coordinates":[[[[-118.152916,34.185574],[-118.152916,34.185504],[-118.152996,34.185503],[-118.152996,34.185573],[-118.152916,34.185574]]]]},"properties":{"occupancy":"Residential"}},{"type":"Feature","geometry":{"type":"MultiPolygon","coordinates":[[[[-118.15248,34.185688],[-118.152479,34.185594],[-118.152596,34.185594],[-118.152597,34.185687],[-118.152565,34.185687],[-118.15248,34.185688]]]]},"properties":{"occupancy":"Residential"}},{"type":"Feature","geometry":{"type":"MultiPolygon","coordinates":[[[[-118.153169,34.185619],[-118.153303,34.185617],[-118.153304,34.185703],[-118.15317,34.185704],[-118.153169,34.185619]]]]},"properties":{"occupancy":"Residential"}},{"type":"Feature","geometry":{"type":"MultiPolygon","coordinates":[[[[-118.152743,34.185791],[-118.152743,34.185686],[-118.152883,34.185686],[-118.152883,34.185791],[-118.152743,34.185791]]]]},"properties":{"occupancy":"Residential"}},{"type":"Feature","geometry":{"type":"MultiPolygon","coordinates":[[[[-118.153029,34.185843],[-118.153028,34.185759],[-118.153315,34.185758],[-118.153315,34.185851],[-118.153034,34.185852],[-118.153033,34.185848],[-118.15303,34.185844],[-118.153029,34.185843]]]]},"properties":{"occupancy":"Residential"}},{"type":"Feature","geometry":{"type":"MultiPolygon","coordinates":[[[[-118.152917,34.185913],[-118.152917,34.185853],[-118.153018,34.185854],[-118.153018,34.185855],[-118.153018,34.185913],[-118.152917,34.185913]]]]},"properties":{"occupancy":"Residential"}},{"type":"Feature","geometry":{"type":"MultiPolygon","coordinates":[[[[-118.15318,34.185973],[-118.15318,34.185868],[-118.153304,34.185868],[-118.153304,34.185973],[-118.153303,34.185973],[-118.15318,34.185973]]]]},"properties":{"occupancy":"Residential"}},{"type":"Feature","geometry":{"type":"MultiPolygon","coordinates":[[[[-118.152338,34.186096],[-118.152375,34.185982],[-118.152475,34.186004],[-118.152437,34.186121],[-118.152337,34.186099],[-118.152338,34.186096]]]]},"properties":{"occupancy":"Residential"}},{"type":"Feature","geometry":{"type":"MultiPolygon","coordinates":[[[[-118.153169,34.186039],[-118.15317,34.185996],[-118.15332,34.185997],[-118.153319,34.186105],[-118.153272,34.186105],[-118.153169,34.186039]]]]},"properties":{"occupancy":"Residential"}},{"type":"Feature","geometry":{"type":"MultiPolygon","coordinates":[[[[-118.152492,34.186236],[-118.152523,34.186109],[-118.152616,34.186125],[-118.152585,34.186252],[-118.152492,34.186236]]]]},"properties":{"occupancy":"Residential"}},{"type":"Feature","geometry":{"type":"MultiPolygon","coordinates":[[[[-118.152193,34.186245],[-118.152213,34.186183],[-118.152359,34.186217],[-118.152343,34.186264],[-118.152369,34.18627],[-118.152347,34.186334],[-118.15224,34.186309],[-118.152193,34.186245]]]]},"properties":{"occupancy":"Residential"}},{"type":"Feature","geometry":{"type":"MultiPolygon","coordinates":[[[[-118.152756,34.186404],[-118.152805,34.186187],[-118.152877,34.186198],[-118.152853,34.186305],[-118.152892,34.186312],[-118.152848,34.186509],[-118.152846,34.186509],[-118.15276,34.186495],[-118.152779,34.186408],[-118.152756,34.186404]]]]},"properties":{"occupancy":"Residential"}},{"type":"Feature","geometry":{"type":"MultiPolygon","coordinates":[[[[-118.152605,34.186394],[-118.152653,34.186195],[-118.152705,34.186204],[-118.152686,34.186283],[-118.152734,34.186291],[-118.152705,34.186411],[-118.152605,34.186394]]]]},"properties":{"occupancy":"Residential"}},{"type":"Feature","geometry":{"type":"MultiPolygon","coordinates":[[[[-118.153098,34.186474],[-118.153141,34.18634],[-118.153228,34.186359],[-118.153185,34.186493],[-118.153098,34.186474]]]]},"properties":{"occupancy":"Residential"}},{"type":"Feature","geometry":{"type":"MultiPolygon","coordinates":[[[[-118.153237,34.186699],[-118.153296,34.186431],[-118.153404,34.186448],[-118.153346,34.186715],[-118.153237,34.186699]]]]},"properties":{"occupancy":"Residential"}},{"type":"Feature","geometry":{"type":"MultiPolygon","coordinates":[[[[-118.152166,34.186457],[-118.152219,34.18644],[-118.152286,34.186581],[-118.152181,34.186615],[-118.152137,34.186522],[-118.152189,34.186505],[-118.152166,34.186457]]]]},"properties":{"occupancy":"Residential"}},{"type":"Feature","geometry":{"type":"MultiPolygon","coordinates":[[[[-118.152955,34.18659],[-118.152987,34.186459],[-118.153045,34.186469],[-118.153013,34.1866],[-118.152955,34.18659]]]]},"properties":{"occupancy":"Residential"}},{"type":"Feature","geometry":{"type":"MultiPolygon","coordinates":[[[[-118.15301,34.186707],[-118.153041,34.186586],[-118.153097,34.186595],[-118.153065,34.186721],[-118.15301,34.186707]]]]},"properties":{"occupancy":"Residential"}},{"type":"Feature","geometry":{"type":"MultiPolygon","coordinates":[[[[-118.153352,34.186802],[-118.153398,34.186622],[-118.153522,34.186644],[-118.153477,34.186824],[-118.153352,34.186802]]]]},"properties":{"occupancy":"Residential"}},{"type":"Feature","geometry":{"type":"MultiPolygon","coordinates":[[[[-118.152797,34.186717],[-118.152816,34.186643],[-118.152872,34.186652],[-118.152853,34.186727],[-118.152797,34.186717]]]]},"properties":{"occupancy":"Residential"}},{"type":"Feature","geometry":{"type":"MultiPolygon","coordinates":[[[[-118.152073,34.186836],[-118.152116,34.186728],[-118.152222,34.186758],[-118.152179,34.186865],[-118.152073,34.186836]]]]},"properties":{"occupancy":"Residential"}},{"type":"Feature","geometry":{"type":"MultiPolygon","coordinates":[[[[-118.15295,34.186907],[-118.152993,34.186745],[-118.153088,34.186763],[-118.153046,34.186924],[-118.15295,34.186907]]]]},"properties":{"occupancy":"Residential"}},{"type":"Feature","geometry":{"type":"MultiPolygon","coordinates":[[[[-118.153348,34.186965],[-118.153385,34.186833],[-118.153465,34.186848],[-118.153428,34.18698],[-118.153348,34.186965]]]]},"properties":{"occupancy":"Residential"}},{"type":"Feature","geometry":{"type":"MultiPolygon","coordinates":[[[[-118.157638,34.185852],[-118.157796,34.185847],[-118.157799,34.18591],[-118.15764,34.185915],[-118.157638,34.185854],[-118.157638,34.185852]]]]},"properties":{"occupancy":"Residential"}},{"type":"Feature","geometry":{"type":"MultiPolygon","coordinates":[[[[-118.158377,34.18593],[-118.158467,34.185927],[-118.158469,34.185976],[-118.158379,34.185979],[-118.158377,34.18593]]]]},"properties":{"occupancy":"Residential"}},{"type":"Feature","geometry":{"type":"MultiPolygon","coordinates":[[[[-118.157143,34.185948],[-118.157319,34.185942],[-118.157321,34.18599],[-118.157145,34.185996],[-118.157143,34.185948]]]]},"properties":{"occupancy":"Residential"}},{"type":"Feature","geometry":{"type":"MultiPolygon","coordinates":[[[[-118.157544,34.185948],[-118.157623,34.185945],[-118.157626,34.186003],[-118.157547,34.186006],[-118.157544,34.185948]]]]},"properties":{"occupancy":"Residential"}},{"type":"Feature","geometry":{"type":"MultiPolygon","coordinates":[[[[-118.156899,34.185962],[-118.157112,34.185956],[-118.157115,34.186044],[-118.157111,34.186044],[-118.156903,34.18605],[-118.156899,34.185962]]]]},"properties":{"occupancy":"Residential"}},{"type":"Feature","geometry":{"type":"MultiPolygon","coordinates":[[[[-118.158177,34.185963],[-118.158348,34.185958],[-118.158351,34.186026],[-118.158299,34.186028],[-118.1583,34.186041],[-118.158181,34.186045],[-118.158177,34.185963]]]]},"properties":{"occupancy":"Residential"}},{"type":"Feature","geometry":{"type":"MultiPolygon","coordinates":[[[[-118.157661,34.185974],[-118.157795,34.185969],[-118.1578,34.186062],[-118.157666,34.186067],[-118.157661,34.185974]]]]},"properties":{"occupancy":"Residential"}},{"type":"Feature","geometry":{"type":"MultiPolygon","coordinates":[[[[-118.158174,34.18609],[-118.158366,34.186084],[-118.158369,34.186147],[-118.158177,34.186153],[-118.158174,34.18609]]]]},"properties":{"occupancy":"Residential"}},{"type":"Feature","geometry":{"type":"MultiPolygon","coordinates":[[[[-118.157616,34.186163],[-118.157614,34.186138],[-118.15756,34.186141],[-118.157557,34.186104],[-118.157684,34.186099],[-118.157683,34.18609],[-118.157798,34.186085],[-118.157802,34.186154],[-118.157616,34.186163]]]]},"properties":{"occupancy":"Residential"}},{"type":"Feature","geometry":{"type":"MultiPolygon","coordinates":[[[[-118.157147,34.186161],[-118.157301,34.186154],[-118.157305,34.186219],[-118.157151,34.186226],[-118.157147,34.186161]]]]},"properties":{"occupancy":"Residential"}},{"type":"Feature","geometry":{"type":"MultiPolygon","coordinates":[[[[-118.157645,34.186228],[-118.157807,34.186218],[-118.157812,34.186279],[-118.15775,34.186283],[-118.157751,34.186293],[-118.157651,34.186299],[-118.157645,34.186228]]]]},"properties":{"occupancy":"Residential"}},{"type":"Feature","geometry":{"type":"MultiPolygon","coordinates":[[[[-118.158175,34.186253],[-118.158341,34.186248],[-118.158344,34.186313],[-118.158178,34.186318],[-118.158175,34.186253]]]]},"properties":{"occupancy":"Residential"}},{"type":"Feature","geometry":{"type":"MultiPolygon","coordinates":[[[[-118.158377,34.186301],[-118.158478,34.186298],[-118.15848,34.186347],[-118.158379,34.18635],[-118.158377,34.186301]]]]},"properties":{"occupancy":"Commercial"}},{"type":"Feature","geometry":{"type":"MultiPolygon","coordinates":[[[[-118.15769,34.186345],[-118.157799,34.186344],[-118.1578,34.186458],[-118.157691,34.186459],[-118.15769,34.186345]]]]},"properties":{"occupancy":"Residential"}},{"type":"Feature","geometry":{"type":"MultiPolygon","coordinates":[[[[-118.158376,34.186474],[-118.15846,34.186471],[-118.158463,34.186546],[-118.15838,34.186548],[-118.158376,34.186474]]]]},"properties":{"occupancy":"Residential"}},{"type":"Feature","geometry":{"type":"MultiPolygon","coordinates":[[[[-118.157141,34.186494],[-118.157219,34.186489],[-118.157228,34.186578],[-118.157123,34.186585],[-118.157118,34.18654],[-118.157145,34.186538],[-118.157141,34.186494]]]]},"properties":{"occupancy":"Residential"}},{"type":"Feature","geometry":{"type":"MultiPolygon","coordinates":[[[[-118.157721,34.18661],[-118.157721,34.186607],[-118.157662,34.186608],[-118.157661,34.18657],[-118.157717,34.186569],[-118.157711,34.186499],[-118.157793,34.186493],[-118.1578,34.186568],[-118.15785,34.186568],[-118.157851,34.186606],[-118.157777,34.186607],[-118.157721,34.18661]]]]},"properties":{"occupancy":"Residential"}},{"type":"Feature","geometry":{"type":"MultiPolygon","coordinates":[[[[-118.158173,34.18662],[-118.158166,34.186519],[-118.158301,34.186513],[-118.158304,34.186554],[-118.158346,34.186552],[-118.15835,34.186611],[-118.158173,34.18662]]]]},"properties":{"occupancy":"Residential"}},{"type":"Feature","geometry":{"type":"MultiPolygon","coordinates":[[[[-118.157629,34.186648],[-118.157803,34.186638],[-118.157805,34.186671],[-118.15771,34.186677],[-118.157716,34.186743],[-118.157637,34.186748],[-118.157629,34.186648]]]]},"properties":{"occupancy":"Residential"}},{"type":"Feature","geometry":{"type":"MultiPolygon","coordinates":[[[[-118.157415,34.186653],[-118.157495,34.186648],[-118.157504,34.186741],[-118.157424,34.186746],[-118.157415,34.186653]]]]},"properties":{"occupancy":"Residential"}},{"type":"Feature","geometry":{"type":"MultiPolygon","coordinates":[[[[-118.157581,34.186766],[-118.157805,34.186764],[-118.157806,34.186874],[-118.157582,34.186876],[-118.157581,34.186766]]]]},"properties":{"occupancy":"Residential"}},{"type":"Feature","geometry":{"type":"MultiPolygon","coordinates":[[[[-118.158447,34.186786],[-118.158494,34.186785],[-118.158498,34.186886],[-118.158293,34.186891],[-118.158291,34.186837],[-118.158449,34.186833],[-118.158447,34.186786]]]]},"properties":{"occupancy":"Residential"}},{"type":"Feature","geometry":{"type":"MultiPolygon","coordinates":[[[[-118.156914,34.186887],[-118.156913,34.186816],[-118.156925,34.186816],[-118.156925,34.186814],[-118.157099,34.186814],[-118.157209,34.186814],[-118.157209,34.186884],[-118.157178,34.186884],[-118.156914,34.186887]]]]},"properties":{"occupancy":"Residential"}},{"type":"Feature","geometry":{"type":"MultiPolygon","coordinates":[[[[-118.157422,34.186909],[-118.157559,34.186902],[-118.157564,34.186969],[-118.157427,34.186975],[-118.157422,34.186909]]]]},"properties":{"occupancy":"Residential"}},{"type":"Feature","geometry":{"type":"MultiPolygon","coordinates":[[[[-118.157023,34.187031],[-118.157023,34.186966],[-118.156915,34.186966],[-118.156914,34.186918],[-118.157179,34.186919],[-118.157179,34.186967],[-118.157135,34.186967],[-118.157135,34.18703],[-118.157023,34.187031]]]]},"properties":{"occupancy":"Residential"}},{"type":"Feature","geometry":{"type":"MultiPolygon","coordinates":[[[[-118.157612,34.186928],[-118.157721,34.186927],[-118.157722,34.186984],[-118.157612,34.186985],[-118.157612,34.186928]]]]},"properties":{"occupancy":"Residential"}},{"type":"Feature","geometry":{"type":"MultiPolygon","coordinates":[[[[-118.157594,34.187049],[-118.157691,34.187046],[-118.157698,34.187204],[-118.157697,34.187204],[-118.157602,34.187207],[-118.157594,34.187049]]]]},"properties":{"occupancy":"Residential"}},{"type":"Feature","geometry":{"type":"MultiPolygon","coordinates":[[[[-118.157257,34.187067],[-118.15732,34.187065],[-118.157326,34.187186],[-118.157264,34.187188],[-118.157257,34.187067]]]]},"properties":{"occupancy":"Residential"}},{"type":"Feature","geometry":{"type":"MultiPolygon","coordinates":[[[[-118.157467,34.187071],[-118.157548,34.187068],[-118.15755,34.187105],[-118.157554,34.187182],[-118.157472,34.187185],[-118.157467,34.187071]]]]},"properties":{"occupancy":"Residential"}},{"type":"Feature","geometry":{"type":"MultiPolygon","coordinates":[[[[-118.157755,34.187082],[-118.157859,34.18708],[-118.157863,34.187218],[-118.157759,34.18722],[-118.157755,34.187082]]]]},"properties":{"occupancy":"Residential"}},{"type":"Feature","geometry":{"type":"MultiPolygon","coordinates":[[[[-118.15814,34.187133],[-118.158249,34.187131],[-118.158253,34.187254],[-118.158143,34.187256],[-118.15814,34.187133]]]]},"properties":{"occupancy":"Residential"}},{"type":"Feature","geometry":{"type":"MultiPolygon","coordinates":[[[[-118.158283,34.187192],[-118.158396,34.187191],[-118.158398,34.18727],[-118.158284,34.187272],[-118.158283,34.187192]]]]},"properties":{"occupancy":"Residential"}},{"type":"Feature","geometry":{"type":"MultiPolygon","coordinates":[[[[-118.154387,34.186564],[-118.154464,34.186562],[-118.154468,34.186649],[-118.154391,34.186651],[-118.154387,34.186564]]]]},"properties":{"occupancy":"Residential"}},{"type":"Feature","geometry":{"type":"MultiPolygon","coordinates":[[[[-118.154493,34.18659],[-118.154657,34.186586],[-118.154661,34.186686],[-118.154497,34.186691],[-118.154493,34.18659]]]]},"properties":{"occupancy":"Residential"}},{"type":"Feature","geometry":{"type":"MultiPolygon","coordinates":[[[[-118.153558,34.186724],[-118.153587,34.186594],[-118.153694,34.186611],[-118.153664,34.186741],[-118.153558,34.186724]]]]},"properties":{"occupancy":"Residential"}},{"type":"Feature","geometry":{"type":"MultiPolygon","coordinates":[[[[-118.15396,34.187084],[-118.154047,34.186796],[-118.154111,34.186809],[-118.154073,34.186934],[-118.15415,34.18695],[-118.154119,34.187052],[-118.154038,34.187035],[-118.154019,34.187097],[-118.15396,34.187084]]]]},"properties":{"occupancy":"Residential"}},{"type":"Feature","geometry":{"type":"MultiPolygon","coordinates":[[[[-118.153643,34.186936],[-118.153671,34.186839],[-118.15378,34.18686],[-118.153751,34.186961],[-118.153694,34.18695],[-118.153693,34.186948],[-118.153687,34.186945],[-118.153685,34.186945],[-118.153643,34.186936]]]]},"properties":{"occupancy":"Residential"}},{"type":"Feature","geometry":{"type":"MultiPolygon","coordinates":[[[[-118.153837,34.186959],[-118.153863,34.186872],[-118.153951,34.186891],[-118.153924,34.186977],[-118.153837,34.186959]]]]},"properties":{"occupancy":"Residential"}},{"type":"Feature","geometry":{"type":"MultiPolygon","coordinates":[[[[-118.153516,34.187035],[-118.153544,34.18694],[-118.153606,34.186953],[-118.153578,34.187048],[-118.153516,34.187035]]]]},"properties":{"occupancy":"Residential"}},{"type":"Feature","geometry":{"type":"MultiPolygon","coordinates":[[[[-118.153585,34.187115],[-118.153635,34.186948],[-118.15368,34.186958],[-118.153681,34.186958],[-118.153631,34.187125],[-118.153585,34.187115]]]]},"properties":{"occupancy":"Residential"}},{"type":"Feature","geometry":{"type":"MultiPolygon","coordinates":[[[[-118.154113,34.187136],[-118.154149,34.187015],[-118.154214,34.187028],[-118.154203,34.187065],[-118.154286,34.187082],[-118.15426,34.187167],[-118.154237,34.187243],[-118.154132,34.187221],[-118.154155,34.187145],[-118.154113,34.187136]]]]},"properties":{"occupancy":"Residential"}},{"type":"Feature","geometry":{"type":"MultiPolygon","coordinates":[[[[-118.154384,34.187168],[-118.154417,34.187056],[-118.154491,34.187072],[-118.154479,34.187112],[-118.154538,34.187124],[-118.154506,34.187233],[-118.154429,34.187217],[-118.15444,34.18718],[-118.154384,34.187168]]]]},"properties":{"occupancy":"Residential"}},{"type":"Feature","geometry":{"type":"MultiPolygon","coordinates":[[[[-118.154645,34.187213],[-118.154669,34.187118],[-118.154813,34.187144],[-118.154788,34.187239],[-118.154645,34.187213]]]]},"properties":{"occupancy":"Residential"}},{"type":"Feature","geometry":{"type":"MultiPolygon","coordinates":[[[[-118.153571,34.187247],[-118.153589,34.187188],[-118.153704,34.187212],[-118.153687,34.187271],[-118.153571,34.187247]]]]},"properties":{"occupancy":"Residential"}},{"type":"Feature","geometry":{"type":"MultiPolygon","coordinates":[[[[-118.154551,34.187391],[-118.154582,34.187284],[-118.154661,34.1873],[-118.15465,34.187337],[-118.154684,34.187343],[-118.154664,34.187413],[-118.154551,34.187391]]]]},"properties":{"occupancy":"Residential"}},{"type":"Feature","geometry":{"type":"MultiPolygon","coordinates":[[[[-118.154395,34.187404],[-118.154422,34.187314],[-118.154505,34.187331],[-118.154493,34.187371],[-118.154467,34.187365],[-118.154452,34.187416],[-118.154395,34.187404]]]]},"properties":{"occupancy":"Residential"}},{"type":"Feature","geometry":{"type":"MultiPolygon","coordinates":[[[[-118.153818,34.187651],[-118.153843,34.187567],[-118.15388,34.187575],[-118.153893,34.187529],[-118.153939,34.187538],[-118.1539,34.187668],[-118.153818,34.187651]]]]},"properties":{"occupancy":"Residential"}},{"type":"Feature","geometry":{"type":"MultiPolygon","coordinates":[[[[-118.154217,34.187744],[-118.15425,34.187638],[-118.154312,34.187651],[-118.15428,34.187757],[-118.154217,34.187744]]]]},"properties":{"occupancy":"Residential"}},{"type":"Feature","geometry":{"type":"MultiPolygon","coordinates":[[[[-118.153869,34.187844],[-118.1539,34.187745],[-118.154038,34.187775],[-118.154007,34.187874],[-118.153869,34.187844]]]]},"properties":{"occupancy":"Residential"}},{"type":"Feature","geometry":{"type":"MultiPolygon","coordinates":[[[[-118.154083,34.187883],[-118.154122,34.187761],[-118.15425,34.187789],[-118.154211,34.187911],[-118.154083,34.187883]]]]},"properties":{"occupancy":"Residential"}},{"type":"Feature","geometry":{"type":"MultiPolygon","coordinates":[[[[-118.154662,34.187956],[-118.154672,34.187925],[-118.154737,34.187939],[-118.15477,34.18783],[-118.154825,34.187842],[-118.154812,34.187885],[-118.154856,34.187894],[-118.154827,34.18799],[-118.154662,34.187956]]]]},"properties":{"occupancy":"Residential"}},{"type":"Feature","geometry":{"type":"MultiPolygon","coordinates":[[[[-118.154239,34.18794],[-118.154273,34.187833],[-118.154385,34.187858],[-118.154351,34.187965],[-118.154239,34.18794]]]]},"properties":{"occupancy":"Residential"}},{"type":"Feature","geometry":{"type":"MultiPolygon","coordinates":[[[[-118.154418,34.188059],[-118.154456,34.18794],[-118.154543,34.18796],[-118.154547,34.187947],[-118.154604,34.187959],[-118.154561,34.188091],[-118.15456,34.18809],[-118.154418,34.188059]]]]},"properties":{"occupancy":"Residential"}},{"type":"Feature","geometry":{"type":"MultiPolygon","coordinates":[[[[-118.154641,34.188126],[-118.154681,34.188001],[-118.154757,34.188018],[-118.154717,34.188143],[-118.154641,34.188126]]]]},"properties":{"occupancy":"Residential"}},{"type":"Feature","geometry":{"type":"MultiPolygon","coordinates":[[[[-118.152323,34.187113],[-118.152364,34.186972],[-118.152465,34.186992],[-118.152443,34.187067],[-118.152404,34.187059],[-118.152384,34.187126],[-118.152323,34.187113]]]]},"properties":{"occupancy":"Residential"}},{"type":"Feature","geometry":{"type":"MultiPolygon","coordinates":[[[[-118.152504,34.187208],[-118.152564,34.187021],[-118.152581,34.187025],[-118.152592,34.18699],[-118.152669,34.187007],[-118.152597,34.187229],[-118.152504,34.187208]]]]},"properties":{"occupancy":"Residential"}},{"type":"Feature","geometry":{"type":"MultiPolygon","coordinates":[[[[-118.152734,34.187073],[-118.152757,34.187],[-118.15284,34.187019],[-118.152817,34.187091],[-118.152734,34.187073]]]]},"properties":{"occupancy":"Residential"}},{"type":"Feature","geometry":{"type":"MultiPolygon","coordinates":[[[[-118.152984,34.187263],[-118.153011,34.187178],[-118.153094,34.187196],[-118.153067,34.187281],[-118.152984,34.187263]]]]},"properties":{"occupancy":"Residential"}},{"type":"Feature","geometry":{"type":"MultiPolygon","coordinates":[[[[-118.153325,34.187317],[-118.15335,34.187237],[-118.153463,34.187261],[-118.153438,34.187341],[-118.153325,34.187317]]]]},"properties":{"occupancy":"Residential"}},{"type":"Feature","geometry":{"type":"MultiPolygon","coordinates":[[[[-118.152075,34.187338],[-118.1521,34.187258],[-118.152211,34.187282],[-118.152186,34.187362],[-118.152075,34.187338]]]]},"properties":{"occupancy":"Residential"}},{"type":"Feature","geometry":{"type":"MultiPolygon","coordinates":[[[[-118.153128,34.187358],[-118.153159,34.18726],[-118.153254,34.187281],[-118.153223,34.187379],[-118.153128,34.187358]]]]},"properties":{"occupancy":"Residential"}},{"type":"Feature","geometry":{"type":"MultiPolygon","coordinates":[[[[-118.152573,34.187326],[-118.152592,34.187269],[-118.152753,34.187307],[-118.152718,34.187412],[-118.152615,34.187388],[-118.152631,34.187339],[-118.152573,34.187326]]]]},"properties":{"occupancy":"Residential"}},{"type":"Feature","geometry":{"type":"MultiPolygon","coordinates":[[[[-118.152985,34.187417],[-118.153005,34.187356],[-118.153087,34.187375],[-118.153066,34.187436],[-118.152985,34.187417]]]]},"properties":{"occupancy":"Residential"}},{"type":"Feature","geometry":{"type":"MultiPolygon","coordinates":[[[[-118.152765,34.187516],[-118.152814,34.187374],[-118.152911,34.187397],[-118.152862,34.187539],[-118.152765,34.187516]]]]},"properties":{"occupancy":"Residential"}},{"type":"Feature","geometry":{"type":"MultiPolygon","coordinates":[[[[-118.153183,34.187485],[-118.153209,34.187404],[-118.153276,34.18742],[-118.15325,34.1875],[-118.153183,34.187485]]]]},"properties":{"occupancy":"Residential"}},{"type":"Feature","geometry":{"type":"MultiPolygon","coordinates":[[[[-118.152906,34.187551],[-118.152939,34.187455],[-118.153053,34.187482],[-118.15302,34.187578],[-118.152906,34.187551]]]]},"properties":{"occupancy":"Residential"}},{"type":"Feature","geometry":{"type":"MultiPolygon","coordinates":[[[[-118.153305,34.187551],[-118.153332,34.187467],[-118.153416,34.187485],[-118.153389,34.187569],[-118.153305,34.187551]]]]},"properties":{"occupancy":"Residential"}},{"type":"Feature","geometry":{"type":"MultiPolygon","coordinates":[[[[-118.153114,34.18764],[-118.153144,34.187553],[-118.153207,34.187568],[-118.153178,34.187655],[-118.153114,34.18764]]]]},"properties":{"occupancy":"Residential"}},{"type":"Feature","geometry":{"type":"MultiPolygon","coordinates":[[[[-118.1521,34.187974],[-118.152131,34.187883],[-118.152193,34.187897],[-118.152162,34.187988],[-118.1521,34.187974]]]]},"properties":{"occupancy":"Residential"}},{"type":"Feature","geometry":{"type":"MultiPolygon","coordinates":[[[[-118.152168,34.189346],[-118.152225,34.189212],[-118.152308,34.189236],[-118.152279,34.189303],[-118.15225,34.189294],[-118.152221,34.189362],[-118.152168,34.189346]]]]},"properties":{"occupancy":"Residential"}},{"type":"Feature","geometry":{"type":"MultiPolygon","coordinates":[[[[-118.152353,34.189329],[-118.152388,34.189247],[-118.1525,34.189279],[-118.152435,34.189433],[-118.152384,34.189418],[-118.152353,34.189329]]]]},"properties":{"occupancy":"Residential"}},{"type":"Feature","geometry":{"type":"MultiPolygon","coordinates":[[[[-118.152485,34.189404],[-118.152529,34.189298],[-118.152633,34.189328],[-118.152589,34.189434],[-118.152485,34.189404]]]]},"properties":{"occupancy":"Residential"}},{"type":"Feature","geometry":{"type":"MultiPolygon","coordinates":[[[[-118.15262,34.189491],[-118.152673,34.189364],[-118.152747,34.189385],[-118.152694,34.189512],[-118.15262,34.189491]]]]},"properties":{"occupancy":"Residential"}},{"type":"Feature","geometry":{"type":"MultiPolygon","coordinates":[[[[-118.152744,34.189581],[-118.152826,34.189384],[-118.152905,34.189407],[-118.152823,34.189604],[-118.152819,34.189603],[-118.152744,34.189581]]]]},"properties":{"occupancy":"Residential"}},{"type":"Feature","geometry":{"type":"MultiPolygon","coordinates":[[[[-118.153134,34.189514],[-118.153175,34.189414],[-118.153265,34.18944],[-118.153301,34.189503],[-118.15328,34.189555],[-118.153134,34.189514]]]]},"properties":{"occupancy":"Residential"}},{"type":"Feature","geometry":{"type":"MultiPolygon","coordinates":[[[[-118.152931,34.189514],[-118.152971,34.189419],[-118.153037,34.189438],[-118.152997,34.189533],[-118.152931,34.189514]]]]},"properties":{"occupancy":"Residential"}},{"type":"Feature","geometry":{"type":"MultiPolygon","coordinates":[[[[-118.153056,34.189642],[-118.153094,34.189546],[-118.153249,34.18959],[-118.15321,34.189685],[-118.153056,34.189642]]]]},"properties":{"occupancy":"Residential"}},{"type":"Feature","geometry":{"type":"MultiPolygon","coordinates":[[[[-118.152114,34.189686],[-118.152143,34.189618],[-118.152276,34.189657],[-118.152247,34.189725],[-118.152114,34.189686]]]]},"properties":{"occupancy":"Residential"}},{"type":"Feature","geometry":{"type":"MultiPolygon","coordinates":[[[[-118.152679,34.189693],[-118.152703,34.189636],[-118.152788,34.189661],[-118.152764,34.189718],[-118.152679,34.189693]]]]},"properties":{"occupancy":"Residential"}},{"type":"Feature","geometry":{"type":"MultiPolygon","coordinates":[[[[-118.15299,34.18977],[-118.153017,34.189705],[-118.153184,34.189753],[-118.153184,34.189753],[-118.153157,34.189818],[-118.15299,34.18977]]]]},"properties":{"occupancy":"Residential"}},{"type":"Feature","geometry":{"type":"MultiPolygon","coordinates":[[[[-118.152062,34.189912],[-118.152106,34.18981],[-118.152283,34.189862],[-118.152239,34.189964],[-118.152062,34.189912]]]]},"properties":{"occupancy":"Residential"}},{"type":"Feature","geometry":{"type":"MultiPolygon","coordinates":[[[[-118.152642,34.189917],[-118.152668,34.189854],[-118.152764,34.189882],[-118.152738,34.189945],[-118.152642,34.189917]]]]},"properties":{"occupancy":"Residential"}},{"type":"Feature","geometry":{"type":"MultiPolygon","coordinates":[[[[-118.152953,34.189915],[-118.152962,34.189894],[-118.153012,34.189908],[-118.153035,34.189854],[-118.153127,34.189881],[-118.153096,34.189956],[-118.152953,34.189915]]]]},"properties":{"occupancy":"Residential"}},{"type":"Feature","geometry":{"type":"MultiPolygon","coordinates":[[[[-118.152269,34.189956],[-118.152307,34.189866],[-118.152435,34.189904],[-118.152397,34.189994],[-118.152269,34.189956]]]]},"properties":{"occupancy":"Residential"}},{"type":"Feature","geometry":{"type":"MultiPolygon","coordinates":[[[[-118.152481,34.190044],[-118.152536,34.189913],[-118.15262,34.189937],[-118.152592,34.190004],[-118.152611,34.190009],[-118.152584,34.190074],[-118.152481,34.190044]]]]},"properties":{"occupancy":"Residential"}},{"type":"Feature","geometry":{"type":"MultiPolygon","coordinates":[[[[-118.152922,34.190055],[-118.152961,34.189961],[-118.153074,34.189993],[-118.153035,34.190088],[-118.152922,34.190055]]]]},"properties":{"occupancy":"Residential"}},{"type":"Feature","geometry":{"type":"MultiPolygon","coordinates":[[[[-118.15266,34.190081],[-118.15271,34.18997],[-118.152794,34.189996],[-118.152744,34.190107],[-118.15266,34.190081]]]]},"properties":{"occupancy":"Residential"}},{"type":"Feature","geometry":{"type":"MultiPolygon","coordinates":[[[[-118.152865,34.190188],[-118.15287,34.190177],[-118.152747,34.190142],[-118.152775,34.190075],[-118.152775,34.190074],[-118.152776,34.190074],[-118.153,34.190139],[-118.152993,34.190156],[-118.153028,34.190167],[-118.153014,34.190201],[-118.152946,34.190181],[-118.152934,34.190208],[-118.152865,34.190188]]]]},"properties":{"occupancy":"Residential"}},{"type":"Feature","geometry":{"type":"MultiPolygon","coordinates":[[[[-118.154953,34.187186],[-118.154975,34.187096],[-118.155115,34.18712],[-118.155093,34.187209],[-118.15509,34.187209],[-118.154953,34.187186]]]]},"properties":{"occupancy":"Residential"}},{"type":"Feature","geometry":{"type":"MultiPolygon","coordinates":[[[[-118.154912,34.187349],[-118.154935,34.187262],[-118.155052,34.187284],[-118.155028,34.18737],[-118.154912,34.187349]]]]},"properties":{"occupancy":"Residential"}},{"type":"Feature","geometry":{"type":"MultiPolygon","coordinates":[[[[-118.155412,34.187429],[-118.155456,34.187263],[-118.15557,34.187284],[-118.155526,34.18745],[-118.155412,34.187429]]]]},"properties":{"occupancy":"Residential"}},{"type":"Feature","geometry":{"type":"MultiPolygon","coordinates":[[[[-118.154874,34.187457],[-118.154898,34.18737],[-118.15502,34.187394],[-118.155019,34.187397],[-118.154996,34.18748],[-118.154874,34.187457]]]]},"properties":{"occupancy":"Residential"}},{"type":"Feature","geometry":{"type":"MultiPolygon","coordinates":[[[[-118.155331,34.187588],[-118.155353,34.187512],[-118.155486,34.187538],[-118.155464,34.187614],[-118.155331,34.187588]]]]},"properties":{"occupancy":"Residential"}},{"type":"Feature","geometry":{"type":"MultiPolygon","coordinates":[[[[-118.154798,34.18764],[-118.15483,34.187532],[-118.154967,34.187559],[-118.154936,34.187667],[-118.154798,34.18764]]]]},"properties":{"occupancy":"Residential"}},{"type":"Feature","geometry":{"type":"MultiPolygon","coordinates":[[[[-118.155609,34.187678],[-118.155632,34.187596],[-118.155798,34.187629],[-118.155774,34.18771],[-118.155609,34.187678]]]]},"properties":{"occupancy":"Residential"}},{"type":"Feature","geometry":{"type":"MultiPolygon","coordinates":[[[[-118.155258,34.187728],[-118.155282,34.187645],[-118.155404,34.187669],[-118.15538,34.187753],[-118.155258,34.187728]]]]},"properties":{"occupancy":"Residential"}},{"type":"Feature","geometry":{"type":"MultiPolygon","coordinates":[[[[-118.154769,34.187757],[-118.154793,34.187676],[-118.154924,34.187702],[-118.154896,34.187798],[-118.154812,34.187781],[-118.154816,34.187767],[-118.154769,34.187757]]]]},"properties":{"occupancy":"Residential"}},{"type":"Feature","geometry":{"type":"MultiPolygon","coordinates":[[[[-118.155207,34.187922],[-118.155236,34.187823],[-118.155335,34.187843],[-118.155306,34.187942],[-118.155301,34.187941],[-118.155207,34.187922]]]]},"properties":{"occupancy":"Residential"}},{"type":"Feature","geometry":{"type":"MultiPolygon","coordinates":[[[[-118.155642,34.187962],[-118.155666,34.187882],[-118.155749,34.187899],[-118.155726,34.187979],[-118.155642,34.187962]]]]},"properties":{"occupancy":"Residential"}},{"type":"Feature","geometry":{"type":"MultiPolygon","coordinates":[[[[-118.155456,34.187998],[-118.15547,34.187953],[-118.155606,34.187982],[-118.155597,34.188013],[-118.155592,34.188029],[-118.155582,34.188059],[-118.155671,34.188078],[-118.155548,34.188471],[-118.15537,34.188433],[-118.1554,34.188336],[-118.155354,34.188327],[-118.155456,34.187998]]]]},"properties":{"occupancy":"Residential"}},{"type":"Feature","geometry":{"type":"MultiPolygon","coordinates":[[[[-118.155136,34.188071],[-118.155166,34.18797],[-118.155266,34.18799],[-118.155237,34.188091],[-118.155136,34.188071]]]]},"properties":{"occupancy":"Residential"}},{"type":"Feature","geometry":{"type":"MultiPolygon","coordinates":[[[[-118.155079,34.188197],[-118.155108,34.1881],[-118.155201,34.188119],[-118.155171,34.188217],[-118.155168,34.188216],[-118.155079,34.188197]]]]},"properties":{"occupancy":"Residential"}},{"type":"Feature","geometry":{"type":"MultiPolygon","coordinates":[[[[-118.155219,34.188389],[-118.155017,34.188345],[-118.155057,34.188216],[-118.155147,34.188235],[-118.155126,34.1883],[-118.155276,34.188332],[-118.155263,34.188372],[-118.155227,34.188365],[-118.155219,34.188389]]]]},"properties":{"occupancy":"Residential"}},{"type":"Feature","geometry":{"type":"MultiPolygon","coordinates":[[[[-118.154864,34.188636],[-118.154894,34.188553],[-118.154975,34.188573],[-118.154945,34.188656],[-118.154864,34.188636]]]]},"properties":{"occupancy":"Residential"}},{"type":"Feature","geometry":{"type":"MultiPolygon","coordinates":[[[[-118.15527,34.188809],[-118.155314,34.188678],[-118.15544,34.188707],[-118.155384,34.18887],[-118.155321,34.188855],[-118.155332,34.188824],[-118.15527,34.188809]]]]},"properties":{"occupancy":"Residential"}},{"type":"Feature","geometry":{"type":"MultiPolygon","coordinates":[[[[-118.155425,34.188832],[-118.155463,34.188719],[-118.155582,34.188747],[-118.155544,34.18886],[-118.155425,34.188832]]]]},"properties":{"occupancy":"Residential"}},{"type":"Feature","geometry":{"type":"MultiPolygon","coordinates":[[[[-118.154978,34.188852],[-118.155021,34.188732],[-118.155098,34.188751],[-118.155055,34.188872],[-118.154978,34.188853],[-118.154978,34.188852]]]]},"properties":{"occupancy":"Residential"}},{"type":"Feature","geometry":{"type":"MultiPolygon","coordinates":[[[[-118.155598,34.188868],[-118.155622,34.188794],[-118.15574,34.188821],[-118.155716,34.188895],[-118.155711,34.188894],[-118.155598,34.188868]]]]},"properties":{"occupancy":"Residential"}},{"type":"Feature","geometry":{"type":"MultiPolygon","coordinates":[[[[-118.155746,34.18893],[-118.155765,34.188871],[-118.155878,34.188896],[-118.155877,34.188902],[-118.155859,34.188955],[-118.155746,34.18893]]]]},"properties":{"occupancy":"Residential"}},{"type":"Feature","geometry":{"type":"MultiPolygon","coordinates":[[[[-118.156664,34.187478],[-118.156693,34.187365],[-118.156782,34.187381],[-118.156754,34.187494],[-118.156664,34.187478]]]]},"properties":{"occupancy":"Residential"}},{"type":"Feature","geometry":{"type":"MultiPolygon","coordinates":[[[[-118.156838,34.187526],[-118.156864,34.187426],[-118.15711,34.187471],[-118.157069,34.187626],[-118.156962,34.187607],[-118.156976,34.187552],[-118.156838,34.187526]]]]},"properties":{"occupancy":"Residential"}},{"type":"Feature","geometry":{"type":"MultiPolygon","coordinates":[[[[-118.156034,34.187569],[-118.156054,34.187495],[-118.156181,34.187519],[-118.15616,34.187595],[-118.156033,34.18757],[-118.156034,34.187569]]]]},"properties":{"occupancy":"Utility and Misc"}},{"type":"Feature","geometry":{"type":"MultiPolygon","coordinates":[[[[-118.156777,34.187646],[-118.1568,34.187571],[-118.156865,34.187585],[-118.156843,34.18766],[-118.156777,34.187646]]]]},"properties":{"occupancy":"Residential"}},{"type":"Feature","geometry":{"type":"MultiPolygon","coordinates":[[[[-118.156774,34.187764],[-118.156679,34.187744],[-118.156672,34.187765],[-118.156563,34.187742],[-118.156592,34.187648],[-118.156798,34.187692],[-118.156776,34.187765],[-118.156774,34.187764]]]]},"properties":{"occupancy":"Residential"}},{"type":"Feature","geometry":{"type":"MultiPolygon","coordinates":[[[[-118.156535,34.187876],[-118.156559,34.187797],[-118.156709,34.187829],[-118.156685,34.187908],[-118.156535,34.187876]]]]},"properties":{"occupancy":"Residential"}},{"type":"Feature","geometry":{"type":"MultiPolygon","coordinates":[[[[-118.155859,34.1879],[-118.155882,34.187822],[-118.155973,34.187841],[-118.15595,34.187919],[-118.155859,34.1879]]]]},"properties":{"occupancy":"Residential"}},{"type":"Feature","geometry":{"type":"MultiPolygon","coordinates":[[[[-118.156493,34.187997],[-118.156513,34.18793],[-118.15668,34.187965],[-118.15666,34.188032],[-118.156657,34.188032],[-118.156493,34.187997]]]]},"properties":{"occupancy":"Residential"}},{"type":"Feature","geometry":{"type":"MultiPolygon","coordinates":[[[[-118.156802,34.188076],[-118.156826,34.187997],[-118.156964,34.188026],[-118.156941,34.188104],[-118.156802,34.188076]]]]},"properties":{"occupancy":"Residential"}},{"type":"Feature","geometry":{"type":"MultiPolygon","coordinates":[[[[-118.156965,34.188116],[-118.156989,34.188034],[-118.157097,34.188056],[-118.157072,34.188138],[-118.156965,34.188116]]]]},"properties":{"occupancy":"Residential"}},{"type":"Feature","geometry":{"type":"MultiPolygon","coordinates":[[[[-118.15596,34.188567],[-118.156113,34.188068],[-118.156134,34.188072],[-118.156143,34.18804],[-118.15621,34.188054],[-118.156047,34.188585],[-118.15596,34.188567]]]]},"properties":{"occupancy":"Unclassified"}},{"type":"Feature","geometry":{"type":"MultiPolygon","coordinates":[[[[-118.156429,34.188136],[-118.156451,34.188062],[-118.156636,34.188101],[-118.156614,34.188175],[-118.156429,34.188136]]]]},"properties":{"occupancy":"Residential"}},{"type":"Feature","geometry":{"type":"MultiPolygon","coordinates":[[[[-118.1564,34.18828],[-118.156413,34.188235],[-118.156487,34.188251],[-118.156501,34.188204],[-118.156649,34.188235],[-118.156621,34.188326],[-118.1564,34.18828]]]]},"properties":{"occupancy":"Residential"}},{"type":"Feature","geometry":{"type":"MultiPolygon","coordinates":[[[[-118.156956,34.188329],[-118.156978,34.18825],[-118.157057,34.188266],[-118.157034,34.188344],[-118.156956,34.188329]]]]},"properties":{"occupancy":"Residential"}},{"type":"Feature","geometry":{"type":"MultiPolygon","coordinates":[[[[-118.156359,34.188413],[-118.156387,34.188321],[-118.156455,34.188335],[-118.156428,34.188428],[-118.156359,34.188413]]]]},"properties":{"occupancy":"Residential"}},{"type":"Feature","geometry":{"type":"MultiPolygon","coordinates":[[[[-118.156312,34.188565],[-118.156334,34.188491],[-118.156469,34.188519],[-118.156447,34.188593],[-118.156312,34.188565]]]]},"properties":{"occupancy":"Residential"}},{"type":"Feature","geometry":{"type":"MultiPolygon","coordinates":[[[[-118.156471,34.188754],[-118.156486,34.188705],[-118.15662,34.188734],[-118.156664,34.188588],[-118.156752,34.188607],[-118.156705,34.18876],[-118.156664,34.188751],[-118.156651,34.188792],[-118.156471,34.188754]]]]},"properties":{"occupancy":"Residential"}},{"type":"Feature","geometry":{"type":"MultiPolygon","coordinates":[[[[-118.15625,34.188714],[-118.156284,34.188605],[-118.156389,34.188627],[-118.156356,34.188736],[-118.15625,34.188714]]]]},"properties":{"occupancy":"Residential"}},{"type":"Feature","geometry":{"type":"MultiPolygon","coordinates":[[[[-118.156751,34.188834],[-118.156811,34.188636],[-118.156903,34.188655],[-118.156859,34.188802],[-118.15681,34.188792],[-118.156795,34.188843],[-118.156751,34.188834]]]]},"properties":{"occupancy":"Residential"}},{"type":"Feature","geometry":{"type":"MultiPolygon","coordinates":[[[[-118.157118,34.187697],[-118.157144,34.18757],[-118.15722,34.187581],[-118.157241,34.187481],[-118.157301,34.187489],[-118.157254,34.187716],[-118.157118,34.187697]]]]},"properties":{"occupancy":"Residential"}},{"type":"Feature","geometry":{"type":"MultiPolygon","coordinates":[[[[-118.157346,34.187675],[-118.157379,34.187512],[-118.157444,34.187521],[-118.157428,34.187601],[-118.157455,34.187604],[-118.157438,34.187688],[-118.157346,34.187675]]]]},"properties":{"occupancy":"Residential"}},{"type":"Feature","geometry":{"type":"MultiPolygon","coordinates":[[[[-118.157579,34.18767],[-118.157589,34.187623],[-118.157606,34.187626],[-118.157619,34.187563],[-118.157716,34.187577],[-118.157693,34.187686],[-118.157579,34.18767]]]]},"properties":{"occupancy":"Residential"}},{"type":"Feature","geometry":{"type":"MultiPolygon","coordinates":[[[[-118.158048,34.187686],[-118.158069,34.187576],[-118.158177,34.18759],[-118.158156,34.1877],[-118.158048,34.187686]]]]},"properties":{"occupancy":"Residential"}},{"type":"Feature","geometry":{"type":"MultiPolygon","coordinates":[[[[-118.158359,34.188335],[-118.158494,34.187979],[-118.158636,34.187604],[-118.158748,34.187634],[-118.158759,34.187605],[-118.158951,34.187655],[-118.158933,34.187701],[-118.158974,34.187712],[-118.158836,34.188078],[-118.158836,34.188078],[-118.158704,34.188425],[-118.158587,34.188395],[-118.15857,34.18839],[-118.158489,34.188369],[-118.158359,34.188335]],[[-118.158835,34.187713],[-118.158752,34.187691],[-118.158628,34.188018],[-118.158521,34.1883],[-118.158604,34.188322],[-118.15871,34.188044],[-118.15871,34.188042],[-118.158835,34.187713]]]]},"properties":{"occupancy":"Residential"}},{"type":"Feature","geometry":{"type":"MultiPolygon","coordinates":[[[[-118.158294,34.188174],[-118.158463,34.187623],[-118.158523,34.187636],[-118.158353,34.188187],[-118.158294,34.188174]]]]},"properties":{"occupancy":"Residential"}},{"type":"Feature","geometry":{"type":"MultiPolygon","coordinates":[[[[-118.157992,34.187813],[-118.158023,34.187711],[-118.158217,34.187751],[-118.158186,34.187854],[-118.157992,34.187813]]]]},"properties":{"occupancy":"Residential"}},{"type":"Feature","geometry":{"type":"MultiPolygon","coordinates":[[[[-118.157311,34.187882],[-118.15733,34.187819],[-118.157496,34.187853],[-118.157477,34.187917],[-118.157311,34.187882]]]]},"properties":{"occupancy":"Residential"}},{"type":"Feature","geometry":{"type":"MultiPolygon","coordinates":[[[[-118.157956,34.18792],[-118.157968,34.187879],[-118.157983,34.187882],[-118.157997,34.187835],[-118.158091,34.187854],[-118.158065,34.187943],[-118.157956,34.18792]]]]},"properties":{"occupancy":"Residential"}},{"type":"Feature","geometry":{"type":"MultiPolygon","coordinates":[[[[-118.157431,34.188027],[-118.157458,34.187936],[-118.157576,34.18796],[-118.157549,34.188051],[-118.157431,34.188027]]]]},"properties":{"occupancy":"Residential"}},{"type":"Feature","geometry":{"type":"MultiPolygon","coordinates":[[[[-118.157903,34.188059],[-118.157931,34.187966],[-118.158089,34.187998],[-118.158076,34.188043],[-118.158024,34.188032],[-118.158009,34.188081],[-118.157903,34.188059]]]]},"properties":{"occupancy":"Residential"}},{"type":"Feature","geometry":{"type":"MultiPolygon","coordinates":[[[[-118.157182,34.188132],[-118.157202,34.188063],[-118.157258,34.188075],[-118.157238,34.188143],[-118.157182,34.188132]]]]},"properties":{"occupancy":"Residential"}},{"type":"Feature","geometry":{"type":"MultiPolygon","coordinates":[[[[-118.157372,34.188151],[-118.157396,34.188066],[-118.157526,34.188092],[-118.157501,34.188177],[-118.157372,34.188151]]]]},"properties":{"occupancy":"Residential"}},{"type":"Feature","geometry":{"type":"MultiPolygon","coordinates":[[[[-118.158044,34.188265],[-118.158069,34.188181],[-118.158152,34.188198],[-118.158127,34.188282],[-118.158044,34.188265]]]]},"properties":{"occupancy":"Residential"}},{"type":"Feature","geometry":{"type":"MultiPolygon","coordinates":[[[[-118.157367,34.188303],[-118.157394,34.188206],[-118.157458,34.188218],[-118.15743,34.188315],[-118.157367,34.188303]]]]},"properties":{"occupancy":"Residential"}},{"type":"Feature","geometry":{"type":"MultiPolygon","coordinates":[[[[-118.157822,34.188314],[-118.15785,34.188219],[-118.157981,34.188246],[-118.157953,34.188341],[-118.157822,34.188314]]]]},"properties":{"occupancy":"Residential"}},{"type":"Feature","geometry":{"type":"MultiPolygon","coordinates":[[[[-118.157296,34.188427],[-118.157321,34.188341],[-118.157432,34.188363],[-118.157408,34.188448],[-118.157296,34.188427]]]]},"properties":{"occupancy":"Residential"}},{"type":"Feature","geometry":{"type":"MultiPolygon","coordinates":[[[[-118.158025,34.188403],[-118.158042,34.188349],[-118.158117,34.188365],[-118.158101,34.188418],[-118.158025,34.188403]]]]},"properties":{"occupancy":"Residential"}},{"type":"Feature","geometry":{"type":"MultiPolygon","coordinates":[[[[-118.158209,34.188427],[-118.158224,34.188377],[-118.158357,34.188406],[-118.158341,34.188455],[-118.158209,34.188427]]]]},"properties":{"occupancy":"Residential"}},{"type":"Feature","geometry":{"type":"MultiPolygon","coordinates":[[[[-118.157937,34.188504],[-118.157956,34.188442],[-118.158013,34.188454],[-118.15802,34.188431],[-118.158084,34.188444],[-118.158058,34.188529],[-118.157937,34.188504]]]]},"properties":{"occupancy":"Residential"}},{"type":"Feature","geometry":{"type":"MultiPolygon","coordinates":[[[[-118.153794,34.188319],[-118.153827,34.188232],[-118.153961,34.188266],[-118.153915,34.18839],[-118.153819,34.188365],[-118.153832,34.188329],[-118.153794,34.188319]]]]},"properties":{"occupancy":"Residential"}},{"type":"Feature","geometry":{"type":"MultiPolygon","coordinates":[[[[-118.154039,34.188389],[-118.154074,34.188296],[-118.154168,34.18832],[-118.154132,34.188416],[-118.154038,34.188392],[-118.154039,34.188389]]]]},"properties":{"occupancy":"Residential"}},{"type":"Feature","geometry":{"type":"MultiPolygon","coordinates":[[[[-118.154158,34.188518],[-118.154233,34.188329],[-118.15433,34.188355],[-118.154255,34.188545],[-118.154158,34.188518]]]]},"properties":{"occupancy":"Residential"}},{"type":"Feature","geometry":{"type":"MultiPolygon","coordinates":[[[[-118.153517,34.188525],[-118.153579,34.188364],[-118.153679,34.188391],[-118.153647,34.188476],[-118.153641,34.188475],[-118.153595,34.188463],[-118.153566,34.188538],[-118.153517,34.188525]]]]},"properties":{"occupancy":"Residential"}},{"type":"Feature","geometry":{"type":"MultiPolygon","coordinates":[[[[-118.154292,34.188531],[-118.154353,34.188376],[-118.154454,34.188403],[-118.154392,34.188559],[-118.154292,34.188531]]]]},"properties":{"occupancy":"Residential"}},{"type":"Feature","geometry":{"type":"MultiPolygon","coordinates":[[[[-118.153711,34.188654],[-118.153774,34.188498],[-118.153863,34.188523],[-118.153821,34.188627],[-118.15388,34.188643],[-118.153858,34.188697],[-118.153711,34.188655],[-118.153711,34.188654]]]]},"properties":{"occupancy":"Residential"}},{"type":"Feature","geometry":{"type":"MultiPolygon","coordinates":[[[[-118.154633,34.188684],[-118.154694,34.188527],[-118.15485,34.188568],[-118.154811,34.18867],[-118.154794,34.188665],[-118.154773,34.188721],[-118.154633,34.188684]]]]},"properties":{"occupancy":"Residential"}},{"type":"Feature","geometry":{"type":"MultiPolygon","coordinates":[[[[-118.154094,34.188687],[-118.154139,34.188581],[-118.154247,34.188612],[-118.154202,34.188718],[-118.154094,34.188687]]]]},"properties":{"occupancy":"Residential"}},{"type":"Feature","geometry":{"type":"MultiPolygon","coordinates":[[[[-118.154788,34.188741],[-118.154808,34.188687],[-118.154887,34.188708],[-118.154867,34.188762],[-118.154788,34.188741]]]]},"properties":{"occupancy":"Residential"}},{"type":"Feature","geometry":{"type":"MultiPolygon","coordinates":[[[[-118.153996,34.188797],[-118.154034,34.188707],[-118.154133,34.188736],[-118.154095,34.188826],[-118.153996,34.188797]]]]},"properties":{"occupancy":"Residential"}},{"type":"Feature","geometry":{"type":"MultiPolygon","coordinates":[[[[-118.154512,34.188858],[-118.154556,34.188753],[-118.154629,34.188774],[-118.154586,34.188879],[-118.154512,34.188858]]]]},"properties":{"occupancy":"Residential"}},{"type":"Feature","geometry":{"type":"MultiPolygon","coordinates":[[[[-118.153865,34.188979],[-118.153881,34.188938],[-118.153795,34.188914],[-118.153817,34.188861],[-118.153878,34.188879],[-118.153892,34.188846],[-118.154014,34.188882],[-118.153983,34.188959],[-118.153954,34.18895],[-118.153934,34.188999],[-118.153865,34.188979]]]]},"properties":{"occupancy":"Residential"}},{"type":"Feature","geometry":{"type":"MultiPolygon","coordinates":[[[[-118.154383,34.188961],[-118.15442,34.188872],[-118.154545,34.188907],[-118.154508,34.188997],[-118.154383,34.188961]]]]},"properties":{"occupancy":"Residential"}},{"type":"Feature","geometry":{"type":"MultiPolygon","coordinates":[[[[-118.154293,34.189067],[-118.154328,34.188981],[-118.154449,34.189016],[-118.154431,34.18906],[-118.154413,34.189054],[-118.154395,34.189096],[-118.154293,34.189067]]]]},"properties":{"occupancy":"Residential"}},{"type":"Feature","geometry":{"type":"MultiPolygon","coordinates":[[[[-118.154156,34.189182],[-118.154183,34.189118],[-118.154319,34.189157],[-118.154301,34.189198],[-118.154239,34.18918],[-118.154229,34.189203],[-118.154156,34.189182]]]]},"properties":{"occupancy":"Residential"}},{"type":"Feature","geometry":{"type":"MultiPolygon","coordinates":[[[[-118.153544,34.18926],[-118.153592,34.189141],[-118.153698,34.18917],[-118.15365,34.18929],[-118.153544,34.18926]]]]},"properties":{"occupancy":"Residential"}},{"type":"Feature","geometry":{"type":"MultiPolygon","coordinates":[[[[-118.153414,34.189223],[-118.15344,34.189156],[-118.153548,34.189185],[-118.153521,34.189252],[-118.153414,34.189223]]]]},"properties":{"occupancy":"Residential"}},{"type":"Feature","geometry":{"type":"MultiPolygon","coordinates":[[[[-118.154041,34.189292],[-118.154084,34.189189],[-118.154176,34.189216],[-118.154133,34.189319],[-118.154041,34.189292]]]]},"properties":{"occupancy":"Residential"}},{"type":"Feature","geometry":{"type":"MultiPolygon","coordinates":[[[[-118.154498,34.189367],[-118.154531,34.189282],[-118.154599,34.189301],[-118.154565,34.189386],[-118.154498,34.189367]]]]},"properties":{"occupancy":"Residential"}},{"type":"Feature","geometry":{"type":"MultiPolygon","coordinates":[[[[-118.154385,34.189359],[-118.154414,34.189287],[-118.154466,34.189301],[-118.154437,34.189373],[-118.154385,34.189359]]]]},"properties":{"occupancy":"Residential"}},{"type":"Feature","geometry":{"type":"MultiPolygon","coordinates":[[[[-118.153926,34.189378],[-118.153952,34.189317],[-118.154134,34.189369],[-118.154134,34.18937],[-118.154108,34.18943],[-118.153926,34.189378]]]]},"properties":{"occupancy":"Residential"}},{"type":"Feature","geometry":{"type":"MultiPolygon","coordinates":[[[[-118.154547,34.189547],[-118.15462,34.189355],[-118.15469,34.189374],[-118.154659,34.189455],[-118.154684,34.189462],[-118.154642,34.189573],[-118.154547,34.189547]]]]},"properties":{"occupancy":"Residential"}},{"type":"Feature","geometry":{"type":"MultiPolygon","coordinates":[[[[-118.154254,34.189441],[-118.154287,34.18936],[-118.154372,34.189385],[-118.154324,34.189501],[-118.154273,34.189486],[-118.154287,34.18945],[-118.154254,34.189441]]]]},"properties":{"occupancy":"Residential"}},{"type":"Feature","geometry":{"type":"MultiPolygon","coordinates":[[[[-118.154368,34.189515],[-118.154406,34.189421],[-118.154521,34.189452],[-118.154484,34.189546],[-118.154368,34.189515]]]]},"properties":{"occupancy":"Residential"}},{"type":"Feature","geometry":{"type":"MultiPolygon","coordinates":[[[[-118.154691,34.189582],[-118.154738,34.189454],[-118.154848,34.189482],[-118.154801,34.18961],[-118.154691,34.189582]]]]},"properties":{"occupancy":"Residential"}},{"type":"Feature","geometry":{"type":"MultiPolygon","coordinates":[[[[-118.157704,34.188601],[-118.157731,34.188509],[-118.157823,34.188527],[-118.157803,34.188596],[-118.157834,34.188602],[-118.157827,34.188626],[-118.157704,34.188601]]]]},"properties":{"occupancy":"Residential"}},{"type":"Feature","geometry":{"type":"MultiPolygon","coordinates":[[[[-118.158319,34.188753],[-118.158361,34.188557],[-118.158458,34.188578],[-118.158398,34.18877],[-118.158319,34.188753]]]]},"properties":{"occupancy":"Residential"}},{"type":"Feature","geometry":{"type":"MultiPolygon","coordinates":[[[[-118.157173,34.188682],[-118.157198,34.188596],[-118.157336,34.188624],[-118.157311,34.18871],[-118.157173,34.188682]]]]},"properties":{"occupancy":"Residential"}},{"type":"Feature","geometry":{"type":"MultiPolygon","coordinates":[[[[-118.157663,34.188733],[-118.157692,34.188634],[-118.157761,34.188647],[-118.157732,34.188747],[-118.157663,34.188733]]]]},"properties":{"occupancy":"Residential"}},{"type":"Feature","geometry":{"type":"MultiPolygon","coordinates":[[[[-118.157851,34.188725],[-118.157872,34.188657],[-118.157937,34.18867],[-118.157917,34.188739],[-118.157851,34.188725]]]]},"properties":{"occupancy":"Residential"}},{"type":"Feature","geometry":{"type":"MultiPolygon","coordinates":[[[[-118.158799,34.188784],[-118.158837,34.188661],[-118.158973,34.18869],[-118.158935,34.188813],[-118.158799,34.188784]]]]},"properties":{"occupancy":"Residential"}},{"type":"Feature","geometry":{"type":"MultiPolygon","coordinates":[[[[-118.157011,34.188757],[-118.157032,34.188689],[-118.157255,34.188736],[-118.157235,34.188803],[-118.157011,34.188757]]]]},"properties":{"occupancy":"Residential"}},{"type":"Feature","geometry":{"type":"MultiPolygon","coordinates":[[[[-118.158424,34.188992],[-118.158497,34.188758],[-118.158587,34.188778],[-118.158514,34.189011],[-118.158424,34.188992]]]]},"properties":{"occupancy":"Residential"}},{"type":"Feature","geometry":{"type":"MultiPolygon","coordinates":[[[[-118.157626,34.188866],[-118.157653,34.188776],[-118.15778,34.188802],[-118.157753,34.188892],[-118.157626,34.188866]]]]},"properties":{"occupancy":"Residential"}},{"type":"Feature","geometry":{"type":"MultiPolygon","coordinates":[[[[-118.158036,34.188885],[-118.158063,34.188797],[-118.158133,34.188812],[-118.158106,34.1889],[-118.158036,34.188885]]]]},"properties":{"occupancy":"Residential"}},{"type":"Feature","geometry":{"type":"MultiPolygon","coordinates":[[[[-118.157088,34.188978],[-118.157121,34.188869],[-118.157232,34.188892],[-118.157199,34.189001],[-118.157088,34.188978]]]]},"properties":{"occupancy":"Residential"}},{"type":"Feature","geometry":{"type":"MultiPolygon","coordinates":[[[[-118.157578,34.188991],[-118.157604,34.188903],[-118.157681,34.188919],[-118.157655,34.189007],[-118.157578,34.188991]]]]},"properties":{"occupancy":"Residential"}},{"type":"Feature","geometry":{"type":"MultiPolygon","coordinates":[[[[-118.158687,34.188968],[-118.158702,34.188922],[-118.158855,34.188955],[-118.15884,34.189002],[-118.158713,34.188975],[-118.158709,34.188973],[-118.158707,34.188972],[-118.158687,34.188968]]]]},"properties":{"occupancy":"Residential"}},{"type":"Feature","geometry":{"type":"MultiPolygon","coordinates":[[[[-118.157979,34.189077],[-118.158027,34.188925],[-118.158123,34.188945],[-118.158075,34.189098],[-118.157979,34.189077]]]]},"properties":{"occupancy":"Residential"}},{"type":"Feature","geometry":{"type":"MultiPolygon","coordinates":[[[[-118.15778,34.188986],[-118.157796,34.188932],[-118.15791,34.188956],[-118.157894,34.18901],[-118.15778,34.188986]]]]},"properties":{"occupancy":"Residential"}},{"type":"Feature","geometry":{"type":"MultiPolygon","coordinates":[[[[-118.158553,34.189022],[-118.158573,34.188958],[-118.158702,34.188985],[-118.158703,34.188986],[-118.158683,34.18905],[-118.158553,34.189022]]]]},"properties":{"occupancy":"Residential"}},{"type":"Feature","geometry":{"type":"MultiPolygon","coordinates":[[[[-118.157731,34.189177],[-118.157762,34.189078],[-118.157864,34.1891],[-118.157833,34.189199],[-118.157731,34.189177]]]]},"properties":{"occupancy":"Residential"}},{"type":"Feature","geometry":{"type":"MultiPolygon","coordinates":[[[[-118.158111,34.189277],[-118.15815,34.189161],[-118.15823,34.189179],[-118.158191,34.189295],[-118.158111,34.189277]]]]},"properties":{"occupancy":"Residential"}},{"type":"Feature","geometry":{"type":"MultiPolygon","coordinates":[[[[-118.158283,34.189332],[-118.158338,34.189171],[-118.158428,34.189192],[-118.158373,34.189353],[-118.158283,34.189332]]]]},"properties":{"occupancy":"Residential"}},{"type":"Feature","geometry":{"type":"MultiPolygon","coordinates":[[[[-118.158466,34.189397],[-118.158513,34.18926],[-118.158638,34.18929],[-118.158591,34.189427],[-118.158466,34.189397]]]]},"properties":{"occupancy":"Residential"}},{"type":"Feature","geometry":{"type":"MultiPolygon","coordinates":[[[[-118.158787,34.189357],[-118.158812,34.189268],[-118.158904,34.189285],[-118.158985,34.189301],[-118.15896,34.18939],[-118.15888,34.189375],[-118.158787,34.189357]]]]},"properties":{"occupancy":"Residential"}},{"type":"Feature","geometry":{"type":"MultiPolygon","coordinates":[[[[-118.157052,34.189389],[-118.157089,34.189278],[-118.157184,34.1893],[-118.157144,34.189417],[-118.157065,34.189399],[-118.157064,34.189397],[-118.157061,34.189393],[-118.157055,34.18939],[-118.157054,34.189389],[-118.157052,34.189389]]]]},"properties":{"occupancy":"Residential"}},{"type":"Feature","geometry":{"type":"MultiPolygon","coordinates":[[[[-118.157257,34.189431],[-118.157291,34.189329],[-118.15735,34.189343],[-118.157316,34.189444],[-118.157257,34.189431]]]]},"properties":{"occupancy":"Residential"}},{"type":"Feature","geometry":{"type":"MultiPolygon","coordinates":[[[[-118.156131,34.189052],[-118.156154,34.188981],[-118.156271,34.189006],[-118.156248,34.189078],[-118.156131,34.189052]]]]},"properties":{"occupancy":"Residential"}},{"type":"Feature","geometry":{"type":"MultiPolygon","coordinates":[[[[-118.156291,34.189106],[-118.156319,34.189016],[-118.156418,34.189038],[-118.156373,34.189178],[-118.156299,34.189162],[-118.156315,34.189111],[-118.156291,34.189106]]]]},"properties":{"occupancy":"Residential"}},{"type":"Feature","geometry":{"type":"MultiPolygon","coordinates":[[[[-118.156442,34.189269],[-118.156511,34.189057],[-118.156582,34.189073],[-118.156514,34.189285],[-118.156442,34.189269]]]]},"properties":{"occupancy":"Residential"}},{"type":"Feature","geometry":{"type":"MultiPolygon","coordinates":[[[[-118.155864,34.189169],[-118.155879,34.189121],[-118.155958,34.189139],[-118.155982,34.189062],[-118.156081,34.189084],[-118.156042,34.189209],[-118.155864,34.189169]]]]},"properties":{"occupancy":"Residential"}},{"type":"Feature","geometry":{"type":"MultiPolygon","coordinates":[[[[-118.156615,34.189268],[-118.156668,34.189107],[-118.156739,34.189123],[-118.156685,34.189284],[-118.156615,34.189268]]]]},"properties":{"occupancy":"Residential"}},{"type":"Feature","geometry":{"type":"MultiPolygon","coordinates":[[[[-118.156757,34.189284],[-118.156799,34.189159],[-118.156881,34.189178],[-118.156839,34.189303],[-118.156837,34.189302],[-118.156757,34.189284]]]]},"properties":{"occupancy":"Residential"}},{"type":"Feature","geometry":{"type":"MultiPolygon","coordinates":[[[[-118.15688,34.189285],[-118.156911,34.189193],[-118.157032,34.189221],[-118.157001,34.189313],[-118.15688,34.189285]]]]},"properties":{"occupancy":"Residential"}},{"type":"Feature","geometry":{"type":"MultiPolygon","coordinates":[[[[-118.15602,34.189401],[-118.156051,34.189299],[-118.156139,34.189317],[-118.156108,34.18942],[-118.15602,34.189401]]]]},"properties":{"occupancy":"Residential"}},{"type":"Feature","geometry":{"type":"MultiPolygon","coordinates":[[[[-118.156567,34.189437],[-118.156592,34.189365],[-118.156655,34.18938],[-118.156631,34.189452],[-118.156567,34.189437]]]]},"properties":{"occupancy":"Residential"}},{"type":"Feature","geometry":{"type":"MultiPolygon","coordinates":[[[[-118.156922,34.189431],[-118.156941,34.189377],[-118.157048,34.189402],[-118.157049,34.189403],[-118.157031,34.189456],[-118.156922,34.189431]]]]},"properties":{"occupancy":"Residential"}},{"type":"Feature","geometry":{"type":"MultiPolygon","coordinates":[[[[-118.156391,34.189543],[-118.156419,34.189459],[-118.156464,34.18947],[-118.156437,34.189553],[-118.156391,34.189543]]]]},"properties":{"occupancy":"Residential"}},{"type":"Feature","geometry":{"type":"MultiPolygon","coordinates":[[[[-118.156064,34.189695],[-118.156101,34.189575],[-118.156228,34.189601],[-118.156192,34.189721],[-118.156064,34.189695]]]]},"properties":{"occupancy":"Residential"}},{"type":"Feature","geometry":{"type":"MultiPolygon","coordinates":[[[[-118.156809,34.189694],[-118.156844,34.189596],[-118.156971,34.189627],[-118.156936,34.189726],[-118.156809,34.189694]]]]},"properties":{"occupancy":"Residential"}},{"type":"Feature","geometry":{"type":"MultiPolygon","coordinates":[[[[-118.155856,34.18974],[-118.155881,34.189653],[-118.155934,34.189664],[-118.155929,34.189679],[-118.155986,34.189691],[-118.155965,34.189762],[-118.155856,34.18974]]]]},"properties":{"occupancy":"Residential"}},{"type":"Feature","geometry":{"type":"MultiPolygon","coordinates":[[[[-118.156184,34.189818],[-118.156215,34.189719],[-118.156284,34.189734],[-118.156253,34.189832],[-118.156184,34.189818]]]]},"properties":{"occupancy":"Residential"}},{"type":"Feature","geometry":{"type":"MultiPolygon","coordinates":[[[[-118.156761,34.189841],[-118.156801,34.18973],[-118.156875,34.189748],[-118.156835,34.18986],[-118.156761,34.189841]]]]},"properties":{"occupancy":"Residential"}},{"type":"Feature","geometry":{"type":"MultiPolygon","coordinates":[[[[-118.156502,34.189883],[-118.156524,34.18982],[-118.156651,34.189851],[-118.156628,34.189914],[-118.156502,34.189883]]]]},"properties":{"occupancy":"Residential"}},{"type":"Feature","geometry":{"type":"MultiPolygon","coordinates":[[[[-118.155972,34.19003],[-118.156013,34.189905],[-118.156107,34.189926],[-118.156066,34.190051],[-118.155972,34.19003]]]]},"properties":{"occupancy":"Residential"}},{"type":"Feature","geometry":{"type":"MultiPolygon","coordinates":[[[[-118.15614,34.190078],[-118.156181,34.189957],[-118.156257,34.189975],[-118.156216,34.190096],[-118.15614,34.190078]]]]},"properties":{"occupancy":"Residential"}},{"type":"Feature","geometry":{"type":"MultiPolygon","coordinates":[[[[-118.156281,34.190114],[-118.156317,34.19001],[-118.156432,34.190038],[-118.156396,34.190142],[-118.156281,34.190114]]]]},"properties":{"occupancy":"Residential"}},{"type":"Feature","geometry":{"type":"MultiPolygon","coordinates":[[[[-118.156634,34.190112],[-118.156727,34.190018],[-118.156765,34.190027],[-118.156689,34.190231],[-118.156599,34.190208],[-118.156634,34.190112]]]]},"properties":{"occupancy":"Residential"}},{"type":"Feature","geometry":{"type":"MultiPolygon","coordinates":[[[[-118.156421,34.190162],[-118.156443,34.190103],[-118.156468,34.19011],[-118.156482,34.190071],[-118.156562,34.190091],[-118.156527,34.190189],[-118.156421,34.190162]]]]},"properties":{"occupancy":"Residential"}},{"type":"Feature","geometry":{"type":"MultiPolygon","coordinates":[[[[-118.156714,34.190246],[-118.156752,34.190143],[-118.156819,34.19016],[-118.156848,34.190083],[-118.156898,34.190095],[-118.156831,34.190276],[-118.156823,34.190274],[-118.156714,34.190246]]]]},"properties":{"occupancy":"Residential"}},{"type":"Feature","geometry":{"type":"MultiPolygon","coordinates":[[[[-118.15692,34.190292],[-118.156957,34.190191],[-118.157046,34.190214],[-118.157009,34.190314],[-118.157009,34.190314],[-118.15692,34.190292]]]]},"properties":{"occupancy":"Residential"}},{"type":"Feature","geometry":{"type":"MultiPolygon","coordinates":[[[[-118.155779,34.189058],[-118.155792,34.189019],[-118.155894,34.189042],[-118.155882,34.189081],[-118.155779,34.189058]]]]},"properties":{"occupancy":"Residential"}},{"type":"Feature","geometry":{"type":"MultiPolygon","coordinates":[[[[-118.15503,34.189233],[-118.155068,34.189122],[-118.155176,34.189148],[-118.155138,34.189259],[-118.15503,34.189233]]]]},"properties":{"occupancy":"Residential"}},{"type":"Feature","geometry":{"type":"MultiPolygon","coordinates":[[[[-118.15548,34.189197],[-118.1555,34.189135],[-118.155576,34.189152],[-118.155555,34.189215],[-118.15548,34.189197]]]]},"properties":{"occupancy":"Residential"}},{"type":"Feature","geometry":{"type":"MultiPolygon","coordinates":[[[[-118.155276,34.189357],[-118.155314,34.189238],[-118.15546,34.189271],[-118.155435,34.189348],[-118.155373,34.189334],[-118.15536,34.189376],[-118.155276,34.189357]]]]},"properties":{"occupancy":"Residential"}},{"type":"Feature","geometry":{"type":"MultiPolygon","coordinates":[[[[-118.155556,34.189337],[-118.155585,34.189246],[-118.155698,34.189271],[-118.155658,34.189399],[-118.155619,34.189391],[-118.15563,34.189353],[-118.155556,34.189337]]]]},"properties":{"occupancy":"Residential"}},{"type":"Feature","geometry":{"type":"MultiPolygon","coordinates":[[[[-118.154812,34.189387],[-118.15485,34.189282],[-118.154908,34.189296],[-118.15487,34.189402],[-118.154812,34.189387]]]]},"properties":{"occupancy":"Residential"}},{"type":"Feature","geometry":{"type":"MultiPolygon","coordinates":[[[[-118.155693,34.189358],[-118.15571,34.189304],[-118.155808,34.189325],[-118.155791,34.189382],[-118.155693,34.189361],[-118.155693,34.189358]]]]},"properties":{"occupancy":"Residential"}},{"type":"Feature","geometry":{"type":"MultiPolygon","coordinates":[[[[-118.155793,34.189467],[-118.155823,34.18937],[-118.155947,34.189396],[-118.155917,34.189493],[-118.155793,34.189467]]]]},"properties":{"occupancy":"Residential"}},{"type":"Feature","geometry":{"type":"MultiPolygon","coordinates":[[[[-118.155129,34.18947],[-118.155148,34.189412],[-118.155214,34.189427],[-118.155195,34.189484],[-118.155129,34.18947]]]]},"properties":{"occupancy":"Residential"}},{"type":"Feature","geometry":{"type":"MultiPolygon","coordinates":[[[[-118.155375,34.189594],[-118.155406,34.189493],[-118.155523,34.189519],[-118.155491,34.189619],[-118.155375,34.189594]]]]},"properties":{"occupancy":"Residential"}},{"type":"Feature","geometry":{"type":"MultiPolygon","coordinates":[[[[-118.154851,34.18956],[-118.154872,34.189498],[-118.154954,34.189518],[-118.154933,34.189579],[-118.154851,34.18956]]]]},"properties":{"occupancy":"Residential"}},{"type":"Feature","geometry":{"type":"MultiPolygon","coordinates":[[[[-118.154964,34.189707],[-118.15501,34.189573],[-118.155121,34.189599],[-118.155076,34.189733],[-118.154964,34.189707]]]]},"properties":{"occupancy":"Residential"}},{"type":"Feature","geometry":{"type":"MultiPolygon","coordinates":[[[[-118.155499,34.189724],[-118.155529,34.189629],[-118.155611,34.189647],[-118.155628,34.189592],[-118.155693,34.189606],[-118.155679,34.189652],[-118.155743,34.189666],[-118.155711,34.189769],[-118.155499,34.189724]]]]},"properties":{"occupancy":"Residential"}},{"type":"Feature","geometry":{"type":"MultiPolygon","coordinates":[[[[-118.155128,34.18975],[-118.15516,34.189653],[-118.155256,34.189675],[-118.155224,34.189772],[-118.155128,34.18975]]]]},"properties":{"occupancy":"Residential"}},{"type":"Feature","geometry":{"type":"MultiPolygon","coordinates":[[[[-118.155278,34.189802],[-118.155316,34.189684],[-118.15542,34.189707],[-118.155382,34.189825],[-118.155278,34.189802]]]]},"properties":{"occupancy":"Residential"}},{"type":"Feature","geometry":{"type":"MultiPolygon","coordinates":[[[[-118.155533,34.189904],[-118.155559,34.189823],[-118.155513,34.189813],[-118.155526,34.189773],[-118.155691,34.189809],[-118.155669,34.189877],[-118.155625,34.189867],[-118.155607,34.189921],[-118.155533,34.189904]]]]},"properties":{"occupancy":"Residential"}},{"type":"Feature","geometry":{"type":"MultiPolygon","coordinates":[[[[-118.155829,34.18996],[-118.155865,34.189845],[-118.155944,34.189862],[-118.155908,34.189977],[-118.155902,34.189976],[-118.155829,34.18996]]]]},"properties":{"occupancy":"Residential"}},{"type":"Feature","geometry":{"type":"MultiPolygon","coordinates":[[[[-118.154955,34.1902],[-118.155013,34.190069],[-118.155098,34.190094],[-118.155041,34.190226],[-118.154955,34.1902]]]]},"properties":{"occupancy":"Residential"}},{"type":"Feature","geometry":{"type":"MultiPolygon","coordinates":[[[[-118.15513,34.190201],[-118.15516,34.190121],[-118.155265,34.190148],[-118.155275,34.190123],[-118.155333,34.190138],[-118.155294,34.190243],[-118.15513,34.190201]]]]},"properties":{"occupancy":"Residential"}},{"type":"Feature","geometry":{"type":"MultiPolygon","coordinates":[[[[-118.15535,34.190251],[-118.155377,34.190179],[-118.155506,34.190213],[-118.155478,34.190285],[-118.15535,34.190251]]]]},"properties":{"occupancy":"Residential"}},{"type":"Feature","geometry":{"type":"MultiPolygon","coordinates":[[[[-118.155489,34.190317],[-118.155532,34.190202],[-118.155631,34.190228],[-118.155587,34.190343],[-118.155489,34.190317]]]]},"properties":{"occupancy":"Residential"}},{"type":"Feature","geometry":{"type":"MultiPolygon","coordinates":[[[[-118.155029,34.190303],[-118.155053,34.190251],[-118.155133,34.190276],[-118.155109,34.190328],[-118.155029,34.190303]]]]},"properties":{"occupancy":"Residential"}},{"type":"Feature","geometry":{"type":"MultiPolygon","coordinates":[[[[-118.155729,34.190452],[-118.155788,34.1903],[-118.155849,34.190317],[-118.155843,34.190334],[-118.155901,34.19035],[-118.155849,34.190484],[-118.155729,34.190452]]]]},"properties":{"occupancy":"Residential"}},{"type":"Feature","geometry":{"type":"MultiPolygon","coordinates":[[[[-118.154903,34.190387],[-118.154932,34.190325],[-118.154996,34.190345],[-118.154966,34.190408],[-118.154903,34.190387]]]]},"properties":{"occupancy":"Residential"}},{"type":"Feature","geometry":{"type":"MultiPolygon","coordinates":[[[[-118.155365,34.190563],[-118.155403,34.190475],[-118.155519,34.19051],[-118.155482,34.190597],[-118.155365,34.190563]]]]},"properties":{"occupancy":"Residential"}},{"type":"Feature","geometry":{"type":"MultiPolygon","coordinates":[[[[-118.155645,34.190594],[-118.155687,34.190489],[-118.155787,34.190517],[-118.155745,34.190622],[-118.155645,34.190594]]]]},"properties":{"occupancy":"Residential"}},{"type":"Feature","geometry":{"type":"MultiPolygon","coordinates":[[[[-118.155728,34.190772],[-118.155765,34.190683],[-118.155822,34.1907],[-118.155785,34.190788],[-118.155728,34.190772]]]]},"properties":{"occupancy":"Residential"}},{"type":"Feature","geometry":{"type":"MultiPolygon","coordinates":[[[[-118.155299,34.1908],[-118.15534,34.190704],[-118.15542,34.190728],[-118.155379,34.190824],[-118.155299,34.1908]]]]},"properties":{"occupancy":"Residential"}},{"type":"Feature","geometry":{"type":"MultiPolygon","coordinates":[[[[-118.154858,34.190826],[-118.154884,34.190766],[-118.154985,34.190796],[-118.154959,34.190856],[-118.154858,34.190826]]]]},"properties":{"occupancy":"Residential"}},{"type":"Feature","geometry":{"type":"MultiPolygon","coordinates":[[[[-118.155484,34.191026],[-118.155558,34.190847],[-118.155637,34.19087],[-118.155563,34.191048],[-118.155484,34.191026]]]]},"properties":{"occupancy":"Residential"}},{"type":"Feature","geometry":{"type":"MultiPolygon","coordinates":[[[[-118.15535,34.190987],[-118.155397,34.190874],[-118.155482,34.190898],[-118.155449,34.190978],[-118.155427,34.190972],[-118.155413,34.191005],[-118.15535,34.190987]]]]},"properties":{"occupancy":"Residential"}},{"type":"Feature","geometry":{"type":"MultiPolygon","coordinates":[[[[-118.155587,34.191047],[-118.1556,34.191015],[-118.155662,34.191032],[-118.155711,34.190912],[-118.155781,34.190932],[-118.155719,34.191085],[-118.155587,34.191047]]]]},"properties":{"occupancy":"Residential"}},{"type":"Feature","geometry":{"type":"MultiPolygon","coordinates":[[[[-118.155769,34.1911],[-118.155813,34.191],[-118.155914,34.191026],[-118.155861,34.191126],[-118.155769,34.1911]]]]},"properties":{"occupancy":"Residential"}},{"type":"Feature","geometry":{"type":"MultiPolygon","coordinates":[[[[-118.15742,34.189566],[-118.157465,34.189435],[-118.157541,34.189453],[-118.157496,34.189584],[-118.15742,34.189566]]]]},"properties":{"occupancy":"Residential"}},{"type":"Feature","geometry":{"type":"MultiPolygon","coordinates":[[[[-118.15877,34.189532],[-118.158801,34.189446],[-118.158931,34.189479],[-118.1589,34.189564],[-118.158895,34.189563],[-118.15877,34.189532]]]]},"properties":{"occupancy":"Residential"}},{"type":"Feature","geometry":{"type":"MultiPolygon","coordinates":[[[[-118.157276,34.18965],[-118.157321,34.189521],[-118.157389,34.189538],[-118.15737,34.189592],[-118.157459,34.189613],[-118.157433,34.189688],[-118.157276,34.18965]]]]},"properties":{"occupancy":"Residential"}},{"type":"Feature","geometry":{"type":"MultiPolygon","coordinates":[[[[-118.158172,34.189713],[-118.158208,34.189624],[-118.158317,34.189654],[-118.15828,34.189744],[-118.158172,34.189713]]]]},"properties":{"occupancy":"Residential"}},{"type":"Feature","geometry":{"type":"MultiPolygon","coordinates":[[[[-118.158785,34.18986],[-118.158573,34.1898],[-118.15855,34.189857],[-118.158476,34.189836],[-118.15853,34.189705],[-118.158667,34.189744],[-118.158681,34.189711],[-118.158829,34.189753],[-118.158785,34.18986]]]]},"properties":{"occupancy":"Residential"}},{"type":"Feature","geometry":{"type":"MultiPolygon","coordinates":[[[[-118.157712,34.1898],[-118.15774,34.189724],[-118.157882,34.189761],[-118.157854,34.189837],[-118.157712,34.1898]]]]},"properties":{"occupancy":"Residential"}},{"type":"Feature","geometry":{"type":"MultiPolygon","coordinates":[[[[-118.157531,34.189891],[-118.157586,34.189738],[-118.157685,34.189763],[-118.15763,34.189916],[-118.157531,34.189891]]]]},"properties":{"occupancy":"Residential"}},{"type":"Feature","geometry":{"type":"MultiPolygon","coordinates":[[[[-118.157198,34.189826],[-118.157227,34.189744],[-118.157439,34.189796],[-118.15741,34.189878],[-118.157198,34.189826]]]]},"properties":{"occupancy":"Residential"}},{"type":"Feature","geometry":{"type":"MultiPolygon","coordinates":[[[[-118.157837,34.189944],[-118.157909,34.18976],[-118.15798,34.189779],[-118.157943,34.189873],[-118.157944,34.189873],[-118.158016,34.189892],[-118.15798,34.189983],[-118.157837,34.189944]]]]},"properties":{"occupancy":"Residential"}},{"type":"Feature","geometry":{"type":"MultiPolygon","coordinates":[[[[-118.158556,34.189956],[-118.158594,34.189866],[-118.158732,34.189906],[-118.158694,34.189997],[-118.158556,34.189956]]]]},"properties":{"occupancy":"Residential"}},{"type":"Feature","geometry":{"type":"MultiPolygon","coordinates":[[[[-118.157315,34.190034],[-118.157107,34.189982],[-118.157136,34.189901],[-118.157368,34.189959],[-118.157351,34.190006],[-118.15735,34.190006],[-118.157327,34.19],[-118.157315,34.190034]]]]},"properties":{"occupancy":"Residential"}},{"type":"Feature","geometry":{"type":"MultiPolygon","coordinates":[[[[-118.158246,34.190154],[-118.15814,34.190108],[-118.158163,34.190071],[-118.158181,34.190042],[-118.158216,34.190058],[-118.158198,34.190087],[-118.158269,34.190117],[-118.158321,34.190032],[-118.158283,34.190016],[-118.158327,34.189943],[-118.158394,34.189972],[-118.158349,34.190044],[-118.158274,34.190166],[-118.158246,34.190154]]]]},"properties":{"occupancy":"Residential"}},{"type":"Feature","geometry":{"type":"MultiPolygon","coordinates":[[[[-118.157444,34.19009],[-118.157471,34.190018],[-118.157739,34.190086],[-118.157713,34.190158],[-118.157444,34.19009]]]]},"properties":{"occupancy":"Residential"}},{"type":"Feature","geometry":{"type":"MultiPolygon","coordinates":[[[[-118.158519,34.190106],[-118.158551,34.190031],[-118.158666,34.190065],[-118.158634,34.19014],[-118.158519,34.190106]]]]},"properties":{"occupancy":"Residential"}},{"type":"Feature","geometry":{"type":"MultiPolygon","coordinates":[[[[-118.157731,34.190311],[-118.1578,34.190132],[-118.157903,34.190159],[-118.157875,34.19023],[-118.157828,34.190217],[-118.157786,34.190325],[-118.157731,34.190311]]]]},"properties":{"occupancy":"Residential"}},{"type":"Feature","geometry":{"type":"MultiPolygon","coordinates":[[[[-118.158608,34.19026],[-118.158525,34.190236],[-118.158516,34.190258],[-118.158414,34.190228],[-118.158448,34.190148],[-118.158633,34.190202],[-118.158608,34.19026]]]]},"properties":{"occupancy":"Residential"}},{"type":"Feature","geometry":{"type":"MultiPolygon","coordinates":[[[[-118.157477,34.190338],[-118.157532,34.19019],[-118.157643,34.190219],[-118.157588,34.190367],[-118.157477,34.190338]]]]},"properties":{"occupancy":"Residential"}},{"type":"Feature","geometry":{"type":"MultiPolygon","coordinates":[[[[-118.157184,34.190399],[-118.157247,34.190227],[-118.157287,34.190237],[-118.15726,34.190312],[-118.157329,34.190329],[-118.157293,34.190426],[-118.157292,34.190426],[-118.157184,34.190399]]]]},"properties":{"occupancy":"Residential"}},{"type":"Feature","geometry":{"type":"MultiPolygon","coordinates":[[[[-118.157049,34.190341],[-118.157086,34.19024],[-118.1572,34.190269],[-118.157163,34.19037],[-118.157049,34.190341]]]]},"properties":{"occupancy":"Residential"}},{"type":"Feature","geometry":{"type":"MultiPolygon","coordinates":[[[[-118.15789,34.190367],[-118.157915,34.190303],[-118.158065,34.190344],[-118.157996,34.190517],[-118.1579,34.19049],[-118.157943,34.190382],[-118.15789,34.190367]]]]},"properties":{"occupancy":"Residential"}},{"type":"Feature","geometry":{"type":"MultiPolygon","coordinates":[[[[-118.157415,34.190497],[-118.157461,34.190374],[-118.157656,34.190424],[-118.15764,34.190467],[-118.157597,34.190456],[-118.157567,34.190536],[-118.157415,34.190497]]]]},"properties":{"occupancy":"Residential"}},{"type":"Feature","geometry":{"type":"MultiPolygon","coordinates":[[[[-118.158122,34.190592],[-118.1582,34.190398],[-118.158398,34.190454],[-118.15832,34.190647],[-118.158122,34.190592]]]]},"properties":{"occupancy":"Residential"}},{"type":"Feature","geometry":{"type":"MultiPolygon","coordinates":[[[[-118.157658,34.190551],[-118.1577,34.190439],[-118.157796,34.190464],[-118.157753,34.190576],[-118.157658,34.190551]]]]},"properties":{"occupancy":"Residential"}},{"type":"Feature","geometry":{"type":"MultiPolygon","coordinates":[[[[-118.153605,34.189715],[-118.153641,34.189629],[-118.153737,34.189657],[-118.153701,34.189742],[-118.153605,34.189715]]]]},"properties":{"occupancy":"Residential"}},{"type":"Feature","geometry":{"type":"MultiPolygon","coordinates":[[[[-118.153745,34.18981],[-118.153766,34.189759],[-118.153738,34.189751],[-118.153772,34.189671],[-118.153926,34.189716],[-118.153896,34.189788],[-118.153833,34.18977],[-118.153809,34.189828],[-118.153745,34.18981]]]]},"properties":{"occupancy":"Residential"}},{"type":"Feature","geometry":{"type":"MultiPolygon","coordinates":[[[[-118.15392,34.189822],[-118.153963,34.189717],[-118.154089,34.189754],[-118.154046,34.189858],[-118.15392,34.189822]]]]},"properties":{"occupancy":"Residential"}},{"type":"Feature","geometry":{"type":"MultiPolygon","coordinates":[[[[-118.154265,34.189896],[-118.154171,34.18987],[-118.154166,34.189881],[-118.154126,34.18987],[-118.154162,34.189782],[-118.154296,34.18982],[-118.154265,34.189896]]]]},"properties":{"occupancy":"Residential"}},{"type":"Feature","geometry":{"type":"MultiPolygon","coordinates":[[[[-118.154271,34.189951],[-118.154316,34.18984],[-118.154418,34.189869],[-118.154404,34.189902],[-118.154385,34.189896],[-118.154353,34.189974],[-118.154271,34.189951]]]]},"properties":{"occupancy":"Residential"}},{"type":"Feature","geometry":{"type":"MultiPolygon","coordinates":[[[[-118.153649,34.189898],[-118.153666,34.189857],[-118.153796,34.189895],[-118.153778,34.189936],[-118.153775,34.189935],[-118.15365,34.189899],[-118.153649,34.189898]]]]},"properties":{"occupancy":"Residential"}},{"type":"Feature","geometry":{"type":"MultiPolygon","coordinates":[[[[-118.153515,34.189973],[-118.153552,34.189884],[-118.153637,34.189908],[-118.153642,34.189911],[-118.153606,34.189999],[-118.153515,34.189973]]]]},"properties":{"occupancy":"Residential"}},{"type":"Feature","geometry":{"type":"MultiPolygon","coordinates":[[[[-118.154015,34.189973],[-118.154009,34.189973],[-118.154005,34.189974],[-118.15396,34.189961],[-118.153988,34.189894],[-118.154045,34.189911],[-118.154018,34.189974],[-118.154015,34.189973]]]]},"properties":{"occupancy":"Residential"}},{"type":"Feature","geometry":{"type":"MultiPolygon","coordinates":[[[[-118.154662,34.190083],[-118.15472,34.189942],[-118.154826,34.189973],[-118.154768,34.190114],[-118.154662,34.190083]]]]},"properties":{"occupancy":"Residential"}},{"type":"Feature","geometry":{"type":"MultiPolygon","coordinates":[[[[-118.154009,34.189986],[-118.15401,34.189986],[-118.154011,34.189987],[-118.154298,34.19007],[-118.154259,34.190163],[-118.154053,34.190104],[-118.15407,34.190064],[-118.153987,34.19004],[-118.154009,34.189986]]]]},"properties":{"occupancy":"Residential"}},{"type":"Feature","geometry":{"type":"MultiPolygon","coordinates":[[[[-118.153751,34.190033],[-118.15377,34.189988],[-118.153912,34.190028],[-118.153894,34.190073],[-118.153751,34.190033]]]]},"properties":{"occupancy":"Residential"}},{"type":"Feature","geometry":{"type":"MultiPolygon","coordinates":[[[[-118.153425,34.190099],[-118.153441,34.190059],[-118.15347,34.190067],[-118.153498,34.190001],[-118.153614,34.190034],[-118.153571,34.190138],[-118.153542,34.19013],[-118.153425,34.190099]]]]},"properties":{"occupancy":"Residential"}},{"type":"Feature","geometry":{"type":"MultiPolygon","coordinates":[[[[-118.154757,34.19018],[-118.15481,34.190054],[-118.154837,34.190062],[-118.154859,34.190008],[-118.154957,34.190037],[-118.154895,34.190183],[-118.154819,34.190161],[-118.154804,34.190194],[-118.154757,34.19018]]]]},"properties":{"occupancy":"Residential"}},{"type":"Feature","geometry":{"type":"MultiPolygon","coordinates":[[[[-118.153372,34.190224],[-118.153412,34.190129],[-118.153531,34.190156],[-118.15352,34.190184],[-118.153556,34.190194],[-118.153525,34.190268],[-118.153372,34.190224]]]]},"properties":{"occupancy":"Residential"}},{"type":"Feature","geometry":{"type":"MultiPolygon","coordinates":[[[[-118.153612,34.190234],[-118.153634,34.190181],[-118.153725,34.190207],[-118.153703,34.19026],[-118.153612,34.190234]]]]},"properties":{"occupancy":"Residential"}},{"type":"Feature","geometry":{"type":"MultiPolygon","coordinates":[[[[-118.154068,34.190253],[-118.154098,34.190179],[-118.154243,34.19022],[-118.154213,34.190294],[-118.154068,34.190253]]]]},"properties":{"occupancy":"Residential"}},{"type":"Feature","geometry":{"type":"MultiPolygon","coordinates":[[[[-118.153892,34.190247],[-118.153909,34.190205],[-118.154023,34.190236],[-118.154006,34.190279],[-118.153892,34.190247]]]]},"properties":{"occupancy":"Residential"}},{"type":"Feature","geometry":{"type":"MultiPolygon","coordinates":[[[[-118.154615,34.190334],[-118.154652,34.190253],[-118.154732,34.190278],[-118.15472,34.190304],[-118.154796,34.190328],[-118.154771,34.190383],[-118.154615,34.190334]]]]},"properties":{"occupancy":"Residential"}},{"type":"Feature","geometry":{"type":"MultiPolygon","coordinates":[[[[-118.153312,34.190344],[-118.153347,34.190258],[-118.153527,34.190309],[-118.153492,34.190395],[-118.153312,34.190344]]]]},"properties":{"occupancy":"Residential"}},{"type":"Feature","geometry":{"type":"MultiPolygon","coordinates":[[[[-118.154009,34.190395],[-118.154036,34.190329],[-118.154153,34.190362],[-118.154126,34.190428],[-118.154009,34.190395]]]]},"properties":{"occupancy":"Residential"}},{"type":"Feature","geometry":{"type":"MultiPolygon","coordinates":[[[[-118.15456,34.190435],[-118.154593,34.190364],[-118.154724,34.190405],[-118.154692,34.190476],[-118.15469,34.190475],[-118.15456,34.190435]]]]},"properties":{"occupancy":"Residential"}},{"type":"Feature","geometry":{"type":"MultiPolygon","coordinates":[[[[-118.153893,34.190503],[-118.153921,34.190434],[-118.154113,34.190487],[-118.154085,34.190557],[-118.153893,34.190503]]]]},"properties":{"occupancy":"Residential"}},{"type":"Feature","geometry":{"type":"MultiPolygon","coordinates":[[[[-118.154488,34.190566],[-118.154522,34.190489],[-118.154677,34.190536],[-118.154644,34.190613],[-118.154488,34.190566]]]]},"properties":{"occupancy":"Residential"}},{"type":"Feature","geometry":{"type":"MultiPolygon","coordinates":[[[[-118.152191,34.190385],[-118.152227,34.190303],[-118.152335,34.190336],[-118.152299,34.190417],[-118.152191,34.190385]]]]},"properties":{"occupancy":"Residential"}},{"type":"Feature","geometry":{"type":"MultiPolygon","coordinates":[[[[-118.152308,34.190452],[-118.152356,34.190344],[-118.152438,34.190369],[-118.152389,34.19048],[-118.152307,34.190455],[-118.152308,34.190452]]]]},"properties":{"occupancy":"Residential"}},{"type":"Feature","geometry":{"type":"MultiPolygon","coordinates":[[[[-118.15245,34.190551],[-118.152526,34.190378],[-118.152605,34.190401],[-118.152529,34.190575],[-118.15245,34.190551]]]]},"properties":{"occupancy":"Residential"}},{"type":"Feature","geometry":{"type":"MultiPolygon","coordinates":[[[[-118.152628,34.19047],[-118.152662,34.190392],[-118.152871,34.190454],[-118.152837,34.190533],[-118.152628,34.19047]]]]},"properties":{"occupancy":"Residential"}},{"type":"Feature","geometry":{"type":"MultiPolygon","coordinates":[[[[-118.15318,34.19065],[-118.153223,34.190551],[-118.153355,34.190591],[-118.153334,34.19064],[-118.153417,34.190665],[-118.153396,34.190714],[-118.15318,34.19065]]]]},"properties":{"occupancy":"Residential"}},{"type":"Feature","geometry":{"type":"MultiPolygon","coordinates":[[[[-118.152658,34.190635],[-118.152691,34.19056],[-118.152795,34.190592],[-118.152762,34.190667],[-118.152658,34.190635]]]]},"properties":{"occupancy":"Residential"}},{"type":"Feature","geometry":{"type":"MultiPolygon","coordinates":[[[[-118.152323,34.190724],[-118.152358,34.190646],[-118.15248,34.190684],[-118.152446,34.190762],[-118.152323,34.190724]]]]},"properties":{"occupancy":"Residential"}},{"type":"Feature","geometry":{"type":"MultiPolygon","coordinates":[[[[-118.153141,34.190774],[-118.153173,34.190702],[-118.153311,34.190743],[-118.15328,34.190816],[-118.153141,34.190774]]]]},"properties":{"occupancy":"Residential"}},{"type":"Feature","geometry":{"type":"MultiPolygon","coordinates":[[[[-118.152604,34.190786],[-118.152634,34.190718],[-118.15274,34.190751],[-118.15271,34.190819],[-118.152702,34.190816],[-118.152604,34.190786]]]]},"properties":{"occupancy":"Residential"}},{"type":"Feature","geometry":{"type":"MultiPolygon","coordinates":[[[[-118.152525,34.190835],[-118.152539,34.190805],[-118.15268,34.190849],[-118.152632,34.190957],[-118.15252,34.190922],[-118.152555,34.190844],[-118.152525,34.190835]]]]},"properties":{"occupancy":"Residential"}},{"type":"Feature","geometry":{"type":"MultiPolygon","coordinates":[[[[-118.153061,34.190907],[-118.153101,34.190812],[-118.15325,34.190857],[-118.15321,34.190951],[-118.153061,34.190907]]]]},"properties":{"occupancy":"Residential"}},{"type":"Feature","geometry":{"type":"MultiPolygon","coordinates":[[[[-118.152996,34.191031],[-118.153036,34.190935],[-118.153158,34.190971],[-118.153141,34.191012],[-118.153119,34.191005],[-118.153096,34.19106],[-118.152996,34.191031]]]]},"properties":{"occupancy":"Residential"}},{"type":"Feature","geometry":{"type":"MultiPolygon","coordinates":[[[[-118.152459,34.191066],[-118.152494,34.190988],[-118.152615,34.191025],[-118.152581,34.191103],[-118.152459,34.191066]]]]},"properties":{"occupancy":"Residential"}},{"type":"Feature","geometry":{"type":"MultiPolygon","coordinates":[[[[-118.15218,34.191071],[-118.152213,34.190995],[-118.152312,34.191025],[-118.152278,34.191101],[-118.15218,34.191071]]]]},"properties":{"occupancy":"Residential"}},{"type":"Feature","geometry":{"type":"MultiPolygon","coordinates":[[[[-118.152392,34.191195],[-118.152428,34.191112],[-118.152522,34.191141],[-118.152486,34.191223],[-118.152392,34.191195]]]]},"properties":{"occupancy":"Residential"}},{"type":"Feature","geometry":{"type":"MultiPolygon","coordinates":[[[[-118.152851,34.191279],[-118.152891,34.191188],[-118.152921,34.191197],[-118.15294,34.191153],[-118.153004,34.191173],[-118.152943,34.191308],[-118.152851,34.191279]]]]},"properties":{"occupancy":"Residential"}},{"type":"Feature","geometry":{"type":"MultiPolygon","coordinates":[[[[-118.153004,34.191333],[-118.153047,34.191228],[-118.153074,34.191236],[-118.153102,34.191167],[-118.153158,34.191183],[-118.153085,34.191356],[-118.153004,34.191333]]]]},"properties":{"occupancy":"Residential"}},{"type":"Feature","geometry":{"type":"MultiPolygon","coordinates":[[[[-118.153134,34.191381],[-118.153171,34.191292],[-118.153283,34.191324],[-118.153247,34.191414],[-118.153134,34.191381]]]]},"properties":{"occupancy":"Residential"}},{"type":"Feature","geometry":{"type":"MultiPolygon","coordinates":[[[[-118.153298,34.191413],[-118.153325,34.191349],[-118.153434,34.19138],[-118.153408,34.191444],[-118.153298,34.191413]]]]},"properties":{"occupancy":"Residential"}},{"type":"Feature","geometry":{"type":"MultiPolygon","coordinates":[[[[-118.152093,34.191479],[-118.152134,34.191385],[-118.152223,34.191412],[-118.152155,34.191569],[-118.152108,34.191555],[-118.152136,34.191492],[-118.152093,34.191479]]]]},"properties":{"occupancy":"Residential"}},{"type":"Feature","geometry":{"type":"MultiPolygon","coordinates":[[[[-118.152209,34.191557],[-118.152258,34.191443],[-118.152333,34.191466],[-118.152282,34.191584],[-118.152207,34.191561],[-118.152209,34.191557]]]]},"properties":{"occupancy":"Residential"}},{"type":"Feature","geometry":{"type":"MultiPolygon","coordinates":[[[[-118.152315,34.19158],[-118.152357,34.191484],[-118.152437,34.191509],[-118.152395,34.191604],[-118.152394,34.191603],[-118.152315,34.19158]]]]},"properties":{"occupancy":"Residential"}},{"type":"Feature","geometry":{"type":"MultiPolygon","coordinates":[[[[-118.152649,34.191651],[-118.152682,34.191579],[-118.152788,34.191612],[-118.152755,34.191685],[-118.152649,34.191651]]]]},"properties":{"occupancy":"Residential"}},{"type":"Feature","geometry":{"type":"MultiPolygon","coordinates":[[[[-118.15212,34.191679],[-118.152155,34.191598],[-118.152203,34.191613],[-118.152169,34.191693],[-118.15212,34.191679]]]]},"properties":{"occupancy":"Residential"}},{"type":"Feature","geometry":{"type":"MultiPolygon","coordinates":[[[[-118.15278,34.191708],[-118.152817,34.191628],[-118.152892,34.191651],[-118.152855,34.191732],[-118.15278,34.191708]]]]},"properties":{"occupancy":"Residential"}},{"type":"Feature","geometry":{"type":"MultiPolygon","coordinates":[[[[-118.152955,34.19176],[-118.152983,34.191692],[-118.153058,34.191714],[-118.15303,34.191781],[-118.152955,34.19176]]]]},"properties":{"occupancy":"Residential"}},{"type":"Feature","geometry":{"type":"MultiPolygon","coordinates":[[[[-118.153092,34.191818],[-118.153127,34.191732],[-118.153208,34.191755],[-118.153172,34.191841],[-118.153092,34.191818]]]]},"properties":{"occupancy":"Residential"}},{"type":"Feature","geometry":{"type":"MultiPolygon","coordinates":[[[[-118.152963,34.191898],[-118.153,34.191809],[-118.153053,34.191825],[-118.153016,34.191913],[-118.152963,34.191898]]]]},"properties":{"occupancy":"Residential"}},{"type":"Feature","geometry":{"type":"MultiPolygon","coordinates":[[[[-118.153296,34.191866],[-118.153316,34.191816],[-118.153399,34.19184],[-118.153379,34.19189],[-118.153296,34.191866]]]]},"properties":{"occupancy":"Residential"}},{"type":"Feature","geometry":{"type":"MultiPolygon","coordinates":[[[[-118.152641,34.191904],[-118.152675,34.191829],[-118.152751,34.191852],[-118.152717,34.191928],[-118.152641,34.191904]]]]},"properties":{"occupancy":"Residential"}},{"type":"Feature","geometry":{"type":"MultiPolygon","coordinates":[[[[-118.156189,34.190508],[-118.156221,34.190427],[-118.156326,34.190455],[-118.156281,34.190572],[-118.156223,34.190556],[-118.156237,34.190521],[-118.156189,34.190508]]]]},"properties":{"occupancy":"Residential"}},{"type":"Feature","geometry":{"type":"MultiPolygon","coordinates":[[[[-118.155904,34.190572],[-118.155946,34.190469],[-118.156047,34.190496],[-118.156006,34.1906],[-118.155904,34.190572]]]]},"properties":{"occupancy":"Residential"}},{"type":"Feature","geometry":{"type":"MultiPolygon","coordinates":[[[[-118.156348,34.190606],[-118.1564,34.190473],[-118.156503,34.1905],[-118.156468,34.190591],[-118.156487,34.190596],[-118.156449,34.190694],[-118.156393,34.190679],[-118.156414,34.190623],[-118.156348,34.190606]]]]},"properties":{"occupancy":"Residential"}},{"type":"Feature","geometry":{"type":"MultiPolygon","coordinates":[[[[-118.156175,34.190685],[-118.156214,34.190587],[-118.156286,34.190607],[-118.156247,34.190705],[-118.156175,34.190685]]]]},"properties":{"occupancy":"Residential"}},{"type":"Feature","geometry":{"type":"MultiPolygon","coordinates":[[[[-118.156938,34.190705],[-118.156969,34.190626],[-118.157075,34.190654],[-118.157059,34.190695],[-118.157152,34.19072],[-118.157137,34.190759],[-118.156938,34.190705]]]]},"properties":{"occupancy":"Residential"}},{"type":"Feature","geometry":{"type":"MultiPolygon","coordinates":[[[[-118.1559,34.190818],[-118.155943,34.190711],[-118.156014,34.190731],[-118.15597,34.190838],[-118.1559,34.190818]]]]},"properties":{"occupancy":"Residential"}},{"type":"Feature","geometry":{"type":"MultiPolygon","coordinates":[[[[-118.156441,34.190841],[-118.156482,34.19074],[-118.156555,34.19076],[-118.156514,34.190861],[-118.156441,34.190841]]]]},"properties":{"occupancy":"Residential"}},{"type":"Feature","geometry":{"type":"MultiPolygon","coordinates":[[[[-118.156877,34.190834],[-118.156911,34.190748],[-118.157008,34.190775],[-118.156993,34.190813],[-118.157016,34.190819],[-118.156997,34.190867],[-118.156877,34.190834]]]]},"properties":{"occupancy":"Residential"}},{"type":"Feature","geometry":{"type":"MultiPolygon","coordinates":[[[[-118.156819,34.190977],[-118.156854,34.190889],[-118.15695,34.190916],[-118.156936,34.19095],[-118.157001,34.190969],[-118.156979,34.191022],[-118.156819,34.190977]]]]},"properties":{"occupancy":"Residential"}},{"type":"Feature","geometry":{"type":"MultiPolygon","coordinates":[[[[-118.156285,34.191007],[-118.156333,34.190888],[-118.156453,34.190921],[-118.156401,34.19105],[-118.156358,34.191038],[-118.156361,34.191029],[-118.156285,34.191007]]]]},"properties":{"occupancy":"Residential"}},{"type":"Feature","geometry":{"type":"MultiPolygon","coordinates":[[[[-118.156757,34.191105],[-118.15679,34.191025],[-118.156897,34.191055],[-118.156931,34.19112],[-118.156918,34.191151],[-118.156757,34.191105]]]]},"properties":{"occupancy":"Residential"}},{"type":"Feature","geometry":{"type":"MultiPolygon","coordinates":[[[[-118.155941,34.191148],[-118.155998,34.191021],[-118.156074,34.191044],[-118.156026,34.191169],[-118.155941,34.191148]]]]},"properties":{"occupancy":"Residential"}},{"type":"Feature","geometry":{"type":"MultiPolygon","coordinates":[[[[-118.15614,34.191156],[-118.156194,34.191023],[-118.156388,34.191077],[-118.15635,34.19117],[-118.156291,34.191153],[-118.156274,34.191194],[-118.15614,34.191156]]]]},"properties":{"occupancy":"Residential"}},{"type":"Feature","geometry":{"type":"MultiPolygon","coordinates":[[[[-118.156969,34.191093],[-118.156988,34.191049],[-118.157151,34.191096],[-118.157132,34.19114],[-118.156969,34.191093]]]]},"properties":{"occupancy":"Residential"}},{"type":"Feature","geometry":{"type":"MultiPolygon","coordinates":[[[[-118.156693,34.191228],[-118.156721,34.191166],[-118.156855,34.191207],[-118.156827,34.19127],[-118.156693,34.191228]]]]},"properties":{"occupancy":"Residential"}},{"type":"Feature","geometry":{"type":"MultiPolygon","coordinates":[[[[-118.156275,34.191344],[-118.15613,34.191303],[-118.156119,34.191331],[-118.156047,34.191311],[-118.156099,34.191186],[-118.15627,34.191234],[-118.156262,34.191253],[-118.156307,34.191265],[-118.156275,34.191344]]]]},"properties":{"occupancy":"Residential"}},{"type":"Feature","geometry":{"type":"MultiPolygon","coordinates":[[[[-118.156636,34.191313],[-118.15666,34.191259],[-118.156795,34.191301],[-118.156771,34.191354],[-118.156636,34.191313]]]]},"properties":{"occupancy":"Residential"}},{"type":"Feature","geometry":{"type":"MultiPolygon","coordinates":[[[[-118.156084,34.191479],[-118.156105,34.191428],[-118.156228,34.191463],[-118.156207,34.191514],[-118.156084,34.191479]]]]},"properties":{"occupancy":"Residential"}},{"type":"Feature","geometry":{"type":"MultiPolygon","coordinates":[[[[-118.156567,34.191564],[-118.156601,34.191478],[-118.156783,34.191529],[-118.15678,34.191537],[-118.156748,34.191615],[-118.156567,34.191564]]]]},"properties":{"occupancy":"Residential"}},{"type":"Feature","geometry":{"type":"MultiPolygon","coordinates":[[[[-118.156498,34.191672],[-118.15653,34.191594],[-118.156695,34.19164],[-118.156663,34.191718],[-118.156498,34.191672]]]]},"properties":{"occupancy":"Residential"}},{"type":"Feature","geometry":{"type":"MultiPolygon","coordinates":[[[[-118.15694,34.191721],[-118.156967,34.191654],[-118.157103,34.191692],[-118.157076,34.191759],[-118.157073,34.191758],[-118.15694,34.191721]]]]},"properties":{"occupancy":"Residential"}},{"type":"Feature","geometry":{"type":"MultiPolygon","coordinates":[[[[-118.156657,34.19182],[-118.156676,34.191773],[-118.156788,34.191803],[-118.15677,34.191851],[-118.156657,34.19182]]]]},"properties":{"occupancy":"Residential"}},{"type":"Feature","geometry":{"type":"MultiPolygon","coordinates":[[[[-118.156502,34.19197],[-118.156542,34.19187],[-118.156777,34.191934],[-118.156737,34.192036],[-118.156502,34.191972],[-118.156502,34.19197]]]]},"properties":{"occupancy":"Residential"}},{"type":"Feature","geometry":{"type":"MultiPolygon","coordinates":[[[[-118.156857,34.192039],[-118.156906,34.191917],[-118.157058,34.191958],[-118.157026,34.19204],[-118.157025,34.19204],[-118.156924,34.192012],[-118.156908,34.192052],[-118.156857,34.192039]]]]},"properties":{"occupancy":"Residential"}},{"type":"Feature","geometry":{"type":"MultiPolygon","coordinates":[[[[-118.156316,34.192047],[-118.156363,34.191934],[-118.156486,34.191968],[-118.156486,34.191969],[-118.15644,34.192082],[-118.156316,34.192047]]]]},"properties":{"occupancy":"Residential"}},{"type":"Feature","geometry":{"type":"MultiPolygon","coordinates":[[[[-118.154441,34.190696],[-118.154474,34.190618],[-118.154615,34.190659],[-118.154582,34.190737],[-118.154441,34.190696]]]]},"properties":{"occupancy":"Residential"}},{"type":"Feature","geometry":{"type":"MultiPolygon","coordinates":[[[[-118.153562,34.190766],[-118.153613,34.190647],[-118.153693,34.190671],[-118.153642,34.19079],[-118.153562,34.190767],[-118.153562,34.190766]]]]},"properties":{"occupancy":"Residential"}},{"type":"Feature","geometry":{"type":"MultiPolygon","coordinates":[[[[-118.153826,34.190859],[-118.153864,34.190769],[-118.153989,34.190806],[-118.153951,34.190896],[-118.153826,34.190859]]]]},"properties":{"occupancy":"Residential"}},{"type":"Feature","geometry":{"type":"MultiPolygon","coordinates":[[[[-118.153512,34.190903],[-118.15356,34.190791],[-118.153709,34.190835],[-118.15369,34.190879],[-118.153668,34.190873],[-118.15366,34.190892],[-118.153623,34.190881],[-118.153602,34.190929],[-118.153512,34.190903]]]]},"properties":{"occupancy":"Residential"}},{"type":"Feature","geometry":{"type":"MultiPolygon","coordinates":[[[[-118.154295,34.190991],[-118.154331,34.190905],[-118.154475,34.190946],[-118.154439,34.191032],[-118.154295,34.190991],[-118.154295,34.190991]]]]},"properties":{"occupancy":"Residential"}},{"type":"Feature","geometry":{"type":"MultiPolygon","coordinates":[[[[-118.153732,34.191091],[-118.153769,34.191004],[-118.153846,34.191027],[-118.153809,34.191114],[-118.153732,34.191091]]]]},"properties":{"occupancy":"Residential"}},{"type":"Feature","geometry":{"type":"MultiPolygon","coordinates":[[[[-118.154384,34.191117],[-118.154408,34.191059],[-118.154504,34.191087],[-118.15448,34.191144],[-118.154384,34.191117]]]]},"properties":{"occupancy":"Residential"}},{"type":"Feature","geometry":{"type":"MultiPolygon","coordinates":[[[[-118.154624,34.19122],[-118.154689,34.19106],[-118.154756,34.191079],[-118.154737,34.191128],[-118.154793,34.191144],[-118.154748,34.191254],[-118.154624,34.19122]]]]},"properties":{"occupancy":"Residential"}},{"type":"Feature","geometry":{"type":"MultiPolygon","coordinates":[[[[-118.153549,34.191166],[-118.153577,34.191099],[-118.153798,34.191164],[-118.15377,34.191231],[-118.153765,34.191229],[-118.153549,34.191166]]]]},"properties":{"occupancy":"Residential"}},{"type":"Feature","geometry":{"type":"MultiPolygon","coordinates":[[[[-118.154147,34.191222],[-118.154176,34.191151],[-118.154391,34.191213],[-118.154361,34.191284],[-118.154359,34.191284],[-118.154147,34.191222]]]]},"properties":{"occupancy":"Residential"}},{"type":"Feature","geometry":{"type":"MultiPolygon","coordinates":[[[[-118.154796,34.191303],[-118.15484,34.191204],[-118.154937,34.191234],[-118.154893,34.191333],[-118.154796,34.191303]]]]},"properties":{"occupancy":"Residential"}},{"type":"Feature","geometry":{"type":"MultiPolygon","coordinates":[[[[-118.153491,34.191311],[-118.153513,34.191258],[-118.153602,34.191284],[-118.153581,34.191336],[-118.153491,34.191311]]]]},"properties":{"occupancy":"Residential"}},{"type":"Feature","geometry":{"type":"MultiPolygon","coordinates":[[[[-118.15411,34.191346],[-118.15414,34.191274],[-118.1543,34.19132],[-118.15427,34.191392],[-118.15411,34.191346]]]]},"properties":{"occupancy":"Residential"}},{"type":"Feature","geometry":{"type":"MultiPolygon","coordinates":[[[[-118.153471,34.191474],[-118.153502,34.191397],[-118.153586,34.19142],[-118.153554,34.191497],[-118.153471,34.191474]]]]},"properties":{"occupancy":"Residential"}},{"type":"Feature","geometry":{"type":"MultiPolygon","coordinates":[[[[-118.154861,34.191475],[-118.154887,34.191411],[-118.154981,34.191437],[-118.154955,34.191502],[-118.15495,34.1915],[-118.154861,34.191475]]]]},"properties":{"occupancy":"Residential"}},{"type":"Feature","geometry":{"type":"MultiPolygon","coordinates":[[[[-118.153597,34.191517],[-118.153643,34.191414],[-118.153713,34.191436],[-118.153667,34.191539],[-118.153597,34.191517]]]]},"properties":{"occupancy":"Residential"}},{"type":"Feature","geometry":{"type":"MultiPolygon","coordinates":[[[[-118.154084,34.191473],[-118.154093,34.191452],[-118.154208,34.191485],[-118.154175,34.191564],[-118.154101,34.191543],[-118.1541,34.191542],[-118.154095,34.191539],[-118.154094,34.191539],[-118.154094,34.191539],[-118.154089,34.191537],[-118.154112,34.191481],[-118.154084,34.191473]]]]},"properties":{"occupancy":"Residential"}},{"type":"Feature","geometry":{"type":"MultiPolygon","coordinates":[[[[-118.153973,34.191612],[-118.154007,34.191528],[-118.154088,34.191551],[-118.154089,34.191552],[-118.154039,34.191671],[-118.153973,34.191651],[-118.153987,34.191616],[-118.153973,34.191612]]]]},"properties":{"occupancy":"Residential"}},{"type":"Feature","geometry":{"type":"MultiPolygon","coordinates":[[[[-118.154084,34.191698],[-118.154125,34.191601],[-118.154231,34.191632],[-118.154191,34.191728],[-118.154084,34.191698]]]]},"properties":{"occupancy":"Residential"}},{"type":"Feature","geometry":{"type":"MultiPolygon","coordinates":[[[[-118.154466,34.191776],[-118.154529,34.191627],[-118.154624,34.191654],[-118.154561,34.191804],[-118.154466,34.191776]]]]},"properties":{"occupancy":"Residential"}},{"type":"Feature","geometry":{"type":"MultiPolygon","coordinates":[[[[-118.154244,34.191734],[-118.154282,34.191643],[-118.154369,34.191668],[-118.154331,34.191759],[-118.154244,34.191734]]]]},"properties":{"occupancy":"Residential"}},{"type":"Feature","geometry":{"type":"MultiPolygon","coordinates":[[[[-118.15727,34.190814],[-118.157301,34.190733],[-118.157462,34.190776],[-118.157431,34.190857],[-118.15727,34.190814]]]]},"properties":{"occupancy":"Residential"}},{"type":"Feature","geometry":{"type":"MultiPolygon","coordinates":[[[[-118.157275,34.190966],[-118.157309,34.190881],[-118.157398,34.190906],[-118.157364,34.190991],[-118.157275,34.190966]]]]},"properties":{"occupancy":"Residential"}},{"type":"Feature","geometry":{"type":"MultiPolygon","coordinates":[[[[-118.157715,34.191003],[-118.157759,34.190894],[-118.157858,34.190922],[-118.157814,34.191031],[-118.157715,34.191003]]]]},"properties":{"occupancy":"Residential"}},{"type":"Feature","geometry":{"type":"MultiPolygon","coordinates":[[[[-118.157116,34.19099],[-118.157136,34.19094],[-118.157221,34.190964],[-118.157201,34.191014],[-118.157116,34.19099]]]]},"properties":{"occupancy":"Residential"}},{"type":"Feature","geometry":{"type":"MultiPolygon","coordinates":[[[[-118.158039,34.191051],[-118.158069,34.190976],[-118.158132,34.190993],[-118.158102,34.191068],[-118.158039,34.191051]]]]},"properties":{"occupancy":"Residential"}},{"type":"Feature","geometry":{"type":"MultiPolygon","coordinates":[[[[-118.158164,34.19105],[-118.158189,34.190993],[-118.158258,34.191013],[-118.158234,34.19107],[-118.158164,34.19105]]]]},"properties":{"occupancy":"Residential"}},{"type":"Feature","geometry":{"type":"MultiPolygon","coordinates":[[[[-118.157199,34.1911],[-118.157237,34.19101],[-118.157338,34.191039],[-118.1573,34.191129],[-118.157199,34.1911]]]]},"properties":{"occupancy":"Residential"}},{"type":"Feature","geometry":{"type":"MultiPolygon","coordinates":[[[[-118.158235,34.191129],[-118.158271,34.191038],[-118.158392,34.191071],[-118.15835,34.191174],[-118.158302,34.191161],[-118.158307,34.191149],[-118.158235,34.191129]]]]},"properties":{"occupancy":"Residential"}},{"type":"Feature","geometry":{"type":"MultiPolygon","coordinates":[[[[-118.157644,34.19118],[-118.157697,34.191054],[-118.157776,34.191077],[-118.157745,34.191152],[-118.157814,34.191173],[-118.157793,34.191224],[-118.157644,34.19118]]]]},"properties":{"occupancy":"Residential"}},{"type":"Feature","geometry":{"type":"MultiPolygon","coordinates":[[[[-118.157096,34.191215],[-118.157116,34.191166],[-118.157183,34.191186],[-118.157197,34.191152],[-118.157282,34.191177],[-118.157248,34.191259],[-118.157096,34.191215]]]]},"properties":{"occupancy":"Residential"}},{"type":"Feature","geometry":{"type":"MultiPolygon","coordinates":[[[[-118.157578,34.191331],[-118.157618,34.191235],[-118.15776,34.191276],[-118.15772,34.191372],[-118.157578,34.191331]]]]},"properties":{"occupancy":"Residential"}},{"type":"Feature","geometry":{"type":"MultiPolygon","coordinates":[[[[-118.157088,34.191361],[-118.157125,34.191272],[-118.157218,34.191299],[-118.157181,34.191388],[-118.157088,34.191361]]]]},"properties":{"occupancy":"Residential"}},{"type":"Feature","geometry":{"type":"MultiPolygon","coordinates":[[[[-118.157897,34.191447],[-118.157956,34.191305],[-118.157957,34.191305],[-118.158144,34.191358],[-118.158105,34.191451],[-118.158104,34.191451],[-118.157975,34.191414],[-118.157954,34.191464],[-118.157897,34.191447]]]]},"properties":{"occupancy":"Residential"}},{"type":"Feature","geometry":{"type":"MultiPolygon","coordinates":[[[[-118.158199,34.191384],[-118.158228,34.191312],[-118.158399,34.19136],[-118.158346,34.191491],[-118.158256,34.191466],[-118.15828,34.191407],[-118.158199,34.191384]]]]},"properties":{"occupancy":"Residential"}},{"type":"Feature","geometry":{"type":"MultiPolygon","coordinates":[[[[-118.157534,34.191437],[-118.157567,34.19136],[-118.157691,34.191395],[-118.157649,34.191497],[-118.157575,34.191476],[-118.157585,34.191452],[-118.157534,34.191437]]]]},"properties":{"occupancy":"Residential"}},{"type":"Feature","geometry":{"type":"MultiPolygon","coordinates":[[[[-118.157058,34.191481],[-118.15709,34.191405],[-118.157196,34.191436],[-118.157164,34.191513],[-118.157058,34.191482],[-118.157058,34.191481]]]]},"properties":{"occupancy":"Residential"}},{"type":"Feature","geometry":{"type":"MultiPolygon","coordinates":[[[[-118.157807,34.191647],[-118.157866,34.191503],[-118.15792,34.191518],[-118.157899,34.191568],[-118.158021,34.191603],[-118.157983,34.191697],[-118.157807,34.191647]]]]},"properties":{"occupancy":"Residential"}},{"type":"Feature","geometry":{"type":"MultiPolygon","coordinates":[[[[-118.157441,34.191604],[-118.157481,34.191506],[-118.157602,34.191541],[-118.157562,34.191638],[-118.157441,34.191604]]]]},"properties":{"occupancy":"Residential"}},{"type":"Feature","geometry":{"type":"MultiPolygon","coordinates":[[[[-118.158261,34.191676],[-118.158306,34.191565],[-118.158394,34.19159],[-118.158349,34.191701],[-118.158261,34.191676]]]]},"properties":{"occupancy":"Residential"}},{"type":"Feature","geometry":{"type":"MultiPolygon","coordinates":[[[[-118.157392,34.191776],[-118.157439,34.191663],[-118.157542,34.191693],[-118.157495,34.191806],[-118.157392,34.191776]]]]},"properties":{"occupancy":"Residential"}},{"type":"Feature","geometry":{"type":"MultiPolygon","coordinates":[[[[-118.158188,34.191865],[-118.158248,34.191718],[-118.158369,34.191753],[-118.158345,34.191811],[-118.158467,34.191846],[-118.158431,34.191934],[-118.158309,34.191899],[-118.158188,34.191865]]]]},"properties":{"occupancy":"Residential"}},{"type":"Feature","geometry":{"type":"MultiPolygon","coordinates":[[[[-118.157112,34.191801],[-118.157141,34.191729],[-118.157266,34.191764],[-118.157237,34.191836],[-118.157112,34.191801]]]]},"properties":{"occupancy":"Residential"}},{"type":"Feature","geometry":{"type":"MultiPolygon","coordinates":[[[[-118.157635,34.191881],[-118.157661,34.191817],[-118.157861,34.191875],[-118.157835,34.191938],[-118.157635,34.191881]]]]},"properties":{"occupancy":"Residential"}},{"type":"Feature","geometry":{"type":"MultiPolygon","coordinates":[[[[-118.157962,34.191978],[-118.158006,34.19188],[-118.15813,34.191918],[-118.158086,34.192016],[-118.157962,34.191978]]]]},"properties":{"occupancy":"Residential"}},{"type":"Feature","geometry":{"type":"MultiPolygon","coordinates":[[[[-118.158307,34.192087],[-118.158307,34.192038],[-118.158403,34.192039],[-118.158404,34.191954],[-118.158485,34.191955],[-118.158482,34.192089],[-118.158307,34.192087]]]]},"properties":{"occupancy":"Residential"}},{"type":"Feature","geometry":{"type":"MultiPolygon","coordinates":[[[[-118.157166,34.192084],[-118.157198,34.192004],[-118.157356,34.192047],[-118.157305,34.192175],[-118.157233,34.192155],[-118.157252,34.192108],[-118.157166,34.192084]]]]},"properties":{"occupancy":"Residential"}},{"type":"Feature","geometry":{"type":"MultiPolygon","coordinates":[[[[-118.157389,34.192136],[-118.157424,34.192051],[-118.157628,34.192109],[-118.157593,34.192193],[-118.157389,34.192136]]]]},"properties":{"occupancy":"Residential"}},{"type":"Feature","geometry":{"type":"MultiPolygon","coordinates":[[[[-118.157623,34.192214],[-118.157658,34.192129],[-118.157864,34.192188],[-118.157829,34.192273],[-118.157623,34.192214]]]]},"properties":{"occupancy":"Residential"}},{"type":"Feature","geometry":{"type":"MultiPolygon","coordinates":[[[[-118.157022,34.192328],[-118.157058,34.192238],[-118.157164,34.192267],[-118.157129,34.192357],[-118.157125,34.192356],[-118.157022,34.192328]]]]},"properties":{"occupancy":"Residential"}},{"type":"Feature","geometry":{"type":"MultiPolygon","coordinates":[[[[-118.157837,34.192379],[-118.157867,34.192306],[-118.157985,34.192339],[-118.157956,34.192412],[-118.157954,34.192412],[-118.157837,34.192379]]]]},"properties":{"occupancy":"Residential"}},{"type":"Feature","geometry":{"type":"MultiPolygon","coordinates":[[[[-118.158238,34.192451],[-118.158235,34.192315],[-118.158316,34.192314],[-118.158316,34.192364],[-118.15841,34.192363],[-118.158412,34.192449],[-118.158238,34.192451]]]]},"properties":{"occupancy":"Residential"}},{"type":"Feature","geometry":{"type":"MultiPolygon","coordinates":[[[[-118.157939,34.192509],[-118.157965,34.192444],[-118.158074,34.192473],[-118.158048,34.192539],[-118.157939,34.192509]]]]},"properties":{"occupancy":"Residential"}},{"type":"Feature","geometry":{"type":"MultiPolygon","coordinates":[[[[-118.154983,34.19131],[-118.155009,34.191252],[-118.155106,34.191282],[-118.15508,34.19134],[-118.154983,34.19131]]]]},"properties":{"occupancy":"Residential"}},{"type":"Feature","geometry":{"type":"MultiPolygon","coordinates":[[[[-118.155388,34.1915],[-118.155461,34.191324],[-118.155526,34.191343],[-118.155504,34.191396],[-118.155578,34.191417],[-118.155527,34.19154],[-118.155388,34.1915]]]]},"properties":{"occupancy":"Residential"}},{"type":"Feature","geometry":{"type":"MultiPolygon","coordinates":[[[[-118.154984,34.191416],[-118.155011,34.191349],[-118.155071,34.191366],[-118.155044,34.191433],[-118.154984,34.191416]]]]},"properties":{"occupancy":"Residential"}},{"type":"Feature","geometry":{"type":"MultiPolygon","coordinates":[[[[-118.155605,34.191544],[-118.155651,34.191435],[-118.155767,34.191469],[-118.155721,34.191577],[-118.155605,34.191544]]]]},"properties":{"occupancy":"Residential"}},{"type":"Feature","geometry":{"type":"MultiPolygon","coordinates":[[[[-118.155161,34.191646],[-118.155214,34.191519],[-118.15527,34.191535],[-118.155296,34.191473],[-118.155348,34.191488],[-118.155268,34.191677],[-118.155161,34.191646]]]]},"properties":{"occupancy":"Residential"}},{"type":"Feature","geometry":{"type":"MultiPolygon","coordinates":[[[[-118.155719,34.191787],[-118.155795,34.191617],[-118.15594,34.191662],[-118.155864,34.191832],[-118.155719,34.191787]]]]},"properties":{"occupancy":"Government"}},{"type":"Feature","geometry":{"type":"MultiPolygon","coordinates":[[[[-118.155031,34.19195],[-118.155076,34.191847],[-118.155143,34.191867],[-118.155084,34.192005],[-118.155039,34.191991],[-118.155054,34.191956],[-118.155031,34.19195]]]]},"properties":{"occupancy":"Residential"}},{"type":"Feature","geometry":{"type":"MultiPolygon","coordinates":[[[[-118.155148,34.192031],[-118.155203,34.191905],[-118.155264,34.191924],[-118.155286,34.191873],[-118.155391,34.191905],[-118.15536,34.191974],[-118.155316,34.191961],[-118.155269,34.192068],[-118.155148,34.192031]]]]},"properties":{"occupancy":"Residential"}},{"type":"Feature","geometry":{"type":"MultiPolygon","coordinates":[[[[-118.155865,34.192018],[-118.155911,34.191916],[-118.155985,34.191939],[-118.155939,34.192041],[-118.155865,34.192018]]]]},"properties":{"occupancy":"Residential"}},{"type":"Feature","geometry":{"type":"MultiPolygon","coordinates":[[[[-118.15562,34.192007],[-118.155659,34.191922],[-118.155733,34.191946],[-118.155694,34.192031],[-118.15562,34.192007]]]]},"properties":{"occupancy":"Residential"}},{"type":"Feature","geometry":{"type":"MultiPolygon","coordinates":[[[[-118.155673,34.192132],[-118.155722,34.192023],[-118.155756,34.192033],[-118.155782,34.191976],[-118.155853,34.191999],[-118.155778,34.192165],[-118.155773,34.192164],[-118.155673,34.192132]]]]},"properties":{"occupancy":"Residential"}},{"type":"Feature","geometry":{"type":"MultiPolygon","coordinates":[[[[-118.1555,34.192154],[-118.155545,34.192054],[-118.155639,34.192084],[-118.155594,34.192183],[-118.1555,34.192154]]]]},"properties":{"occupancy":"Residential"}},{"type":"Feature","geometry":{"type":"MultiPolygon","coordinates":[[[[-118.155785,34.192233],[-118.155824,34.192147],[-118.155901,34.192172],[-118.155863,34.192257],[-118.155785,34.192233]]]]},"properties":{"occupancy":"Residential"}},{"type":"Feature","geometry":{"type":"MultiPolygon","coordinates":[[[[-118.154972,34.192443],[-118.154999,34.19238],[-118.15504,34.192392],[-118.155072,34.192315],[-118.155174,34.192344],[-118.155132,34.192446],[-118.155106,34.192438],[-118.155089,34.192477],[-118.154972,34.192443]]]]},"properties":{"occupancy":"Residential"}},{"type":"Feature","geometry":{"type":"MultiPolygon","coordinates":[[[[-118.155339,34.192606],[-118.155367,34.192544],[-118.155437,34.192565],[-118.155481,34.192467],[-118.155573,34.192495],[-118.155501,34.192656],[-118.155409,34.192628],[-118.155339,34.192606]]]]},"properties":{"occupancy":"Residential"}},{"type":"Feature","geometry":{"type":"MultiPolygon","coordinates":[[[[-118.155555,34.192619],[-118.155602,34.192509],[-118.155667,34.192528],[-118.155655,34.192555],[-118.155693,34.192567],[-118.155658,34.192649],[-118.155555,34.192619]]]]},"properties":{"occupancy":"Residential"}},{"type":"Feature","geometry":{"type":"MultiPolygon","coordinates":[[[[-118.15516,34.19263],[-118.155209,34.19251],[-118.15531,34.192538],[-118.155261,34.192659],[-118.15516,34.19263]]]]},"properties":{"occupancy":"Residential"}},{"type":"Feature","geometry":{"type":"MultiPolygon","coordinates":[[[[-118.154704,34.191884],[-118.15474,34.191801],[-118.154828,34.191827],[-118.154792,34.19191],[-118.154704,34.191884]]]]},"properties":{"occupancy":"Residential"}},{"type":"Feature","geometry":{"type":"MultiPolygon","coordinates":[[[[-118.153395,34.19194],[-118.153438,34.191837],[-118.153521,34.191861],[-118.153479,34.191963],[-118.153395,34.19194]]]]},"properties":{"occupancy":"Residential"}},{"type":"Feature","geometry":{"type":"MultiPolygon","coordinates":[[[[-118.15489,34.191926],[-118.154925,34.191844],[-118.154991,34.191864],[-118.154956,34.191945],[-118.154952,34.191944],[-118.15489,34.191926]]]]},"properties":{"occupancy":"Residential"}},{"type":"Feature","geometry":{"type":"MultiPolygon","coordinates":[[[[-118.153769,34.192041],[-118.153805,34.191955],[-118.153872,34.191975],[-118.153837,34.19206],[-118.153769,34.192041]]]]},"properties":{"occupancy":"Residential"}},{"type":"Feature","geometry":{"type":"MultiPolygon","coordinates":[[[[-118.153882,34.192116],[-118.153932,34.191997],[-118.154045,34.19203],[-118.153995,34.192148],[-118.153882,34.192116]]]]},"properties":{"occupancy":"Residential"}},{"type":"Feature","geometry":{"type":"MultiPolygon","coordinates":[[[[-118.154054,34.192155],[-118.154099,34.192048],[-118.154188,34.192073],[-118.154143,34.19218],[-118.154054,34.192155]]]]},"properties":{"occupancy":"Residential"}},{"type":"Feature","geometry":{"type":"MultiPolygon","coordinates":[[[[-118.154115,34.19238],[-118.154236,34.19209],[-118.154489,34.192162],[-118.154368,34.192453],[-118.154115,34.19238]]]]},"properties":{"occupancy":"Residential"}},{"type":"Feature","geometry":{"type":"MultiPolygon","coordinates":[[[[-118.154574,34.192258],[-118.154604,34.192187],[-118.154705,34.192215],[-118.154702,34.192221],[-118.154675,34.192287],[-118.154574,34.192258]]]]},"properties":{"occupancy":"Residential"}},{"type":"Feature","geometry":{"type":"MultiPolygon","coordinates":[[[[-118.153739,34.192266],[-118.153766,34.192201],[-118.153837,34.192221],[-118.15381,34.192287],[-118.153739,34.192266]]]]},"properties":{"occupancy":"Residential"}},{"type":"Feature","geometry":{"type":"MultiPolygon","coordinates":[[[[-118.154772,34.192432],[-118.154855,34.192265],[-118.154945,34.192295],[-118.154863,34.192463],[-118.154772,34.192432]]]]},"properties":{"occupancy":"Residential"}},{"type":"Feature","geometry":{"type":"MultiPolygon","coordinates":[[[[-118.154494,34.192339],[-118.154518,34.192279],[-118.154585,34.192298],[-118.154559,34.192361],[-118.154493,34.192342],[-118.154494,34.192339]]]]},"properties":{"occupancy":"Residential"}},{"type":"Feature","geometry":{"type":"MultiPolygon","coordinates":[[[[-118.15366,34.192407],[-118.153696,34.192322],[-118.15381,34.192354],[-118.153775,34.19244],[-118.15366,34.192407]]]]},"properties":{"occupancy":"Residential"}},{"type":"Feature","geometry":{"type":"MultiPolygon","coordinates":[[[[-118.15448,34.192512],[-118.15453,34.19239],[-118.154605,34.192411],[-118.154555,34.192533],[-118.15448,34.192512]]]]},"properties":{"occupancy":"Residential"}},{"type":"Feature","geometry":{"type":"MultiPolygon","coordinates":[[[[-118.153601,34.19254],[-118.153633,34.192462],[-118.153747,34.192494],[-118.153715,34.192573],[-118.153601,34.19254]]]]},"properties":{"occupancy":"Residential"}},{"type":"Feature","geometry":{"type":"MultiPolygon","coordinates":[[[[-118.154888,34.192575],[-118.154907,34.192521],[-118.154945,34.19253],[-118.154961,34.192484],[-118.155055,34.192506],[-118.155008,34.192643],[-118.154914,34.192621],[-118.154927,34.192584],[-118.154888,34.192575]]]]},"properties":{"occupancy":"Residential"}},{"type":"Feature","geometry":{"type":"MultiPolygon","coordinates":[[[[-118.154727,34.192598],[-118.154766,34.192501],[-118.15485,34.192525],[-118.154851,34.192525],[-118.154812,34.192622],[-118.154727,34.192598]]]]},"properties":{"occupancy":"Residential"}},{"type":"Feature","geometry":{"type":"MultiPolygon","coordinates":[[[[-118.15444,34.192649],[-118.154456,34.192609],[-118.154431,34.192602],[-118.154459,34.192533],[-118.154547,34.192558],[-118.154524,34.192614],[-118.154507,34.192609],[-118.154485,34.192662],[-118.15444,34.192649]]]]},"properties":{"occupancy":"Residential"}},{"type":"Feature","geometry":{"type":"MultiPolygon","coordinates":[[[[-118.15356,34.192661],[-118.153595,34.192576],[-118.153694,34.192604],[-118.153659,34.192689],[-118.15356,34.192661]]]]},"properties":{"occupancy":"Residential"}},{"type":"Feature","geometry":{"type":"MultiPolygon","coordinates":[[[[-118.153851,34.192961],[-118.154011,34.192603],[-118.154269,34.192683],[-118.154109,34.193041],[-118.153851,34.192961]]]]},"properties":{"occupancy":"Residential"}},{"type":"Feature","geometry":{"type":"MultiPolygon","coordinates":[[[[-118.154659,34.192721],[-118.154702,34.192616],[-118.154793,34.192642],[-118.154768,34.192704],[-118.154746,34.192697],[-118.154728,34.192741],[-118.154659,34.192721]]]]},"properties":{"occupancy":"Residential"}},{"type":"Feature","geometry":{"type":"MultiPolygon","coordinates":[[[[-118.154351,34.192764],[-118.154383,34.192686],[-118.154452,34.192705],[-118.15442,34.192784],[-118.154351,34.192764]]]]},"properties":{"occupancy":"Residential"}},{"type":"Feature","geometry":{"type":"MultiPolygon","coordinates":[[[[-118.153501,34.192792],[-118.153535,34.192711],[-118.153632,34.192739],[-118.153732,34.192793],[-118.153688,34.192899],[-118.153601,34.192875],[-118.153602,34.192873],[-118.153621,34.192826],[-118.153598,34.192819],[-118.153501,34.192792]]]]},"properties":{"occupancy":"Residential"}},{"type":"Feature","geometry":{"type":"MultiPolygon","coordinates":[[[[-118.154595,34.192853],[-118.154631,34.192765],[-118.154737,34.192795],[-118.1547,34.192883],[-118.154595,34.192853]]]]},"properties":{"occupancy":"Residential"}},{"type":"Feature","geometry":{"type":"MultiPolygon","coordinates":[[[[-118.154264,34.192967],[-118.154307,34.192864],[-118.154405,34.192893],[-118.154362,34.192996],[-118.154264,34.192967]]]]},"properties":{"occupancy":"Residential"}},{"type":"Feature","geometry":{"type":"MultiPolygon","coordinates":[[[[-118.153589,34.193017],[-118.153628,34.192922],[-118.153712,34.192945],[-118.153673,34.193041],[-118.153589,34.193017]]]]},"properties":{"occupancy":"Residential"}},{"type":"Feature","geometry":{"type":"MultiPolygon","coordinates":[[[[-118.154518,34.193015],[-118.154547,34.192939],[-118.154638,34.192963],[-118.15461,34.193038],[-118.154518,34.193015]]]]},"properties":{"occupancy":"Residential"}},{"type":"Feature","geometry":{"type":"MultiPolygon","coordinates":[[[[-118.153372,34.193034],[-118.153401,34.192965],[-118.153508,34.192996],[-118.153478,34.193065],[-118.153372,34.193034]]]]},"properties":{"occupancy":"Residential"}},{"type":"Feature","geometry":{"type":"MultiPolygon","coordinates":[[[[-118.154128,34.193092],[-118.154163,34.193009],[-118.154218,34.193025],[-118.154235,34.192984],[-118.154341,34.193014],[-118.154289,34.193138],[-118.154279,34.193135],[-118.154128,34.193092]]]]},"properties":{"occupancy":"Residential"}},{"type":"Feature","geometry":{"type":"MultiPolygon","coordinates":[[[[-118.153983,34.193135],[-118.154019,34.193047],[-118.154108,34.193073],[-118.154093,34.193108],[-118.154174,34.193131],[-118.154147,34.193198],[-118.154039,34.193166],[-118.154044,34.193153],[-118.153983,34.193135]]]]},"properties":{"occupancy":"Residential"}},{"type":"Feature","geometry":{"type":"MultiPolygon","coordinates":[[[[-118.153314,34.193158],[-118.153356,34.193059],[-118.153483,34.193096],[-118.153452,34.193169],[-118.153387,34.19315],[-118.153376,34.193177],[-118.153314,34.193158]]]]},"properties":{"occupancy":"Residential"}},{"type":"Feature","geometry":{"type":"MultiPolygon","coordinates":[[[[-118.154466,34.19316],[-118.154502,34.193074],[-118.154583,34.193097],[-118.154547,34.193184],[-118.154466,34.19316]]]]},"properties":{"occupancy":"Residential"}},{"type":"Feature","geometry":{"type":"MultiPolygon","coordinates":[[[[-118.152096,34.192032],[-118.152117,34.19198],[-118.152141,34.191987],[-118.152171,34.191917],[-118.152243,34.191938],[-118.152192,34.19206],[-118.152191,34.19206],[-118.152096,34.192032]]]]},"properties":{"occupancy":"Residential"}},{"type":"Feature","geometry":{"type":"MultiPolygon","coordinates":[[[[-118.152559,34.192058],[-118.152602,34.19196],[-118.152723,34.191997],[-118.15268,34.192095],[-118.152559,34.192058]]]]},"properties":{"occupancy":"Residential"}},{"type":"Feature","geometry":{"type":"MultiPolygon","coordinates":[[[[-118.153237,34.192099],[-118.15327,34.192021],[-118.15335,34.192044],[-118.153317,34.192122],[-118.153237,34.192099]]]]},"properties":{"occupancy":"Residential"}},{"type":"Feature","geometry":{"type":"MultiPolygon","coordinates":[[[[-118.15249,34.192173],[-118.152519,34.192107],[-118.152643,34.192143],[-118.152615,34.19221],[-118.15249,34.192173]]]]},"properties":{"occupancy":"Residential"}},{"type":"Feature","geometry":{"type":"MultiPolygon","coordinates":[[[[-118.15314,34.192232],[-118.153174,34.19215],[-118.153308,34.192188],[-118.153274,34.19227],[-118.15314,34.192232]]]]},"properties":{"occupancy":"Residential"}},{"type":"Feature","geometry":{"type":"MultiPolygon","coordinates":[[[[-118.152464,34.192312],[-118.152491,34.192248],[-118.152598,34.192279],[-118.152571,34.192344],[-118.152564,34.192342],[-118.152464,34.192312]]]]},"properties":{"occupancy":"Residential"}},{"type":"Feature","geometry":{"type":"MultiPolygon","coordinates":[[[[-118.153053,34.192356],[-118.153084,34.192282],[-118.15325,34.192329],[-118.153219,34.192404],[-118.153053,34.192356]]]]},"properties":{"occupancy":"Residential"}},{"type":"Feature","geometry":{"type":"MultiPolygon","coordinates":[[[[-118.152935,34.192389],[-118.152953,34.192346],[-118.153038,34.19237],[-118.15302,34.192414],[-118.152935,34.192389]]]]},"properties":{"occupancy":"Residential"}},{"type":"Feature","geometry":{"type":"MultiPolygon","coordinates":[[[[-118.152382,34.192436],[-118.15241,34.192373],[-118.152539,34.192413],[-118.152511,34.192476],[-118.152382,34.192436]]]]},"properties":{"occupancy":"Residential"}},{"type":"Feature","geometry":{"type":"MultiPolygon","coordinates":[[[[-118.153044,34.192502],[-118.153084,34.19241],[-118.153188,34.192441],[-118.153148,34.192533],[-118.153044,34.192502]]]]},"properties":{"occupancy":"Residential"}},{"type":"Feature","geometry":{"type":"MultiPolygon","coordinates":[[[[-118.152327,34.192562],[-118.152363,34.192478],[-118.152437,34.192501],[-118.152433,34.19251],[-118.152484,34.192526],[-118.152452,34.1926],[-118.152327,34.192562]]]]},"properties":{"occupancy":"Residential"}},{"type":"Feature","geometry":{"type":"MultiPolygon","coordinates":[[[[-118.152515,34.19255],[-118.152543,34.192486],[-118.152606,34.192505],[-118.152578,34.192569],[-118.152515,34.19255]]]]},"properties":{"occupancy":"Residential"}},{"type":"Feature","geometry":{"type":"MultiPolygon","coordinates":[[[[-118.152981,34.192626],[-118.153024,34.192528],[-118.153125,34.192558],[-118.153082,34.192656],[-118.152981,34.192626]]]]},"properties":{"occupancy":"Residential"}},{"type":"Feature","geometry":{"type":"MultiPolygon","coordinates":[[[[-118.152254,34.192671],[-118.152289,34.192591],[-118.152432,34.192635],[-118.152397,34.192715],[-118.152254,34.192671]]]]},"properties":{"occupancy":"Residential"}},{"type":"Feature","geometry":{"type":"MultiPolygon","coordinates":[[[[-118.152467,34.192706],[-118.152497,34.192637],[-118.152562,34.192657],[-118.152531,34.192726],[-118.152467,34.192706]]]]},"properties":{"occupancy":"Residential"}},{"type":"Feature","geometry":{"type":"MultiPolygon","coordinates":[[[[-118.152927,34.192757],[-118.152967,34.192666],[-118.153069,34.192697],[-118.153029,34.192788],[-118.152927,34.192757]]]]},"properties":{"occupancy":"Residential"}},{"type":"Feature","geometry":{"type":"MultiPolygon","coordinates":[[[[-118.152411,34.192835],[-118.152443,34.192764],[-118.152537,34.192793],[-118.152564,34.192733],[-118.152618,34.192749],[-118.152592,34.192807],[-118.152558,34.192881],[-118.152411,34.192835]]]]},"properties":{"occupancy":"Residential"}},{"type":"Feature","geometry":{"type":"MultiPolygon","coordinates":[[[[-118.152201,34.192817],[-118.152237,34.192737],[-118.152411,34.19279],[-118.152375,34.19287],[-118.152201,34.192817]]]]},"properties":{"occupancy":"Residential"}},{"type":"Feature","geometry":{"type":"MultiPolygon","coordinates":[[[[-118.152788,34.192861],[-118.152811,34.192809],[-118.152909,34.192839],[-118.152927,34.1928],[-118.152999,34.192823],[-118.152958,34.192914],[-118.152788,34.192861]]]]},"properties":{"occupancy":"Residential"}},{"type":"Feature","geometry":{"type":"MultiPolygon","coordinates":[[[[-118.15214,34.192948],[-118.152174,34.192865],[-118.152323,34.192907],[-118.152289,34.19299],[-118.152289,34.19299],[-118.15214,34.192948]]]]},"properties":{"occupancy":"Residential"}},{"type":"Feature","geometry":{"type":"MultiPolygon","coordinates":[[[[-118.152766,34.193002],[-118.152805,34.192916],[-118.152947,34.192961],[-118.152909,34.193046],[-118.152905,34.193045],[-118.152766,34.193002]]]]},"properties":{"occupancy":"Residential"}},{"type":"Feature","geometry":{"type":"MultiPolygon","coordinates":[[[[-118.1521,34.19308],[-118.152133,34.192999],[-118.152247,34.193032],[-118.152214,34.193113],[-118.1521,34.19308]]]]},"properties":{"occupancy":"Residential"}},{"type":"Feature","geometry":{"type":"MultiPolygon","coordinates":[[[[-118.152736,34.193133],[-118.152772,34.193054],[-118.152855,34.19308],[-118.15282,34.193159],[-118.152736,34.193133]]]]},"properties":{"occupancy":"Residential"}},{"type":"Feature","geometry":{"type":"MultiPolygon","coordinates":[[[[-118.152675,34.193272],[-118.152715,34.193183],[-118.152824,34.193216],[-118.152784,34.193305],[-118.152675,34.193272]]]]},"properties":{"occupancy":"Residential"}},{"type":"Feature","geometry":{"type":"MultiPolygon","coordinates":[[[[-118.152462,34.193289],[-118.152488,34.193226],[-118.152613,34.193262],[-118.152587,34.193325],[-118.152462,34.193289]]]]},"properties":{"occupancy":"Residential"}},{"type":"Feature","geometry":{"type":"MultiPolygon","coordinates":[[[[-118.1526,34.193386],[-118.152633,34.193306],[-118.152761,34.193342],[-118.15276,34.193344],[-118.152728,34.193422],[-118.1526,34.193386]]]]},"properties":{"occupancy":"Residential"}},{"type":"Feature","geometry":{"type":"MultiPolygon","coordinates":[[[[-118.153185,34.193435],[-118.15322,34.19335],[-118.15334,34.193385],[-118.153305,34.193469],[-118.153185,34.193435]]]]},"properties":{"occupancy":"Residential"}},{"type":"Feature","geometry":{"type":"MultiPolygon","coordinates":[[[[-118.152343,34.193532],[-118.152383,34.193431],[-118.152459,34.193452],[-118.15242,34.193553],[-118.152418,34.193552],[-118.152343,34.193532]]]]},"properties":{"occupancy":"Residential"}},{"type":"Feature","geometry":{"type":"MultiPolygon","coordinates":[[[[-118.153091,34.193548],[-118.153135,34.193442],[-118.1533,34.193489],[-118.153256,34.193595],[-118.153091,34.193548]]]]},"properties":{"occupancy":"Residential"}},{"type":"Feature","geometry":{"type":"MultiPolygon","coordinates":[[[[-118.152601,34.193651],[-118.152672,34.193474],[-118.152767,34.1935],[-118.152696,34.193678],[-118.152601,34.193651]]]]},"properties":{"occupancy":"Residential"}},{"type":"Feature","geometry":{"type":"MultiPolygon","coordinates":[[[[-118.152437,34.193594],[-118.152482,34.19348],[-118.152567,34.193504],[-118.152522,34.193617],[-118.152437,34.193594]]]]},"properties":{"occupancy":"Residential"}},{"type":"Feature","geometry":{"type":"MultiPolygon","coordinates":[[[[-118.152977,34.193759],[-118.153003,34.193693],[-118.15309,34.193717],[-118.153064,34.193783],[-118.152977,34.193759]]]]},"properties":{"occupancy":"Residential"}},{"type":"Feature","geometry":{"type":"MultiPolygon","coordinates":[[[[-118.153097,34.193816],[-118.153135,34.193719],[-118.153227,34.193745],[-118.153189,34.193841],[-118.153188,34.193841],[-118.153097,34.193816]]]]},"properties":{"occupancy":"Residential"}},{"type":"Feature","geometry":{"type":"MultiPolygon","coordinates":[[[[-118.156567,34.192317],[-118.156614,34.192198],[-118.156703,34.192223],[-118.156678,34.192286],[-118.156779,34.192314],[-118.156757,34.192369],[-118.156567,34.192317]]]]},"properties":{"occupancy":"Residential"}},{"type":"Feature","geometry":{"type":"MultiPolygon","coordinates":[[[[-118.156157,34.192367],[-118.156217,34.192225],[-118.156288,34.192246],[-118.156229,34.192387],[-118.156157,34.192367]]]]},"properties":{"occupancy":"Residential"}},{"type":"Feature","geometry":{"type":"MultiPolygon","coordinates":[[[[-118.156345,34.192361],[-118.156388,34.192254],[-118.156512,34.192289],[-118.156443,34.192457],[-118.156378,34.192439],[-118.156403,34.192377],[-118.156345,34.192361]]]]},"properties":{"occupancy":"Residential"}},{"type":"Feature","geometry":{"type":"MultiPolygon","coordinates":[[[[-118.156893,34.192453],[-118.156906,34.19242],[-118.156954,34.192433],[-118.156983,34.192362],[-118.157061,34.192384],[-118.157056,34.192396],[-118.157101,34.192408],[-118.157064,34.1925],[-118.156893,34.192453]]]]},"properties":{"occupancy":"Residential"}},{"type":"Feature","geometry":{"type":"MultiPolygon","coordinates":[[[[-118.15684,34.192595],[-118.156875,34.192508],[-118.156997,34.192543],[-118.156984,34.192573],[-118.157053,34.192592],[-118.15703,34.192649],[-118.15684,34.192595]]]]},"properties":{"occupancy":"Residential"}},{"type":"Feature","geometry":{"type":"MultiPolygon","coordinates":[[[[-118.155941,34.192753],[-118.15599,34.192635],[-118.156067,34.192657],[-118.156018,34.192775],[-118.156007,34.192772],[-118.155941,34.192753]]]]},"properties":{"occupancy":"Residential"}},{"type":"Feature","geometry":{"type":"MultiPolygon","coordinates":[[[[-118.156,34.192891],[-118.156083,34.192692],[-118.156158,34.192714],[-118.156167,34.192691],[-118.156215,34.192705],[-118.156171,34.192809],[-118.156093,34.192786],[-118.156044,34.192904],[-118.156,34.192891]]]]},"properties":{"occupancy":"Residential"}},{"type":"Feature","geometry":{"type":"MultiPolygon","coordinates":[[[[-118.156238,34.192844],[-118.156288,34.192732],[-118.156379,34.19276],[-118.156329,34.192872],[-118.156238,34.192844]]]]},"properties":{"occupancy":"Residential"}},{"type":"Feature","geometry":{"type":"MultiPolygon","coordinates":[[[[-118.156381,34.192885],[-118.156438,34.192751],[-118.156514,34.192773],[-118.156457,34.192908],[-118.156381,34.192885]]]]},"properties":{"occupancy":"Residential"}},{"type":"Feature","geometry":{"type":"MultiPolygon","coordinates":[[[[-118.156519,34.192946],[-118.156575,34.192812],[-118.156678,34.192841],[-118.156622,34.192976],[-118.156519,34.192946]]]]},"properties":{"occupancy":"Residential"}},{"type":"Feature","geometry":{"type":"MultiPolygon","coordinates":[[[[-118.156674,34.19295],[-118.156705,34.192877],[-118.156823,34.192911],[-118.156793,34.192984],[-118.156674,34.19295]]]]},"properties":{"occupancy":"Residential"}},{"type":"Feature","geometry":{"type":"MultiPolygon","coordinates":[[[[-118.156083,34.19305],[-118.156153,34.192886],[-118.156224,34.192906],[-118.156154,34.193071],[-118.156083,34.19305]]]]},"properties":{"occupancy":"Residential"}},{"type":"Feature","geometry":{"type":"MultiPolygon","coordinates":[[[[-118.156816,34.193045],[-118.156864,34.192927],[-118.156974,34.192958],[-118.156926,34.193076],[-118.156816,34.193045]]]]},"properties":{"occupancy":"Residential"}},{"type":"Feature","geometry":{"type":"MultiPolygon","coordinates":[[[[-118.156955,34.1931],[-118.157011,34.192962],[-118.157125,34.192993],[-118.1571,34.193056],[-118.157073,34.193048],[-118.157042,34.193125],[-118.156955,34.1931]]]]},"properties":{"occupancy":"Residential"}},{"type":"Feature","geometry":{"type":"MultiPolygon","coordinates":[[[[-118.156345,34.19306],[-118.156385,34.192966],[-118.156449,34.192985],[-118.156409,34.193079],[-118.156345,34.19306]]]]},"properties":{"occupancy":"Residential"}},{"type":"Feature","geometry":{"type":"MultiPolygon","coordinates":[[[[-118.156075,34.193145],[-118.156098,34.193091],[-118.156191,34.193118],[-118.156167,34.193173],[-118.156075,34.193145]]]]},"properties":{"occupancy":"Residential"}},{"type":"Feature","geometry":{"type":"MultiPolygon","coordinates":[[[[-118.155933,34.193407],[-118.155995,34.193262],[-118.15608,34.193287],[-118.156019,34.193432],[-118.155933,34.193407]]]]},"properties":{"occupancy":"Residential"}},{"type":"Feature","geometry":{"type":"MultiPolygon","coordinates":[[[[-118.156891,34.193421],[-118.156809,34.193398],[-118.156836,34.19333],[-118.156949,34.193362],[-118.156925,34.193419],[-118.156911,34.193414],[-118.156905,34.193414],[-118.156899,34.193415],[-118.156894,34.193418],[-118.156891,34.193421]]]]},"properties":{"occupancy":"Residential"}},{"type":"Feature","geometry":{"type":"MultiPolygon","coordinates":[[[[-118.156137,34.193442],[-118.156184,34.193333],[-118.15627,34.193358],[-118.156224,34.193468],[-118.156137,34.193442]]]]},"properties":{"occupancy":"Residential"}},{"type":"Feature","geometry":{"type":"MultiPolygon","coordinates":[[[[-118.156243,34.193479],[-118.156303,34.193339],[-118.156367,34.193358],[-118.156308,34.193498],[-118.156243,34.193479]]]]},"properties":{"occupancy":"Residential"}},{"type":"Feature","geometry":{"type":"MultiPolygon","coordinates":[[[[-118.156971,34.193479],[-118.157012,34.193376],[-118.157118,34.193406],[-118.157076,34.193509],[-118.15697,34.193479],[-118.156971,34.193479]]]]},"properties":{"occupancy":"Residential"}},{"type":"Feature","geometry":{"type":"MultiPolygon","coordinates":[[[[-118.156546,34.193587],[-118.15663,34.193385],[-118.156703,34.193406],[-118.156619,34.193608],[-118.156546,34.193587]]]]},"properties":{"occupancy":"Residential"}},{"type":"Feature","geometry":{"type":"MultiPolygon","coordinates":[[[[-118.156905,34.193428],[-118.156906,34.193427],[-118.156907,34.193428],[-118.156959,34.193442],[-118.156914,34.193553],[-118.15686,34.193538],[-118.156862,34.193535],[-118.156905,34.193428]]]]},"properties":{"occupancy":"Residential"}},{"type":"Feature","geometry":{"type":"MultiPolygon","coordinates":[[[[-118.156402,34.193529],[-118.15644,34.193438],[-118.156536,34.193465],[-118.156497,34.193557],[-118.156496,34.193557],[-118.156402,34.193529]]]]},"properties":{"occupancy":"Residential"}},{"type":"Feature","geometry":{"type":"MultiPolygon","coordinates":[[[[-118.156704,34.193641],[-118.156752,34.193525],[-118.156853,34.193554],[-118.156805,34.19367],[-118.156704,34.193641]]]]},"properties":{"occupancy":"Residential"}},{"type":"Feature","geometry":{"type":"MultiPolygon","coordinates":[[[[-118.156872,34.193692],[-118.156925,34.193565],[-118.15701,34.193589],[-118.156958,34.193716],[-118.156872,34.193692]]]]},"properties":{"occupancy":"Residential"}},{"type":"Feature","geometry":{"type":"MultiPolygon","coordinates":[[[[-118.157059,34.192658],[-118.157084,34.192597],[-118.157153,34.192616],[-118.157165,34.192587],[-118.157318,34.192629],[-118.157281,34.19272],[-118.157059,34.192658]]]]},"properties":{"occupancy":"Residential"}},{"type":"Feature","geometry":{"type":"MultiPolygon","coordinates":[[[[-118.157312,34.192739],[-118.157342,34.192664],[-118.157438,34.192691],[-118.157456,34.192647],[-118.157523,34.192666],[-118.157499,34.192727],[-118.15756,34.192744],[-118.157537,34.192801],[-118.157312,34.192739]]]]},"properties":{"occupancy":"Residential"}},{"type":"Feature","geometry":{"type":"MultiPolygon","coordinates":[[[[-118.157617,34.192752],[-118.157644,34.192683],[-118.157793,34.192723],[-118.157733,34.192876],[-118.157675,34.192861],[-118.157708,34.192776],[-118.157617,34.192752]]]]},"properties":{"occupancy":"Residential"}},{"type":"Feature","geometry":{"type":"MultiPolygon","coordinates":[[[[-118.158226,34.192775],[-118.158257,34.192691],[-118.15845,34.192739],[-118.158419,34.192823],[-118.158226,34.192775]]]]},"properties":{"occupancy":"Residential"}},{"type":"Feature","geometry":{"type":"MultiPolygon","coordinates":[[[[-118.15784,34.192877],[-118.157875,34.192785],[-118.157964,34.192808],[-118.157929,34.192901],[-118.15784,34.192877]]]]},"properties":{"occupancy":"Residential"}},{"type":"Feature","geometry":{"type":"MultiPolygon","coordinates":[[[[-118.157989,34.192901],[-118.158007,34.192851],[-118.158102,34.192876],[-118.158065,34.192975],[-118.158003,34.192959],[-118.158022,34.192909],[-118.157989,34.192901]]]]},"properties":{"occupancy":"Residential"}},{"type":"Feature","geometry":{"type":"MultiPolygon","coordinates":[[[[-118.158317,34.19295],[-118.158356,34.192858],[-118.15857,34.19292],[-118.158531,34.193013],[-118.158317,34.19295]]]]},"properties":{"occupancy":"Government"}},{"type":"Feature","geometry":{"type":"MultiPolygon","coordinates":[[[[-118.158144,34.192992],[-118.158177,34.192902],[-118.158255,34.192922],[-118.15824,34.192963],[-118.158259,34.192968],[-118.158241,34.193017],[-118.158144,34.192992]]]]},"properties":{"occupancy":"Residential"}},{"type":"Feature","geometry":{"type":"MultiPolygon","coordinates":[[[[-118.157126,34.193195],[-118.1572,34.19301],[-118.15729,34.193035],[-118.157216,34.19322],[-118.157126,34.193195]]]]},"properties":{"occupancy":"Residential"}},{"type":"Feature","geometry":{"type":"MultiPolygon","coordinates":[[[[-118.158421,34.193114],[-118.158447,34.193042],[-118.158545,34.193067],[-118.158519,34.193138],[-118.158421,34.193114]]]]},"properties":{"occupancy":"Residential"}},{"type":"Feature","geometry":{"type":"MultiPolygon","coordinates":[[[[-118.15729,34.193119],[-118.157313,34.193061],[-118.157416,34.193089],[-118.157393,34.193147],[-118.15729,34.193119]]]]},"properties":{"occupancy":"Residential"}},{"type":"Feature","geometry":{"type":"MultiPolygon","coordinates":[[[[-118.157432,34.193277],[-118.157495,34.193117],[-118.157582,34.193141],[-118.157518,34.193301],[-118.157432,34.193277]]]]},"properties":{"occupancy":"Residential"}},{"type":"Feature","geometry":{"type":"MultiPolygon","coordinates":[[[[-118.15757,34.193287],[-118.157625,34.193149],[-118.157722,34.193176],[-118.157668,34.193314],[-118.15757,34.193287]]]]},"properties":{"occupancy":"Residential"}},{"type":"Feature","geometry":{"type":"MultiPolygon","coordinates":[[[[-118.157735,34.193294],[-118.157772,34.1932],[-118.157866,34.193226],[-118.157848,34.193271],[-118.157876,34.193278],[-118.157857,34.193327],[-118.157735,34.193294]]]]},"properties":{"occupancy":"Residential"}},{"type":"Feature","geometry":{"type":"MultiPolygon","coordinates":[[[[-118.15788,34.193385],[-118.157931,34.193259],[-118.158047,34.19329],[-118.157996,34.193417],[-118.15788,34.193385]]]]},"properties":{"occupancy":"Residential"}},{"type":"Feature","geometry":{"type":"MultiPolygon","coordinates":[[[[-118.157027,34.193335],[-118.15705,34.193277],[-118.157153,34.193306],[-118.15713,34.193364],[-118.157027,34.193335]]]]},"properties":{"occupancy":"Residential"}},{"type":"Feature","geometry":{"type":"MultiPolygon","coordinates":[[[[-118.158276,34.193518],[-118.158299,34.193463],[-118.158355,34.193478],[-118.158374,34.193432],[-118.158306,34.193413],[-118.158324,34.193369],[-118.158479,34.193412],[-118.158443,34.1935],[-118.158536,34.193526],[-118.158512,34.193585],[-118.158276,34.193518]]]]},"properties":{"occupancy":"Residential"}},{"type":"Feature","geometry":{"type":"MultiPolygon","coordinates":[[[[-118.157689,34.193462],[-118.15772,34.193385],[-118.157793,34.193405],[-118.157762,34.193482],[-118.157689,34.193462]]]]},"properties":{"occupancy":"Residential"}},{"type":"Feature","geometry":{"type":"MultiPolygon","coordinates":[[[[-118.157162,34.193597],[-118.157222,34.193448],[-118.157283,34.193465],[-118.157223,34.193614],[-118.157221,34.193613],[-118.157162,34.193597]]]]},"properties":{"occupancy":"Residential"}},{"type":"Feature","geometry":{"type":"MultiPolygon","coordinates":[[[[-118.158309,34.193698],[-118.158351,34.193598],[-118.158493,34.19364],[-118.15845,34.19374],[-118.158309,34.193698]]]]},"properties":{"occupancy":"Residential"}},{"type":"Feature","geometry":{"type":"MultiPolygon","coordinates":[[[[-118.157174,34.193794],[-118.157255,34.193597],[-118.157348,34.193624],[-118.157267,34.193821],[-118.157174,34.193794]]]]},"properties":{"occupancy":"Residential"}},{"type":"Feature","geometry":{"type":"MultiPolygon","coordinates":[[[[-118.157856,34.193936],[-118.157933,34.193766],[-118.158008,34.193789],[-118.157932,34.193959],[-118.157856,34.193936]]]]},"properties":{"occupancy":"Residential"}},{"type":"Feature","geometry":{"type":"MultiPolygon","coordinates":[[[[-118.157476,34.193908],[-118.157537,34.193764],[-118.157642,34.193795],[-118.157582,34.193939],[-118.157476,34.193908]]]]},"properties":{"occupancy":"Residential"}},{"type":"Feature","geometry":{"type":"MultiPolygon","coordinates":[[[[-118.157654,34.193957],[-118.157696,34.193856],[-118.157735,34.193867],[-118.15775,34.193831],[-118.157805,34.193847],[-118.157748,34.193984],[-118.157654,34.193957]]]]},"properties":{"occupancy":"Residential"}},{"type":"Feature","geometry":{"type":"MultiPolygon","coordinates":[[[[-118.158326,34.193973],[-118.158369,34.193873],[-118.158453,34.193898],[-118.15841,34.193998],[-118.158326,34.193973]]]]},"properties":{"occupancy":"Residential"}},{"type":"Feature","geometry":{"type":"MultiPolygon","coordinates":[[[[-118.157947,34.194035],[-118.157997,34.193918],[-118.158094,34.193946],[-118.158044,34.194063],[-118.157947,34.194035]]]]},"properties":{"occupancy":"Residential"}},{"type":"Feature","geometry":{"type":"MultiPolygon","coordinates":[[[[-118.158098,34.194079],[-118.15814,34.193982],[-118.158298,34.194028],[-118.158257,34.194126],[-118.158098,34.194079]]]]},"properties":{"occupancy":"Residential"}},{"type":"Feature","geometry":{"type":"MultiPolygon","coordinates":[[[[-118.155508,34.19279],[-118.155359,34.192748],[-118.155392,34.192667],[-118.155606,34.192728],[-118.155588,34.192773],[-118.155522,34.192754],[-118.155508,34.19279]]]]},"properties":{"occupancy":"Residential"}},{"type":"Feature","geometry":{"type":"MultiPolygon","coordinates":[[[[-118.154856,34.192769],[-118.154887,34.192693],[-118.154989,34.192722],[-118.154959,34.192797],[-118.154856,34.192769]]]]},"properties":{"occupancy":"Residential"}},{"type":"Feature","geometry":{"type":"MultiPolygon","coordinates":[[[[-118.155372,34.192893],[-118.155394,34.192837],[-118.155509,34.192869],[-118.15552,34.192843],[-118.155588,34.192862],[-118.155555,34.192944],[-118.155372,34.192893]]]]},"properties":{"occupancy":"Residential"}},{"type":"Feature","geometry":{"type":"MultiPolygon","coordinates":[[[[-118.155851,34.19293],[-118.155875,34.192872],[-118.155932,34.192888],[-118.155942,34.192865],[-118.155973,34.192874],[-118.155937,34.192959],[-118.15585,34.192934],[-118.155851,34.19293]]]]},"properties":{"occupancy":"Residential"}},{"type":"Feature","geometry":{"type":"MultiPolygon","coordinates":[[[[-118.155231,34.192988],[-118.155261,34.192914],[-118.155402,34.192953],[-118.155372,34.193027],[-118.155231,34.192988]]]]},"properties":{"occupancy":"Residential"}},{"type":"Feature","geometry":{"type":"MultiPolygon","coordinates":[[[[-118.155311,34.19314],[-118.155352,34.193038],[-118.155469,34.193071],[-118.155428,34.193172],[-118.155311,34.19314]]]]},"properties":{"occupancy":"Residential"}},{"type":"Feature","geometry":{"type":"MultiPolygon","coordinates":[[[[-118.155844,34.193231],[-118.155876,34.193153],[-118.155941,34.193172],[-118.155896,34.193279],[-118.155932,34.193289],[-118.155895,34.193377],[-118.155794,34.193348],[-118.155844,34.193231]]]]},"properties":{"occupancy":"Residential"}},{"type":"Feature","geometry":{"type":"MultiPolygon","coordinates":[[[[-118.155676,34.193314],[-118.155725,34.193197],[-118.155815,34.193223],[-118.155766,34.19334],[-118.155676,34.193314]]]]},"properties":{"occupancy":"Residential"}},{"type":"Feature","geometry":{"type":"MultiPolygon","coordinates":[[[[-118.154905,34.193355],[-118.154934,34.193281],[-118.155057,34.193315],[-118.155028,34.193389],[-118.154905,34.193355]]]]},"properties":{"occupancy":"Residential"}},{"type":"Feature","geometry":{"type":"MultiPolygon","coordinates":[[[[-118.155216,34.193411],[-118.155247,34.193334],[-118.155343,34.19336],[-118.155312,34.193437],[-118.155216,34.193411]]]]},"properties":{"occupancy":"Residential"}},{"type":"Feature","geometry":{"type":"MultiPolygon","coordinates":[[[[-118.155135,34.193545],[-118.155173,34.193448],[-118.155248,34.193469],[-118.15521,34.193565],[-118.155135,34.193545]]]]},"properties":{"occupancy":"Residential"}},{"type":"Feature","geometry":{"type":"MultiPolygon","coordinates":[[[[-118.155022,34.193666],[-118.155059,34.193575],[-118.155176,34.193607],[-118.155156,34.193655],[-118.155093,34.193685],[-118.155022,34.193666]]]]},"properties":{"occupancy":"Residential"}},{"type":"Feature","geometry":{"type":"MultiPolygon","coordinates":[[[[-118.155531,34.193702],[-118.155567,34.193612],[-118.155686,34.193646],[-118.15565,34.193735],[-118.155531,34.193702]]]]},"properties":{"occupancy":"Residential"}},{"type":"Feature","geometry":{"type":"MultiPolygon","coordinates":[[[[-118.154985,34.193802],[-118.15502,34.193715],[-118.155098,34.193737],[-118.155063,34.193823],[-118.154985,34.193802]]]]},"properties":{"occupancy":"Residential"}},{"type":"Feature","geometry":{"type":"MultiPolygon","coordinates":[[[[-118.155741,34.193796],[-118.155764,34.193741],[-118.155867,34.193771],[-118.155844,34.193826],[-118.155741,34.193796]]]]},"properties":{"occupancy":"Residential"}},{"type":"Feature","geometry":{"type":"MultiPolygon","coordinates":[[[[-118.155459,34.193895],[-118.155508,34.193775],[-118.155584,34.193797],[-118.155536,34.193916],[-118.155459,34.193895]]]]},"properties":{"occupancy":"Residential"}},{"type":"Feature","geometry":{"type":"MultiPolygon","coordinates":[[[[-118.155716,34.193964],[-118.155751,34.193878],[-118.155833,34.193901],[-118.155797,34.193987],[-118.155716,34.193964]]]]},"properties":{"occupancy":"Residential"}},{"type":"Feature","geometry":{"type":"MultiPolygon","coordinates":[[[[-118.15543,34.193973],[-118.155451,34.193921],[-118.155618,34.193968],[-118.155572,34.194081],[-118.155467,34.194051],[-118.155492,34.19399],[-118.15543,34.193973]]]]},"properties":{"occupancy":"Residential"}},{"type":"Feature","geometry":{"type":"MultiPolygon","coordinates":[[[[-118.154855,34.194058],[-118.154889,34.193972],[-118.155006,34.194004],[-118.154972,34.19409],[-118.154855,34.194058]]]]},"properties":{"occupancy":"Residential"}},{"type":"Feature","geometry":{"type":"MultiPolygon","coordinates":[[[[-118.155336,34.1941],[-118.155358,34.194045],[-118.15549,34.194082],[-118.155467,34.194137],[-118.155336,34.1941]]]]},"properties":{"occupancy":"Residential"}},{"type":"Feature","geometry":{"type":"MultiPolygon","coordinates":[[[[-118.154808,34.193268],[-118.15484,34.193187],[-118.154933,34.193213],[-118.1549,34.193294],[-118.154808,34.193268]]]]},"properties":{"occupancy":"Residential"}},{"type":"Feature","geometry":{"type":"MultiPolygon","coordinates":[[[[-118.153264,34.193311],[-118.153309,34.193203],[-118.153433,34.193238],[-118.153388,34.193346],[-118.153387,34.193346],[-118.153264,34.193311]]]]},"properties":{"occupancy":"Residential"}},{"type":"Feature","geometry":{"type":"MultiPolygon","coordinates":[[[[-118.153973,34.193304],[-118.154011,34.193215],[-118.154129,34.193249],[-118.154091,34.193339],[-118.153973,34.193304]]]]},"properties":{"occupancy":"Residential"}},{"type":"Feature","geometry":{"type":"MultiPolygon","coordinates":[[[[-118.154464,34.193334],[-118.154502,34.193248],[-118.154618,34.193283],[-118.15458,34.193369],[-118.154464,34.193334]]]]},"properties":{"occupancy":"Residential"}},{"type":"Feature","geometry":{"type":"MultiPolygon","coordinates":[[[[-118.153929,34.193443],[-118.15397,34.193346],[-118.154072,34.193376],[-118.15403,34.193473],[-118.153929,34.193443]]]]},"properties":{"occupancy":"Residential"}},{"type":"Feature","geometry":{"type":"MultiPolygon","coordinates":[[[[-118.153599,34.193443],[-118.153626,34.193378],[-118.153749,34.193413],[-118.153722,34.193478],[-118.153599,34.193443]]]]},"properties":{"occupancy":"Residential"}},{"type":"Feature","geometry":{"type":"MultiPolygon","coordinates":[[[[-118.154463,34.193506],[-118.154503,34.193415],[-118.154572,34.193436],[-118.154531,34.193527],[-118.154463,34.193506]]]]},"properties":{"occupancy":"Residential"}},{"type":"Feature","geometry":{"type":"MultiPolygon","coordinates":[[[[-118.153899,34.193599],[-118.15395,34.19348],[-118.154024,34.193502],[-118.153973,34.193621],[-118.153899,34.193599]]]]},"properties":{"occupancy":"Residential"}},{"type":"Feature","geometry":{"type":"MultiPolygon","coordinates":[[[[-118.154347,34.193585],[-118.154385,34.193499],[-118.154485,34.19353],[-118.154447,34.193616],[-118.154347,34.193585]]]]},"properties":{"occupancy":"Residential"}},{"type":"Feature","geometry":{"type":"MultiPolygon","coordinates":[[[[-118.154292,34.193685],[-118.154313,34.193636],[-118.154482,34.193688],[-118.154438,34.193788],[-118.154333,34.193756],[-118.154356,34.193704],[-118.154292,34.193685]]]]},"properties":{"occupancy":"Residential"}},{"type":"Feature","geometry":{"type":"MultiPolygon","coordinates":[[[[-118.15423,34.193846],[-118.154263,34.19377],[-118.154357,34.193798],[-118.154324,34.193874],[-118.15423,34.193846]]]]},"properties":{"occupancy":"Residential"}},{"type":"Feature","geometry":{"type":"MultiPolygon","coordinates":[[[[-118.153236,34.19386],[-118.153273,34.193767],[-118.15337,34.193794],[-118.153333,34.193887],[-118.153236,34.19386]]]]},"properties":{"occupancy":"Residential"}},{"type":"Feature","geometry":{"type":"MultiPolygon","coordinates":[[[[-118.153781,34.193849],[-118.153812,34.193775],[-118.153904,34.193802],[-118.153882,34.193855],[-118.153912,34.193864],[-118.153835,34.194048],[-118.153831,34.194047],[-118.153752,34.194024],[-118.153821,34.193861],[-118.153781,34.193849]]]]},"properties":{"occupancy":"Residential"}},{"type":"Feature","geometry":{"type":"MultiPolygon","coordinates":[[[[-118.154901,34.193937],[-118.154921,34.193888],[-118.15497,34.193901],[-118.154991,34.193849],[-118.155052,34.193866],[-118.155012,34.193967],[-118.154901,34.193937]]]]},"properties":{"occupancy":"Residential"}},{"type":"Feature","geometry":{"type":"MultiPolygon","coordinates":[[[[-118.154404,34.193929],[-118.154431,34.193864],[-118.154491,34.193881],[-118.154464,34.193946],[-118.154404,34.193929]]]]},"properties":{"occupancy":"Residential"}},{"type":"Feature","geometry":{"type":"MultiPolygon","coordinates":[[[[-118.154308,34.194022],[-118.154344,34.193936],[-118.154418,34.193957],[-118.154382,34.194044],[-118.154339,34.194032],[-118.154335,34.19403],[-118.154335,34.19403],[-118.154334,34.19403],[-118.154308,34.194022]]]]},"properties":{"occupancy":"Residential"}},{"type":"Feature","geometry":{"type":"MultiPolygon","coordinates":[[[[-118.154044,34.194107],[-118.154088,34.194001],[-118.154197,34.194033],[-118.154153,34.194138],[-118.154044,34.194107]]]]},"properties":{"occupancy":"Residential"}},{"type":"Feature","geometry":{"type":"MultiPolygon","coordinates":[[[[-118.154181,34.19415],[-118.154237,34.194016],[-118.154328,34.194042],[-118.154329,34.194043],[-118.154273,34.194176],[-118.154181,34.19415]]]]},"properties":{"occupancy":"Residential"}},{"type":"Feature","geometry":{"type":"MultiPolygon","coordinates":[[[[-118.154317,34.194211],[-118.154373,34.194075],[-118.154441,34.194095],[-118.15442,34.194146],[-118.154463,34.194158],[-118.154428,34.194243],[-118.154317,34.194211]]]]},"properties":{"occupancy":"Residential"}},{"type":"Feature","geometry":{"type":"MultiPolygon","coordinates":[[[[-118.15448,34.194249],[-118.154504,34.194189],[-118.154616,34.19422],[-118.154591,34.19428],[-118.15448,34.194249]]]]},"properties":{"occupancy":"Residential"}},{"type":"Feature","geometry":{"type":"MultiPolygon","coordinates":[[[[-118.154646,34.194282],[-118.154678,34.194202],[-118.154782,34.194231],[-118.154765,34.194274],[-118.15472,34.194261],[-118.154705,34.194298],[-118.154646,34.194282]]]]},"properties":{"occupancy":"Residential"}},{"type":"Feature","geometry":{"type":"MultiPolygon","coordinates":[[[[-118.154793,34.194361],[-118.154826,34.194279],[-118.154879,34.194293],[-118.154901,34.194238],[-118.154963,34.194255],[-118.154909,34.194393],[-118.154793,34.194361]]]]},"properties":{"occupancy":"Residential"}},{"type":"Feature","geometry":{"type":"MultiPolygon","coordinates":[[[[-118.153355,34.194384],[-118.153389,34.194302],[-118.153476,34.194327],[-118.153442,34.194409],[-118.153355,34.194384]]]]},"properties":{"occupancy":"Residential"}},{"type":"Feature","geometry":{"type":"MultiPolygon","coordinates":[[[[-118.153458,34.194488],[-118.153523,34.194334],[-118.153617,34.194362],[-118.153551,34.194515],[-118.153458,34.194488]]]]},"properties":{"occupancy":"Residential"}},{"type":"Feature","geometry":{"type":"MultiPolygon","coordinates":[[[[-118.153639,34.194504],[-118.153685,34.194396],[-118.153795,34.194428],[-118.153749,34.194536],[-118.153639,34.194504]]]]},"properties":{"occupancy":"Residential"}},{"type":"Feature","geometry":{"type":"MultiPolygon","coordinates":[[[[-118.153822,34.194542],[-118.153865,34.19444],[-118.153944,34.194463],[-118.1539,34.194566],[-118.153822,34.194542]]]]},"properties":{"occupancy":"Residential"}},{"type":"Feature","geometry":{"type":"MultiPolygon","coordinates":[[[[-118.153966,34.194572],[-118.153996,34.194501],[-118.154103,34.194533],[-118.154074,34.194603],[-118.153966,34.194572]]]]},"properties":{"occupancy":"Residential"}},{"type":"Feature","geometry":{"type":"MultiPolygon","coordinates":[[[[-118.154108,34.194633],[-118.154152,34.19453],[-118.154261,34.194562],[-118.154216,34.194665],[-118.154108,34.194633]]]]},"properties":{"occupancy":"Residential"}},{"type":"Feature","geometry":{"type":"MultiPolygon","coordinates":[[[[-118.154252,34.194727],[-118.154313,34.194577],[-118.154404,34.194603],[-118.154343,34.194753],[-118.154342,34.194753],[-118.154252,34.194727]]]]},"properties":{"occupancy":"Residential"}},{"type":"Feature","geometry":{"type":"MultiPolygon","coordinates":[[[[-118.154411,34.19477],[-118.154463,34.194641],[-118.154555,34.194667],[-118.154503,34.194796],[-118.154411,34.19477]]]]},"properties":{"occupancy":"Residential"}},{"type":"Feature","geometry":{"type":"MultiPolygon","coordinates":[[[[-118.154566,34.194779],[-118.15462,34.194676],[-118.154703,34.194706],[-118.154649,34.194809],[-118.154566,34.194779]]]]},"properties":{"occupancy":"Residential"}},{"type":"Feature","geometry":{"type":"MultiPolygon","coordinates":[[[[-118.153424,34.194496],[-118.15337,34.194599],[-118.153321,34.194581],[-118.153374,34.194479],[-118.153424,34.194496]]]]},"properties":{"occupancy":"Residential"}},{"type":"Feature","geometry":{"type":"MultiPolygon","coordinates":[[[[-118.15343,34.194538],[-118.153575,34.19456],[-118.153561,34.194626],[-118.153415,34.194604],[-118.15343,34.194538]]]]},"properties":{"occupancy":"Residential"}},{"type":"Feature","geometry":{"type":"MultiPolygon","coordinates":[[[[-118.153635,34.194699],[-118.153642,34.194599],[-118.153695,34.194601],[-118.153689,34.194701],[-118.153635,34.194699]]]]},"properties":{"occupancy":"Residential"}},{"type":"Feature","geometry":{"type":"MultiPolygon","coordinates":[[[[-118.153987,34.194795],[-118.153924,34.194776],[-118.153956,34.194702],[-118.154019,34.194721],[-118.153987,34.194795]]]]},"properties":{"occupancy":"Residential"}},{"type":"Feature","geometry":{"type":"MultiPolygon","coordinates":[[[[-118.155911,34.193853],[-118.15594,34.193783],[-118.156047,34.193814],[-118.156031,34.193851],[-118.156014,34.193846],[-118.15598,34.193927],[-118.156005,34.193934],[-118.155955,34.194053],[-118.155872,34.194029],[-118.155922,34.193911],[-118.155912,34.193908],[-118.155932,34.193859],[-118.155911,34.193853]]]]},"properties":{"occupancy":"Residential"}},{"type":"Feature","geometry":{"type":"MultiPolygon","coordinates":[[[[-118.15604,34.19397],[-118.156088,34.193855],[-118.15616,34.193876],[-118.156111,34.193991],[-118.15604,34.19397]]]]},"properties":{"occupancy":"Residential"}},{"type":"Feature","geometry":{"type":"MultiPolygon","coordinates":[[[[-118.15617,34.194142],[-118.156122,34.194128],[-118.156226,34.193881],[-118.156313,34.193906],[-118.156229,34.194105],[-118.156205,34.194098],[-118.156192,34.19413],[-118.156187,34.19413],[-118.156181,34.194131],[-118.156175,34.194134],[-118.156172,34.194138],[-118.156172,34.194139],[-118.156172,34.194139],[-118.15617,34.194142]]]]},"properties":{"occupancy":"Residential"}},{"type":"Feature","geometry":{"type":"MultiPolygon","coordinates":[[[[-118.156364,34.193984],[-118.156389,34.193924],[-118.156482,34.193951],[-118.156457,34.194011],[-118.156364,34.193984]]]]},"properties":{"occupancy":"Residential"}},{"type":"Feature","geometry":{"type":"MultiPolygon","coordinates":[[[[-118.156446,34.194192],[-118.156535,34.193979],[-118.15663,34.194006],[-118.156588,34.194107],[-118.156552,34.194097],[-118.15653,34.194149],[-118.156588,34.194166],[-118.156563,34.194226],[-118.156446,34.194192]]]]},"properties":{"occupancy":"Residential"}},{"type":"Feature","geometry":{"type":"MultiPolygon","coordinates":[[[[-118.156644,34.194127],[-118.156686,34.194027],[-118.15677,34.194052],[-118.156728,34.194152],[-118.156644,34.194127]]]]},"properties":{"occupancy":"Residential"}},{"type":"Feature","geometry":{"type":"MultiPolygon","coordinates":[[[[-118.156813,34.194249],[-118.156878,34.194107],[-118.156945,34.194128],[-118.15688,34.19427],[-118.156813,34.194249]]]]},"properties":{"occupancy":"Residential"}},{"type":"Feature","geometry":{"type":"MultiPolygon","coordinates":[[[[-118.15699,34.194256],[-118.157038,34.19414],[-118.157141,34.19417],[-118.157073,34.19433],[-118.157121,34.194344],[-118.157102,34.19439],[-118.156994,34.194359],[-118.157032,34.194268],[-118.15699,34.194256]]]]},"properties":{"occupancy":"Residential"}},{"type":"Feature","geometry":{"type":"MultiPolygon","coordinates":[[[[-118.156187,34.194144],[-118.156187,34.194144],[-118.156188,34.194144],[-118.156253,34.194162],[-118.156211,34.194264],[-118.156145,34.194245],[-118.156187,34.194144]]]]},"properties":{"occupancy":"Residential"}},{"type":"Feature","geometry":{"type":"MultiPolygon","coordinates":[[[[-118.156627,34.194265],[-118.156656,34.194195],[-118.156733,34.194218],[-118.156704,34.194287],[-118.156627,34.194265]]]]},"properties":{"occupancy":"Residential"}},{"type":"Feature","geometry":{"type":"MultiPolygon","coordinates":[[[[-118.156382,34.194367],[-118.156424,34.194265],[-118.156535,34.194297],[-118.156493,34.194399],[-118.156492,34.194399],[-118.156382,34.194367]]]]},"properties":{"occupancy":"Residential"}},{"type":"Feature","geometry":{"type":"MultiPolygon","coordinates":[[[[-118.156879,34.19439],[-118.156923,34.194283],[-118.156969,34.194296],[-118.156925,34.194403],[-118.156879,34.19439]]]]},"properties":{"occupancy":"Residential"}},{"type":"Feature","geometry":{"type":"MultiPolygon","coordinates":[[[[-118.156513,34.194415],[-118.156535,34.194363],[-118.156647,34.194395],[-118.156626,34.194448],[-118.156513,34.194415]]]]},"properties":{"occupancy":"Residential"}},{"type":"Feature","geometry":{"type":"MultiPolygon","coordinates":[[[[-118.156009,34.194752],[-118.156062,34.194624],[-118.156166,34.194654],[-118.156114,34.194782],[-118.156009,34.194752]]]]},"properties":{"occupancy":"Residential"}},{"type":"Feature","geometry":{"type":"MultiPolygon","coordinates":[[[[-118.156316,34.194842],[-118.156369,34.194715],[-118.156461,34.194742],[-118.156427,34.194822],[-118.156415,34.194819],[-118.156396,34.194865],[-118.156316,34.194842]]]]},"properties":{"occupancy":"Residential"}},{"type":"Feature","geometry":{"type":"MultiPolygon","coordinates":[[[[-118.156661,34.194856],[-118.156697,34.194767],[-118.156752,34.194782],[-118.15673,34.194834],[-118.156792,34.194852],[-118.156741,34.194975],[-118.156656,34.194952],[-118.156692,34.194865],[-118.156661,34.194856]]]]},"properties":{"occupancy":"Residential"}},{"type":"Feature","geometry":{"type":"MultiPolygon","coordinates":[[[[-118.156786,34.195001],[-118.156876,34.194781],[-118.156955,34.194803],[-118.156865,34.195024],[-118.156786,34.195001]]]]},"properties":{"occupancy":"Residential"}},{"type":"Feature","geometry":{"type":"MultiPolygon","coordinates":[[[[-118.156505,34.194903],[-118.156547,34.194806],[-118.156644,34.194834],[-118.156603,34.194932],[-118.156505,34.194903]]]]},"properties":{"occupancy":"Residential"}},{"type":"Feature","geometry":{"type":"MultiPolygon","coordinates":[[[[-118.156931,34.195042],[-118.156996,34.194891],[-118.157084,34.194917],[-118.157019,34.195068],[-118.156931,34.195042]]]]},"properties":{"occupancy":"Residential"}},{"type":"Feature","geometry":{"type":"MultiPolygon","coordinates":[[[[-118.156119,34.194436],[-118.156076,34.194518],[-118.156002,34.194491],[-118.156045,34.19441],[-118.156119,34.194436]]]]},"properties":{"occupancy":"Residential"}},{"type":"Feature","geometry":{"type":"MultiPolygon","coordinates":[[[[-118.15639,34.194478],[-118.156377,34.194521],[-118.156273,34.194499],[-118.156286,34.194456],[-118.15639,34.194478]]]]},"properties":{"occupancy":"Residential"}},{"type":"Feature","geometry":{"type":"MultiPolygon","coordinates":[[[[-118.156884,34.194697],[-118.156853,34.194759],[-118.156791,34.194737],[-118.156822,34.194676],[-118.156884,34.194697]]]]},"properties":{"occupancy":"Residential"}},{"type":"Feature","geometry":{"type":"MultiPolygon","coordinates":[[[[-118.152114,34.194072],[-118.15219,34.193902],[-118.152266,34.193926],[-118.15219,34.194096],[-118.152114,34.194072]]]]},"properties":{"occupancy":"Residential"}},{"type":"Feature","geometry":{"type":"MultiPolygon","coordinates":[[[[-118.152275,34.194056],[-118.152311,34.193975],[-118.152397,34.194002],[-118.152361,34.194083],[-118.152275,34.194056]]]]},"properties":{"occupancy":"Residential"}},{"type":"Feature","geometry":{"type":"MultiPolygon","coordinates":[[[[-118.152407,34.194117],[-118.152459,34.194001],[-118.152545,34.194028],[-118.152493,34.194144],[-118.152407,34.194117]]]]},"properties":{"occupancy":"Residential"}},{"type":"Feature","geometry":{"type":"MultiPolygon","coordinates":[[[[-118.152561,34.194167],[-118.152609,34.194059],[-118.152695,34.194086],[-118.152647,34.194193],[-118.152561,34.194167]]]]},"properties":{"occupancy":"Residential"}},{"type":"Feature","geometry":{"type":"MultiPolygon","coordinates":[[[[-118.152718,34.1942],[-118.152752,34.194124],[-118.152849,34.194154],[-118.152815,34.19423],[-118.152718,34.1942]]]]},"properties":{"occupancy":"Residential"}},{"type":"Feature","geometry":{"type":"MultiPolygon","coordinates":[[[[-118.152878,34.194245],[-118.152916,34.19415],[-118.153012,34.194176],[-118.152974,34.194272],[-118.152878,34.194245]]]]},"properties":{"occupancy":"Residential"}},{"type":"Feature","geometry":{"type":"MultiPolygon","coordinates":[[[[-118.153024,34.194298],[-118.15307,34.194195],[-118.153173,34.194227],[-118.153126,34.19433],[-118.153024,34.194298]]]]},"properties":{"occupancy":"Residential"}},{"type":"Feature","geometry":{"type":"MultiPolygon","coordinates":[[[[-118.153186,34.194348],[-118.15323,34.19425],[-118.153316,34.194276],[-118.153272,34.194375],[-118.153186,34.194348]]]]},"properties":{"occupancy":"Residential"}},{"type":"Feature","geometry":{"type":"MultiPolygon","coordinates":[[[[-118.152826,34.194472],[-118.152853,34.194407],[-118.152931,34.19443],[-118.152904,34.194495],[-118.152826,34.194472]]]]},"properties":{"occupancy":"Residential"}},{"type":"Feature","geometry":{"type":"MultiPolygon","coordinates":[[[[-118.152332,34.194691],[-118.152392,34.194552],[-118.152484,34.19458],[-118.152425,34.194718],[-118.152332,34.194691]]]]},"properties":{"occupancy":"Residential"}},{"type":"Feature","geometry":{"type":"MultiPolygon","coordinates":[[[[-118.152187,34.194672],[-118.152234,34.194569],[-118.152314,34.194594],[-118.152268,34.194697],[-118.152187,34.194672]]]]},"properties":{"occupancy":"Residential"}},{"type":"Feature","geometry":{"type":"MultiPolygon","coordinates":[[[[-118.15248,34.194761],[-118.152525,34.194658],[-118.152603,34.194682],[-118.152585,34.194721],[-118.152603,34.194726],[-118.152576,34.19479],[-118.15248,34.194761]]]]},"properties":{"occupancy":"Residential"}},{"type":"Feature","geometry":{"type":"MultiPolygon","coordinates":[[[[-118.152632,34.194812],[-118.152672,34.19472],[-118.152741,34.194741],[-118.152701,34.194832],[-118.152632,34.194812]]]]},"properties":{"occupancy":"Residential"}},{"type":"Feature","geometry":{"type":"MultiPolygon","coordinates":[[[[-118.15278,34.194857],[-118.152825,34.194763],[-118.152931,34.194798],[-118.152886,34.194892],[-118.15278,34.194857]]]]},"properties":{"occupancy":"Residential"}},{"type":"Feature","geometry":{"type":"MultiPolygon","coordinates":[[[[-118.152943,34.194908],[-118.152987,34.194805],[-118.15309,34.194835],[-118.153046,34.194939],[-118.152943,34.194908]]]]},"properties":{"occupancy":"Residential"}},{"type":"Feature","geometry":{"type":"MultiPolygon","coordinates":[[[[-118.153078,34.194965],[-118.153156,34.194808],[-118.153241,34.194838],[-118.153163,34.194994],[-118.153078,34.194965]]]]},"properties":{"occupancy":"Residential"}},{"type":"Feature","geometry":{"type":"MultiPolygon","coordinates":[[[[-118.153243,34.195012],[-118.153283,34.19492],[-118.153374,34.194948],[-118.153334,34.19504],[-118.153243,34.195012]]]]},"properties":{"occupancy":"Residential"}},{"type":"Feature","geometry":{"type":"MultiPolygon","coordinates":[[[[-118.152083,34.195214],[-118.152138,34.19509],[-118.152252,34.195124],[-118.152197,34.195249],[-118.152083,34.195214]]]]},"properties":{"occupancy":"Residential"}},{"type":"Feature","geometry":{"type":"MultiPolygon","coordinates":[[[[-118.152251,34.195259],[-118.152314,34.195119],[-118.152409,34.195148],[-118.152346,34.195288],[-118.152251,34.195259]]]]},"properties":{"occupancy":"Residential"}},{"type":"Feature","geometry":{"type":"MultiPolygon","coordinates":[[[[-118.152367,34.195327],[-118.152429,34.195178],[-118.152497,34.195197],[-118.152515,34.195155],[-118.15258,34.195173],[-118.152556,34.195232],[-118.152505,34.195217],[-118.152449,34.195351],[-118.152367,34.195327]]]]},"properties":{"occupancy":"Residential"}},{"type":"Feature","geometry":{"type":"MultiPolygon","coordinates":[[[[-118.15257,34.19534],[-118.152611,34.195234],[-118.152705,34.195259],[-118.152664,34.195365],[-118.15257,34.19534]]]]},"properties":{"occupancy":"Residential"}},{"type":"Feature","geometry":{"type":"MultiPolygon","coordinates":[[[[-118.152718,34.195401],[-118.152766,34.195286],[-118.152861,34.195313],[-118.152813,34.195428],[-118.152718,34.195401]]]]},"properties":{"occupancy":"Residential"}},{"type":"Feature","geometry":{"type":"MultiPolygon","coordinates":[[[[-118.152882,34.195421],[-118.152914,34.195344],[-118.153016,34.195374],[-118.152984,34.19545],[-118.152882,34.195421]]]]},"properties":{"occupancy":"Residential"}},{"type":"Feature","geometry":{"type":"MultiPolygon","coordinates":[[[[-118.153015,34.195507],[-118.153069,34.195378],[-118.153177,34.19541],[-118.153123,34.195539],[-118.153015,34.195507]]]]},"properties":{"occupancy":"Residential"}},{"type":"Feature","geometry":{"type":"MultiPolygon","coordinates":[[[[-118.153185,34.195541],[-118.153237,34.195433],[-118.153321,34.195461],[-118.153269,34.195569],[-118.153185,34.195541]]]]},"properties":{"occupancy":"Residential"}},{"type":"Feature","geometry":{"type":"MultiPolygon","coordinates":[[[[-118.152056,34.195801],[-118.152141,34.195627],[-118.152223,34.195654],[-118.152138,34.195828],[-118.152056,34.195801]]]]},"properties":{"occupancy":"Residential"}},{"type":"Feature","geometry":{"type":"MultiPolygon","coordinates":[[[[-118.152232,34.19587],[-118.152261,34.195795],[-118.152403,34.195834],[-118.152374,34.195908],[-118.152232,34.19587]]]]},"properties":{"occupancy":"Residential"}},{"type":"Feature","geometry":{"type":"MultiPolygon","coordinates":[[[[-118.152441,34.195914],[-118.152491,34.195816],[-118.152588,34.195849],[-118.152538,34.195948],[-118.152441,34.195914]]]]},"properties":{"occupancy":"Residential"}},{"type":"Feature","geometry":{"type":"MultiPolygon","coordinates":[[[[-118.152594,34.195982],[-118.152649,34.195875],[-118.152748,34.19591],[-118.152693,34.196017],[-118.152594,34.195982]]]]},"properties":{"occupancy":"Residential"}},{"type":"Feature","geometry":{"type":"MultiPolygon","coordinates":[[[[-118.152765,34.196018],[-118.152808,34.195914],[-118.152872,34.195932],[-118.15285,34.195986],[-118.152871,34.195991],[-118.15285,34.196042],[-118.152765,34.196018]]]]},"properties":{"occupancy":"Residential"}},{"type":"Feature","geometry":{"type":"MultiPolygon","coordinates":[[[[-118.152903,34.196079],[-118.15294,34.195994],[-118.153043,34.196025],[-118.153006,34.19611],[-118.152903,34.196079]]]]},"properties":{"occupancy":"Residential"}},{"type":"Feature","geometry":{"type":"MultiPolygon","coordinates":[[[[-118.153052,34.196129],[-118.153107,34.196004],[-118.153194,34.19603],[-118.153139,34.196155],[-118.153052,34.196129]]]]},"properties":{"occupancy":"Residential"}},{"type":"Feature","geometry":{"type":"MultiPolygon","coordinates":[[[[-118.153214,34.196174],[-118.153277,34.196052],[-118.153344,34.196076],[-118.153302,34.196158],[-118.153339,34.196171],[-118.153319,34.196211],[-118.153214,34.196174]]]]},"properties":{"occupancy":"Residential"}},{"type":"Feature","geometry":{"type":"MultiPolygon","coordinates":[[[[-118.152617,34.194294],[-118.152604,34.19436],[-118.152537,34.19435],[-118.152551,34.194284],[-118.152617,34.194294]]]]},"properties":{"occupancy":"Residential"}},{"type":"Feature","geometry":{"type":"MultiPolygon","coordinates":[[[[-118.152755,34.194422],[-118.15268,34.194396],[-118.152711,34.194334],[-118.152785,34.19436],[-118.152755,34.194422]]]]},"properties":{"occupancy":"Residential"}},{"type":"Feature","geometry":{"type":"MultiPolygon","coordinates":[[[[-118.152313,34.194473],[-118.152231,34.194415],[-118.152274,34.194373],[-118.152357,34.19443],[-118.152313,34.194473]]]]},"properties":{"occupancy":"Residential"}},{"type":"Feature","geometry":{"type":"MultiPolygon","coordinates":[[[[-118.152663,34.194551],[-118.152596,34.194589],[-118.152528,34.194506],[-118.152594,34.194468],[-118.152663,34.194551]]]]},"properties":{"occupancy":"Residential"}},{"type":"Feature","geometry":{"type":"MultiPolygon","coordinates":[[[[-118.153218,34.194749],[-118.153153,34.194734],[-118.153182,34.194648],[-118.153246,34.194663],[-118.153218,34.194749]]]]},"properties":{"occupancy":"Residential"}},{"type":"Feature","geometry":{"type":"MultiPolygon","coordinates":[[[[-118.15337,34.194746],[-118.153343,34.194844],[-118.15329,34.194834],[-118.153318,34.194736],[-118.15337,34.194746]]]]},"properties":{"occupancy":"Residential"}},{"type":"Feature","geometry":{"type":"MultiPolygon","coordinates":[[[[-118.158264,34.194181],[-118.158292,34.194114],[-118.158409,34.194149],[-118.158381,34.194215],[-118.158264,34.194181]]]]},"properties":{"occupancy":"Residential"}},{"type":"Feature","geometry":{"type":"MultiPolygon","coordinates":[[[[-118.158481,34.194251],[-118.158519,34.19416],[-118.158623,34.194189],[-118.158586,34.194281],[-118.158585,34.194281],[-118.158481,34.194251]]]]},"properties":{"occupancy":"Residential"}},{"type":"Feature","geometry":{"type":"MultiPolygon","coordinates":[[[[-118.157115,34.1944],[-118.157199,34.194198],[-118.157278,34.194221],[-118.15722,34.19436],[-118.157221,34.194361],[-118.157282,34.194378],[-118.157256,34.194441],[-118.157115,34.1944]]]]},"properties":{"occupancy":"Residential"}},{"type":"Feature","geometry":{"type":"MultiPolygon","coordinates":[[[[-118.157254,34.194488],[-118.157357,34.19424],[-118.157428,34.194261],[-118.157325,34.194508],[-118.157254,34.194488]]]]},"properties":{"occupancy":"Residential"}},{"type":"Feature","geometry":{"type":"MultiPolygon","coordinates":[[[[-118.157411,34.194412],[-118.157465,34.19428],[-118.157541,34.194301],[-118.157486,34.194433],[-118.157411,34.194412]]]]},"properties":{"occupancy":"Residential"}},{"type":"Feature","geometry":{"type":"MultiPolygon","coordinates":[[[[-118.157598,34.194425],[-118.15763,34.194346],[-118.15774,34.194377],[-118.157708,34.194456],[-118.157598,34.194425]]]]},"properties":{"occupancy":"Residential"}},{"type":"Feature","geometry":{"type":"MultiPolygon","coordinates":[[[[-118.157749,34.194501],[-118.157796,34.194385],[-118.157868,34.194405],[-118.15782,34.194522],[-118.157749,34.194501]]]]},"properties":{"occupancy":"Residential"}},{"type":"Feature","geometry":{"type":"MultiPolygon","coordinates":[[[[-118.157882,34.194557],[-118.157934,34.194428],[-118.158033,34.194455],[-118.157981,34.194584],[-118.15798,34.194584],[-118.157882,34.194557]]]]},"properties":{"occupancy":"Residential"}},{"type":"Feature","geometry":{"type":"MultiPolygon","coordinates":[[[[-118.157405,34.194523],[-118.157433,34.194456],[-118.157528,34.194483],[-118.1575,34.19455],[-118.157405,34.194523]]]]},"properties":{"occupancy":"Residential"}},{"type":"Feature","geometry":{"type":"MultiPolygon","coordinates":[[[[-118.158016,34.194628],[-118.158078,34.194474],[-118.158162,34.194497],[-118.158122,34.194597],[-118.158092,34.194589],[-118.15807,34.194643],[-118.158016,34.194628]]]]},"properties":{"occupancy":"Residential"}},{"type":"Feature","geometry":{"type":"MultiPolygon","coordinates":[[[[-118.158187,34.194573],[-118.158218,34.194497],[-118.158273,34.194512],[-118.158242,34.194588],[-118.158187,34.194573]]]]},"properties":{"occupancy":"Residential"}},{"type":"Feature","geometry":{"type":"MultiPolygon","coordinates":[[[[-118.158306,34.194599],[-118.158345,34.194502],[-118.15851,34.194548],[-118.158498,34.194577],[-118.158568,34.194596],[-118.158541,34.194663],[-118.158306,34.194599]]]]},"properties":{"occupancy":"Residential"}},{"type":"Feature","geometry":{"type":"MultiPolygon","coordinates":[[[[-118.157733,34.194595],[-118.157751,34.19455],[-118.157839,34.194574],[-118.157821,34.194619],[-118.157733,34.194595]]]]},"properties":{"occupancy":"Residential"}},{"type":"Feature","geometry":{"type":"MultiPolygon","coordinates":[[[[-118.158196,34.194638],[-118.158211,34.194601],[-118.158341,34.194636],[-118.158341,34.194637],[-118.158327,34.194673],[-118.158196,34.194638]]]]},"properties":{"occupancy":"Residential"}},{"type":"Feature","geometry":{"type":"MultiPolygon","coordinates":[[[[-118.158016,34.19475],[-118.158044,34.19468],[-118.158101,34.194696],[-118.158073,34.194765],[-118.158016,34.19475]]]]},"properties":{"occupancy":"Residential"}},{"type":"Feature","geometry":{"type":"MultiPolygon","coordinates":[[[[-118.158498,34.194835],[-118.158378,34.194802],[-118.158411,34.194718],[-118.15857,34.194762],[-118.158548,34.194815],[-118.15851,34.194805],[-118.158498,34.194835]]]]},"properties":{"occupancy":"Residential"}},{"type":"Feature","geometry":{"type":"MultiPolygon","coordinates":[[[[-118.158291,34.195004],[-118.158326,34.194908],[-118.158401,34.194925],[-118.158417,34.194895],[-118.158536,34.194931],[-118.158496,34.195014],[-118.158437,34.195],[-118.158417,34.195038],[-118.158291,34.195004]]]]},"properties":{"occupancy":"Residential"}},{"type":"Feature","geometry":{"type":"MultiPolygon","coordinates":[[[[-118.158037,34.195],[-118.158061,34.194939],[-118.158133,34.194959],[-118.158108,34.19502],[-118.158037,34.195]]]]},"properties":{"occupancy":"Residential"}},{"type":"Feature","geometry":{"type":"MultiPolygon","coordinates":[[[[-118.157092,34.195086],[-118.157141,34.194974],[-118.157242,34.195004],[-118.157193,34.195117],[-118.157092,34.195086]]]]},"properties":{"occupancy":"Residential"}},{"type":"Feature","geometry":{"type":"MultiPolygon","coordinates":[[[[-118.157257,34.195147],[-118.157316,34.19501],[-118.157416,34.19504],[-118.157357,34.195177],[-118.157257,34.195147]]]]},"properties":{"occupancy":"Residential"}},{"type":"Feature","geometry":{"type":"MultiPolygon","coordinates":[[[[-118.157613,34.195103],[-118.157643,34.195029],[-118.15774,34.195058],[-118.157709,34.195131],[-118.157613,34.195103]]]]},"properties":{"occupancy":"Residential"}},{"type":"Feature","geometry":{"type":"MultiPolygon","coordinates":[[[[-118.157439,34.195214],[-118.157499,34.195075],[-118.157585,34.1951],[-118.157525,34.19524],[-118.157439,34.195214]]]]},"properties":{"occupancy":"Residential"}},{"type":"Feature","geometry":{"type":"MultiPolygon","coordinates":[[[[-118.158514,34.195179],[-118.158551,34.195082],[-118.158655,34.195109],[-118.158593,34.19527],[-118.158553,34.195259],[-118.158577,34.195196],[-118.158514,34.195179]]]]},"properties":{"occupancy":"Residential"}},{"type":"Feature","geometry":{"type":"MultiPolygon","coordinates":[[[[-118.157584,34.195236],[-118.157626,34.195138],[-118.157729,34.195168],[-118.157687,34.195266],[-118.157584,34.195236]]]]},"properties":{"occupancy":"Residential"}},{"type":"Feature","geometry":{"type":"MultiPolygon","coordinates":[[[[-118.15787,34.1953],[-118.157951,34.195151],[-118.15803,34.19518],[-118.157973,34.195286],[-118.157941,34.195274],[-118.157917,34.195318],[-118.15787,34.1953]]]]},"properties":{"occupancy":"Residential"}},{"type":"Feature","geometry":{"type":"MultiPolygon","coordinates":[[[[-118.157749,34.195266],[-118.157785,34.195181],[-118.157845,34.195199],[-118.157807,34.195287],[-118.157748,34.195269],[-118.157749,34.195266]]]]},"properties":{"occupancy":"Residential"}},{"type":"Feature","geometry":{"type":"MultiPolygon","coordinates":[[[[-118.157889,34.194674],[-118.157915,34.19461],[-118.157978,34.194628],[-118.157953,34.194691],[-118.157889,34.194674]]]]},"properties":{"occupancy":"Residential"}},{"type":"Feature","geometry":{"type":"MultiPolygon","coordinates":[[[[-118.157305,34.194931],[-118.157231,34.194904],[-118.157264,34.194843],[-118.157337,34.19487],[-118.157305,34.194931]]]]},"properties":{"occupancy":"Residential"}},{"type":"Feature","geometry":{"type":"MultiPolygon","coordinates":[[[[-118.157799,34.195179],[-118.1578,34.195123],[-118.157881,34.195123],[-118.15788,34.195179],[-118.157799,34.195179]]]]},"properties":{"occupancy":"Residential"}},{"type":"Feature","geometry":{"type":"MultiPolygon","coordinates":[[[[-118.155303,34.194213],[-118.15533,34.194146],[-118.155442,34.194178],[-118.155415,34.194244],[-118.155303,34.194213]]]]},"properties":{"occupancy":"Residential"}},{"type":"Feature","geometry":{"type":"MultiPolygon","coordinates":[[[[-118.155675,34.194316],[-118.155718,34.194214],[-118.155848,34.194252],[-118.155743,34.194504],[-118.155673,34.194484],[-118.155736,34.194333],[-118.155675,34.194316]]]]},"properties":{"occupancy":"Residential"}},{"type":"Feature","geometry":{"type":"MultiPolygon","coordinates":[[[[-118.155438,34.19429],[-118.155456,34.194245],[-118.155601,34.194286],[-118.155583,34.194331],[-118.155438,34.19429]]]]},"properties":{"occupancy":"Residential"}},{"type":"Feature","geometry":{"type":"MultiPolygon","coordinates":[[[[-118.155835,34.194367],[-118.155869,34.194283],[-118.155922,34.194298],[-118.155887,34.194382],[-118.155835,34.194367]]]]},"properties":{"occupancy":"Residential"}},{"type":"Feature","geometry":{"type":"MultiPolygon","coordinates":[[[[-118.155298,34.194521],[-118.155359,34.194373],[-118.155443,34.194397],[-118.155413,34.194471],[-118.155522,34.194502],[-118.155492,34.194576],[-118.155298,34.194521]]]]},"properties":{"occupancy":"Residential"}},{"type":"Feature","geometry":{"type":"MultiPolygon","coordinates":[[[[-118.155161,34.194476],[-118.155202,34.194375],[-118.155275,34.194395],[-118.155234,34.194497],[-118.155161,34.194476]]]]},"properties":{"occupancy":"Residential"}},{"type":"Feature","geometry":{"type":"MultiPolygon","coordinates":[[[[-118.155784,34.194576],[-118.155845,34.194428],[-118.155867,34.194434],[-118.155882,34.194398],[-118.155951,34.194418],[-118.155875,34.194602],[-118.155784,34.194576]]]]},"properties":{"occupancy":"Residential"}},{"type":"Feature","geometry":{"type":"MultiPolygon","coordinates":[[[[-118.155855,34.194694],[-118.155901,34.194581],[-118.156,34.194609],[-118.155954,34.194722],[-118.155855,34.194694]]]]},"properties":{"occupancy":"Residential"}},{"type":"Feature","geometry":{"type":"MultiPolygon","coordinates":[[[[-118.15503,34.194802],[-118.15506,34.194729],[-118.155208,34.194772],[-118.155178,34.194844],[-118.155177,34.194844],[-118.15503,34.194802]]]]},"properties":{"occupancy":"Residential"}},{"type":"Feature","geometry":{"type":"MultiPolygon","coordinates":[[[[-118.154973,34.194934],[-118.15501,34.194846],[-118.155171,34.194892],[-118.155168,34.194898],[-118.15514,34.194966],[-118.155137,34.194966],[-118.155132,34.194969],[-118.155128,34.194974],[-118.155128,34.194974],[-118.155128,34.194974],[-118.155127,34.194978],[-118.154973,34.194934]]]]},"properties":{"occupancy":"Residential"}},{"type":"Feature","geometry":{"type":"MultiPolygon","coordinates":[[[[-118.155399,34.194932],[-118.155432,34.19485],[-118.155512,34.194873],[-118.155478,34.194954],[-118.155399,34.194932]]]]},"properties":{"occupancy":"Residential"}},{"type":"Feature","geometry":{"type":"MultiPolygon","coordinates":[[[[-118.155593,34.194998],[-118.155626,34.19492],[-118.155712,34.194944],[-118.15568,34.195023],[-118.155678,34.195022],[-118.155593,34.194998]]]]},"properties":{"occupancy":"Residential"}},{"type":"Feature","geometry":{"type":"MultiPolygon","coordinates":[[[[-118.155748,34.19501],[-118.155768,34.194964],[-118.155958,34.195018],[-118.155922,34.195106],[-118.155822,34.195077],[-118.155839,34.195036],[-118.155748,34.19501]]]]},"properties":{"occupancy":"Residential"}},{"type":"Feature","geometry":{"type":"MultiPolygon","coordinates":[[[[-118.155144,34.194979],[-118.155144,34.194979],[-118.155192,34.194993],[-118.155174,34.195037],[-118.155218,34.19505],[-118.155203,34.195087],[-118.15511,34.19506],[-118.155143,34.19498],[-118.155144,34.194979]]]]},"properties":{"occupancy":"Residential"}},{"type":"Feature","geometry":{"type":"MultiPolygon","coordinates":[[[[-118.155298,34.195119],[-118.15535,34.194996],[-118.155448,34.195024],[-118.15542,34.195091],[-118.155373,34.195078],[-118.15535,34.195134],[-118.155298,34.195119]]]]},"properties":{"occupancy":"Residential"}},{"type":"Feature","geometry":{"type":"MultiPolygon","coordinates":[[[[-118.15491,34.195084],[-118.154946,34.194998],[-118.155084,34.195038],[-118.155067,34.195078],[-118.155122,34.195094],[-118.155103,34.19514],[-118.15491,34.195084]]]]},"properties":{"occupancy":"Residential"}},{"type":"Feature","geometry":{"type":"MultiPolygon","coordinates":[[[[-118.155531,34.195193],[-118.155578,34.19508],[-118.155638,34.195097],[-118.155591,34.19521],[-118.155531,34.195193]]]]},"properties":{"occupancy":"Residential"}},{"type":"Feature","geometry":{"type":"MultiPolygon","coordinates":[[[[-118.155725,34.195249],[-118.15575,34.19519],[-118.155766,34.195194],[-118.155793,34.195128],[-118.155894,34.195157],[-118.155841,34.195283],[-118.155725,34.195249]]]]},"properties":{"occupancy":"Residential"}},{"type":"Feature","geometry":{"type":"MultiPolygon","coordinates":[[[[-118.155473,34.195266],[-118.155499,34.195205],[-118.155599,34.195234],[-118.155574,34.195296],[-118.155473,34.195267],[-118.155473,34.195266]]]]},"properties":{"occupancy":"Residential"}},{"type":"Feature","geometry":{"type":"MultiPolygon","coordinates":[[[[-118.155211,34.195334],[-118.155234,34.195279],[-118.155322,34.195304],[-118.155299,34.19536],[-118.155211,34.195334]]]]},"properties":{"occupancy":"Residential"}},{"type":"Feature","geometry":{"type":"MultiPolygon","coordinates":[[[[-118.155707,34.195362],[-118.155738,34.195287],[-118.155827,34.195313],[-118.155779,34.195429],[-118.15572,34.195412],[-118.155737,34.19537],[-118.155707,34.195362]]]]},"properties":{"occupancy":"Residential"}},{"type":"Feature","geometry":{"type":"MultiPolygon","coordinates":[[[[-118.155394,34.195416],[-118.155424,34.195344],[-118.155521,34.195372],[-118.155472,34.195492],[-118.155418,34.195476],[-118.155438,34.195429],[-118.155394,34.195416]]]]},"properties":{"occupancy":"Residential"}},{"type":"Feature","geometry":{"type":"MultiPolygon","coordinates":[[[[-118.155109,34.195533],[-118.155161,34.195414],[-118.155238,34.195437],[-118.155186,34.195557],[-118.155109,34.195533]]]]},"properties":{"occupancy":"Residential"}},{"type":"Feature","geometry":{"type":"MultiPolygon","coordinates":[[[[-118.155623,34.195548],[-118.155669,34.195436],[-118.155756,34.195461],[-118.15571,34.195573],[-118.155623,34.195548]]]]},"properties":{"occupancy":"Residential"}},{"type":"Feature","geometry":{"type":"MultiPolygon","coordinates":[[[[-118.155328,34.195604],[-118.155377,34.195485],[-118.155468,34.195511],[-118.155419,34.19563],[-118.155328,34.195604]]]]},"properties":{"occupancy":"Residential"}},{"type":"Feature","geometry":{"type":"MultiPolygon","coordinates":[[[[-118.155546,34.195692],[-118.155594,34.195576],[-118.155688,34.195602],[-118.15564,34.195719],[-118.155546,34.195692]]]]},"properties":{"occupancy":"Residential"}},{"type":"Feature","geometry":{"type":"MultiPolygon","coordinates":[[[[-118.155033,34.195676],[-118.155055,34.195623],[-118.155153,34.195651],[-118.15513,34.195705],[-118.155033,34.195676]]]]},"properties":{"occupancy":"Residential"}},{"type":"Feature","geometry":{"type":"MultiPolygon","coordinates":[[[[-118.155246,34.195744],[-118.15528,34.195662],[-118.155349,34.195681],[-118.155315,34.195764],[-118.155246,34.195744]]]]},"properties":{"occupancy":"Residential"}},{"type":"Feature","geometry":{"type":"MultiPolygon","coordinates":[[[[-118.155486,34.19582],[-118.155525,34.195724],[-118.155624,34.195752],[-118.155584,34.195848],[-118.155486,34.19582]]]]},"properties":{"occupancy":"Residential"}},{"type":"Feature","geometry":{"type":"MultiPolygon","coordinates":[[[[-118.154931,34.196054],[-118.155005,34.19588],[-118.155093,34.195906],[-118.15502,34.19608],[-118.154931,34.196054]]]]},"properties":{"occupancy":"Residential"}},{"type":"Feature","geometry":{"type":"MultiPolygon","coordinates":[[[[-118.1551,34.196049],[-118.155142,34.195948],[-118.155232,34.195974],[-118.15519,34.196075],[-118.1551,34.196049]]]]},"properties":{"occupancy":"Residential"}},{"type":"Feature","geometry":{"type":"MultiPolygon","coordinates":[[[[-118.155336,34.196108],[-118.15537,34.196023],[-118.155493,34.196058],[-118.155458,34.196142],[-118.155336,34.196108]]]]},"properties":{"occupancy":"Residential"}},{"type":"Feature","geometry":{"type":"MultiPolygon","coordinates":[[[[-118.154993,34.195407],[-118.155005,34.195341],[-118.155084,34.19535],[-118.155073,34.195417],[-118.154993,34.195407]]]]},"properties":{"occupancy":"Residential"}},{"type":"Feature","geometry":{"type":"MultiPolygon","coordinates":[[[[-118.155239,34.19602],[-118.155249,34.195954],[-118.155329,34.195962],[-118.155319,34.196028],[-118.155239,34.19602]]]]},"properties":{"occupancy":"Residential"}},{"type":"Feature","geometry":{"type":"MultiPolygon","coordinates":[[[[-118.153421,34.195049],[-118.153487,34.194897],[-118.153513,34.194905],[-118.153539,34.194846],[-118.153599,34.194865],[-118.153524,34.195036],[-118.153502,34.19503],[-118.153485,34.195068],[-118.153421,34.195049]]]]},"properties":{"occupancy":"Residential"}},{"type":"Feature","geometry":{"type":"MultiPolygon","coordinates":[[[[-118.153872,34.194903],[-118.153896,34.194848],[-118.153979,34.194873],[-118.153955,34.194928],[-118.153872,34.194903]]]]},"properties":{"occupancy":"Residential"}},{"type":"Feature","geometry":{"type":"MultiPolygon","coordinates":[[[[-118.154364,34.194984],[-118.154401,34.194897],[-118.154566,34.194945],[-118.154529,34.195032],[-118.154364,34.194984]]]]},"properties":{"occupancy":"Residential"}},{"type":"Feature","geometry":{"type":"MultiPolygon","coordinates":[[[[-118.153566,34.195102],[-118.15362,34.194979],[-118.153715,34.195008],[-118.153661,34.195131],[-118.153566,34.195102]]]]},"properties":{"occupancy":"Residential"}},{"type":"Feature","geometry":{"type":"MultiPolygon","coordinates":[[[[-118.153707,34.195143],[-118.153778,34.195017],[-118.15382,34.195033],[-118.153797,34.195074],[-118.153877,34.195106],[-118.15383,34.19519],[-118.153707,34.195143]]]]},"properties":{"occupancy":"Residential"}},{"type":"Feature","geometry":{"type":"MultiPolygon","coordinates":[[[[-118.154338,34.195114],[-118.154373,34.195033],[-118.154493,34.195068],[-118.154459,34.19515],[-118.154338,34.195114]]]]},"properties":{"occupancy":"Residential"}},{"type":"Feature","geometry":{"type":"MultiPolygon","coordinates":[[[[-118.153876,34.195205],[-118.153932,34.19509],[-118.154019,34.195119],[-118.153964,34.195234],[-118.153876,34.195205]]]]},"properties":{"occupancy":"Residential"}},{"type":"Feature","geometry":{"type":"MultiPolygon","coordinates":[[[[-118.154876,34.195181],[-118.154907,34.195106],[-118.155028,34.195141],[-118.154996,34.195216],[-118.154876,34.195181]]]]},"properties":{"occupancy":"Residential"}},{"type":"Feature","geometry":{"type":"MultiPolygon","coordinates":[[[[-118.154021,34.195247],[-118.154072,34.195128],[-118.154164,34.195156],[-118.154113,34.195275],[-118.154021,34.195247]]]]},"properties":{"occupancy":"Residential"}},{"type":"Feature","geometry":{"type":"MultiPolygon","coordinates":[[[[-118.154197,34.195291],[-118.154231,34.195212],[-118.154332,34.195241],[-118.154298,34.19532],[-118.15429,34.195318],[-118.154197,34.195291]]]]},"properties":{"occupancy":"Residential"}},{"type":"Feature","geometry":{"type":"MultiPolygon","coordinates":[[[[-118.154822,34.195313],[-118.154853,34.195239],[-118.154953,34.195268],[-118.154921,34.195342],[-118.154918,34.195341],[-118.154822,34.195313]]]]},"properties":{"occupancy":"Residential"}},{"type":"Feature","geometry":{"type":"MultiPolygon","coordinates":[[[[-118.154668,34.195534],[-118.154725,34.195402],[-118.154893,34.195452],[-118.154836,34.195584],[-118.154668,34.195534]]]]},"properties":{"occupancy":"Residential"}},{"type":"Feature","geometry":{"type":"MultiPolygon","coordinates":[[[[-118.153331,34.195569],[-118.153375,34.195476],[-118.153479,34.19551],[-118.153422,34.19563],[-118.153349,34.195607],[-118.153362,34.195579],[-118.153331,34.195569]]]]},"properties":{"occupancy":"Residential"}},{"type":"Feature","geometry":{"type":"MultiPolygon","coordinates":[[[[-118.154898,34.195605],[-118.154934,34.195521],[-118.154973,34.195532],[-118.15498,34.195514],[-118.155051,34.195535],[-118.155008,34.195637],[-118.154898,34.195605]]]]},"properties":{"occupancy":"Residential"}},{"type":"Feature","geometry":{"type":"MultiPolygon","coordinates":[[[[-118.153488,34.195613],[-118.153528,34.195528],[-118.153642,34.195565],[-118.153603,34.19565],[-118.153488,34.195613]]]]},"properties":{"occupancy":"Residential"}},{"type":"Feature","geometry":{"type":"MultiPolygon","coordinates":[[[[-118.153646,34.195713],[-118.153695,34.195596],[-118.153787,34.195622],[-118.153752,34.195705],[-118.153751,34.195705],[-118.153722,34.195696],[-118.153707,34.195731],[-118.153646,34.195713]]]]},"properties":{"occupancy":"Residential"}},{"type":"Feature","geometry":{"type":"MultiPolygon","coordinates":[[[[-118.153801,34.195732],[-118.153836,34.19565],[-118.153925,34.195676],[-118.15389,34.195758],[-118.153801,34.195732]]]]},"properties":{"occupancy":"Residential"}},{"type":"Feature","geometry":{"type":"MultiPolygon","coordinates":[[[[-118.153979,34.195762],[-118.154018,34.195683],[-118.154096,34.195708],[-118.154027,34.195852],[-118.153984,34.195838],[-118.154015,34.195774],[-118.153979,34.195762]]]]},"properties":{"occupancy":"Residential"}},{"type":"Feature","geometry":{"type":"MultiPolygon","coordinates":[[[[-118.154045,34.195907],[-118.154145,34.195715],[-118.154236,34.195747],[-118.154186,34.195842],[-118.154158,34.195832],[-118.154108,34.195929],[-118.154045,34.195907]]]]},"properties":{"occupancy":"Residential"}},{"type":"Feature","geometry":{"type":"MultiPolygon","coordinates":[[[[-118.154478,34.195879],[-118.154529,34.195759],[-118.154638,34.195791],[-118.154586,34.195911],[-118.154478,34.195879]]]]},"properties":{"occupancy":"Residential"}},{"type":"Feature","geometry":{"type":"MultiPolygon","coordinates":[[[[-118.154647,34.195929],[-118.1547,34.195805],[-118.154795,34.195833],[-118.154742,34.195957],[-118.154739,34.195956],[-118.154647,34.195929]]]]},"properties":{"occupancy":"Residential"}},{"type":"Feature","geometry":{"type":"MultiPolygon","coordinates":[[[[-118.154801,34.195948],[-118.154842,34.195852],[-118.154949,34.195883],[-118.154908,34.195981],[-118.154801,34.19595],[-118.154801,34.195948]]]]},"properties":{"occupancy":"Residential"}},{"type":"Feature","geometry":{"type":"MultiPolygon","coordinates":[[[[-118.153899,34.195999],[-118.153921,34.195951],[-118.153964,34.195964],[-118.153975,34.19594],[-118.154104,34.19598],[-118.154072,34.196052],[-118.153899,34.195999]]]]},"properties":{"occupancy":"Residential"}},{"type":"Feature","geometry":{"type":"MultiPolygon","coordinates":[[[[-118.154415,34.196092],[-118.154441,34.19603],[-118.154515,34.196052],[-118.154539,34.195995],[-118.154691,34.196041],[-118.154641,34.196158],[-118.154415,34.196092]]]]},"properties":{"occupancy":"Residential"}},{"type":"Feature","geometry":{"type":"MultiPolygon","coordinates":[[[[-118.153824,34.196134],[-118.153852,34.196068],[-118.154006,34.196114],[-118.153978,34.196179],[-118.153974,34.196178],[-118.153824,34.196134]]]]},"properties":{"occupancy":"Residential"}},{"type":"Feature","geometry":{"type":"MultiPolygon","coordinates":[[[[-118.154328,34.194986],[-118.154307,34.195051],[-118.154256,34.195039],[-118.154276,34.194974],[-118.154328,34.194986]]]]},"properties":{"occupancy":"Residential"}},{"type":"Feature","geometry":{"type":"MultiPolygon","coordinates":[[[[-118.154031,34.195049],[-118.154218,34.195067],[-118.154213,34.1951],[-118.154026,34.195082],[-118.154031,34.195049]]]]},"properties":{"occupancy":"Residential"}},{"type":"Feature","geometry":{"type":"MultiPolygon","coordinates":[[[[-118.153361,34.195808],[-118.153416,34.195682],[-118.153467,34.195697],[-118.153412,34.195823],[-118.153361,34.195808]]]]},"properties":{"occupancy":"Residential"}},{"type":"Feature","geometry":{"type":"MultiPolygon","coordinates":[[[[-118.153442,34.196013],[-118.15335,34.195996],[-118.153361,34.195953],[-118.153453,34.195969],[-118.153442,34.196013]]]]},"properties":{"occupancy":"Residential"}},{"type":"Feature","geometry":{"type":"MultiPolygon","coordinates":[[[[-118.156167,34.195209],[-118.156201,34.195131],[-118.156307,34.195163],[-118.156273,34.195241],[-118.156167,34.195209]]]]},"properties":{"occupancy":"Residential"}},{"type":"Feature","geometry":{"type":"MultiPolygon","coordinates":[[[[-118.156318,34.195254],[-118.156352,34.195177],[-118.156498,34.195221],[-118.156456,34.195319],[-118.156451,34.195317],[-118.15638,34.195296],[-118.156389,34.195275],[-118.156318,34.195254]]]]},"properties":{"occupancy":"Residential"}},{"type":"Feature","geometry":{"type":"MultiPolygon","coordinates":[[[[-118.156498,34.19529],[-118.156523,34.195233],[-118.156663,34.195276],[-118.156619,34.195376],[-118.156508,34.195342],[-118.156527,34.195299],[-118.156498,34.19529]]]]},"properties":{"occupancy":"Residential"}},{"type":"Feature","geometry":{"type":"MultiPolygon","coordinates":[[[[-118.156114,34.195326],[-118.156147,34.19525],[-118.156206,34.195267],[-118.156173,34.195343],[-118.156114,34.195326]]]]},"properties":{"occupancy":"Residential"}},{"type":"Feature","geometry":{"type":"MultiPolygon","coordinates":[[[[-118.156672,34.195361],[-118.156697,34.195296],[-118.156818,34.195328],[-118.156793,34.195393],[-118.156672,34.195361]]]]},"properties":{"occupancy":"Residential"}},{"type":"Feature","geometry":{"type":"MultiPolygon","coordinates":[[[[-118.156826,34.19544],[-118.156871,34.195339],[-118.157009,34.195381],[-118.156964,34.195482],[-118.156961,34.195481],[-118.156826,34.19544]]]]},"properties":{"occupancy":"Residential"}},{"type":"Feature","geometry":{"type":"MultiPolygon","coordinates":[[[[-118.156986,34.195501],[-118.157028,34.195403],[-118.157172,34.195445],[-118.15713,34.195544],[-118.156986,34.195501]]]]},"properties":{"occupancy":"Residential"}},{"type":"Feature","geometry":{"type":"MultiPolygon","coordinates":[[[[-118.156019,34.195559],[-118.156057,34.195472],[-118.156167,34.195505],[-118.15613,34.195592],[-118.156019,34.195559]]]]},"properties":{"occupancy":"Residential"}},{"type":"Feature","geometry":{"type":"MultiPolygon","coordinates":[[[[-118.15617,34.195597],[-118.1562,34.195529],[-118.156326,34.195567],[-118.156297,34.195635],[-118.15617,34.195597]]]]},"properties":{"occupancy":"Residential"}},{"type":"Feature","geometry":{"type":"MultiPolygon","coordinates":[[[[-118.15638,34.195623],[-118.156399,34.19558],[-118.15645,34.195596],[-118.156441,34.195616],[-118.1565,34.195634],[-118.156468,34.195706],[-118.156377,34.195679],[-118.156399,34.195628],[-118.15638,34.195623]]]]},"properties":{"occupancy":"Residential"}},{"type":"Feature","geometry":{"type":"MultiPolygon","coordinates":[[[[-118.156515,34.195702],[-118.156559,34.195602],[-118.156686,34.19564],[-118.156642,34.19574],[-118.156515,34.195702]]]]},"properties":{"occupancy":"Residential"}},{"type":"Feature","geometry":{"type":"MultiPolygon","coordinates":[[[[-118.156679,34.195765],[-118.156716,34.19568],[-118.156781,34.1957],[-118.156774,34.195717],[-118.156852,34.195741],[-118.156823,34.195808],[-118.156679,34.195765]]]]},"properties":{"occupancy":"Residential"}},{"type":"Feature","geometry":{"type":"MultiPolygon","coordinates":[[[[-118.156835,34.195825],[-118.156872,34.19574],[-118.156999,34.195778],[-118.156979,34.195825],[-118.156998,34.195831],[-118.156982,34.195869],[-118.156835,34.195825]]]]},"properties":{"occupancy":"Residential"}},{"type":"Feature","geometry":{"type":"MultiPolygon","coordinates":[[[[-118.157011,34.195873],[-118.157049,34.195784],[-118.15714,34.195811],[-118.157172,34.195867],[-118.157152,34.195914],[-118.157011,34.195873]]]]},"properties":{"occupancy":"Residential"}},{"type":"Feature","geometry":{"type":"MultiPolygon","coordinates":[[[[-118.155823,34.195983],[-118.155905,34.195787],[-118.15602,34.195821],[-118.155986,34.195902],[-118.155931,34.195886],[-118.155884,34.196],[-118.155823,34.195983]]]]},"properties":{"occupancy":"Residential"}},{"type":"Feature","geometry":{"type":"MultiPolygon","coordinates":[[[[-118.15611,34.195952],[-118.156024,34.195927],[-118.156061,34.195842],[-118.156196,34.195881],[-118.15617,34.195942],[-118.15612,34.195927],[-118.15611,34.195952]]]]},"properties":{"occupancy":"Residential"}},{"type":"Feature","geometry":{"type":"MultiPolygon","coordinates":[[[[-118.156288,34.196019],[-118.156172,34.195984],[-118.156212,34.19589],[-118.156367,34.195936],[-118.156338,34.196004],[-118.156299,34.195993],[-118.156288,34.196019]]]]},"properties":{"occupancy":"Residential"}},{"type":"Feature","geometry":{"type":"MultiPolygon","coordinates":[[[[-118.156378,34.196061],[-118.156417,34.195965],[-118.156483,34.195984],[-118.156445,34.196079],[-118.156378,34.196061]]]]},"properties":{"occupancy":"Residential"}},{"type":"Feature","geometry":{"type":"MultiPolygon","coordinates":[[[[-118.156502,34.196102],[-118.156549,34.195991],[-118.15669,34.196033],[-118.156644,34.196143],[-118.156502,34.196102]]]]},"properties":{"occupancy":"Residential"}},{"type":"Feature","geometry":{"type":"MultiPolygon","coordinates":[[[[-118.15667,34.196141],[-118.156708,34.196051],[-118.156853,34.196093],[-118.156836,34.196134],[-118.156808,34.196126],[-118.156787,34.196175],[-118.15667,34.196141]]]]},"properties":{"occupancy":"Residential"}},{"type":"Feature","geometry":{"type":"MultiPolygon","coordinates":[[[[-118.158091,34.195401],[-118.158128,34.195309],[-118.15818,34.195324],[-118.158143,34.195415],[-118.158091,34.195401]]]]},"properties":{"occupancy":"Residential"}},{"type":"Feature","geometry":{"type":"MultiPolygon","coordinates":[[[[-118.158445,34.195523],[-118.158496,34.195392],[-118.158597,34.195419],[-118.15856,34.195516],[-118.158521,34.195505],[-118.158508,34.195539],[-118.158445,34.195523]]]]},"properties":{"occupancy":"Residential"}},{"type":"Feature","geometry":{"type":"MultiPolygon","coordinates":[[[[-118.157171,34.195536],[-118.157207,34.195454],[-118.157346,34.195495],[-118.157311,34.195578],[-118.157171,34.195536]]]]},"properties":{"occupancy":"Residential"}},{"type":"Feature","geometry":{"type":"MultiPolygon","coordinates":[[[[-118.158585,34.195578],[-118.15862,34.195498],[-118.158711,34.195525],[-118.158677,34.195605],[-118.158585,34.195578]]]]},"properties":{"occupancy":"Residential"}},{"type":"Feature","geometry":{"type":"MultiPolygon","coordinates":[[[[-118.157344,34.19559],[-118.157377,34.195514],[-118.157511,34.195553],[-118.157478,34.19563],[-118.157344,34.19559]]]]},"properties":{"occupancy":"Residential"}},{"type":"Feature","geometry":{"type":"MultiPolygon","coordinates":[[[[-118.1575,34.195647],[-118.157537,34.19556],[-118.15768,34.195602],[-118.157642,34.195689],[-118.1575,34.195647]]]]},"properties":{"occupancy":"Residential"}},{"type":"Feature","geometry":{"type":"MultiPolygon","coordinates":[[[[-118.157652,34.195734],[-118.157706,34.195607],[-118.157855,34.195651],[-118.157832,34.195706],[-118.157811,34.195699],[-118.15778,34.195772],[-118.157652,34.195734]]]]},"properties":{"occupancy":"Residential"}},{"type":"Feature","geometry":{"type":"MultiPolygon","coordinates":[[[[-118.157847,34.195758],[-118.157883,34.195673],[-118.158018,34.195713],[-118.157983,34.195798],[-118.157847,34.195758]]]]},"properties":{"occupancy":"Residential"}},{"type":"Feature","geometry":{"type":"MultiPolygon","coordinates":[[[[-118.158021,34.1958],[-118.158048,34.195733],[-118.158188,34.195773],[-118.158159,34.195844],[-118.158096,34.195867],[-118.15806,34.195856],[-118.158077,34.195816],[-118.158021,34.1958]]]]},"properties":{"occupancy":"Residential"}},{"type":"Feature","geometry":{"type":"MultiPolygon","coordinates":[[[[-118.158176,34.195861],[-118.158209,34.19578],[-118.158368,34.195825],[-118.158362,34.195839],[-118.158335,34.195906],[-118.158176,34.195861]]]]},"properties":{"occupancy":"Residential"}},{"type":"Feature","geometry":{"type":"MultiPolygon","coordinates":[[[[-118.15837,34.195871],[-118.158384,34.195839],[-118.158535,34.195883],[-118.158501,34.195962],[-118.158377,34.195926],[-118.158396,34.195879],[-118.15837,34.195871]]]]},"properties":{"occupancy":"Residential"}},{"type":"Feature","geometry":{"type":"MultiPolygon","coordinates":[[[[-118.157184,34.195938],[-118.157222,34.195849],[-118.157359,34.195889],[-118.157321,34.195978],[-118.157184,34.195938]]]]},"properties":{"occupancy":"Residential"}},{"type":"Feature","geometry":{"type":"MultiPolygon","coordinates":[[[[-118.157352,34.195986],[-118.157389,34.195897],[-118.1575,34.195929],[-118.157509,34.195907],[-118.157549,34.195919],[-118.157503,34.19603],[-118.157352,34.195986]]]]},"properties":{"occupancy":"Residential"}},{"type":"Feature","geometry":{"type":"MultiPolygon","coordinates":[[[[-118.157532,34.196038],[-118.157568,34.195957],[-118.157594,34.195965],[-118.157608,34.195932],[-118.157668,34.19595],[-118.157644,34.196004],[-118.157675,34.196013],[-118.157649,34.196074],[-118.157532,34.196038]]]]},"properties":{"occupancy":"Residential"}},{"type":"Feature","geometry":{"type":"MultiPolygon","coordinates":[[[[-118.158524,34.195996],[-118.158622,34.195938],[-118.158719,34.196051],[-118.158716,34.196052],[-118.158621,34.196109],[-118.158524,34.195996]]]]},"properties":{"occupancy":"Residential"}},{"type":"Feature","geometry":{"type":"MultiPolygon","coordinates":[[[[-118.157699,34.196095],[-118.157734,34.196013],[-118.157867,34.196051],[-118.157832,34.196134],[-118.157699,34.196095]]]]},"properties":{"occupancy":"Residential"}},{"type":"Feature","geometry":{"type":"MultiPolygon","coordinates":[[[[-118.158636,34.195404],[-118.15863,34.195337],[-118.15871,34.195332],[-118.158716,34.195399],[-118.158636,34.195404]]]]},"properties":{"occupancy":"Residential"}},{"type":"Feature","geometry":{"type":"MultiPolygon","coordinates":[[[[-118.159002,34.193137],[-118.159119,34.193077],[-118.159233,34.19313],[-118.159246,34.19325],[-118.159133,34.193315],[-118.159006,34.193266],[-118.159002,34.193137]]]]},"properties":{"occupancy":"Assembly"}},{"type":"Feature","geometry":{"type":"MultiPolygon","coordinates":[[[[-118.159505,34.193378],[-118.159599,34.193192],[-118.159709,34.193231],[-118.159615,34.193416],[-118.159505,34.193378]]]]},"properties":{"occupancy":"Residential"}},{"type":"Feature","geometry":{"type":"MultiPolygon","coordinates":[[[[-118.159668,34.193416],[-118.15975,34.193254],[-118.15987,34.193296],[-118.159788,34.193458],[-118.159668,34.193416]]]]},"properties":{"occupancy":"Residential"}},{"type":"Feature","geometry":{"type":"MultiPolygon","coordinates":[[[[-118.159824,34.193469],[-118.159896,34.193326],[-118.160019,34.193369],[-118.159947,34.193512],[-118.159824,34.193469]]]]},"properties":{"occupancy":"Residential"}},{"type":"Feature","geometry":{"type":"MultiPolygon","coordinates":[[[[-118.159962,34.193542],[-118.160054,34.19336],[-118.160131,34.193387],[-118.160039,34.193569],[-118.159962,34.193542]]]]},"properties":{"occupancy":"Commercial"}},{"type":"Feature","geometry":{"type":"MultiPolygon","coordinates":[[[[-118.158967,34.193641],[-118.159001,34.193555],[-118.159105,34.193584],[-118.159072,34.193669],[-118.158967,34.193641]]]]},"properties":{"occupancy":"Residential"}},{"type":"Feature","geometry":{"type":"MultiPolygon","coordinates":[[[[-118.159237,34.193756],[-118.159271,34.193668],[-118.159357,34.19369],[-118.159322,34.193779],[-118.159237,34.193756]]]]},"properties":{"occupancy":"Residential"}},{"type":"Feature","geometry":{"type":"MultiPolygon","coordinates":[[[[-118.159433,34.193791],[-118.159459,34.193723],[-118.159557,34.19375],[-118.15953,34.193817],[-118.159433,34.193791]]]]},"properties":{"occupancy":"Residential"}},{"type":"Feature","geometry":{"type":"MultiPolygon","coordinates":[[[[-118.159549,34.19387],[-118.159584,34.193781],[-118.159683,34.193808],[-118.159648,34.193897],[-118.159549,34.19387]]]]},"properties":{"occupancy":"Residential"}},{"type":"Feature","geometry":{"type":"MultiPolygon","coordinates":[[[[-118.159072,34.193892],[-118.159109,34.193795],[-118.159283,34.193842],[-118.159245,34.193939],[-118.159072,34.193892]]]]},"properties":{"occupancy":"Residential"}},{"type":"Feature","geometry":{"type":"MultiPolygon","coordinates":[[[[-118.159871,34.194017],[-118.159932,34.193892],[-118.16002,34.193922],[-118.159959,34.194047],[-118.159871,34.194017]]]]},"properties":{"occupancy":"Residential"}},{"type":"Feature","geometry":{"type":"MultiPolygon","coordinates":[[[[-118.159077,34.194132],[-118.159117,34.194031],[-118.159343,34.194092],[-118.159304,34.194194],[-118.159077,34.194132]]]]},"properties":{"occupancy":"Residential"}},{"type":"Feature","geometry":{"type":"MultiPolygon","coordinates":[[[[-118.158987,34.194359],[-118.15905,34.194198],[-118.159141,34.194223],[-118.159077,34.194384],[-118.158987,34.194359]]]]},"properties":{"occupancy":"Residential"}},{"type":"Feature","geometry":{"type":"MultiPolygon","coordinates":[[[[-118.159408,34.194454],[-118.159465,34.194312],[-118.159567,34.19434],[-118.159509,34.194482],[-118.159408,34.194454]]]]},"properties":{"occupancy":"Residential"}},{"type":"Feature","geometry":{"type":"MultiPolygon","coordinates":[[[[-118.159178,34.1944],[-118.159203,34.19434],[-118.159267,34.194358],[-118.159283,34.194317],[-118.159386,34.194345],[-118.159346,34.194447],[-118.159178,34.1944]]]]},"properties":{"occupancy":"Residential"}},{"type":"Feature","geometry":{"type":"MultiPolygon","coordinates":[[[[-118.159537,34.194512],[-118.159615,34.194323],[-118.159666,34.194338],[-118.159644,34.19439],[-118.159726,34.194413],[-118.15967,34.19455],[-118.159537,34.194512]]]]},"properties":{"occupancy":"Residential"}},{"type":"Feature","geometry":{"type":"MultiPolygon","coordinates":[[[[-118.15975,34.19454],[-118.159784,34.194459],[-118.159881,34.194487],[-118.159847,34.194567],[-118.15975,34.19454]]]]},"properties":{"occupancy":"Residential"}},{"type":"Feature","geometry":{"type":"MultiPolygon","coordinates":[[[[-118.159876,34.194572],[-118.159901,34.19451],[-118.160033,34.194547],[-118.159991,34.194648],[-118.159898,34.194621],[-118.159914,34.194583],[-118.159876,34.194572]]]]},"properties":{"occupancy":"Residential"}},{"type":"Feature","geometry":{"type":"MultiPolygon","coordinates":[[[[-118.160021,34.194649],[-118.160069,34.194532],[-118.160179,34.194564],[-118.160162,34.194603],[-118.160192,34.194612],[-118.16016,34.194689],[-118.160021,34.194649]]]]},"properties":{"occupancy":"Residential"}},{"type":"Feature","geometry":{"type":"MultiPolygon","coordinates":[[[[-118.15905,34.194791],[-118.159087,34.194703],[-118.159209,34.194738],[-118.159144,34.194892],[-118.159083,34.194874],[-118.159111,34.194808],[-118.15905,34.194791]]]]},"properties":{"occupancy":"Residential"}},{"type":"Feature","geometry":{"type":"MultiPolygon","coordinates":[[[[-118.159206,34.194839],[-118.159245,34.194748],[-118.159393,34.194791],[-118.159354,34.194883],[-118.159206,34.194839]]]]},"properties":{"occupancy":"Residential"}},{"type":"Feature","geometry":{"type":"MultiPolygon","coordinates":[[[[-118.15935,34.194964],[-118.159416,34.194808],[-118.159541,34.194845],[-118.159489,34.194966],[-118.159489,34.194966],[-118.159452,34.194955],[-118.159437,34.19499],[-118.15935,34.194964]]]]},"properties":{"occupancy":"Residential"}},{"type":"Feature","geometry":{"type":"MultiPolygon","coordinates":[[[[-118.159526,34.194935],[-118.159565,34.194844],[-118.159705,34.194886],[-118.159666,34.194977],[-118.159664,34.194976],[-118.159526,34.194935]]]]},"properties":{"occupancy":"Residential"}},{"type":"Feature","geometry":{"type":"MultiPolygon","coordinates":[[[[-118.159699,34.194966],[-118.159728,34.194897],[-118.159855,34.194934],[-118.159808,34.195045],[-118.159754,34.195029],[-118.159699,34.194966]]]]},"properties":{"occupancy":"Residential"}},{"type":"Feature","geometry":{"type":"MultiPolygon","coordinates":[[[[-118.159855,34.195044],[-118.159894,34.194951],[-118.160001,34.194982],[-118.159962,34.195075],[-118.159855,34.195044]]]]},"properties":{"occupancy":"Residential"}},{"type":"Feature","geometry":{"type":"MultiPolygon","coordinates":[[[[-118.159988,34.195105],[-118.160039,34.194983],[-118.160135,34.19501],[-118.160108,34.195076],[-118.160144,34.195086],[-118.16012,34.195143],[-118.159988,34.195105]]]]},"properties":{"occupancy":"Residential"}},{"type":"Feature","geometry":{"type":"MultiPolygon","coordinates":[[[[-118.15906,34.195244],[-118.159127,34.19509],[-118.159438,34.195184],[-118.159371,34.195338],[-118.15906,34.195244]]]]},"properties":{"occupancy":"Education"}},{"type":"Feature","geometry":{"type":"MultiPolygon","coordinates":[[[[-118.159306,34.195555],[-118.159132,34.195502],[-118.159099,34.195492],[-118.159151,34.195375],[-118.159184,34.195385],[-118.159353,34.195437],[-118.159449,34.195466],[-118.159418,34.195538],[-118.159338,34.195513],[-118.159318,34.195559],[-118.159306,34.195555]]]]},"properties":{"occupancy":"Assembly"}},{"type":"Feature","geometry":{"type":"MultiPolygon","coordinates":[[[[-118.15974,34.194303],[-118.15963,34.194239],[-118.159669,34.194193],[-118.159779,34.194258],[-118.15974,34.194303]]]]},"properties":{"occupancy":"Residential"}},{"type":"Feature","geometry":{"type":"MultiPolygon","coordinates":[[[[-118.159211,34.195086],[-118.1591,34.195022],[-118.159146,34.194967],[-118.159257,34.195031],[-118.159211,34.195086]]]]},"properties":{"occupancy":"Residential"}},{"type":"Feature","geometry":{"type":"MultiPolygon","coordinates":[[[[-118.159929,34.195142],[-118.159917,34.195231],[-118.15981,34.195221],[-118.159822,34.195132],[-118.159929,34.195142]]]]},"properties":{"occupancy":"Residential"}},{"type":"Feature","geometry":{"type":"MultiPolygon","coordinates":[[[[-118.159691,34.195269],[-118.159813,34.195224],[-118.159835,34.195265],[-118.159712,34.19531],[-118.159691,34.195269]]]]},"properties":{"occupancy":"Education"}},{"type":"Feature","geometry":{"type":"MultiPolygon","coordinates":[[[[-118.159905,34.195269],[-118.159999,34.195312],[-118.159973,34.195351],[-118.159879,34.195308],[-118.159905,34.195269]]]]},"properties":{"occupancy":"Residential"}},{"type":"Feature","geometry":{"type":"MultiPolygon","coordinates":[[[[-118.160428,34.193334],[-118.160447,34.193287],[-118.160739,34.193369],[-118.160739,34.19337],[-118.16072,34.193416],[-118.160428,34.193334]]]]},"properties":{"occupancy":"Commercial"}},{"type":"Feature","geometry":{"type":"MultiPolygon","coordinates":[[[[-118.160732,34.193464],[-118.160785,34.19333],[-118.160907,34.193364],[-118.160854,34.193498],[-118.160732,34.193464]]]]},"properties":{"occupancy":"Residential"}},{"type":"Feature","geometry":{"type":"MultiPolygon","coordinates":[[[[-118.160916,34.193459],[-118.160946,34.193386],[-118.161027,34.193409],[-118.160996,34.193482],[-118.160916,34.193459]]]]},"properties":{"occupancy":"Residential"}},{"type":"Feature","geometry":{"type":"MultiPolygon","coordinates":[[[[-118.16019,34.193518],[-118.160233,34.193408],[-118.16057,34.193499],[-118.160528,34.193609],[-118.160526,34.193608],[-118.16019,34.193518]]]]},"properties":{"occupancy":"Commercial"}},{"type":"Feature","geometry":{"type":"MultiPolygon","coordinates":[[[[-118.161056,34.193513],[-118.161095,34.193421],[-118.161176,34.193445],[-118.161137,34.193537],[-118.161056,34.193513]]]]},"properties":{"occupancy":"Residential"}},{"type":"Feature","geometry":{"type":"MultiPolygon","coordinates":[[[[-118.160618,34.193816],[-118.160667,34.193695],[-118.160837,34.193743],[-118.160808,34.193815],[-118.160687,34.19378],[-118.160667,34.19383],[-118.160618,34.193816]]]]},"properties":{"occupancy":"Residential"}},{"type":"Feature","geometry":{"type":"MultiPolygon","coordinates":[[[[-118.160849,34.193833],[-118.160882,34.193753],[-118.161041,34.193798],[-118.160986,34.193931],[-118.160921,34.193913],[-118.160943,34.193859],[-118.160849,34.193833]]]]},"properties":{"occupancy":"Residential"}},{"type":"Feature","geometry":{"type":"MultiPolygon","coordinates":[[[[-118.160183,34.194052],[-118.160214,34.193976],[-118.160306,34.194003],[-118.160275,34.194078],[-118.160183,34.194052]]]]},"properties":{"occupancy":"Residential"}},{"type":"Feature","geometry":{"type":"MultiPolygon","coordinates":[[[[-118.160315,34.194118],[-118.160364,34.194002],[-118.160432,34.194022],[-118.160384,34.194138],[-118.160315,34.194118]]]]},"properties":{"occupancy":"Residential"}},{"type":"Feature","geometry":{"type":"MultiPolygon","coordinates":[[[[-118.160428,34.19418],[-118.160465,34.194095],[-118.160558,34.194122],[-118.160522,34.194207],[-118.160428,34.19418]]]]},"properties":{"occupancy":"Residential"}},{"type":"Feature","geometry":{"type":"MultiPolygon","coordinates":[[[[-118.160554,34.194259],[-118.160615,34.194117],[-118.160707,34.194145],[-118.160646,34.194286],[-118.160554,34.194259]]]]},"properties":{"occupancy":"Residential"}},{"type":"Feature","geometry":{"type":"MultiPolygon","coordinates":[[[[-118.160705,34.194334],[-118.160759,34.194211],[-118.160848,34.194237],[-118.160794,34.194361],[-118.160793,34.19436],[-118.160705,34.194334]]]]},"properties":{"occupancy":"Residential"}},{"type":"Feature","geometry":{"type":"MultiPolygon","coordinates":[[[[-118.160563,34.194405],[-118.160604,34.194308],[-118.160675,34.194329],[-118.160633,34.194426],[-118.160563,34.194405]]]]},"properties":{"occupancy":"Residential"}},{"type":"Feature","geometry":{"type":"MultiPolygon","coordinates":[[[[-118.160387,34.194415],[-118.160423,34.19433],[-118.16049,34.19435],[-118.160454,34.194435],[-118.160387,34.194415]]]]},"properties":{"occupancy":"Residential"}},{"type":"Feature","geometry":{"type":"MultiPolygon","coordinates":[[[[-118.160805,34.194488],[-118.160829,34.194432],[-118.160913,34.194457],[-118.160957,34.194354],[-118.161079,34.194391],[-118.161031,34.194502],[-118.161025,34.1945],[-118.160933,34.194473],[-118.160913,34.19452],[-118.160805,34.194488]]]]},"properties":{"occupancy":"Residential"}},{"type":"Feature","geometry":{"type":"MultiPolygon","coordinates":[[[[-118.160179,34.194706],[-118.160232,34.19458],[-118.160355,34.194615],[-118.160324,34.194688],[-118.160347,34.194695],[-118.160325,34.194748],[-118.160179,34.194706]]]]},"properties":{"occupancy":"Residential"}},{"type":"Feature","geometry":{"type":"MultiPolygon","coordinates":[[[[-118.160365,34.194758],[-118.160425,34.194614],[-118.160536,34.194646],[-118.160476,34.194789],[-118.160365,34.194758]]]]},"properties":{"occupancy":"Residential"}},{"type":"Feature","geometry":{"type":"MultiPolygon","coordinates":[[[[-118.160513,34.194802],[-118.160551,34.19471],[-118.160668,34.194744],[-118.16063,34.194836],[-118.160513,34.194802]]]]},"properties":{"occupancy":"Residential"}},{"type":"Feature","geometry":{"type":"MultiPolygon","coordinates":[[[[-118.160658,34.194858],[-118.160719,34.194711],[-118.160817,34.194739],[-118.160755,34.194886],[-118.160658,34.194858]]]]},"properties":{"occupancy":"Residential"}},{"type":"Feature","geometry":{"type":"MultiPolygon","coordinates":[[[[-118.160822,34.194919],[-118.160855,34.194843],[-118.160909,34.194858],[-118.16094,34.194786],[-118.16101,34.194807],[-118.160947,34.194956],[-118.160876,34.194935],[-118.160822,34.194919]]]]},"properties":{"occupancy":"Residential"}},{"type":"Feature","geometry":{"type":"MultiPolygon","coordinates":[[[[-118.161044,34.194894],[-118.161128,34.194858],[-118.161183,34.194873],[-118.161136,34.194987],[-118.161019,34.194953],[-118.161044,34.194894]]]]},"properties":{"occupancy":"Residential"}},{"type":"Feature","geometry":{"type":"MultiPolygon","coordinates":[[[[-118.160203,34.195148],[-118.160236,34.195065],[-118.160329,34.195091],[-118.160296,34.195174],[-118.160293,34.195173],[-118.160203,34.195148]]]]},"properties":{"occupancy":"Residential"}},{"type":"Feature","geometry":{"type":"MultiPolygon","coordinates":[[[[-118.160334,34.195176],[-118.160362,34.195106],[-118.160494,34.195142],[-118.160466,34.195212],[-118.160334,34.195176]]]]},"properties":{"occupancy":"Residential"}},{"type":"Feature","geometry":{"type":"MultiPolygon","coordinates":[[[[-118.160473,34.195303],[-118.160525,34.19517],[-118.160616,34.195195],[-118.160552,34.195324],[-118.160473,34.195303]]]]},"properties":{"occupancy":"Residential"}},{"type":"Feature","geometry":{"type":"MultiPolygon","coordinates":[[[[-118.160646,34.195312],[-118.160686,34.195209],[-118.160805,34.195242],[-118.160764,34.195344],[-118.160646,34.195312]]]]},"properties":{"occupancy":"Residential"}},{"type":"Feature","geometry":{"type":"MultiPolygon","coordinates":[[[[-118.160833,34.195351],[-118.160876,34.195245],[-118.161017,34.195284],[-118.160975,34.195391],[-118.160833,34.195351]]]]},"properties":{"occupancy":"Residential"}},{"type":"Feature","geometry":{"type":"MultiPolygon","coordinates":[[[[-118.161023,34.195407],[-118.161052,34.195336],[-118.16116,34.195366],[-118.161131,34.195438],[-118.161023,34.195407]]]]},"properties":{"occupancy":"Residential"}},{"type":"Feature","geometry":{"type":"MultiPolygon","coordinates":[[[[-118.160747,34.19545],[-118.160767,34.195399],[-118.160873,34.195428],[-118.160853,34.195479],[-118.160747,34.19545]]]]},"properties":{"occupancy":"Residential"}},{"type":"Feature","geometry":{"type":"MultiPolygon","coordinates":[[[[-118.160992,34.195732],[-118.160923,34.195708],[-118.160912,34.19573],[-118.160742,34.195673],[-118.160787,34.19558],[-118.160957,34.195638],[-118.160988,34.195576],[-118.161057,34.195599],[-118.161105,34.195615],[-118.160994,34.195841],[-118.160946,34.195825],[-118.160992,34.195732]]]]},"properties":{"occupancy":"Residential"}},{"type":"Feature","geometry":{"type":"MultiPolygon","coordinates":[[[[-118.160635,34.195891],[-118.160664,34.19582],[-118.160816,34.195863],[-118.160787,34.195934],[-118.160635,34.195891]]]]},"properties":{"occupancy":"Residential"}},{"type":"Feature","geometry":{"type":"MultiPolygon","coordinates":[[[[-118.160566,34.196066],[-118.160603,34.195977],[-118.160743,34.196018],[-118.160707,34.196106],[-118.160566,34.196066]]]]},"properties":{"occupancy":"Residential"}},{"type":"Feature","geometry":{"type":"MultiPolygon","coordinates":[[[[-118.16068,34.196258],[-118.160778,34.196019],[-118.160881,34.196048],[-118.160784,34.196287],[-118.160782,34.196287],[-118.16068,34.196258]]]]},"properties":{"occupancy":"Residential"}},{"type":"Feature","geometry":{"type":"MultiPolygon","coordinates":[[[[-118.160951,34.194322],[-118.160876,34.194298],[-118.160905,34.194235],[-118.16098,34.194259],[-118.160951,34.194322]]]]},"properties":{"occupancy":"Residential"}},{"type":"Feature","geometry":{"type":"MultiPolygon","coordinates":[[[[-118.160752,34.194524],[-118.160679,34.194496],[-118.160736,34.194395],[-118.160809,34.194424],[-118.160752,34.194524]]]]},"properties":{"occupancy":"Residential"}},{"type":"Feature","geometry":{"type":"MultiPolygon","coordinates":[[[[-118.161094,34.194817],[-118.161019,34.194794],[-118.161047,34.194731],[-118.161122,34.194754],[-118.161094,34.194817]]]]},"properties":{"occupancy":"Residential"}},{"type":"Feature","geometry":{"type":"MultiPolygon","coordinates":[[[[-118.161156,34.193751],[-118.161197,34.193654],[-118.161281,34.193678],[-118.161239,34.193776],[-118.161156,34.193751]]]]},"properties":{"occupancy":"Residential"}},{"type":"Feature","geometry":{"type":"MultiPolygon","coordinates":[[[[-118.161062,34.193969],[-118.161118,34.193835],[-118.161197,34.193858],[-118.161207,34.193836],[-118.16128,34.193857],[-118.161237,34.19396],[-118.161145,34.193933],[-118.161123,34.193986],[-118.161062,34.193969]]]]},"properties":{"occupancy":"Residential"}},{"type":"Feature","geometry":{"type":"MultiPolygon","coordinates":[[[[-118.161057,34.194322],[-118.161086,34.194253],[-118.161228,34.194296],[-118.161198,34.194364],[-118.161057,34.194322]]]]},"properties":{"occupancy":"Residential"}},{"type":"Feature","geometry":{"type":"MultiPolygon","coordinates":[[[[-118.16122,34.194668],[-118.161279,34.194527],[-118.161433,34.194571],[-118.161408,34.194631],[-118.16136,34.194617],[-118.161325,34.194699],[-118.16122,34.194668]]]]},"properties":{"occupancy":"Residential"}},{"type":"Feature","geometry":{"type":"MultiPolygon","coordinates":[[[[-118.161192,34.194932],[-118.161325,34.194887],[-118.161385,34.194905],[-118.161338,34.195016],[-118.161176,34.194969],[-118.161192,34.194932]]]]},"properties":{"occupancy":"Residential"}},{"type":"Feature","geometry":{"type":"MultiPolygon","coordinates":[[[[-118.161226,34.195386],[-118.161248,34.195333],[-118.161416,34.195382],[-118.161368,34.195499],[-118.161252,34.195466],[-118.161226,34.195386]]]]},"properties":{"occupancy":"Residential"}},{"type":"Feature","geometry":{"type":"MultiPolygon","coordinates":[[[[-118.15908,34.195749],[-118.159151,34.195603],[-118.159507,34.195724],[-118.159536,34.195666],[-118.159631,34.195699],[-118.159603,34.195756],[-118.159597,34.195768],[-118.159587,34.195789],[-118.159555,34.195855],[-118.159532,34.195902],[-118.159436,34.195869],[-118.159419,34.195864],[-118.15908,34.195749]]]]},"properties":{"occupancy":"Assembly"}},{"type":"Feature","geometry":{"type":"MultiPolygon","coordinates":[[[[-118.159698,34.195959],[-118.159765,34.195798],[-118.160443,34.195995],[-118.160376,34.196156],[-118.159698,34.195959]]]]},"properties":{"occupancy":"Education"}}]}