{"type":"FeatureCollection","license":"CC BY 4.0","attribution":"USA Structures, FEMA and Oak Ridge National Laboratory (CC BY 4.0)","features":[{"type":"Feature","geometry":{"type":"MultiPolygon","coordinates":[[[[-121.842577,39.833927],[-121.842568,39.833983],[-121.84264,39.83399],[-121.842655,39.833901],[-121.842784,39.833914],[-121.842751,39.834113],[-121.842349,39.834073],[-121.842364,39.833985],[-121.842464,39.833995],[-121.842477,39.833917],[-121.842577,39.833927]]]]},"properties":{"occupancy":"Residential","image_date":"2018-06-08"}},{"type":"Feature","geometry":{"type":"MultiPolygon","coordinates":[[[[-121.841565,39.838405],[-121.841669,39.838365],[-121.841707,39.838425],[-121.841604,39.838465],[-121.841565,39.838405]]]]},"properties":{"occupancy":"Residential","image_date":"2018-06-08"}},{"type":"Feature","geometry":{"type":"MultiPolygon","coordinates":[[[[-121.841694,39.839783],[-121.841868,39.839665],[-121.842002,39.839783],[-121.841828,39.8399],[-121.841694,39.839783]]]]},"properties":{"occupancy":"Agriculture","image_date":"2018-06-08"}},{"type":"Feature","geometry":{"type":"MultiPolygon","coordinates":[[[[-121.852413,39.861315],[-121.852357,39.861429],[-121.852262,39.861402],[-121.852319,39.861287],[-121.852413,39.861315]]]]},"properties":{"occupancy":"Agriculture","image_date":"2018-06-08"}},{"type":"Feature","geometry":{"type":"MultiPolygon","coordinates":[[[[-121.85183,39.861606],[-121.851923,39.861691],[-121.851868,39.861727],[-121.851774,39.861642],[-121.85183,39.861606]]]]},"properties":{"occupancy":"Agriculture","image_date":"2018-06-08"}},{"type":"Feature","geometry":{"type":"MultiPolygon","coordinates":[[[[-121.836843,39.8273],[-121.836925,39.827363],[-121.836824,39.827442],[-121.836742,39.82738],[-121.836843,39.8273]]]]},"properties":{"occupancy":"Residential","image_date":"2018-06-08"}},{"type":"Feature","geometry":{"type":"MultiPolygon","coordinates":[[[[-121.838163,39.829417],[-121.838069,39.829206],[-121.837946,39.829239],[-121.837909,39.829154],[-121.838196,39.829078],[-121.838327,39.829373],[-121.838163,39.829417]]]]},"properties":{"occupancy":"Residential","image_date":"2018-06-08"}},{"type":"Feature","geometry":{"type":"MultiPolygon","coordinates":[[[[-121.839749,39.833759],[-121.839847,39.833711],[-121.839972,39.833861],[-121.839874,39.833909],[-121.839749,39.833759]]]]},"properties":{"occupancy":"Residential","image_date":"2018-06-08"}},{"type":"Feature","geometry":{"type":"MultiPolygon","coordinates":[[[[-121.837279,39.837348],[-121.837329,39.837293],[-121.837435,39.837352],[-121.837385,39.837406],[-121.837279,39.837348]]]]},"properties":{"occupancy":"Residential","image_date":"2018-06-08"}},{"type":"Feature","geometry":{"type":"MultiPolygon","coordinates":[[[[-121.840494,39.838692],[-121.840374,39.838803],[-121.840107,39.838633],[-121.840181,39.838564],[-121.84027,39.838621],[-121.840316,39.838578],[-121.840494,39.838692]]]]},"properties":{"occupancy":"Commercial","image_date":"2018-06-08"}},{"type":"Feature","geometry":{"type":"MultiPolygon","coordinates":[[[[-121.840055,39.83881],[-121.840134,39.838904],[-121.840061,39.83894],[-121.839982,39.838847],[-121.840055,39.83881]]]]},"properties":{"occupancy":"Commercial","image_date":"2018-06-08"}},{"type":"Feature","geometry":{"type":"MultiPolygon","coordinates":[[[[-121.837131,39.84095],[-121.837165,39.840763],[-121.83738,39.840785],[-121.837356,39.840918],[-121.837285,39.84091],[-121.837275,39.840965],[-121.837131,39.84095]]]]},"properties":{"occupancy":"Residential","image_date":"2018-06-08"}},{"type":"Feature","geometry":{"type":"MultiPolygon","coordinates":[[[[-121.836817,39.841981],[-121.836988,39.841962],[-121.837005,39.842051],[-121.836833,39.84207],[-121.836817,39.841981]]]]},"properties":{"occupancy":"Residential","image_date":"2018-06-08"}},{"type":"Feature","geometry":{"type":"MultiPolygon","coordinates":[[[[-121.836867,39.842273],[-121.836932,39.842174],[-121.837216,39.842284],[-121.837151,39.842384],[-121.836867,39.842273]]]]},"properties":{"occupancy":"Residential","image_date":"2018-06-08"}},{"type":"Feature","geometry":{"type":"MultiPolygon","coordinates":[[[[-121.837093,39.842791],[-121.837053,39.84285],[-121.836951,39.842809],[-121.836991,39.84275],[-121.837093,39.842791]]]]},"properties":{"occupancy":"Residential","image_date":"2018-06-08"}},{"type":"Feature","geometry":{"type":"MultiPolygon","coordinates":[[[[-121.836625,39.841828],[-121.836635,39.841728],[-121.836678,39.841731],[-121.836668,39.841831],[-121.836625,39.841828]]]]},"properties":{"occupancy":"Residential","image_date":"2018-06-08"}},{"type":"Feature","geometry":{"type":"MultiPolygon","coordinates":[[[[-121.836553,39.843046],[-121.83664,39.843047],[-121.836638,39.843125],[-121.836551,39.843124],[-121.836553,39.843046]]]]},"properties":{"occupancy":"Residential","image_date":"2018-06-08"}},{"type":"Feature","geometry":{"type":"MultiPolygon","coordinates":[[[[-121.83666,39.829386],[-121.836746,39.829396],[-121.836732,39.829462],[-121.836646,39.829452],[-121.83666,39.829386]]]]},"properties":{"occupancy":"Residential","image_date":"2018-06-08"}},{"type":"Feature","geometry":{"type":"MultiPolygon","coordinates":[[[[-121.836435,39.827317],[-121.836236,39.827408],[-121.836125,39.827265],[-121.836274,39.827196],[-121.836326,39.827263],[-121.836499,39.827183],[-121.836574,39.827278],[-121.836536,39.827296],[-121.83664,39.827429],[-121.836554,39.82747],[-121.836435,39.827317]]]]},"properties":{"occupancy":"Residential","image_date":"2018-06-08"}},{"type":"Feature","geometry":{"type":"MultiPolygon","coordinates":[[[[-121.834424,39.828352],[-121.834278,39.828424],[-121.834168,39.828293],[-121.834314,39.828221],[-121.834424,39.828352]]]]},"properties":{"occupancy":"Residential","image_date":"2018-06-08"}},{"type":"Feature","geometry":{"type":"MultiPolygon","coordinates":[[[[-121.834305,39.828663],[-121.834289,39.828751],[-121.834031,39.828723],[-121.834047,39.828634],[-121.834305,39.828663]]]]},"properties":{"occupancy":"Residential","image_date":"2018-06-08"}},{"type":"Feature","geometry":{"type":"MultiPolygon","coordinates":[[[[-121.834266,39.828762],[-121.834266,39.828963],[-121.834179,39.828963],[-121.83418,39.828762],[-121.834266,39.828762]]]]},"properties":{"occupancy":"Residential","image_date":"2018-06-08"}},{"type":"Feature","geometry":{"type":"MultiPolygon","coordinates":[[[[-121.834275,39.841208],[-121.834189,39.841202],[-121.834197,39.841135],[-121.834283,39.841142],[-121.834275,39.841208]]]]},"properties":{"occupancy":"Residential","image_date":"2018-06-08"}},{"type":"Feature","geometry":{"type":"MultiPolygon","coordinates":[[[[-121.834322,39.841256],[-121.834492,39.841283],[-121.834466,39.841382],[-121.834537,39.841393],[-121.834508,39.841502],[-121.834238,39.841459],[-121.834265,39.841361],[-121.834364,39.841377],[-121.83437,39.841355],[-121.834299,39.841344],[-121.834322,39.841256]]]]},"properties":{"occupancy":"Residential","image_date":"2018-06-08"}},{"type":"Feature","geometry":{"type":"MultiPolygon","coordinates":[[[[-121.835738,39.842223],[-121.835808,39.842138],[-121.835759,39.842115],[-121.835806,39.842058],[-121.836111,39.842207],[-121.835995,39.842349],[-121.835738,39.842223]]]]},"properties":{"occupancy":"Commercial","image_date":"2018-06-08"}},{"type":"Feature","geometry":{"type":"MultiPolygon","coordinates":[[[[-121.835832,39.842423],[-121.835699,39.842541],[-121.835327,39.842293],[-121.83546,39.842175],[-121.835832,39.842423]]]]},"properties":{"occupancy":"Commercial","image_date":"2018-06-08"}},{"type":"Feature","geometry":{"type":"MultiPolygon","coordinates":[[[[-121.835477,39.84274],[-121.835346,39.8429],[-121.835052,39.842757],[-121.835183,39.842597],[-121.835477,39.84274]]]]},"properties":{"occupancy":"Commercial","image_date":"2018-06-08"}},{"type":"Feature","geometry":{"type":"MultiPolygon","coordinates":[[[[-121.835722,39.842979],[-121.835621,39.842936],[-121.835649,39.842897],[-121.83575,39.84294],[-121.835722,39.842979]]]]},"properties":{"occupancy":"Commercial","image_date":"2018-06-08"}},{"type":"Feature","geometry":{"type":"MultiPolygon","coordinates":[[[[-121.836441,39.84308],[-121.83636,39.842987],[-121.836408,39.842962],[-121.836489,39.843055],[-121.836441,39.84308]]]]},"properties":{"occupancy":"Residential","image_date":"2018-06-08"}},{"type":"Feature","geometry":{"type":"MultiPolygon","coordinates":[[[[-121.835776,39.843237],[-121.835661,39.843235],[-121.835663,39.843168],[-121.835778,39.84317],[-121.835776,39.843237]]]]},"properties":{"occupancy":"Residential","image_date":"2018-06-08"}},{"type":"Feature","geometry":{"type":"MultiPolygon","coordinates":[[[[-121.835794,39.843088],[-121.835934,39.843058],[-121.836017,39.843283],[-121.835878,39.843313],[-121.835794,39.843088]]]]},"properties":{"occupancy":"Residential","image_date":"2018-06-08"}},{"type":"Feature","geometry":{"type":"MultiPolygon","coordinates":[[[[-121.83503,39.843587],[-121.835073,39.843645],[-121.834998,39.843678],[-121.834955,39.84362],[-121.83503,39.843587]]]]},"properties":{"occupancy":"Residential","image_date":"2018-06-08"}},{"type":"Feature","geometry":{"type":"MultiPolygon","coordinates":[[[[-121.835287,39.84347],[-121.835406,39.843533],[-121.83526,39.843699],[-121.83514,39.843636],[-121.835287,39.84347]]]]},"properties":{"occupancy":"Residential","image_date":"2018-06-08"}},{"type":"Feature","geometry":{"type":"MultiPolygon","coordinates":[[[[-121.834284,39.843785],[-121.834346,39.84386],[-121.834114,39.843974],[-121.834052,39.843899],[-121.834284,39.843785]]]]},"properties":{"occupancy":"Residential","image_date":"2018-06-08"}},{"type":"Feature","geometry":{"type":"MultiPolygon","coordinates":[[[[-121.833559,39.844005],[-121.833819,39.844013],[-121.833814,39.844102],[-121.833554,39.844094],[-121.833559,39.844005]]]]},"properties":{"occupancy":"Residential","image_date":"2018-06-08"}},{"type":"Feature","geometry":{"type":"MultiPolygon","coordinates":[[[[-121.835848,39.844762],[-121.835741,39.844796],[-121.835719,39.844755],[-121.835826,39.844721],[-121.835848,39.844762]]]]},"properties":{"occupancy":"Agriculture","image_date":"2018-06-08"}},{"type":"Feature","geometry":{"type":"MultiPolygon","coordinates":[[[[-121.833978,39.844732],[-121.833786,39.84485],[-121.833687,39.844754],[-121.833879,39.844636],[-121.833978,39.844732]]]]},"properties":{"occupancy":"Residential","image_date":"2018-06-08"}},{"type":"Feature","geometry":{"type":"MultiPolygon","coordinates":[[[[-121.832867,39.824711],[-121.833015,39.824665],[-121.833069,39.824768],[-121.832922,39.824815],[-121.832867,39.824711]]]]},"properties":{"occupancy":"Residential","image_date":"2018-06-08"}},{"type":"Feature","geometry":{"type":"MultiPolygon","coordinates":[[[[-121.831581,39.825661],[-121.831491,39.825547],[-121.831652,39.825471],[-121.831599,39.825405],[-121.831673,39.82537],[-121.831891,39.825646],[-121.83152,39.82582],[-121.831445,39.825725],[-121.831581,39.825661]]]]},"properties":{"occupancy":"Residential","image_date":"2018-06-08"}},{"type":"Feature","geometry":{"type":"MultiPolygon","coordinates":[[[[-121.833033,39.828696],[-121.833091,39.828691],[-121.833064,39.828491],[-121.833308,39.828472],[-121.833347,39.82876],[-121.833131,39.828777],[-121.833139,39.828833],[-121.833052,39.82884],[-121.833033,39.828696]]]]},"properties":{"occupancy":"Residential","image_date":"2018-06-08"}},{"type":"Feature","geometry":{"type":"MultiPolygon","coordinates":[[[[-121.832925,39.828769],[-121.833026,39.828771],[-121.833025,39.828838],[-121.832924,39.828836],[-121.832925,39.828769]]]]},"properties":{"occupancy":"Residential","image_date":"2018-06-08"}},{"type":"Feature","geometry":{"type":"MultiPolygon","coordinates":[[[[-121.833607,39.830974],[-121.833449,39.830958],[-121.833455,39.830925],[-121.833154,39.830894],[-121.833184,39.830717],[-121.833557,39.830756],[-121.833544,39.830833],[-121.83363,39.830842],[-121.833607,39.830974]]]]},"properties":{"occupancy":"Residential","image_date":"2018-06-08"}},{"type":"Feature","geometry":{"type":"MultiPolygon","coordinates":[[[[-121.832132,39.831303],[-121.832047,39.83129],[-121.832019,39.831399],[-121.831849,39.831374],[-121.831913,39.831122],[-121.832168,39.831161],[-121.832132,39.831303]]]]},"properties":{"occupancy":"Residential","image_date":"2018-06-08"}},{"type":"Feature","geometry":{"type":"MultiPolygon","coordinates":[[[[-121.832259,39.831286],[-121.832172,39.831284],[-121.832178,39.831172],[-121.832264,39.831175],[-121.832259,39.831286]]]]},"properties":{"occupancy":"Residential","image_date":"2018-06-08"}},{"type":"Feature","geometry":{"type":"MultiPolygon","coordinates":[[[[-121.833109,39.845055],[-121.83317,39.845084],[-121.833261,39.84497],[-121.83336,39.845017],[-121.833193,39.845226],[-121.833033,39.84515],[-121.833109,39.845055]]]]},"properties":{"occupancy":"Residential","image_date":"2018-06-08"}},{"type":"Feature","geometry":{"type":"MultiPolygon","coordinates":[[[[-121.832941,39.845384],[-121.832789,39.845449],[-121.832733,39.845372],[-121.832884,39.845306],[-121.832941,39.845384]]]]},"properties":{"occupancy":"Residential","image_date":"2018-06-08"}},{"type":"Feature","geometry":{"type":"MultiPolygon","coordinates":[[[[-121.832494,39.845834],[-121.83238,39.845848],[-121.83235,39.845705],[-121.832464,39.845691],[-121.832494,39.845834]]]]},"properties":{"occupancy":"Residential","image_date":"2018-06-08"}},{"type":"Feature","geometry":{"type":"MultiPolygon","coordinates":[[[[-121.831918,39.846077],[-121.831991,39.846131],[-121.832142,39.846011],[-121.832194,39.84605],[-121.831953,39.846242],[-121.831828,39.846149],[-121.831918,39.846077]]]]},"properties":{"occupancy":"Residential","image_date":"2018-06-08"}},{"type":"Feature","geometry":{"type":"MultiPolygon","coordinates":[[[[-121.831241,39.831789],[-121.831141,39.8318],[-121.831118,39.831679],[-121.830975,39.831695],[-121.83094,39.831507],[-121.831069,39.831493],[-121.831079,39.831548],[-121.831193,39.831535],[-121.831241,39.831789]]]]},"properties":{"occupancy":"Residential","image_date":"2018-06-08"}},{"type":"Feature","geometry":{"type":"MultiPolygon","coordinates":[[[[-121.829822,39.846449],[-121.829761,39.846497],[-121.829781,39.846512],[-121.829862,39.846449],[-121.829945,39.846511],[-121.829793,39.846631],[-121.829659,39.846529],[-121.829791,39.846426],[-121.829822,39.846449]]]]},"properties":{"occupancy":"Residential","image_date":"2018-06-08"}},{"type":"Feature","geometry":{"type":"MultiPolygon","coordinates":[[[[-121.830872,39.846513],[-121.830934,39.846484],[-121.830964,39.846522],[-121.830853,39.846574],[-121.830897,39.846631],[-121.830811,39.846671],[-121.830766,39.846614],[-121.830617,39.846683],[-121.830565,39.846616],[-121.83085,39.846484],[-121.830872,39.846513]],[[-121.830828,39.84652],[-121.830766,39.846549],[-121.830788,39.846578],[-121.83085,39.846549],[-121.830828,39.84652]]]]},"properties":{"occupancy":"Residential","image_date":"2018-06-08"}},{"type":"Feature","geometry":{"type":"MultiPolygon","coordinates":[[[[-121.830094,39.846828],[-121.830196,39.84687],[-121.830148,39.846939],[-121.830046,39.846896],[-121.830094,39.846828]]]]},"properties":{"occupancy":"Residential","image_date":"2018-06-08"}},{"type":"Feature","geometry":{"type":"MultiPolygon","coordinates":[[[[-121.830376,39.846922],[-121.830358,39.846976],[-121.83019,39.846941],[-121.830239,39.846801],[-121.83035,39.846825],[-121.83032,39.846911],[-121.830376,39.846922]]]]},"properties":{"occupancy":"Residential","image_date":"2018-06-08"}},{"type":"Feature","geometry":{"type":"MultiPolygon","coordinates":[[[[-121.830054,39.847012],[-121.830145,39.847126],[-121.829887,39.847249],[-121.829818,39.847164],[-121.82999,39.847082],[-121.829968,39.847053],[-121.830054,39.847012]]]]},"properties":{"occupancy":"Residential","image_date":"2018-06-08"}},{"type":"Feature","geometry":{"type":"MultiPolygon","coordinates":[[[[-121.829727,39.847637],[-121.829649,39.847607],[-121.829591,39.847697],[-121.829461,39.847647],[-121.82965,39.847358],[-121.829792,39.847413],[-121.829747,39.847483],[-121.829811,39.847508],[-121.829727,39.847637]]]]},"properties":{"occupancy":"Residential","image_date":"2018-06-08"}},{"type":"Feature","geometry":{"type":"MultiPolygon","coordinates":[[[[-121.829151,39.848056],[-121.8294,39.847886],[-121.829496,39.84797],[-121.829248,39.84814],[-121.829151,39.848056]]]]},"properties":{"occupancy":"Residential","image_date":"2018-06-08"}},{"type":"Feature","geometry":{"type":"MultiPolygon","coordinates":[[[[-121.829268,39.848587],[-121.829167,39.848544],[-121.829316,39.848339],[-121.829417,39.848383],[-121.829268,39.848587]]]]},"properties":{"occupancy":"Residential","image_date":"2018-06-08"}},{"type":"Feature","geometry":{"type":"MultiPolygon","coordinates":[[[[-121.735301,39.793125],[-121.735531,39.793141],[-121.735523,39.793207],[-121.735293,39.793192],[-121.735301,39.793125]]]]},"properties":{"occupancy":"Agriculture","image_date":"2018-06-08"}},{"type":"Feature","geometry":{"type":"MultiPolygon","coordinates":[[[[-121.716152,39.801132],[-121.715979,39.80114],[-121.715974,39.801073],[-121.716148,39.801066],[-121.716152,39.801132]]]]},"properties":{"occupancy":"Residential","image_date":"2017-04-21"}},{"type":"Feature","geometry":{"type":"MultiPolygon","coordinates":[[[[-121.715973,39.801058],[-121.715817,39.800958],[-121.715891,39.800889],[-121.716047,39.800989],[-121.715973,39.801058]]]]},"properties":{"occupancy":"Residential","image_date":"2017-04-21"}},{"type":"Feature","geometry":{"type":"MultiPolygon","coordinates":[[[[-121.715554,39.80215],[-121.715548,39.802373],[-121.715404,39.802371],[-121.71541,39.802148],[-121.715554,39.80215]]]]},"properties":{"occupancy":"Residential","image_date":"2017-04-21"}},{"type":"Feature","geometry":{"type":"MultiPolygon","coordinates":[[[[-121.715368,39.798413],[-121.715552,39.798441],[-121.715528,39.798539],[-121.715343,39.798512],[-121.715368,39.798413]]]]},"properties":{"occupancy":"Residential","image_date":"2017-04-21"}},{"type":"Feature","geometry":{"type":"MultiPolygon","coordinates":[[[[-121.715161,39.80204],[-121.715463,39.802063],[-121.715452,39.802152],[-121.71515,39.802129],[-121.715161,39.80204]]]]},"properties":{"occupancy":"Residential","image_date":"2017-04-21"}},{"type":"Feature","geometry":{"type":"MultiPolygon","coordinates":[[[[-121.715268,39.798723],[-121.715421,39.798885],[-121.715304,39.798951],[-121.715151,39.798788],[-121.715268,39.798723]]]]},"properties":{"occupancy":"Residential","image_date":"2017-04-21"}},{"type":"Feature","geometry":{"type":"MultiPolygon","coordinates":[[[[-121.714547,39.799907],[-121.714807,39.799914],[-121.714801,39.800047],[-121.714541,39.800041],[-121.714547,39.799907]]]]},"properties":{"occupancy":"Residential","image_date":"2017-04-21"}},{"type":"Feature","geometry":{"type":"MultiPolygon","coordinates":[[[[-121.714568,39.80056],[-121.714667,39.800578],[-121.714631,39.800698],[-121.714532,39.80068],[-121.714568,39.80056]]]]},"properties":{"occupancy":"Residential","image_date":"2017-04-21"}},{"type":"Feature","geometry":{"type":"MultiPolygon","coordinates":[[[[-121.714654,39.802843],[-121.714588,39.802917],[-121.714493,39.802866],[-121.714559,39.802793],[-121.714654,39.802843]]]]},"properties":{"occupancy":"Residential","image_date":"2017-04-21"}},{"type":"Feature","geometry":{"type":"MultiPolygon","coordinates":[[[[-121.714618,39.798893],[-121.714602,39.798982],[-121.714545,39.798976],[-121.71456,39.798887],[-121.714618,39.798893]]]]},"properties":{"occupancy":"Residential","image_date":"2017-04-21"}},{"type":"Feature","geometry":{"type":"MultiPolygon","coordinates":[[[[-121.714408,39.802738],[-121.714264,39.802746],[-121.71426,39.802701],[-121.714404,39.802693],[-121.714408,39.802738]]]]},"properties":{"occupancy":"Residential","image_date":"2017-04-21"}},{"type":"Feature","geometry":{"type":"MultiPolygon","coordinates":[[[[-121.714173,39.801936],[-121.714347,39.801937],[-121.714347,39.80197],[-121.714173,39.80197],[-121.714173,39.801936]]]]},"properties":{"occupancy":"Residential","image_date":"2017-04-21"}},{"type":"Feature","geometry":{"type":"MultiPolygon","coordinates":[[[[-121.713636,39.804092],[-121.713758,39.803891],[-121.713915,39.803947],[-121.713793,39.804149],[-121.713636,39.804092]]]]},"properties":{"occupancy":"Residential","image_date":"2017-04-21"}},{"type":"Feature","geometry":{"type":"MultiPolygon","coordinates":[[[[-121.713728,39.804141],[-121.713843,39.804142],[-121.713842,39.804209],[-121.713726,39.804208],[-121.713728,39.804141]]]]},"properties":{"occupancy":"Residential","image_date":"2017-04-21"}},{"type":"Feature","geometry":{"type":"MultiPolygon","coordinates":[[[[-121.712606,39.803678],[-121.712736,39.803767],[-121.712611,39.803875],[-121.712481,39.803786],[-121.712606,39.803678]]]]},"properties":{"occupancy":"Residential","image_date":"2017-04-21"}},{"type":"Feature","geometry":{"type":"MultiPolygon","coordinates":[[[[-121.712155,39.808834],[-121.711862,39.808774],[-121.711902,39.808655],[-121.712196,39.808715],[-121.712155,39.808834]]]]},"properties":{"occupancy":"Residential","image_date":"2017-04-21"}},{"type":"Feature","geometry":{"type":"MultiPolygon","coordinates":[[[[-121.712014,39.810162],[-121.712187,39.81017],[-121.712173,39.810359],[-121.712,39.810352],[-121.712014,39.810162]]]]},"properties":{"occupancy":"Residential","image_date":"2017-04-21"}},{"type":"Feature","geometry":{"type":"MultiPolygon","coordinates":[[[[-121.711702,39.812115],[-121.711699,39.812003],[-121.711814,39.812001],[-121.711818,39.812113],[-121.711702,39.812115]]]]},"properties":{"occupancy":"Residential","image_date":"2017-04-21"}},{"type":"Feature","geometry":{"type":"MultiPolygon","coordinates":[[[[-121.711504,39.811391],[-121.711381,39.811297],[-121.711533,39.811178],[-121.711656,39.811272],[-121.711504,39.811391]]]]},"properties":{"occupancy":"Residential","image_date":"2017-04-21"}},{"type":"Feature","geometry":{"type":"MultiPolygon","coordinates":[[[[-121.711609,39.812296],[-121.711497,39.812367],[-121.711333,39.812212],[-121.711512,39.812099],[-121.711603,39.812185],[-121.711536,39.812227],[-121.711609,39.812296]]]]},"properties":{"occupancy":"Residential","image_date":"2017-04-21"}},{"type":"Feature","geometry":{"type":"MultiPolygon","coordinates":[[[[-121.711367,39.813308],[-121.711538,39.813283],[-121.711571,39.813414],[-121.7114,39.81344],[-121.711367,39.813308]]]]},"properties":{"occupancy":"Residential","image_date":"2017-04-21"}},{"type":"Feature","geometry":{"type":"MultiPolygon","coordinates":[[[[-121.711403,39.805304],[-121.71129,39.805285],[-121.711309,39.805219],[-121.711422,39.805238],[-121.711403,39.805304]]]]},"properties":{"occupancy":"Residential","image_date":"2017-04-21"}},{"type":"Feature","geometry":{"type":"MultiPolygon","coordinates":[[[[-121.711019,39.809603],[-121.71103,39.809425],[-121.711319,39.809436],[-121.711305,39.809658],[-121.711189,39.809654],[-121.711192,39.80961],[-121.711019,39.809603]]]]},"properties":{"occupancy":"Residential","image_date":"2017-04-21"}},{"type":"Feature","geometry":{"type":"MultiPolygon","coordinates":[[[[-121.711218,39.806313],[-121.711012,39.806395],[-121.710939,39.806286],[-121.711145,39.806204],[-121.711218,39.806313]]]]},"properties":{"occupancy":"Residential","image_date":"2017-04-21"}},{"type":"Feature","geometry":{"type":"MultiPolygon","coordinates":[[[[-121.710209,39.809146],[-121.710064,39.809147],[-121.710064,39.809102],[-121.710208,39.809101],[-121.710209,39.809146]]]]},"properties":{"occupancy":"Residential","image_date":"2017-04-21"}},{"type":"Feature","geometry":{"type":"MultiPolygon","coordinates":[[[[-121.710016,39.806614],[-121.709994,39.806701],[-121.709838,39.806677],[-121.70986,39.80659],[-121.710016,39.806614]]]]},"properties":{"occupancy":"Residential","image_date":"2017-04-21"}},{"type":"Feature","geometry":{"type":"MultiPolygon","coordinates":[[[[-121.707717,39.822863],[-121.707866,39.822905],[-121.707836,39.822968],[-121.707686,39.822925],[-121.707717,39.822863]]]]},"properties":{"occupancy":"Residential","image_date":"2017-04-21"}},{"type":"Feature","geometry":{"type":"MultiPolygon","coordinates":[[[[-121.763709,39.827707],[-121.763698,39.827618],[-121.763842,39.827607],[-121.763853,39.827696],[-121.763709,39.827707]]]]},"properties":{"occupancy":"Agriculture","image_date":"2018-06-08"}},{"type":"Feature","geometry":{"type":"MultiPolygon","coordinates":[[[[-121.777867,39.838361],[-121.777948,39.838424],[-121.777865,39.838487],[-121.777784,39.838423],[-121.777867,39.838361]]]]},"properties":{"occupancy":"Residential","image_date":"2018-06-08"}},{"type":"Feature","geometry":{"type":"MultiPolygon","coordinates":[[[[-121.776327,39.838654],[-121.776441,39.838667],[-121.77642,39.838777],[-121.776305,39.838764],[-121.776327,39.838654]]]]},"properties":{"occupancy":"Residential","image_date":"2018-06-08"}},{"type":"Feature","geometry":{"type":"MultiPolygon","coordinates":[[[[-121.777941,39.838836],[-121.777819,39.838776],[-121.77785,39.838738],[-121.777972,39.838798],[-121.777941,39.838836]]]]},"properties":{"occupancy":"Residential","image_date":"2018-06-08"}},{"type":"Feature","geometry":{"type":"MultiPolygon","coordinates":[[[[-121.775717,39.838789],[-121.775712,39.838878],[-121.775481,39.838871],[-121.775486,39.838782],[-121.775717,39.838789]]]]},"properties":{"occupancy":"Unclassified","image_date":"2018-06-08"}},{"type":"Feature","geometry":{"type":"MultiPolygon","coordinates":[[[[-121.776273,39.838941],[-121.776356,39.838786],[-121.776436,39.838812],[-121.776353,39.838966],[-121.776273,39.838941]]]]},"properties":{"occupancy":"Residential","image_date":"2018-06-08"}},{"type":"Feature","geometry":{"type":"MultiPolygon","coordinates":[[[[-121.775966,39.838889],[-121.775966,39.8388],[-121.776168,39.838799],[-121.776168,39.838889],[-121.775966,39.838889]]]]},"properties":{"occupancy":"Unclassified","image_date":"2018-06-08"}},{"type":"Feature","geometry":{"type":"MultiPolygon","coordinates":[[[[-121.77715,39.838908],[-121.776977,39.838965],[-121.776932,39.838883],[-121.777105,39.838826],[-121.77715,39.838908]]]]},"properties":{"occupancy":"Residential","image_date":"2018-06-08"}},{"type":"Feature","geometry":{"type":"MultiPolygon","coordinates":[[[[-121.778405,39.838831],[-121.778435,39.838917],[-121.778295,39.838946],[-121.778265,39.83886],[-121.778405,39.838831]]]]},"properties":{"occupancy":"Residential","image_date":"2018-06-08"}},{"type":"Feature","geometry":{"type":"MultiPolygon","coordinates":[[[[-121.777603,39.839001],[-121.777503,39.838955],[-121.777547,39.838898],[-121.777647,39.838943],[-121.777603,39.839001]]]]},"properties":{"occupancy":"Residential","image_date":"2018-06-08"}},{"type":"Feature","geometry":{"type":"MultiPolygon","coordinates":[[[[-121.777927,39.838903],[-121.778039,39.838924],[-121.778026,39.838967],[-121.777913,39.838947],[-121.777927,39.838903]]]]},"properties":{"occupancy":"Residential","image_date":"2018-06-08"}},{"type":"Feature","geometry":{"type":"MultiPolygon","coordinates":[[[[-121.777735,39.838905],[-121.777735,39.839017],[-121.777677,39.839017],[-121.777677,39.838905],[-121.777735,39.838905]]]]},"properties":{"occupancy":"Residential","image_date":"2018-06-08"}},{"type":"Feature","geometry":{"type":"MultiPolygon","coordinates":[[[[-121.777155,39.838959],[-121.777239,39.838974],[-121.777226,39.839017],[-121.777142,39.839002],[-121.777155,39.838959]]]]},"properties":{"occupancy":"Residential","image_date":"2018-06-08"}},{"type":"Feature","geometry":{"type":"MultiPolygon","coordinates":[[[[-121.776108,39.839051],[-121.776114,39.838974],[-121.776215,39.838978],[-121.776209,39.839056],[-121.776108,39.839051]]]]},"properties":{"occupancy":"Unclassified","image_date":"2018-06-08"}},{"type":"Feature","geometry":{"type":"MultiPolygon","coordinates":[[[[-121.778336,39.83942],[-121.778229,39.839453],[-121.778163,39.839329],[-121.778271,39.839296],[-121.778336,39.83942]]]]},"properties":{"occupancy":"Residential","image_date":"2018-06-08"}},{"type":"Feature","geometry":{"type":"MultiPolygon","coordinates":[[[[-121.781051,39.839305],[-121.781049,39.839372],[-121.780934,39.839371],[-121.780935,39.839304],[-121.781051,39.839305]]]]},"properties":{"occupancy":"Residential","image_date":"2018-06-08"}},{"type":"Feature","geometry":{"type":"MultiPolygon","coordinates":[[[[-121.781071,39.839326],[-121.781245,39.839325],[-121.781245,39.83937],[-121.781071,39.839371],[-121.781071,39.839326]]]]},"properties":{"occupancy":"Residential","image_date":"2018-06-08"}},{"type":"Feature","geometry":{"type":"MultiPolygon","coordinates":[[[[-121.704009,39.832315],[-121.704179,39.832342],[-121.704124,39.83255],[-121.703798,39.832497],[-121.703857,39.832279],[-121.70397,39.832297],[-121.703946,39.832385],[-121.703989,39.832391],[-121.704009,39.832315]]]]},"properties":{"occupancy":"Unclassified","image_date":"2017-04-21"}},{"type":"Feature","geometry":{"type":"MultiPolygon","coordinates":[[[[-121.778233,39.839504],[-121.778462,39.83948],[-121.778482,39.83959],[-121.778253,39.839614],[-121.778233,39.839504]]]]},"properties":{"occupancy":"Residential","image_date":"2018-06-08"}},{"type":"Feature","geometry":{"type":"MultiPolygon","coordinates":[[[[-121.77803,39.839511],[-121.778217,39.839498],[-121.77823,39.839609],[-121.778043,39.839622],[-121.77803,39.839511]],[[-121.778091,39.83954],[-121.778094,39.839563],[-121.778108,39.839562],[-121.778105,39.839539],[-121.778091,39.83954]]]]},"properties":{"occupancy":"Residential","image_date":"2018-06-08"}},{"type":"Feature","geometry":{"type":"MultiPolygon","coordinates":[[[[-121.778988,39.839615],[-121.778938,39.83967],[-121.77889,39.839644],[-121.77894,39.83959],[-121.778988,39.839615]]]]},"properties":{"occupancy":"Residential","image_date":"2018-06-08"}},{"type":"Feature","geometry":{"type":"MultiPolygon","coordinates":[[[[-121.777938,39.839861],[-121.777881,39.839856],[-121.777889,39.839801],[-121.777989,39.839809],[-121.778,39.839732],[-121.778158,39.839745],[-121.778171,39.839656],[-121.77843,39.839678],[-121.778439,39.839611],[-121.778568,39.839622],[-121.778513,39.84001],[-121.778255,39.839988],[-121.778242,39.840077],[-121.77807,39.840063],[-121.778077,39.840007],[-121.778178,39.840016],[-121.778186,39.83996],[-121.777927,39.839938],[-121.777938,39.839861]]]]},"properties":{"occupancy":"Residential","image_date":"2018-06-08"}},{"type":"Feature","geometry":{"type":"MultiPolygon","coordinates":[[[[-121.78081,39.839985],[-121.78041,39.839806],[-121.780541,39.839632],[-121.780941,39.839812],[-121.78081,39.839985]]]]},"properties":{"occupancy":"Residential","image_date":"2018-06-08"}},{"type":"Feature","geometry":{"type":"MultiPolygon","coordinates":[[[[-121.776813,39.839683],[-121.776966,39.839716],[-121.776943,39.83978],[-121.77679,39.839748],[-121.776813,39.839683]]]]},"properties":{"occupancy":"Residential","image_date":"2018-06-08"}},{"type":"Feature","geometry":{"type":"MultiPolygon","coordinates":[[[[-121.779026,39.839889],[-121.778913,39.839747],[-121.778987,39.839712],[-121.7791,39.839854],[-121.779026,39.839889]]]]},"properties":{"occupancy":"Residential","image_date":"2018-06-08"}},{"type":"Feature","geometry":{"type":"MultiPolygon","coordinates":[[[[-121.777167,39.839885],[-121.776999,39.839819],[-121.777059,39.83973],[-121.777226,39.839796],[-121.777167,39.839885]]]]},"properties":{"occupancy":"Unclassified","image_date":"2018-06-08"}},{"type":"Feature","geometry":{"type":"MultiPolygon","coordinates":[[[[-121.776563,39.839865],[-121.776605,39.839782],[-121.776686,39.839807],[-121.776644,39.83989],[-121.776563,39.839865]]]]},"properties":{"occupancy":"Residential","image_date":"2018-06-08"}},{"type":"Feature","geometry":{"type":"MultiPolygon","coordinates":[[[[-121.779325,39.839803],[-121.779728,39.839893],[-121.779696,39.839978],[-121.779293,39.839889],[-121.779325,39.839803]]]]},"properties":{"occupancy":"Residential","image_date":"2018-06-08"}},{"type":"Feature","geometry":{"type":"MultiPolygon","coordinates":[[[[-121.777185,39.840091],[-121.777041,39.840085],[-121.777047,39.839996],[-121.777192,39.840002],[-121.777185,39.840091]]]]},"properties":{"occupancy":"Unclassified","image_date":"2018-06-08"}},{"type":"Feature","geometry":{"type":"MultiPolygon","coordinates":[[[[-121.776912,39.840019],[-121.776906,39.840086],[-121.77682,39.840081],[-121.776826,39.840014],[-121.776912,39.840019]]]]},"properties":{"occupancy":"Residential","image_date":"2018-06-08"}},{"type":"Feature","geometry":{"type":"MultiPolygon","coordinates":[[[[-121.78181,39.840158],[-121.7818,39.840236],[-121.78098,39.840169],[-121.780991,39.840091],[-121.78181,39.840158]]]]},"properties":{"occupancy":"Residential","image_date":"2018-06-08"}},{"type":"Feature","geometry":{"type":"MultiPolygon","coordinates":[[[[-121.761002,39.840205],[-121.760771,39.84032],[-121.760685,39.840217],[-121.760916,39.840102],[-121.761002,39.840205]]]]},"properties":{"occupancy":"Agriculture","image_date":"2018-06-08"}},{"type":"Feature","geometry":{"type":"MultiPolygon","coordinates":[[[[-121.784477,39.840232],[-121.784592,39.840241],[-121.784585,39.840307],[-121.784469,39.840299],[-121.784477,39.840232]]]]},"properties":{"occupancy":"Unclassified","image_date":"2018-06-08"}},{"type":"Feature","geometry":{"type":"MultiPolygon","coordinates":[[[[-121.777694,39.840412],[-121.777677,39.840267],[-121.777907,39.840251],[-121.777934,39.840473],[-121.777804,39.840482],[-121.777795,39.840405],[-121.777694,39.840412]]]]},"properties":{"occupancy":"Residential","image_date":"2018-06-08"}},{"type":"Feature","geometry":{"type":"MultiPolygon","coordinates":[[[[-121.781507,39.840389],[-121.781516,39.840278],[-121.78166,39.840285],[-121.781652,39.840396],[-121.781507,39.840389]]]]},"properties":{"occupancy":"Residential","image_date":"2018-06-08"}},{"type":"Feature","geometry":{"type":"MultiPolygon","coordinates":[[[[-121.779523,39.84047],[-121.779458,39.840595],[-121.779217,39.84052],[-121.779249,39.840458],[-121.779356,39.840491],[-121.779388,39.840429],[-121.779523,39.84047]]]]},"properties":{"occupancy":"Residential","image_date":"2018-06-08"}},{"type":"Feature","geometry":{"type":"MultiPolygon","coordinates":[[[[-121.778773,39.840549],[-121.778767,39.840605],[-121.778638,39.840597],[-121.778653,39.840452],[-121.779071,39.840479],[-121.779061,39.840567],[-121.778773,39.840549]]]]},"properties":{"occupancy":"Residential","image_date":"2018-06-08"}},{"type":"Feature","geometry":{"type":"MultiPolygon","coordinates":[[[[-121.779203,39.840589],[-121.779088,39.840588],[-121.779089,39.840454],[-121.779205,39.840455],[-121.779203,39.840589]]]]},"properties":{"occupancy":"Residential","image_date":"2018-06-08"}},{"type":"Feature","geometry":{"type":"MultiPolygon","coordinates":[[[[-121.7782,39.840559],[-121.778083,39.8407],[-121.777986,39.840652],[-121.778102,39.840511],[-121.7782,39.840559]]]]},"properties":{"occupancy":"Unclassified","image_date":"2018-06-08"}},{"type":"Feature","geometry":{"type":"MultiPolygon","coordinates":[[[[-121.777717,39.840556],[-121.777803,39.840551],[-121.777813,39.840639],[-121.777727,39.840645],[-121.777717,39.840556]]]]},"properties":{"occupancy":"Residential","image_date":"2018-06-08"}},{"type":"Feature","geometry":{"type":"MultiPolygon","coordinates":[[[[-121.777831,39.84102],[-121.777865,39.840935],[-121.777921,39.840948],[-121.777886,39.841033],[-121.777831,39.84102]]]]},"properties":{"occupancy":"Residential","image_date":"2018-06-08"}},{"type":"Feature","geometry":{"type":"MultiPolygon","coordinates":[[[[-121.783544,39.841656],[-121.783363,39.841696],[-121.783339,39.841632],[-121.78352,39.841591],[-121.783544,39.841656]]]]},"properties":{"occupancy":"Residential","image_date":"2018-06-08"}},{"type":"Feature","geometry":{"type":"MultiPolygon","coordinates":[[[[-121.757611,39.846036],[-121.757723,39.846106],[-121.757668,39.846158],[-121.757556,39.846087],[-121.757611,39.846036]]]]},"properties":{"occupancy":"Agriculture","image_date":"2018-06-08"}},{"type":"Feature","geometry":{"type":"MultiPolygon","coordinates":[[[[-121.702038,39.844558],[-121.702016,39.844471],[-121.702229,39.844439],[-121.702251,39.844527],[-121.702038,39.844558]]]]},"properties":{"occupancy":"Agriculture","image_date":"2017-04-21"}},{"type":"Feature","geometry":{"type":"MultiPolygon","coordinates":[[[[-121.701583,39.845344],[-121.701641,39.845267],[-121.701741,39.845312],[-121.701683,39.845389],[-121.701583,39.845344]]]]},"properties":{"occupancy":"Agriculture","image_date":"2017-04-21"}},{"type":"Feature","geometry":{"type":"MultiPolygon","coordinates":[[[[-121.702805,39.845414],[-121.702667,39.845558],[-121.702551,39.845491],[-121.702688,39.845348],[-121.702805,39.845414]]]]},"properties":{"occupancy":"Agriculture","image_date":"2017-04-21"}},{"type":"Feature","geometry":{"type":"MultiPolygon","coordinates":[[[[-121.702278,39.84557],[-121.702224,39.845622],[-121.702179,39.845594],[-121.702233,39.845542],[-121.702278,39.84557]]]]},"properties":{"occupancy":"Agriculture","image_date":"2017-04-21"}},{"type":"Feature","geometry":{"type":"MultiPolygon","coordinates":[[[[-121.691272,39.845673],[-121.691473,39.84561],[-121.691576,39.845806],[-121.691375,39.845869],[-121.691272,39.845673]]]]},"properties":{"occupancy":"Unclassified","image_date":"2017-04-21"}},{"type":"Feature","geometry":{"type":"MultiPolygon","coordinates":[[[[-121.691318,39.846317],[-121.691299,39.846083],[-121.691515,39.846073],[-121.691534,39.846306],[-121.691318,39.846317]]]]},"properties":{"occupancy":"Unclassified","image_date":"2017-04-21"}},{"type":"Feature","geometry":{"type":"MultiPolygon","coordinates":[[[[-121.691434,39.846573],[-121.691563,39.846584],[-121.691555,39.84664],[-121.691296,39.846617],[-121.691334,39.846362],[-121.691535,39.84638],[-121.691525,39.846446],[-121.691453,39.84644],[-121.691434,39.846573]]]]},"properties":{"occupancy":"Residential","image_date":"2017-04-21"}},{"type":"Feature","geometry":{"type":"MultiPolygon","coordinates":[[[[-121.69145,39.846894],[-121.691268,39.846857],[-121.691324,39.846695],[-121.691506,39.846732],[-121.69145,39.846894]]]]},"properties":{"occupancy":"Residential","image_date":"2017-04-21"}},{"type":"Feature","geometry":{"type":"MultiPolygon","coordinates":[[[[-121.692132,39.846794],[-121.692134,39.847006],[-121.691903,39.847007],[-121.691901,39.846796],[-121.692132,39.846794]],[[-121.691974,39.846884],[-121.691974,39.846829],[-121.691945,39.846829],[-121.691945,39.846884],[-121.691974,39.846884]]]]},"properties":{"occupancy":"Residential","image_date":"2017-04-21"}},{"type":"Feature","geometry":{"type":"MultiPolygon","coordinates":[[[[-121.691409,39.846955],[-121.691439,39.846869],[-121.691551,39.846892],[-121.691521,39.846978],[-121.691409,39.846955]]]]},"properties":{"occupancy":"Unclassified","image_date":"2017-04-21"}},{"type":"Feature","geometry":{"type":"MultiPolygon","coordinates":[[[[-121.691329,39.847285],[-121.691103,39.847247],[-121.691174,39.846996],[-121.691499,39.847051],[-121.691471,39.847149],[-121.691372,39.847132],[-121.691329,39.847285]]]]},"properties":{"occupancy":"Unclassified","image_date":"2017-04-21"}},{"type":"Feature","geometry":{"type":"MultiPolygon","coordinates":[[[[-121.691783,39.847353],[-121.69178,39.847197],[-121.691997,39.847194],[-121.692,39.84735],[-121.691783,39.847353]],[[-121.691839,39.847229],[-121.691839,39.847263],[-121.691883,39.847262],[-121.691882,39.847229],[-121.691839,39.847229]]]]},"properties":{"occupancy":"Residential","image_date":"2017-04-21"}},{"type":"Feature","geometry":{"type":"MultiPolygon","coordinates":[[[[-121.691294,39.847518],[-121.691121,39.847509],[-121.691117,39.847554],[-121.690958,39.847545],[-121.690975,39.847356],[-121.691048,39.84736],[-121.691044,39.847404],[-121.691303,39.847418],[-121.691294,39.847518]]]]},"properties":{"occupancy":"Residential","image_date":"2017-04-21"}},{"type":"Feature","geometry":{"type":"MultiPolygon","coordinates":[[[[-121.691773,39.84748],[-121.691884,39.847552],[-121.691745,39.84768],[-121.691634,39.847609],[-121.691773,39.84748]]]]},"properties":{"occupancy":"Residential","image_date":"2017-04-21"}},{"type":"Feature","geometry":{"type":"MultiPolygon","coordinates":[[[[-121.690969,39.847888],[-121.690859,39.847859],[-121.690944,39.847669],[-121.691149,39.847723],[-121.691116,39.847797],[-121.69102,39.847772],[-121.690969,39.847888]]]]},"properties":{"occupancy":"Residential","image_date":"2017-04-21"}},{"type":"Feature","geometry":{"type":"MultiPolygon","coordinates":[[[[-121.690649,39.848132],[-121.69048,39.848046],[-121.690663,39.847832],[-121.690941,39.847973],[-121.690877,39.848048],[-121.690768,39.847992],[-121.690649,39.848132]]]]},"properties":{"occupancy":"Residential","image_date":"2018-09-10"}},{"type":"Feature","geometry":{"type":"MultiPolygon","coordinates":[[[[-121.691201,39.848227],[-121.691463,39.848321],[-121.69139,39.848442],[-121.691128,39.848348],[-121.691201,39.848227]]]]},"properties":{"occupancy":"Residential","image_date":"2017-04-21"}},{"type":"Feature","geometry":{"type":"MultiPolygon","coordinates":[[[[-121.69034,39.848299],[-121.690425,39.848314],[-121.690448,39.848238],[-121.690757,39.848294],[-121.690748,39.848326],[-121.690593,39.848299],[-121.690553,39.848429],[-121.690314,39.848386],[-121.69034,39.848299]]]]},"properties":{"occupancy":"Residential","image_date":"2018-09-10"}},{"type":"Feature","geometry":{"type":"MultiPolygon","coordinates":[[[[-121.690342,39.848505],[-121.690565,39.848584],[-121.690517,39.848665],[-121.690595,39.848693],[-121.690523,39.848815],[-121.6903,39.848736],[-121.69033,39.848685],[-121.690251,39.848657],[-121.690342,39.848505]]]]},"properties":{"occupancy":"Residential","image_date":"2018-09-10"}},{"type":"Feature","geometry":{"type":"MultiPolygon","coordinates":[[[[-121.690539,39.848934],[-121.690444,39.849059],[-121.690544,39.849104],[-121.690493,39.849172],[-121.690243,39.849059],[-121.69039,39.848867],[-121.690539,39.848934]]]]},"properties":{"occupancy":"Unclassified","image_date":"2018-09-10"}},{"type":"Feature","geometry":{"type":"MultiPolygon","coordinates":[[[[-121.690107,39.849525],[-121.690157,39.849374],[-121.690087,39.84936],[-121.690126,39.849241],[-121.69056,39.849326],[-121.690539,39.849391],[-121.690357,39.849355],[-121.690289,39.84956],[-121.690107,39.849525]]]]},"properties":{"occupancy":"Unclassified","image_date":"2018-09-10"}},{"type":"Feature","geometry":{"type":"MultiPolygon","coordinates":[[[[-121.690041,39.8498],[-121.690085,39.849803],[-121.690098,39.849647],[-121.690286,39.849657],[-121.690263,39.849912],[-121.690004,39.849899],[-121.69002,39.84971],[-121.690049,39.849711],[-121.690041,39.8498]]]]},"properties":{"occupancy":"Unclassified","image_date":"2018-09-10"}},{"type":"Feature","geometry":{"type":"MultiPolygon","coordinates":[[[[-121.690146,39.850065],[-121.690342,39.850026],[-121.690414,39.850242],[-121.690218,39.850281],[-121.690146,39.850065]]]]},"properties":{"occupancy":"Unclassified","image_date":"2018-09-10"}},{"type":"Feature","geometry":{"type":"MultiPolygon","coordinates":[[[[-121.69016,39.850406],[-121.690094,39.850518],[-121.689883,39.850444],[-121.689991,39.850261],[-121.690386,39.8504],[-121.690344,39.850471],[-121.69016,39.850406]]]]},"properties":{"occupancy":"Unclassified","image_date":"2018-09-10"}},{"type":"Feature","geometry":{"type":"MultiPolygon","coordinates":[[[[-121.689664,39.850822],[-121.689744,39.850643],[-121.689799,39.850658],[-121.689837,39.850573],[-121.690165,39.850661],[-121.690132,39.850735],[-121.68994,39.850684],[-121.689855,39.850873],[-121.689664,39.850822]]]]},"properties":{"occupancy":"Unclassified","image_date":"2018-09-10"}},{"type":"Feature","geometry":{"type":"MultiPolygon","coordinates":[[[[-121.693476,39.85098],[-121.693366,39.851069],[-121.693419,39.851107],[-121.693349,39.851164],[-121.693034,39.850933],[-121.693134,39.850853],[-121.69326,39.850945],[-121.69334,39.85088],[-121.693476,39.85098]]]]},"properties":{"occupancy":"Residential","image_date":"2017-04-21"}},{"type":"Feature","geometry":{"type":"MultiPolygon","coordinates":[[[[-121.694055,39.851157],[-121.694028,39.85107],[-121.693845,39.851105],[-121.693811,39.850996],[-121.694134,39.850935],[-121.694196,39.85113],[-121.694055,39.851157]]]]},"properties":{"occupancy":"Residential","image_date":"2017-04-21"}},{"type":"Feature","geometry":{"type":"MultiPolygon","coordinates":[[[[-121.6897,39.851276],[-121.689597,39.851044],[-121.689762,39.851001],[-121.689865,39.851233],[-121.6897,39.851276]]]]},"properties":{"occupancy":"Unclassified","image_date":"2018-09-10"}},{"type":"Feature","geometry":{"type":"MultiPolygon","coordinates":[[[[-121.694046,39.851325],[-121.694083,39.851218],[-121.694404,39.851284],[-121.694322,39.851521],[-121.694196,39.851495],[-121.694241,39.851366],[-121.694046,39.851325]]]]},"properties":{"occupancy":"Residential","image_date":"2017-04-21"}},{"type":"Feature","geometry":{"type":"MultiPolygon","coordinates":[[[[-121.693421,39.851539],[-121.693299,39.851415],[-121.693379,39.851367],[-121.693502,39.851491],[-121.693421,39.851539]]]]},"properties":{"occupancy":"Residential","image_date":"2017-04-21"}},{"type":"Feature","geometry":{"type":"MultiPolygon","coordinates":[[[[-121.820412,39.829197],[-121.820623,39.829123],[-121.820671,39.829204],[-121.82046,39.829279],[-121.820412,39.829197]]]]},"properties":{"occupancy":"Residential","image_date":"2018-06-08"}},{"type":"Feature","geometry":{"type":"MultiPolygon","coordinates":[[[[-121.820221,39.829262],[-121.820391,39.829201],[-121.820465,39.829322],[-121.820295,39.829383],[-121.820221,39.829262]]]]},"properties":{"occupancy":"Residential","image_date":"2018-06-08"}},{"type":"Feature","geometry":{"type":"MultiPolygon","coordinates":[[[[-121.81954,39.829472],[-121.819424,39.829471],[-121.819422,39.829571],[-121.819321,39.82957],[-121.819325,39.829358],[-121.819542,39.829361],[-121.81954,39.829472]]]]},"properties":{"occupancy":"Residential","image_date":"2018-06-08"}},{"type":"Feature","geometry":{"type":"MultiPolygon","coordinates":[[[[-121.820356,39.854013],[-121.820267,39.854101],[-121.820187,39.854053],[-121.820276,39.853965],[-121.820356,39.854013]]]]},"properties":{"occupancy":"Residential","image_date":"2018-06-08"}},{"type":"Feature","geometry":{"type":"MultiPolygon","coordinates":[[[[-121.819732,39.854547],[-121.819845,39.854404],[-121.819968,39.854462],[-121.819856,39.854605],[-121.819732,39.854547]]]]},"properties":{"occupancy":"Residential","image_date":"2018-06-08"}},{"type":"Feature","geometry":{"type":"MultiPolygon","coordinates":[[[[-121.809913,39.830899],[-121.80988,39.830961],[-121.809746,39.830919],[-121.809778,39.830857],[-121.809913,39.830899]]]]},"properties":{"occupancy":"Residential","image_date":"2018-06-08"}},{"type":"Feature","geometry":{"type":"MultiPolygon","coordinates":[[[[-121.81035,39.831454],[-121.810024,39.831504],[-121.809999,39.831406],[-121.810325,39.831356],[-121.81035,39.831454]]]]},"properties":{"occupancy":"Residential","image_date":"2018-06-08"}},{"type":"Feature","geometry":{"type":"MultiPolygon","coordinates":[[[[-121.816911,39.840014],[-121.816828,39.840059],[-121.816779,39.840003],[-121.816862,39.839959],[-121.816911,39.840014]]]]},"properties":{"occupancy":"Residential","image_date":"2018-06-08"}},{"type":"Feature","geometry":{"type":"MultiPolygon","coordinates":[[[[-121.817024,39.840155],[-121.817084,39.840124],[-121.817246,39.840308],[-121.817127,39.840371],[-121.816923,39.840141],[-121.816983,39.840109],[-121.817024,39.840155]]]]},"properties":{"occupancy":"Residential","image_date":"2018-06-08"}},{"type":"Feature","geometry":{"type":"MultiPolygon","coordinates":[[[[-121.813616,39.84179],[-121.813676,39.842019],[-121.813562,39.842037],[-121.813502,39.841807],[-121.813616,39.84179]]]]},"properties":{"occupancy":"Residential","image_date":"2018-06-08"}},{"type":"Feature","geometry":{"type":"MultiPolygon","coordinates":[[[[-121.812424,39.845329],[-121.812806,39.845431],[-121.81275,39.845557],[-121.812367,39.845456],[-121.812424,39.845329]]]]},"properties":{"occupancy":"Residential","image_date":"2018-06-08"}},{"type":"Feature","geometry":{"type":"MultiPolygon","coordinates":[[[[-121.813388,39.845632],[-121.813318,39.845671],[-121.813071,39.84541],[-121.813211,39.845331],[-121.813416,39.845547],[-121.813345,39.845587],[-121.813388,39.845632]]]]},"properties":{"occupancy":"Residential","image_date":"2018-06-08"}},{"type":"Feature","geometry":{"type":"MultiPolygon","coordinates":[[[[-121.817113,39.848577],[-121.816898,39.848669],[-121.816785,39.848514],[-121.816999,39.848421],[-121.817113,39.848577]]]]},"properties":{"occupancy":"Residential","image_date":"2018-06-08"}},{"type":"Feature","geometry":{"type":"MultiPolygon","coordinates":[[[[-121.816689,39.848751],[-121.816825,39.848714],[-121.816864,39.848798],[-121.816727,39.848836],[-121.816689,39.848751]]]]},"properties":{"occupancy":"Residential","image_date":"2018-06-08"}},{"type":"Feature","geometry":{"type":"MultiPolygon","coordinates":[[[[-121.828142,39.831233],[-121.828182,39.83108],[-121.827955,39.831045],[-121.827972,39.83098],[-121.827887,39.830967],[-121.827913,39.830868],[-121.82821,39.830914],[-121.828196,39.830969],[-121.828338,39.830991],[-121.82827,39.831253],[-121.828142,39.831233]]]]},"properties":{"occupancy":"Residential","image_date":"2018-06-08"}},{"type":"Feature","geometry":{"type":"MultiPolygon","coordinates":[[[[-121.82644,39.844154],[-121.826525,39.844012],[-121.826683,39.844069],[-121.826598,39.84421],[-121.82644,39.844154]]]]},"properties":{"occupancy":"Residential","image_date":"2018-06-08"}},{"type":"Feature","geometry":{"type":"MultiPolygon","coordinates":[[[[-121.82731,39.844233],[-121.827307,39.844299],[-121.827234,39.844297],[-121.827238,39.84423],[-121.82731,39.844233]]]]},"properties":{"occupancy":"Residential","image_date":"2018-06-08"}},{"type":"Feature","geometry":{"type":"MultiPolygon","coordinates":[[[[-121.828754,39.84721],[-121.828849,39.847261],[-121.8288,39.847316],[-121.828705,39.847265],[-121.828754,39.84721]]]]},"properties":{"occupancy":"Residential","image_date":"2018-06-08"}},{"type":"Feature","geometry":{"type":"MultiPolygon","coordinates":[[[[-121.828101,39.847676],[-121.828041,39.847645],[-121.828167,39.847496],[-121.8283,39.847563],[-121.828094,39.847806],[-121.828022,39.847769],[-121.828101,39.847676]]]]},"properties":{"occupancy":"Residential","image_date":"2018-06-08"}},{"type":"Feature","geometry":{"type":"MultiPolygon","coordinates":[[[[-121.827135,39.848184],[-121.827143,39.848118],[-121.827301,39.848129],[-121.827293,39.848196],[-121.827135,39.848184]]]]},"properties":{"occupancy":"Residential","image_date":"2018-06-08"}},{"type":"Feature","geometry":{"type":"MultiPolygon","coordinates":[[[[-121.827168,39.848211],[-121.827255,39.848218],[-121.827243,39.848306],[-121.827156,39.848299],[-121.827168,39.848211]]]]},"properties":{"occupancy":"Residential","image_date":"2018-06-08"}},{"type":"Feature","geometry":{"type":"MultiPolygon","coordinates":[[[[-121.829024,39.848584],[-121.829117,39.848697],[-121.828946,39.84878],[-121.828853,39.848667],[-121.829024,39.848584]]]]},"properties":{"occupancy":"Residential","image_date":"2018-06-08"}},{"type":"Feature","geometry":{"type":"MultiPolygon","coordinates":[[[[-121.828813,39.849158],[-121.82877,39.849216],[-121.828607,39.849145],[-121.828778,39.848912],[-121.828891,39.848962],[-121.828763,39.849136],[-121.828813,39.849158]]]]},"properties":{"occupancy":"Residential","image_date":"2018-06-08"}},{"type":"Feature","geometry":{"type":"MultiPolygon","coordinates":[[[[-121.826292,39.849166],[-121.826259,39.849117],[-121.826349,39.849081],[-121.826382,39.84913],[-121.826292,39.849166]]]]},"properties":{"occupancy":"Residential","image_date":"2018-06-08"}},{"type":"Feature","geometry":{"type":"MultiPolygon","coordinates":[[[[-121.828217,39.849327],[-121.828263,39.849198],[-121.828486,39.849246],[-121.82844,39.849375],[-121.828217,39.849327]]]]},"properties":{"occupancy":"Residential","image_date":"2018-06-08"}},{"type":"Feature","geometry":{"type":"MultiPolygon","coordinates":[[[[-121.828257,39.849697],[-121.828073,39.849667],[-121.828114,39.849515],[-121.828185,39.849526],[-121.828161,39.849613],[-121.828275,39.849632],[-121.828257,39.849697]]]]},"properties":{"occupancy":"Residential","image_date":"2018-06-08"}},{"type":"Feature","geometry":{"type":"MultiPolygon","coordinates":[[[[-121.827161,39.850095],[-121.827115,39.849943],[-121.827369,39.849897],[-121.827415,39.850049],[-121.827161,39.850095]]]]},"properties":{"occupancy":"Residential","image_date":"2018-06-08"}},{"type":"Feature","geometry":{"type":"MultiPolygon","coordinates":[[[[-121.826626,39.850667],[-121.826479,39.850595],[-121.826573,39.850482],[-121.826719,39.850554],[-121.826626,39.850667]]]]},"properties":{"occupancy":"Residential","image_date":"2018-06-08"}},{"type":"Feature","geometry":{"type":"MultiPolygon","coordinates":[[[[-121.824344,39.851057],[-121.824595,39.851207],[-121.824471,39.85133],[-121.82422,39.85118],[-121.824344,39.851057]]]]},"properties":{"occupancy":"Agriculture","image_date":"2018-06-08"}},{"type":"Feature","geometry":{"type":"MultiPolygon","coordinates":[[[[-121.825687,39.851446],[-121.825594,39.851414],[-121.825701,39.85123],[-121.825793,39.851262],[-121.825687,39.851446]]]]},"properties":{"occupancy":"Residential","image_date":"2018-06-08"}},{"type":"Feature","geometry":{"type":"MultiPolygon","coordinates":[[[[-121.824258,39.851487],[-121.824357,39.851534],[-121.824282,39.851629],[-121.824183,39.851583],[-121.824258,39.851487]]]]},"properties":{"occupancy":"Agriculture","image_date":"2018-06-08"}},{"type":"Feature","geometry":{"type":"MultiPolygon","coordinates":[[[[-121.69365,39.851802],[-121.693493,39.851859],[-121.693432,39.851758],[-121.693589,39.851701],[-121.69365,39.851802]]]]},"properties":{"occupancy":"Residential","image_date":"2017-04-21"}},{"type":"Feature","geometry":{"type":"MultiPolygon","coordinates":[[[[-121.689808,39.852024],[-121.689664,39.852036],[-121.689635,39.851825],[-121.689778,39.851813],[-121.689808,39.852024]]]]},"properties":{"occupancy":"Residential","image_date":"2018-09-10"}},{"type":"Feature","geometry":{"type":"MultiPolygon","coordinates":[[[[-121.693469,39.851944],[-121.693488,39.851856],[-121.693602,39.85187],[-121.693584,39.851958],[-121.693469,39.851944]]]]},"properties":{"occupancy":"Residential","image_date":"2017-04-21"}},{"type":"Feature","geometry":{"type":"MultiPolygon","coordinates":[[[[-121.694287,39.851986],[-121.694447,39.851935],[-121.694574,39.852172],[-121.694413,39.852223],[-121.694287,39.851986]]]]},"properties":{"occupancy":"Residential","image_date":"2017-04-21"}},{"type":"Feature","geometry":{"type":"MultiPolygon","coordinates":[[[[-121.693656,39.852166],[-121.69362,39.852354],[-121.693434,39.852333],[-121.693485,39.852068],[-121.693356,39.852053],[-121.693369,39.851987],[-121.693569,39.85201],[-121.693561,39.852054],[-121.693604,39.852059],[-121.693585,39.852158],[-121.693656,39.852166]]]]},"properties":{"occupancy":"Residential","image_date":"2017-04-21"}},{"type":"Feature","geometry":{"type":"MultiPolygon","coordinates":[[[[-121.694355,39.852293],[-121.694456,39.852292],[-121.694462,39.852571],[-121.694361,39.852572],[-121.694355,39.852293]]]]},"properties":{"occupancy":"Residential","image_date":"2017-04-21"}},{"type":"Feature","geometry":{"type":"MultiPolygon","coordinates":[[[[-121.693488,39.852437],[-121.693603,39.852443],[-121.693586,39.852654],[-121.693701,39.85266],[-121.693696,39.852727],[-121.693537,39.852719],[-121.693542,39.852663],[-121.69347,39.85266],[-121.693488,39.852437]]]]},"properties":{"occupancy":"Residential","image_date":"2017-04-21"}},{"type":"Feature","geometry":{"type":"MultiPolygon","coordinates":[[[[-121.689482,39.852639],[-121.689355,39.852661],[-121.689304,39.852487],[-121.689431,39.852465],[-121.689482,39.852639]]]]},"properties":{"occupancy":"Residential","image_date":"2018-09-10"}},{"type":"Feature","geometry":{"type":"MultiPolygon","coordinates":[[[[-121.694236,39.852592],[-121.69424,39.852503],[-121.694327,39.852505],[-121.694323,39.852594],[-121.694236,39.852592]]]]},"properties":{"occupancy":"Residential","image_date":"2017-04-21"}},{"type":"Feature","geometry":{"type":"MultiPolygon","coordinates":[[[[-121.693728,39.853005],[-121.693692,39.853112],[-121.693468,39.853067],[-121.693541,39.852852],[-121.693695,39.852883],[-121.693658,39.85299],[-121.693728,39.853005]]]]},"properties":{"occupancy":"Residential","image_date":"2017-04-21"}},{"type":"Feature","geometry":{"type":"MultiPolygon","coordinates":[[[[-121.689942,39.853017],[-121.690025,39.852998],[-121.690076,39.853125],[-121.689993,39.853145],[-121.689942,39.853017]]]]},"properties":{"occupancy":"Unclassified","image_date":"2018-09-10"}},{"type":"Feature","geometry":{"type":"MultiPolygon","coordinates":[[[[-121.690068,39.853149],[-121.690124,39.853276],[-121.690056,39.853294],[-121.69,39.853167],[-121.690068,39.853149]]]]},"properties":{"occupancy":"Unclassified","image_date":"2018-09-10"}},{"type":"Feature","geometry":{"type":"MultiPolygon","coordinates":[[[[-121.689166,39.853303],[-121.688996,39.853331],[-121.689024,39.853429],[-121.688854,39.853458],[-121.688818,39.853327],[-121.689044,39.853289],[-121.689023,39.853213],[-121.689136,39.853194],[-121.689166,39.853303]]]]},"properties":{"occupancy":"Residential","image_date":"2018-09-10"}},{"type":"Feature","geometry":{"type":"MultiPolygon","coordinates":[[[[-121.693494,39.853221],[-121.693639,39.853224],[-121.69363,39.853458],[-121.693486,39.853455],[-121.693494,39.853221]]]]},"properties":{"occupancy":"Residential","image_date":"2017-04-21"}},{"type":"Feature","geometry":{"type":"MultiPolygon","coordinates":[[[[-121.69017,39.853315],[-121.69026,39.853479],[-121.69018,39.853505],[-121.69009,39.853341],[-121.69017,39.853315]]]]},"properties":{"occupancy":"Unclassified","image_date":"2018-09-10"}},{"type":"Feature","geometry":{"type":"MultiPolygon","coordinates":[[[[-121.694343,39.853488],[-121.69437,39.853677],[-121.694197,39.853691],[-121.694161,39.853436],[-121.694262,39.853428],[-121.694271,39.853494],[-121.694343,39.853488]]]]},"properties":{"occupancy":"Residential","image_date":"2017-04-21"}},{"type":"Feature","geometry":{"type":"MultiPolygon","coordinates":[[[[-121.689064,39.853452],[-121.689097,39.853629],[-121.688983,39.853642],[-121.688949,39.853465],[-121.689064,39.853452]]]]},"properties":{"occupancy":"Unclassified","image_date":"2018-09-10"}},{"type":"Feature","geometry":{"type":"MultiPolygon","coordinates":[[[[-121.693494,39.853598],[-121.693639,39.853596],[-121.693643,39.853796],[-121.693513,39.853798],[-121.693516,39.853899],[-121.693386,39.853901],[-121.69338,39.853667],[-121.693496,39.853665],[-121.693494,39.853598]]]]},"properties":{"occupancy":"Residential","image_date":"2017-04-21"}},{"type":"Feature","geometry":{"type":"MultiPolygon","coordinates":[[[[-121.694364,39.853786],[-121.694377,39.853975],[-121.694174,39.853983],[-121.694162,39.853794],[-121.694364,39.853786]]]]},"properties":{"occupancy":"Residential","image_date":"2017-04-21"}},{"type":"Feature","geometry":{"type":"MultiPolygon","coordinates":[[[[-121.693306,39.854068],[-121.693352,39.853999],[-121.693648,39.854115],[-121.69355,39.854264],[-121.693382,39.854198],[-121.693435,39.854119],[-121.693306,39.854068]]]]},"properties":{"occupancy":"Residential","image_date":"2017-04-21"}},{"type":"Feature","geometry":{"type":"MultiPolygon","coordinates":[[[[-121.694317,39.854205],[-121.694475,39.854188],[-121.694506,39.854365],[-121.694276,39.854389],[-121.694263,39.854311],[-121.694335,39.854304],[-121.694317,39.854205]]]]},"properties":{"occupancy":"Residential","image_date":"2017-04-21"}},{"type":"Feature","geometry":{"type":"MultiPolygon","coordinates":[[[[-121.69359,39.854637],[-121.693431,39.854626],[-121.693459,39.854393],[-121.693617,39.854404],[-121.69359,39.854637]]]]},"properties":{"occupancy":"Residential","image_date":"2017-04-21"}},{"type":"Feature","geometry":{"type":"MultiPolygon","coordinates":[[[[-121.693471,39.85477],[-121.693659,39.854773],[-121.693656,39.854884],[-121.693468,39.854882],[-121.693471,39.85477]]]]},"properties":{"occupancy":"Residential","image_date":"2017-04-21"}},{"type":"Feature","geometry":{"type":"MultiPolygon","coordinates":[[[[-121.689217,39.855207],[-121.68913,39.854971],[-121.689324,39.854928],[-121.689412,39.855164],[-121.689217,39.855207]]]]},"properties":{"occupancy":"Residential","image_date":"2018-09-10"}},{"type":"Feature","geometry":{"type":"MultiPolygon","coordinates":[[[[-121.693663,39.85498],[-121.693547,39.854986],[-121.693543,39.854942],[-121.693659,39.854935],[-121.693663,39.85498]]]]},"properties":{"occupancy":"Residential","image_date":"2017-04-21"}},{"type":"Feature","geometry":{"type":"MultiPolygon","coordinates":[[[[-121.693741,39.855367],[-121.69354,39.855383],[-121.693506,39.855128],[-121.693707,39.855112],[-121.693741,39.855367]]]]},"properties":{"occupancy":"Residential","image_date":"2017-04-21"}},{"type":"Feature","geometry":{"type":"MultiPolygon","coordinates":[[[[-121.690161,39.85512],[-121.690156,39.85522],[-121.689982,39.855215],[-121.689987,39.855115],[-121.690161,39.85512]]]]},"properties":{"occupancy":"Residential","image_date":"2018-09-10"}},{"type":"Feature","geometry":{"type":"MultiPolygon","coordinates":[[[[-121.694338,39.85552],[-121.694418,39.855455],[-121.694345,39.855401],[-121.694455,39.855313],[-121.694622,39.855437],[-121.694432,39.855589],[-121.694338,39.85552]]]]},"properties":{"occupancy":"Residential","image_date":"2017-04-21"}},{"type":"Feature","geometry":{"type":"MultiPolygon","coordinates":[[[[-121.688667,39.856016],[-121.688573,39.855878],[-121.688714,39.855821],[-121.688775,39.85591],[-121.688723,39.855931],[-121.688757,39.85598],[-121.688667,39.856016]]]]},"properties":{"occupancy":"Residential","image_date":"2018-09-10"}},{"type":"Feature","geometry":{"type":"MultiPolygon","coordinates":[[[[-121.694839,39.855891],[-121.694804,39.855926],[-121.694952,39.856015],[-121.69488,39.856086],[-121.694641,39.855941],[-121.694748,39.855836],[-121.694839,39.855891]]]]},"properties":{"occupancy":"Residential","image_date":"2017-04-21"}},{"type":"Feature","geometry":{"type":"MultiPolygon","coordinates":[[[[-121.689057,39.855924],[-121.6892,39.855909],[-121.689208,39.855953],[-121.689065,39.855969],[-121.689057,39.855924]]]]},"properties":{"occupancy":"Residential","image_date":"2018-09-10"}},{"type":"Feature","geometry":{"type":"MultiPolygon","coordinates":[[[[-121.694784,39.856233],[-121.695018,39.856176],[-121.695089,39.856346],[-121.695006,39.856366],[-121.695036,39.85644],[-121.694816,39.856494],[-121.694781,39.856409],[-121.694905,39.856379],[-121.694866,39.856283],[-121.69481,39.856297],[-121.694784,39.856233]]]]},"properties":{"occupancy":"Residential","image_date":"2017-04-21"}},{"type":"Feature","geometry":{"type":"MultiPolygon","coordinates":[[[[-121.695008,39.856638],[-121.695144,39.856721],[-121.695027,39.856835],[-121.69471,39.85664],[-121.694782,39.856571],[-121.694963,39.856682],[-121.695008,39.856638]]]]},"properties":{"occupancy":"Residential","image_date":"2017-04-21"}},{"type":"Feature","geometry":{"type":"MultiPolygon","coordinates":[[[[-121.694094,39.856677],[-121.694134,39.856841],[-121.694077,39.856849],[-121.694037,39.856685],[-121.694094,39.856677]]]]},"properties":{"occupancy":"Unclassified","image_date":"2017-04-21"}},{"type":"Feature","geometry":{"type":"MultiPolygon","coordinates":[[[[-121.694857,39.85698],[-121.695012,39.857127],[-121.694922,39.857184],[-121.694986,39.857244],[-121.694863,39.857322],[-121.694799,39.857261],[-121.694889,39.857205],[-121.694734,39.857058],[-121.694857,39.85698]]]]},"properties":{"occupancy":"Residential","image_date":"2017-04-21"}},{"type":"Feature","geometry":{"type":"MultiPolygon","coordinates":[[[[-121.69432,39.857369],[-121.694262,39.857376],[-121.694237,39.857255],[-121.694294,39.857248],[-121.69432,39.857369]]]]},"properties":{"occupancy":"Unclassified","image_date":"2017-04-21"}},{"type":"Feature","geometry":{"type":"MultiPolygon","coordinates":[[[[-121.694177,39.857587],[-121.694135,39.857411],[-121.694192,39.857403],[-121.694234,39.857579],[-121.694177,39.857587]]]]},"properties":{"occupancy":"Unclassified","image_date":"2017-04-21"}},{"type":"Feature","geometry":{"type":"MultiPolygon","coordinates":[[[[-121.694969,39.85783],[-121.694766,39.857831],[-121.694765,39.857552],[-121.694968,39.857551],[-121.694969,39.85783]]]]},"properties":{"occupancy":"Residential","image_date":"2017-04-21"}},{"type":"Feature","geometry":{"type":"MultiPolygon","coordinates":[[[[-121.694247,39.857599],[-121.694274,39.857776],[-121.694216,39.857781],[-121.694189,39.857604],[-121.694247,39.857599]]]]},"properties":{"occupancy":"Unclassified","image_date":"2017-04-21"}},{"type":"Feature","geometry":{"type":"MultiPolygon","coordinates":[[[[-121.694741,39.857997],[-121.694797,39.858011],[-121.694819,39.857958],[-121.69497,39.857996],[-121.694846,39.858293],[-121.694639,39.858241],[-121.694741,39.857997]]]]},"properties":{"occupancy":"Residential","image_date":"2017-04-21"}},{"type":"Feature","geometry":{"type":"MultiPolygon","coordinates":[[[[-121.691553,39.858036],[-121.691926,39.858183],[-121.691848,39.858302],[-121.691474,39.858155],[-121.691553,39.858036]]]]},"properties":{"occupancy":"Residential","image_date":"2017-04-21"}},{"type":"Feature","geometry":{"type":"MultiPolygon","coordinates":[[[[-121.69442,39.858544],[-121.694486,39.85863],[-121.694387,39.858676],[-121.694202,39.858436],[-121.694314,39.858385],[-121.694366,39.858452],[-121.69449,39.858395],[-121.694557,39.858481],[-121.69442,39.858544]]]]},"properties":{"occupancy":"Residential","image_date":"2017-04-21"}},{"type":"Feature","geometry":{"type":"MultiPolygon","coordinates":[[[[-121.691082,39.859107],[-121.691255,39.859111],[-121.691252,39.859178],[-121.691079,39.859173],[-121.691082,39.859107]]]]},"properties":{"occupancy":"Residential","image_date":"2018-09-10"}},{"type":"Feature","geometry":{"type":"MultiPolygon","coordinates":[[[[-121.689412,39.859876],[-121.689613,39.859857],[-121.689644,39.860045],[-121.689443,39.860064],[-121.689412,39.859876]]]]},"properties":{"occupancy":"Residential","image_date":"2018-09-10"}},{"type":"Feature","geometry":{"type":"MultiPolygon","coordinates":[[[[-121.690458,39.860495],[-121.690455,39.860405],[-121.690686,39.8604],[-121.69069,39.860489],[-121.690458,39.860495]]]]},"properties":{"occupancy":"Residential","image_date":"2018-09-10"}},{"type":"Feature","geometry":{"type":"MultiPolygon","coordinates":[[[[-121.690445,39.860755],[-121.69053,39.860745],[-121.690569,39.860932],[-121.690483,39.860942],[-121.690445,39.860755]]]]},"properties":{"occupancy":"Residential","image_date":"2018-09-10"}},{"type":"Feature","geometry":{"type":"MultiPolygon","coordinates":[[[[-121.691168,39.861786],[-121.691052,39.861784],[-121.691055,39.861694],[-121.691171,39.861697],[-121.691168,39.861786]]]]},"properties":{"occupancy":"Residential","image_date":"2017-04-21"}},{"type":"Feature","geometry":{"type":"MultiPolygon","coordinates":[[[[-121.689955,39.863173],[-121.689892,39.863356],[-121.689724,39.863322],[-121.689787,39.863139],[-121.689955,39.863173]]]]},"properties":{"occupancy":"Residential","image_date":"2018-09-10"}},{"type":"Feature","geometry":{"type":"MultiPolygon","coordinates":[[[[-121.68852,39.865258],[-121.688536,39.865125],[-121.688738,39.865139],[-121.688722,39.865272],[-121.68852,39.865258]]]]},"properties":{"occupancy":"Residential","image_date":"2018-09-10"}},{"type":"Feature","geometry":{"type":"MultiPolygon","coordinates":[[[[-121.692719,39.865654],[-121.69281,39.865842],[-121.692688,39.865877],[-121.692597,39.865689],[-121.692719,39.865654]]]]},"properties":{"occupancy":"Residential","image_date":"2017-04-21"}},{"type":"Feature","geometry":{"type":"MultiPolygon","coordinates":[[[[-121.696618,39.897302],[-121.69656,39.897301],[-121.696561,39.89719],[-121.696619,39.89719],[-121.696618,39.897302]]]]},"properties":{"occupancy":"Agriculture","image_date":"2017-04-21"}},{"type":"Feature","geometry":{"type":"MultiPolygon","coordinates":[[[[-121.782715,39.865594],[-121.782641,39.86556],[-121.782767,39.865397],[-121.782841,39.865431],[-121.782715,39.865594]]]]},"properties":{"occupancy":"Residential","image_date":"2018-06-08"}},{"type":"Feature","geometry":{"type":"MultiPolygon","coordinates":[[[[-121.782004,39.865777],[-121.781934,39.865874],[-121.781757,39.865798],[-121.781827,39.865701],[-121.782004,39.865777]]]]},"properties":{"occupancy":"Residential","image_date":"2018-06-08"}},{"type":"Feature","geometry":{"type":"MultiPolygon","coordinates":[[[[-121.777907,39.869551],[-121.777947,39.869468],[-121.778259,39.869557],[-121.778219,39.869641],[-121.777907,39.869551]]]]},"properties":{"occupancy":"Residential","image_date":"2018-06-08"}},{"type":"Feature","geometry":{"type":"MultiPolygon","coordinates":[[[[-121.774868,39.866892],[-121.775012,39.866782],[-121.775144,39.866886],[-121.775185,39.866855],[-121.775266,39.866919],[-121.775163,39.866997],[-121.775031,39.866893],[-121.774949,39.866955],[-121.774868,39.866892]]]]},"properties":{"occupancy":"Residential","image_date":"2018-06-08"}},{"type":"Feature","geometry":{"type":"MultiPolygon","coordinates":[[[[-121.774532,39.867214],[-121.774469,39.867362],[-121.774304,39.86732],[-121.774367,39.867172],[-121.774532,39.867214]]]]},"properties":{"occupancy":"Residential","image_date":"2018-06-08"}},{"type":"Feature","geometry":{"type":"MultiPolygon","coordinates":[[[[-121.771412,39.875244],[-121.771347,39.875318],[-121.771251,39.875268],[-121.771316,39.875194],[-121.771412,39.875244]]]]},"properties":{"occupancy":"Residential","image_date":"2018-06-08"}},{"type":"Feature","geometry":{"type":"MultiPolygon","coordinates":[[[[-121.771104,39.874996],[-121.771166,39.875133],[-121.77107,39.875158],[-121.771009,39.875021],[-121.771104,39.874996]]]]},"properties":{"occupancy":"Residential","image_date":"2018-06-08"}},{"type":"Feature","geometry":{"type":"MultiPolygon","coordinates":[[[[-121.770823,39.875697],[-121.770911,39.875594],[-121.770983,39.875631],[-121.770895,39.875733],[-121.770823,39.875697]]]]},"properties":{"occupancy":"Residential","image_date":"2018-06-08"}},{"type":"Feature","geometry":{"type":"MultiPolygon","coordinates":[[[[-121.770345,39.877291],[-121.770212,39.877248],[-121.770301,39.877083],[-121.770514,39.877152],[-121.770475,39.877224],[-121.770395,39.877198],[-121.770345,39.877291]]]]},"properties":{"occupancy":"Residential","image_date":"2018-06-08"}},{"type":"Feature","geometry":{"type":"MultiPolygon","coordinates":[[[[-121.770234,39.877681],[-121.770369,39.877782],[-121.770267,39.877862],[-121.770133,39.87776],[-121.770234,39.877681]]]]},"properties":{"occupancy":"Residential","image_date":"2018-06-08"}},{"type":"Feature","geometry":{"type":"MultiPolygon","coordinates":[[[[-121.770035,39.879771],[-121.77009,39.879921],[-121.769826,39.879979],[-121.76977,39.879829],[-121.770035,39.879771]]]]},"properties":{"occupancy":"Residential","image_date":"2018-06-08"}},{"type":"Feature","geometry":{"type":"MultiPolygon","coordinates":[[[[-121.769528,39.87826],[-121.769384,39.878264],[-121.769377,39.878108],[-121.769521,39.878104],[-121.769528,39.87826]]]]},"properties":{"occupancy":"Residential","image_date":"2018-06-08"}},{"type":"Feature","geometry":{"type":"MultiPolygon","coordinates":[[[[-121.769509,39.877903],[-121.769509,39.87807],[-121.769364,39.87807],[-121.769364,39.877903],[-121.769509,39.877903]]]]},"properties":{"occupancy":"Residential","image_date":"2018-06-08"}},{"type":"Feature","geometry":{"type":"MultiPolygon","coordinates":[[[[-121.769355,39.871234],[-121.769471,39.871238],[-121.769463,39.871372],[-121.769347,39.871368],[-121.769355,39.871234]]]]},"properties":{"occupancy":"Residential","image_date":"2018-06-08"}},{"type":"Feature","geometry":{"type":"MultiPolygon","coordinates":[[[[-121.767404,39.886112],[-121.767292,39.886091],[-121.767347,39.885917],[-121.767459,39.885938],[-121.767404,39.886112]]]]},"properties":{"occupancy":"Residential","image_date":"2018-06-08"}},{"type":"Feature","geometry":{"type":"MultiPolygon","coordinates":[[[[-121.762506,39.883182],[-121.762498,39.88307],[-121.762628,39.883065],[-121.762636,39.883177],[-121.762506,39.883182]]]]},"properties":{"occupancy":"Residential","image_date":"2018-06-08"}},{"type":"Feature","geometry":{"type":"MultiPolygon","coordinates":[[[[-121.76204,39.889578],[-121.76198,39.88953],[-121.762042,39.889483],[-121.762103,39.889531],[-121.76204,39.889578]]]]},"properties":{"occupancy":"Residential","image_date":"2018-06-08"}},{"type":"Feature","geometry":{"type":"MultiPolygon","coordinates":[[[[-121.681202,39.872075],[-121.681341,39.871977],[-121.681399,39.872026],[-121.681261,39.872124],[-121.681202,39.872075]]]]},"properties":{"occupancy":"Residential","image_date":"2018-09-10"}},{"type":"Feature","geometry":{"type":"MultiPolygon","coordinates":[[[[-121.682284,39.872654],[-121.682212,39.872724],[-121.682042,39.87262],[-121.682114,39.87255],[-121.682284,39.872654]]]]},"properties":{"occupancy":"Residential","image_date":"2018-09-10"}},{"type":"Feature","geometry":{"type":"MultiPolygon","coordinates":[[[[-121.68151,39.873166],[-121.681527,39.873254],[-121.681398,39.873269],[-121.681382,39.87318],[-121.68151,39.873166]]]]},"properties":{"occupancy":"Residential","image_date":"2018-09-10"}},{"type":"Feature","geometry":{"type":"MultiPolygon","coordinates":[[[[-121.680794,39.874447],[-121.681083,39.874462],[-121.681073,39.874573],[-121.680784,39.874558],[-121.680794,39.874447]]]]},"properties":{"occupancy":"Commercial","image_date":"2014-08-17"}},{"type":"Feature","geometry":{"type":"MultiPolygon","coordinates":[[[[-121.681943,39.874592],[-121.681744,39.874564],[-121.681769,39.874454],[-121.681969,39.874482],[-121.681943,39.874592]]]]},"properties":{"occupancy":"Commercial","image_date":"2014-08-17"}},{"type":"Feature","geometry":{"type":"MultiPolygon","coordinates":[[[[-121.68083,39.874718],[-121.680943,39.874701],[-121.680979,39.874843],[-121.680866,39.87486],[-121.68083,39.874718]]]]},"properties":{"occupancy":"Residential","image_date":"2014-08-17"}},{"type":"Feature","geometry":{"type":"MultiPolygon","coordinates":[[[[-121.681986,39.874733],[-121.682051,39.874973],[-121.681909,39.874995],[-121.681844,39.874755],[-121.681986,39.874733]]]]},"properties":{"occupancy":"Commercial","image_date":"2014-08-17"}},{"type":"Feature","geometry":{"type":"MultiPolygon","coordinates":[[[[-121.681128,39.874897],[-121.681116,39.874831],[-121.681173,39.874825],[-121.681185,39.874891],[-121.681128,39.874897]]]]},"properties":{"occupancy":"Commercial","image_date":"2014-08-17"}},{"type":"Feature","geometry":{"type":"MultiPolygon","coordinates":[[[[-121.681245,39.875137],[-121.681127,39.875179],[-121.681091,39.875118],[-121.681209,39.875076],[-121.681245,39.875137]]]]},"properties":{"occupancy":"Commercial","image_date":"2014-08-17"}},{"type":"Feature","geometry":{"type":"MultiPolygon","coordinates":[[[[-121.680313,39.875682],[-121.680207,39.875549],[-121.680281,39.875514],[-121.680387,39.875647],[-121.680313,39.875682]]]]},"properties":{"occupancy":"Residential","image_date":"2018-09-10"}},{"type":"Feature","geometry":{"type":"MultiPolygon","coordinates":[[[[-121.682334,39.875789],[-121.682232,39.875789],[-121.682232,39.875622],[-121.682333,39.875622],[-121.682334,39.875789]]]]},"properties":{"occupancy":"Residential","image_date":"2014-08-17"}},{"type":"Feature","geometry":{"type":"MultiPolygon","coordinates":[[[[-121.68149,39.877138],[-121.68136,39.877131],[-121.681351,39.877232],[-121.681236,39.877225],[-121.68125,39.87707],[-121.681495,39.877083],[-121.68149,39.877138]]]]},"properties":{"occupancy":"Residential","image_date":"2018-09-10"}},{"type":"Feature","geometry":{"type":"MultiPolygon","coordinates":[[[[-121.680317,39.877649],[-121.680231,39.877656],[-121.680208,39.877478],[-121.680395,39.877464],[-121.680411,39.877586],[-121.68031,39.877594],[-121.680317,39.877649]]]]},"properties":{"occupancy":"Residential","image_date":"2018-09-10"}},{"type":"Feature","geometry":{"type":"MultiPolygon","coordinates":[[[[-121.680817,39.877571],[-121.680833,39.877671],[-121.680718,39.877681],[-121.680702,39.877582],[-121.680817,39.877571]]]]},"properties":{"occupancy":"Residential","image_date":"2018-09-10"}},{"type":"Feature","geometry":{"type":"MultiPolygon","coordinates":[[[[-121.680463,39.877671],[-121.680407,39.877722],[-121.680341,39.877678],[-121.680397,39.877627],[-121.680463,39.877671]]]]},"properties":{"occupancy":"Residential","image_date":"2018-09-10"}},{"type":"Feature","geometry":{"type":"MultiPolygon","coordinates":[[[[-121.681147,39.878522],[-121.681178,39.878665],[-121.681093,39.878676],[-121.681061,39.878533],[-121.681147,39.878522]]]]},"properties":{"occupancy":"Residential","image_date":"2018-09-10"}},{"type":"Feature","geometry":{"type":"MultiPolygon","coordinates":[[[[-121.682211,39.879593],[-121.682361,39.87966],[-121.682304,39.879737],[-121.682153,39.87967],[-121.682211,39.879593]]]]},"properties":{"occupancy":"Residential","image_date":"2018-09-10"}},{"type":"Feature","geometry":{"type":"MultiPolygon","coordinates":[[[[-121.682868,39.872148],[-121.682553,39.872182],[-121.682536,39.872094],[-121.682851,39.872059],[-121.682868,39.872148]]]]},"properties":{"occupancy":"Residential","image_date":"2014-08-17"}},{"type":"Feature","geometry":{"type":"MultiPolygon","coordinates":[[[[-121.682362,39.875815],[-121.682385,39.87588],[-121.682273,39.875903],[-121.682251,39.875839],[-121.682362,39.875815]]]]},"properties":{"occupancy":"Residential","image_date":"2014-08-17"}},{"type":"Feature","geometry":{"type":"MultiPolygon","coordinates":[[[[-121.681553,39.874259],[-121.681405,39.87417],[-121.681565,39.874011],[-121.681713,39.8741],[-121.681553,39.874259]]]]},"properties":{"occupancy":"Commercial","image_date":"2014-08-17"}},{"type":"Feature","geometry":{"type":"MultiPolygon","coordinates":[[[[-121.682669,39.871183],[-121.682818,39.871115],[-121.682884,39.871202],[-121.682735,39.87127],[-121.682669,39.871183]]]]},"properties":{"occupancy":"Residential","image_date":"2014-08-17"}},{"type":"Feature","geometry":{"type":"MultiPolygon","coordinates":[[[[-121.708286,39.875858],[-121.708141,39.875859],[-121.70814,39.875748],[-121.708284,39.875746],[-121.708286,39.875858]]]]},"properties":{"occupancy":"Residential","image_date":"2017-04-21"}},{"type":"Feature","geometry":{"type":"MultiPolygon","coordinates":[[[[-121.708125,39.875888],[-121.708237,39.875865],[-121.708289,39.876016],[-121.708177,39.876039],[-121.708125,39.875888]]]]},"properties":{"occupancy":"Residential","image_date":"2017-04-21"}},{"type":"Feature","geometry":{"type":"MultiPolygon","coordinates":[[[[-121.708052,39.875716],[-121.708142,39.875893],[-121.707967,39.875946],[-121.707877,39.875769],[-121.708052,39.875716]]]]},"properties":{"occupancy":"Residential","image_date":"2017-04-21"}},{"type":"Feature","geometry":{"type":"MultiPolygon","coordinates":[[[[-121.707317,39.874413],[-121.707476,39.874417],[-121.707473,39.874484],[-121.707314,39.87448],[-121.707317,39.874413]]]]},"properties":{"occupancy":"Residential","image_date":"2017-04-21"}},{"type":"Feature","geometry":{"type":"MultiPolygon","coordinates":[[[[-121.702506,39.879109],[-121.702708,39.879111],[-121.702707,39.879256],[-121.702504,39.879254],[-121.702506,39.879109]]]]},"properties":{"occupancy":"Agriculture","image_date":"2017-04-21"}},{"type":"Feature","geometry":{"type":"MultiPolygon","coordinates":[[[[-121.70071,39.883459],[-121.700613,39.883507],[-121.700292,39.883123],[-121.70039,39.883074],[-121.70071,39.883459]]]]},"properties":{"occupancy":"Residential","image_date":"2017-04-21"}},{"type":"Feature","geometry":{"type":"MultiPolygon","coordinates":[[[[-121.700148,39.883359],[-121.700161,39.883425],[-121.700047,39.883439],[-121.700034,39.883372],[-121.700148,39.883359]]]]},"properties":{"occupancy":"Residential","image_date":"2017-04-21"}},{"type":"Feature","geometry":{"type":"MultiPolygon","coordinates":[[[[-121.692974,39.878672],[-121.693097,39.87873],[-121.693067,39.878768],[-121.692944,39.87871],[-121.692974,39.878672]]]]},"properties":{"occupancy":"Agriculture","image_date":"2017-04-21"}},{"type":"Feature","geometry":{"type":"MultiPolygon","coordinates":[[[[-121.688905,39.881191],[-121.689049,39.881178],[-121.689056,39.881223],[-121.688912,39.881235],[-121.688905,39.881191]]]]},"properties":{"occupancy":"Agriculture","image_date":"2018-09-10"}},{"type":"Feature","geometry":{"type":"MultiPolygon","coordinates":[[[[-121.687383,39.869008],[-121.687429,39.869102],[-121.687281,39.869146],[-121.687234,39.869052],[-121.687383,39.869008]]]]},"properties":{"occupancy":"Residential","image_date":"2018-09-10"}},{"type":"Feature","geometry":{"type":"MultiPolygon","coordinates":[[[[-121.685033,39.869692],[-121.684959,39.869656],[-121.685053,39.869543],[-121.685126,39.869579],[-121.685033,39.869692]]]]},"properties":{"occupancy":"Residential","image_date":"2018-09-10"}},{"type":"Feature","geometry":{"type":"MultiPolygon","coordinates":[[[[-121.683835,39.877888],[-121.683765,39.877832],[-121.68392,39.877716],[-121.683991,39.877772],[-121.683835,39.877888]]]]},"properties":{"occupancy":"Residential","image_date":"2018-09-10"}},{"type":"Feature","geometry":{"type":"MultiPolygon","coordinates":[[[[-121.683813,39.875963],[-121.683778,39.876094],[-121.683636,39.876071],[-121.683672,39.87594],[-121.683813,39.875963]]]]},"properties":{"occupancy":"Residential","image_date":"2018-09-10"}},{"type":"Feature","geometry":{"type":"MultiPolygon","coordinates":[[[[-121.683651,39.876272],[-121.683767,39.876272],[-121.683766,39.876339],[-121.683651,39.876339],[-121.683651,39.876272]]]]},"properties":{"occupancy":"Residential","image_date":"2018-09-10"}},{"type":"Feature","geometry":{"type":"MultiPolygon","coordinates":[[[[-121.683618,39.877389],[-121.683659,39.877484],[-121.68359,39.877502],[-121.683549,39.877406],[-121.683618,39.877389]]]]},"properties":{"occupancy":"Residential","image_date":"2018-09-10"}},{"type":"Feature","geometry":{"type":"MultiPolygon","coordinates":[[[[-121.683562,39.875892],[-121.68363,39.875911],[-121.683596,39.875984],[-121.683528,39.875965],[-121.683562,39.875892]]]]},"properties":{"occupancy":"Residential","image_date":"2018-09-10"}},{"type":"Feature","geometry":{"type":"MultiPolygon","coordinates":[[[[-121.683277,39.878401],[-121.683177,39.878389],[-121.683188,39.878334],[-121.683288,39.878346],[-121.683277,39.878401]]]]},"properties":{"occupancy":"Residential","image_date":"2018-09-10"}},{"type":"Feature","geometry":{"type":"MultiPolygon","coordinates":[[[[-121.683123,39.878238],[-121.682993,39.878167],[-121.683095,39.878058],[-121.683224,39.87813],[-121.683123,39.878238]]]]},"properties":{"occupancy":"Residential","image_date":"2018-09-10"}},{"type":"Feature","geometry":{"type":"MultiPolygon","coordinates":[[[[-121.682978,39.878266],[-121.683059,39.878312],[-121.682965,39.878411],[-121.682883,39.878364],[-121.682978,39.878266]]]]},"properties":{"occupancy":"Residential","image_date":"2018-09-10"}},{"type":"Feature","geometry":{"type":"MultiPolygon","coordinates":[[[[-121.682879,39.882584],[-121.682749,39.88259],[-121.682741,39.882467],[-121.682871,39.882462],[-121.682879,39.882584]]]]},"properties":{"occupancy":"Residential","image_date":"2018-09-10"}},{"type":"Feature","geometry":{"type":"MultiPolygon","coordinates":[[[[-121.707243,39.897716],[-121.707117,39.897662],[-121.707173,39.897584],[-121.7073,39.897638],[-121.707243,39.897716]]]]},"properties":{"occupancy":"Agriculture","image_date":"2017-04-21"}},{"type":"Feature","geometry":{"type":"MultiPolygon","coordinates":[[[[-121.68409,39.874278],[-121.68402,39.87429],[-121.684002,39.874224],[-121.684073,39.874213],[-121.68409,39.874278]]]]},"properties":{"occupancy":"Residential","image_date":"2014-08-17"}},{"type":"Feature","geometry":{"type":"MultiPolygon","coordinates":[[[[-121.684809,39.873006],[-121.684793,39.873095],[-121.684607,39.873074],[-121.684623,39.872986],[-121.684809,39.873006]]]]},"properties":{"occupancy":"Residential","image_date":"2014-08-17"}},{"type":"Feature","geometry":{"type":"MultiPolygon","coordinates":[[[[-121.684214,39.872967],[-121.684055,39.872974],[-121.684047,39.872863],[-121.684205,39.872856],[-121.684214,39.872967]]]]},"properties":{"occupancy":"Residential","image_date":"2014-08-17"}},{"type":"Feature","geometry":{"type":"MultiPolygon","coordinates":[[[[-121.6836,39.872981],[-121.683492,39.872948],[-121.683556,39.872824],[-121.683663,39.872857],[-121.6836,39.872981]]]]},"properties":{"occupancy":"Residential","image_date":"2014-08-17"}},{"type":"Feature","geometry":{"type":"MultiPolygon","coordinates":[[[[-121.684201,39.87252],[-121.684221,39.872376],[-121.68435,39.872386],[-121.68433,39.872531],[-121.684201,39.87252]]]]},"properties":{"occupancy":"Residential","image_date":"2014-08-17"}},{"type":"Feature","geometry":{"type":"MultiPolygon","coordinates":[[[[-121.68518,39.872315],[-121.685239,39.872364],[-121.685175,39.87241],[-121.685117,39.872361],[-121.68518,39.872315]]]]},"properties":{"occupancy":"Residential","image_date":"2014-08-17"}},{"type":"Feature","geometry":{"type":"MultiPolygon","coordinates":[[[[-121.685024,39.872264],[-121.68511,39.872275],[-121.685096,39.872341],[-121.68501,39.87233],[-121.685024,39.872264]]]]},"properties":{"occupancy":"Residential","image_date":"2014-08-17"}},{"type":"Feature","geometry":{"type":"MultiPolygon","coordinates":[[[[-121.683454,39.871818],[-121.68337,39.871801],[-121.6834,39.871714],[-121.683484,39.871731],[-121.683454,39.871818]]]]},"properties":{"occupancy":"Residential","image_date":"2014-08-17"}},{"type":"Feature","geometry":{"type":"MultiPolygon","coordinates":[[[[-121.685463,39.871631],[-121.685341,39.871782],[-121.685243,39.871735],[-121.685365,39.871584],[-121.685463,39.871631]]]]},"properties":{"occupancy":"Residential","image_date":"2014-08-17"}},{"type":"Feature","geometry":{"type":"MultiPolygon","coordinates":[[[[-121.683645,39.87098],[-121.683757,39.871001],[-121.68372,39.87112],[-121.683608,39.871099],[-121.683645,39.87098]]]]},"properties":{"occupancy":"Residential","image_date":"2014-08-17"}},{"type":"Feature","geometry":{"type":"MultiPolygon","coordinates":[[[[-121.684033,39.869968],[-121.684178,39.869973],[-121.684172,39.870062],[-121.684028,39.870057],[-121.684033,39.869968]]]]},"properties":{"occupancy":"Residential","image_date":"2014-08-17"}},{"type":"Feature","geometry":{"type":"MultiPolygon","coordinates":[[[[-121.683161,39.875353],[-121.683358,39.875422],[-121.683316,39.875493],[-121.683119,39.875424],[-121.683161,39.875353]]]]},"properties":{"occupancy":"Residential","image_date":"2014-08-17"}},{"type":"Feature","geometry":{"type":"MultiPolygon","coordinates":[[[[-121.683457,39.875631],[-121.683599,39.87561],[-121.683631,39.875742],[-121.683489,39.875763],[-121.683457,39.875631]]]]},"properties":{"occupancy":"Residential","image_date":"2014-08-17"}},{"type":"Feature","geometry":{"type":"MultiPolygon","coordinates":[[[[-121.684452,39.87323],[-121.684567,39.873239],[-121.684544,39.873416],[-121.684428,39.873407],[-121.684452,39.87323]]]]},"properties":{"occupancy":"Residential","image_date":"2014-08-17"}},{"type":"Feature","geometry":{"type":"MultiPolygon","coordinates":[[[[-121.685052,39.872768],[-121.684945,39.872843],[-121.684848,39.872761],[-121.684954,39.872686],[-121.685052,39.872768]]]]},"properties":{"occupancy":"Residential","image_date":"2014-08-17"}},{"type":"Feature","geometry":{"type":"MultiPolygon","coordinates":[[[[-121.68437,39.870384],[-121.684297,39.8706],[-121.684157,39.870572],[-121.684231,39.870356],[-121.68437,39.870384]]]]},"properties":{"occupancy":"Residential","image_date":"2014-08-17"}},{"type":"Feature","geometry":{"type":"MultiPolygon","coordinates":[[[[-121.747464,39.87988],[-121.74743,39.880011],[-121.747245,39.879982],[-121.747279,39.879851],[-121.747464,39.87988]]]]},"properties":{"occupancy":"Residential","image_date":"2018-06-08"}},{"type":"Feature","geometry":{"type":"MultiPolygon","coordinates":[[[[-121.745605,39.883444],[-121.745664,39.883295],[-121.745885,39.883347],[-121.745827,39.883496],[-121.745605,39.883444]]]]},"properties":{"occupancy":"Unclassified","image_date":"2018-06-08"}},{"type":"Feature","geometry":{"type":"MultiPolygon","coordinates":[[[[-121.747934,39.889994],[-121.747721,39.890089],[-121.747663,39.890012],[-121.747875,39.889917],[-121.747934,39.889994]]]]},"properties":{"occupancy":"Residential","image_date":"2018-06-08"}},{"type":"Feature","geometry":{"type":"MultiPolygon","coordinates":[[[[-121.74802,39.890073],[-121.747915,39.890132],[-121.747863,39.890078],[-121.747969,39.890019],[-121.74802,39.890073]]]]},"properties":{"occupancy":"Residential","image_date":"2018-06-08"}},{"type":"Feature","geometry":{"type":"MultiPolygon","coordinates":[[[[-121.745102,39.890156],[-121.745059,39.890151],[-121.74503,39.890294],[-121.744959,39.890286],[-121.744996,39.890098],[-121.745111,39.890112],[-121.745102,39.890156]]]]},"properties":{"occupancy":"Residential","image_date":"2018-06-08"}},{"type":"Feature","geometry":{"type":"MultiPolygon","coordinates":[[[[-121.746303,39.891046],[-121.746157,39.891095],[-121.746122,39.891034],[-121.746268,39.890984],[-121.746303,39.891046]]]]},"properties":{"occupancy":"Residential","image_date":"2018-06-08"}},{"type":"Feature","geometry":{"type":"MultiPolygon","coordinates":[[[[-121.74651,39.891053],[-121.746589,39.891025],[-121.746644,39.891116],[-121.746565,39.891144],[-121.74651,39.891053]]]]},"properties":{"occupancy":"Residential","image_date":"2018-06-08"}},{"type":"Feature","geometry":{"type":"MultiPolygon","coordinates":[[[[-121.742495,39.891466],[-121.742415,39.891585],[-121.742235,39.891514],[-121.742314,39.891395],[-121.742495,39.891466]]]]},"properties":{"occupancy":"Residential","image_date":"2018-06-08"}},{"type":"Feature","geometry":{"type":"MultiPolygon","coordinates":[[[[-121.744814,39.892435],[-121.744985,39.89235],[-121.745047,39.892425],[-121.744877,39.89251],[-121.744814,39.892435]]]]},"properties":{"occupancy":"Residential","image_date":"2018-06-08"}},{"type":"Feature","geometry":{"type":"MultiPolygon","coordinates":[[[[-121.749519,39.89236],[-121.749607,39.892418],[-121.749551,39.892469],[-121.749463,39.892411],[-121.749519,39.89236]]]]},"properties":{"occupancy":"Residential","image_date":"2018-06-08"}},{"type":"Feature","geometry":{"type":"MultiPolygon","coordinates":[[[[-121.742209,39.892533],[-121.742105,39.89244],[-121.742149,39.892411],[-121.742253,39.892504],[-121.742209,39.892533]]]]},"properties":{"occupancy":"Unclassified","image_date":"2018-06-08"}},{"type":"Feature","geometry":{"type":"MultiPolygon","coordinates":[[[[-121.749279,39.892633],[-121.749352,39.892511],[-121.749496,39.892562],[-121.749424,39.892684],[-121.749279,39.892633]]]]},"properties":{"occupancy":"Residential","image_date":"2018-06-08"}},{"type":"Feature","geometry":{"type":"MultiPolygon","coordinates":[[[[-121.745761,39.892584],[-121.745839,39.892633],[-121.745738,39.892728],[-121.74566,39.892679],[-121.745761,39.892584]]]]},"properties":{"occupancy":"Residential","image_date":"2018-06-08"}},{"type":"Feature","geometry":{"type":"MultiPolygon","coordinates":[[[[-121.749021,39.89279],[-121.748927,39.892738],[-121.749027,39.892629],[-121.749122,39.892681],[-121.749021,39.89279]]]]},"properties":{"occupancy":"Residential","image_date":"2018-06-08"}},{"type":"Feature","geometry":{"type":"MultiPolygon","coordinates":[[[[-121.750059,39.892961],[-121.74992,39.893041],[-121.749885,39.893005],[-121.750024,39.892925],[-121.750059,39.892961]]]]},"properties":{"occupancy":"Residential","image_date":"2018-06-08"}},{"type":"Feature","geometry":{"type":"MultiPolygon","coordinates":[[[[-121.746259,39.892952],[-121.746256,39.893041],[-121.745995,39.893035],[-121.745999,39.892946],[-121.746259,39.892952]]]]},"properties":{"occupancy":"Residential","image_date":"2018-06-08"}},{"type":"Feature","geometry":{"type":"MultiPolygon","coordinates":[[[[-121.746835,39.893703],[-121.746764,39.893759],[-121.74665,39.893674],[-121.746721,39.893618],[-121.746835,39.893703]]]]},"properties":{"occupancy":"Residential","image_date":"2018-06-08"}},{"type":"Feature","geometry":{"type":"MultiPolygon","coordinates":[[[[-121.74588,39.893858],[-121.746064,39.893793],[-121.746173,39.893975],[-121.745989,39.89404],[-121.74588,39.893858]]]]},"properties":{"occupancy":"Residential","image_date":"2018-06-08"}},{"type":"Feature","geometry":{"type":"MultiPolygon","coordinates":[[[[-121.74874,39.894034],[-121.748817,39.894003],[-121.748877,39.894093],[-121.7488,39.894123],[-121.74874,39.894034]]]]},"properties":{"occupancy":"Residential","image_date":"2018-06-08"}},{"type":"Feature","geometry":{"type":"MultiPolygon","coordinates":[[[[-121.748929,39.894093],[-121.748879,39.894038],[-121.748939,39.894006],[-121.748988,39.894061],[-121.748929,39.894093]]]]},"properties":{"occupancy":"Residential","image_date":"2018-06-08"}},{"type":"Feature","geometry":{"type":"MultiPolygon","coordinates":[[[[-121.747538,39.894144],[-121.747397,39.894325],[-121.747211,39.89424],[-121.747248,39.894192],[-121.74736,39.894243],[-121.747464,39.894109],[-121.747538,39.894144]]]]},"properties":{"occupancy":"Commercial","image_date":"2018-06-08"}},{"type":"Feature","geometry":{"type":"MultiPolygon","coordinates":[[[[-121.748176,39.894315],[-121.748129,39.89421],[-121.748184,39.894195],[-121.748231,39.894301],[-121.748176,39.894315]]]]},"properties":{"occupancy":"Residential","image_date":"2018-06-08"}},{"type":"Feature","geometry":{"type":"MultiPolygon","coordinates":[[[[-121.677753,39.879855],[-121.677763,39.879932],[-121.677633,39.879942],[-121.677648,39.880064],[-121.677461,39.880078],[-121.677436,39.879878],[-121.677753,39.879855]]]]},"properties":{"occupancy":"Residential","image_date":"2018-09-10"}},{"type":"Feature","geometry":{"type":"MultiPolygon","coordinates":[[[[-121.677376,39.880817],[-121.677359,39.880752],[-121.677472,39.880734],[-121.67749,39.880799],[-121.677376,39.880817]]]]},"properties":{"occupancy":"Residential","image_date":"2018-09-10"}},{"type":"Feature","geometry":{"type":"MultiPolygon","coordinates":[[[[-121.68021,39.880759],[-121.680382,39.880739],[-121.680427,39.880982],[-121.680256,39.881001],[-121.68021,39.880759]]]]},"properties":{"occupancy":"Residential","image_date":"2018-09-10"}},{"type":"Feature","geometry":{"type":"MultiPolygon","coordinates":[[[[-121.678869,39.881105],[-121.678739,39.881154],[-121.678809,39.881264],[-121.678692,39.881308],[-121.678539,39.881068],[-121.678786,39.880975],[-121.678869,39.881105]]]]},"properties":{"occupancy":"Residential","image_date":"2018-09-10"}},{"type":"Feature","geometry":{"type":"MultiPolygon","coordinates":[[[[-121.677662,39.883319],[-121.677481,39.88328],[-121.677524,39.883162],[-121.677705,39.883201],[-121.677662,39.883319]]]]},"properties":{"occupancy":"Residential","image_date":"2018-09-10"}},{"type":"Feature","geometry":{"type":"MultiPolygon","coordinates":[[[[-121.676937,39.883939],[-121.677067,39.884044],[-121.677014,39.884083],[-121.676884,39.883978],[-121.676937,39.883939]]]]},"properties":{"occupancy":"Residential","image_date":"2018-09-10"}},{"type":"Feature","geometry":{"type":"MultiPolygon","coordinates":[[[[-121.675336,39.887553],[-121.675295,39.887564],[-121.67521,39.887387],[-121.675345,39.887348],[-121.675441,39.887546],[-121.675387,39.887562],[-121.675357,39.887499],[-121.675316,39.887511],[-121.675336,39.887553]]]]},"properties":{"occupancy":"Residential","image_date":"2018-09-10"}},{"type":"Feature","geometry":{"type":"MultiPolygon","coordinates":[[[[-121.679802,39.887884],[-121.679795,39.887762],[-121.67994,39.887757],[-121.67995,39.887958],[-121.679864,39.887961],[-121.679859,39.887883],[-121.679802,39.887884]]]]},"properties":{"occupancy":"Residential","image_date":"2018-09-10"}},{"type":"Feature","geometry":{"type":"MultiPolygon","coordinates":[[[[-121.679574,39.887981],[-121.679621,39.88805],[-121.67957,39.88807],[-121.679523,39.888001],[-121.679574,39.887981]]]]},"properties":{"occupancy":"Residential","image_date":"2018-09-10"}},{"type":"Feature","geometry":{"type":"MultiPolygon","coordinates":[[[[-121.679779,39.888622],[-121.679622,39.888565],[-121.679728,39.888394],[-121.679885,39.888451],[-121.679779,39.888622]]]]},"properties":{"occupancy":"Residential","image_date":"2018-09-10"}},{"type":"Feature","geometry":{"type":"MultiPolygon","coordinates":[[[[-121.677296,39.889435],[-121.677206,39.889522],[-121.677127,39.889474],[-121.677217,39.889387],[-121.677296,39.889435]]]]},"properties":{"occupancy":"Residential","image_date":"2018-09-10"}},{"type":"Feature","geometry":{"type":"MultiPolygon","coordinates":[[[[-121.679833,39.88937],[-121.679846,39.889492],[-121.679687,39.889502],[-121.679674,39.88938],[-121.679833,39.88937]]]]},"properties":{"occupancy":"Residential","image_date":"2018-09-10"}},{"type":"Feature","geometry":{"type":"MultiPolygon","coordinates":[[[[-121.672591,39.889405],[-121.672584,39.889516],[-121.672771,39.889523],[-121.672768,39.889579],[-121.672378,39.889564],[-121.672388,39.889397],[-121.672591,39.889405]]]]},"properties":{"occupancy":"Residential","image_date":"2018-09-10"}},{"type":"Feature","geometry":{"type":"MultiPolygon","coordinates":[[[[-121.678669,39.890074],[-121.678822,39.889989],[-121.678898,39.89007],[-121.679027,39.889998],[-121.679129,39.890107],[-121.678894,39.890237],[-121.678784,39.89012],[-121.678737,39.890146],[-121.678669,39.890074]]]]},"properties":{"occupancy":"Residential","image_date":"2018-09-10"}},{"type":"Feature","geometry":{"type":"MultiPolygon","coordinates":[[[[-121.67791,39.89043],[-121.678077,39.890467],[-121.678054,39.890531],[-121.678262,39.890577],[-121.678227,39.890673],[-121.677851,39.890591],[-121.67791,39.89043]]]]},"properties":{"occupancy":"Residential","image_date":"2018-09-10"}},{"type":"Feature","geometry":{"type":"MultiPolygon","coordinates":[[[[-121.677031,39.890783],[-121.676828,39.890869],[-121.676786,39.89081],[-121.676989,39.890725],[-121.677031,39.890783]]]]},"properties":{"occupancy":"Residential","image_date":"2018-09-10"}},{"type":"Feature","geometry":{"type":"MultiPolygon","coordinates":[[[[-121.675674,39.890989],[-121.67561,39.890944],[-121.675727,39.890845],[-121.675791,39.890891],[-121.675674,39.890989]]]]},"properties":{"occupancy":"Residential","image_date":"2018-09-10"}},{"type":"Feature","geometry":{"type":"MultiPolygon","coordinates":[[[[-121.675005,39.891058],[-121.675083,39.891088],[-121.675025,39.891178],[-121.674947,39.891148],[-121.675005,39.891058]]]]},"properties":{"occupancy":"Residential","image_date":"2018-09-10"}},{"type":"Feature","geometry":{"type":"MultiPolygon","coordinates":[[[[-121.672568,39.891707],[-121.672669,39.891713],[-121.672663,39.89178],[-121.672562,39.891774],[-121.672568,39.891707]]]]},"properties":{"occupancy":"Residential","image_date":"2018-09-10"}},{"type":"Feature","geometry":{"type":"MultiPolygon","coordinates":[[[[-121.68217,39.881725],[-121.681903,39.881521],[-121.682004,39.881442],[-121.682271,39.881646],[-121.68217,39.881725]]]]},"properties":{"occupancy":"Residential","image_date":"2018-09-10"}},{"type":"Feature","geometry":{"type":"MultiPolygon","coordinates":[[[[-121.682453,39.88224],[-121.682582,39.882229],[-121.682614,39.882451],[-121.682484,39.882461],[-121.682453,39.88224]]]]},"properties":{"occupancy":"Residential","image_date":"2018-09-10"}},{"type":"Feature","geometry":{"type":"MultiPolygon","coordinates":[[[[-121.678123,39.882651],[-121.678151,39.882761],[-121.678066,39.882773],[-121.678038,39.882664],[-121.678123,39.882651]]]]},"properties":{"occupancy":"Residential","image_date":"2018-09-10"}},{"type":"Feature","geometry":{"type":"MultiPolygon","coordinates":[[[[-121.678528,39.882878],[-121.678687,39.882678],[-121.67881,39.882736],[-121.678652,39.882936],[-121.678528,39.882878]]]]},"properties":{"occupancy":"Residential","image_date":"2018-09-10"}},{"type":"Feature","geometry":{"type":"MultiPolygon","coordinates":[[[[-121.68225,39.883637],[-121.681965,39.883597],[-121.681986,39.883509],[-121.68227,39.883549],[-121.68225,39.883637]]]]},"properties":{"occupancy":"Residential","image_date":"2018-09-10"}},{"type":"Feature","geometry":{"type":"MultiPolygon","coordinates":[[[[-121.68012,39.883753],[-121.680083,39.8836],[-121.680225,39.88358],[-121.680262,39.883733],[-121.68012,39.883753]]]]},"properties":{"occupancy":"Residential","image_date":"2018-09-10"}},{"type":"Feature","geometry":{"type":"MultiPolygon","coordinates":[[[[-121.680298,39.88389],[-121.680198,39.883903],[-121.680174,39.883793],[-121.680274,39.88378],[-121.680298,39.88389]]]]},"properties":{"occupancy":"Residential","image_date":"2018-09-10"}},{"type":"Feature","geometry":{"type":"MultiPolygon","coordinates":[[[[-121.682078,39.884736],[-121.681935,39.884468],[-121.682042,39.884435],[-121.682185,39.884703],[-121.682078,39.884736]]]]},"properties":{"occupancy":"Residential","image_date":"2018-09-10"}},{"type":"Feature","geometry":{"type":"MultiPolygon","coordinates":[[[[-121.678681,39.884689],[-121.678854,39.884681],[-121.678863,39.884793],[-121.678689,39.8848],[-121.678681,39.884689]]]]},"properties":{"occupancy":"Residential","image_date":"2018-09-10"}},{"type":"Feature","geometry":{"type":"MultiPolygon","coordinates":[[[[-121.680098,39.884992],[-121.680213,39.884982],[-121.680229,39.885093],[-121.680114,39.885103],[-121.680098,39.884992]]]]},"properties":{"occupancy":"Residential","image_date":"2018-09-10"}},{"type":"Feature","geometry":{"type":"MultiPolygon","coordinates":[[[[-121.682876,39.885953],[-121.682862,39.885853],[-121.682949,39.885846],[-121.682919,39.885624],[-121.682991,39.885619],[-121.683034,39.88594],[-121.682876,39.885953]]]]},"properties":{"occupancy":"Residential","image_date":"2018-09-10"}},{"type":"Feature","geometry":{"type":"MultiPolygon","coordinates":[[[[-121.679375,39.886046],[-121.679401,39.88619],[-121.679272,39.886204],[-121.679246,39.88606],[-121.679375,39.886046]]]]},"properties":{"occupancy":"Residential","image_date":"2018-09-10"}},{"type":"Feature","geometry":{"type":"MultiPolygon","coordinates":[[[[-121.682236,39.886295],[-121.68222,39.886473],[-121.682104,39.886467],[-121.682121,39.886289],[-121.682236,39.886295]]]]},"properties":{"occupancy":"Residential","image_date":"2018-09-10"}},{"type":"Feature","geometry":{"type":"MultiPolygon","coordinates":[[[[-121.679307,39.903844],[-121.679381,39.90379],[-121.67946,39.903855],[-121.679386,39.903909],[-121.679307,39.903844]]]]},"properties":{"occupancy":"Agriculture","image_date":"2018-09-10"}},{"type":"Feature","geometry":{"type":"MultiPolygon","coordinates":[[[[-121.679597,39.904092],[-121.679646,39.904147],[-121.679515,39.904216],[-121.679466,39.904161],[-121.679597,39.904092]]]]},"properties":{"occupancy":"Agriculture","image_date":"2018-09-10"}},{"type":"Feature","geometry":{"type":"MultiPolygon","coordinates":[[[[-121.680251,39.904264],[-121.68039,39.904295],[-121.680366,39.904359],[-121.680227,39.904328],[-121.680251,39.904264]]]]},"properties":{"occupancy":"Agriculture","image_date":"2018-09-10"}},{"type":"Feature","geometry":{"type":"MultiPolygon","coordinates":[[[[-121.6803,39.90461],[-121.680442,39.90459],[-121.680474,39.904721],[-121.680332,39.904741],[-121.6803,39.90461]]]]},"properties":{"occupancy":"Agriculture","image_date":"2018-09-10"}},{"type":"Feature","geometry":{"type":"MultiPolygon","coordinates":[[[[-121.761442,39.881827],[-121.761466,39.881937],[-121.76138,39.881948],[-121.761356,39.881838],[-121.761442,39.881827]]]]},"properties":{"occupancy":"Residential","image_date":"2018-06-08"}},{"type":"Feature","geometry":{"type":"MultiPolygon","coordinates":[[[[-121.7607,39.882319],[-121.760758,39.882316],[-121.760762,39.882383],[-121.760704,39.882385],[-121.7607,39.882319]]]]},"properties":{"occupancy":"Residential","image_date":"2018-06-08"}},{"type":"Feature","geometry":{"type":"MultiPolygon","coordinates":[[[[-121.760414,39.882868],[-121.76032,39.882817],[-121.760404,39.882726],[-121.760498,39.882778],[-121.760414,39.882868]]]]},"properties":{"occupancy":"Residential","image_date":"2018-06-08"}},{"type":"Feature","geometry":{"type":"MultiPolygon","coordinates":[[[[-121.760232,39.882592],[-121.760307,39.88251],[-121.760425,39.882575],[-121.760349,39.882657],[-121.760232,39.882592]]]]},"properties":{"occupancy":"Residential","image_date":"2018-06-08"}},{"type":"Feature","geometry":{"type":"MultiPolygon","coordinates":[[[[-121.759372,39.883965],[-121.759274,39.883918],[-121.759395,39.883766],[-121.759493,39.883813],[-121.759372,39.883965]]]]},"properties":{"occupancy":"Unclassified","image_date":"2018-06-08"}},{"type":"Feature","geometry":{"type":"MultiPolygon","coordinates":[[[[-121.759434,39.886322],[-121.759239,39.886396],[-121.759188,39.886316],[-121.759382,39.886242],[-121.759434,39.886322]]]]},"properties":{"occupancy":"Residential","image_date":"2018-06-08"}},{"type":"Feature","geometry":{"type":"MultiPolygon","coordinates":[[[[-121.758465,39.884376],[-121.758415,39.884321],[-121.758535,39.884258],[-121.758584,39.884313],[-121.758465,39.884376]]]]},"properties":{"occupancy":"Residential","image_date":"2018-06-08"}},{"type":"Feature","geometry":{"type":"MultiPolygon","coordinates":[[[[-121.758048,39.88421],[-121.758155,39.884135],[-121.758272,39.884234],[-121.758164,39.884309],[-121.758048,39.88421]]]]},"properties":{"occupancy":"Residential","image_date":"2018-06-08"}},{"type":"Feature","geometry":{"type":"MultiPolygon","coordinates":[[[[-121.758211,39.882581],[-121.758029,39.882544],[-121.758077,39.882404],[-121.758259,39.882441],[-121.758211,39.882581]]]]},"properties":{"occupancy":"Residential","image_date":"2018-06-08"}},{"type":"Feature","geometry":{"type":"MultiPolygon","coordinates":[[[[-121.757975,39.893906],[-121.758056,39.893931],[-121.758024,39.893993],[-121.758105,39.894018],[-121.758072,39.89408],[-121.75783,39.894006],[-121.757943,39.893788],[-121.758024,39.893813],[-121.757975,39.893906]]]]},"properties":{"occupancy":"Residential","image_date":"2018-06-08"}},{"type":"Feature","geometry":{"type":"MultiPolygon","coordinates":[[[[-121.757664,39.884267],[-121.757619,39.884185],[-121.757952,39.884077],[-121.758031,39.88422],[-121.757871,39.884273],[-121.757837,39.884211],[-121.757664,39.884267]]]]},"properties":{"occupancy":"Residential","image_date":"2018-06-08"}},{"type":"Feature","geometry":{"type":"MultiPolygon","coordinates":[[[[-121.757762,39.893483],[-121.757829,39.893313],[-121.757898,39.893329],[-121.757831,39.893499],[-121.757762,39.893483]]]]},"properties":{"occupancy":"Residential","image_date":"2018-06-08"}},{"type":"Feature","geometry":{"type":"MultiPolygon","coordinates":[[[[-121.757755,39.894054],[-121.757616,39.894021],[-121.757651,39.893936],[-121.757789,39.893969],[-121.757755,39.894054]]]]},"properties":{"occupancy":"Residential","image_date":"2018-06-08"}},{"type":"Feature","geometry":{"type":"MultiPolygon","coordinates":[[[[-121.75764,39.88619],[-121.75763,39.886368],[-121.757486,39.886363],[-121.757495,39.886185],[-121.75764,39.88619]]]]},"properties":{"occupancy":"Residential","image_date":"2018-06-08"}},{"type":"Feature","geometry":{"type":"MultiPolygon","coordinates":[[[[-121.756365,39.882567],[-121.7563,39.882396],[-121.756577,39.882333],[-121.756643,39.882504],[-121.756365,39.882567]]]]},"properties":{"occupancy":"Residential","image_date":"2018-06-08"}},{"type":"Feature","geometry":{"type":"MultiPolygon","coordinates":[[[[-121.756431,39.887452],[-121.756475,39.887509],[-121.756325,39.887577],[-121.756281,39.887519],[-121.756431,39.887452]]]]},"properties":{"occupancy":"Unclassified","image_date":"2018-06-08"}},{"type":"Feature","geometry":{"type":"MultiPolygon","coordinates":[[[[-121.75623,39.887121],[-121.756433,39.887126],[-121.75643,39.887193],[-121.756227,39.887188],[-121.75623,39.887121]]]]},"properties":{"occupancy":"Residential","image_date":"2018-06-08"}},{"type":"Feature","geometry":{"type":"MultiPolygon","coordinates":[[[[-121.755803,39.882663],[-121.755789,39.882751],[-121.755646,39.882738],[-121.755659,39.882649],[-121.755803,39.882663]]]]},"properties":{"occupancy":"Residential","image_date":"2018-06-08"}},{"type":"Feature","geometry":{"type":"MultiPolygon","coordinates":[[[[-121.755717,39.887956],[-121.755616,39.887948],[-121.755632,39.887815],[-121.755733,39.887823],[-121.755717,39.887956]]]]},"properties":{"occupancy":"Residential","image_date":"2018-06-08"}},{"type":"Feature","geometry":{"type":"MultiPolygon","coordinates":[[[[-121.754765,39.887658],[-121.75472,39.887715],[-121.754646,39.88768],[-121.754691,39.887623],[-121.754765,39.887658]]]]},"properties":{"occupancy":"Residential","image_date":"2018-06-08"}},{"type":"Feature","geometry":{"type":"MultiPolygon","coordinates":[[[[-121.754237,39.883436],[-121.754274,39.883237],[-121.754474,39.883259],[-121.754438,39.883457],[-121.754237,39.883436]]]]},"properties":{"occupancy":"Residential","image_date":"2018-06-08"}},{"type":"Feature","geometry":{"type":"MultiPolygon","coordinates":[[[[-121.753943,39.883685],[-121.753878,39.883561],[-121.754039,39.883511],[-121.754104,39.883635],[-121.753943,39.883685]]]]},"properties":{"occupancy":"Residential","image_date":"2018-06-08"}},{"type":"Feature","geometry":{"type":"MultiPolygon","coordinates":[[[[-121.753831,39.88814],[-121.753724,39.888215],[-121.753665,39.888166],[-121.753772,39.888091],[-121.753831,39.88814]]]]},"properties":{"occupancy":"Residential","image_date":"2018-06-08"}},{"type":"Feature","geometry":{"type":"MultiPolygon","coordinates":[[[[-121.753576,39.888099],[-121.753659,39.888162],[-121.753577,39.888225],[-121.753495,39.888163],[-121.753576,39.888099]]]]},"properties":{"occupancy":"Residential","image_date":"2018-06-08"}},{"type":"Feature","geometry":{"type":"MultiPolygon","coordinates":[[[[-121.753154,39.889181],[-121.753246,39.889214],[-121.753162,39.889355],[-121.75307,39.889323],[-121.753154,39.889181]]]]},"properties":{"occupancy":"Residential","image_date":"2018-06-08"}},{"type":"Feature","geometry":{"type":"MultiPolygon","coordinates":[[[[-121.752464,39.886842],[-121.752381,39.886822],[-121.752407,39.886758],[-121.75249,39.886778],[-121.752464,39.886842]]]]},"properties":{"occupancy":"Residential","image_date":"2018-06-08"}},{"type":"Feature","geometry":{"type":"MultiPolygon","coordinates":[[[[-121.75144,39.891064],[-121.751346,39.891011],[-121.751398,39.890957],[-121.751491,39.89101],[-121.75144,39.891064]]]]},"properties":{"occupancy":"Residential","image_date":"2018-06-08"}},{"type":"Feature","geometry":{"type":"MultiPolygon","coordinates":[[[[-121.751343,39.891096],[-121.751321,39.891218],[-121.751235,39.891209],[-121.751257,39.891087],[-121.751343,39.891096]]]]},"properties":{"occupancy":"Residential","image_date":"2018-06-08"}},{"type":"Feature","geometry":{"type":"MultiPolygon","coordinates":[[[[-121.751184,39.885036],[-121.751155,39.88495],[-121.751211,39.884939],[-121.75124,39.885025],[-121.751184,39.885036]]]]},"properties":{"occupancy":"Residential","image_date":"2018-06-08"}},{"type":"Feature","geometry":{"type":"MultiPolygon","coordinates":[[[[-121.750734,39.885069],[-121.750878,39.885077],[-121.750866,39.8852],[-121.750722,39.885191],[-121.750734,39.885069]]]]},"properties":{"occupancy":"Residential","image_date":"2018-06-08"}},{"type":"Feature","geometry":{"type":"MultiPolygon","coordinates":[[[[-121.757315,39.894739],[-121.757166,39.894993],[-121.756994,39.894933],[-121.757144,39.894679],[-121.757315,39.894739]]]]},"properties":{"occupancy":"Residential","image_date":"2018-06-08"}},{"type":"Feature","geometry":{"type":"MultiPolygon","coordinates":[[[[-121.753636,39.895611],[-121.753522,39.895599],[-121.75353,39.895555],[-121.753645,39.895567],[-121.753636,39.895611]]]]},"properties":{"occupancy":"Residential","image_date":"2018-06-08"}},{"type":"Feature","geometry":{"type":"MultiPolygon","coordinates":[[[[-121.75349,39.895698],[-121.753605,39.895707],[-121.753586,39.895862],[-121.753471,39.895854],[-121.75349,39.895698]]]]},"properties":{"occupancy":"Residential","image_date":"2018-06-08"}},{"type":"Feature","geometry":{"type":"MultiPolygon","coordinates":[[[[-121.753413,39.895971],[-121.753524,39.895854],[-121.753687,39.895947],[-121.753593,39.896046],[-121.753697,39.896105],[-121.753629,39.896177],[-121.753512,39.896111],[-121.753564,39.896057],[-121.753413,39.895971]]]]},"properties":{"occupancy":"Residential","image_date":"2018-06-08"}},{"type":"Feature","geometry":{"type":"MultiPolygon","coordinates":[[[[-121.754998,39.897179],[-121.755092,39.89708],[-121.755162,39.89712],[-121.755068,39.897219],[-121.754998,39.897179]]]]},"properties":{"occupancy":"Residential","image_date":"2018-06-08"}},{"type":"Feature","geometry":{"type":"MultiPolygon","coordinates":[[[[-121.755155,39.89752],[-121.755042,39.897449],[-121.755198,39.897302],[-121.75531,39.897373],[-121.755155,39.89752]]]]},"properties":{"occupancy":"Residential","image_date":"2018-06-08"}},{"type":"Feature","geometry":{"type":"MultiPolygon","coordinates":[[[[-121.754975,39.898165],[-121.755006,39.898067],[-121.754978,39.898062],[-121.754946,39.898159],[-121.754862,39.898143],[-121.754901,39.898024],[-121.75528,39.898097],[-121.755241,39.898216],[-121.754975,39.898165]]]]},"properties":{"occupancy":"Residential","image_date":"2018-06-08"}},{"type":"Feature","geometry":{"type":"MultiPolygon","coordinates":[[[[-121.752449,39.89872],[-121.752622,39.898715],[-121.752626,39.898782],[-121.752452,39.898787],[-121.752449,39.89872]]]]},"properties":{"occupancy":"Residential","image_date":"2018-06-08"}},{"type":"Feature","geometry":{"type":"MultiPolygon","coordinates":[[[[-121.671633,39.891815],[-121.671833,39.891881],[-121.671776,39.891983],[-121.671576,39.891917],[-121.671633,39.891815]]]]},"properties":{"occupancy":"Residential","image_date":"2018-09-10"}},{"type":"Feature","geometry":{"type":"MultiPolygon","coordinates":[[[[-121.670777,39.893019],[-121.671081,39.893014],[-121.671085,39.893125],[-121.670781,39.893131],[-121.670777,39.893019]]]]},"properties":{"occupancy":"Residential","image_date":"2018-09-10"}},{"type":"Feature","geometry":{"type":"MultiPolygon","coordinates":[[[[-121.670803,39.891762],[-121.670886,39.891807],[-121.670794,39.891907],[-121.670711,39.891862],[-121.670803,39.891762]]]]},"properties":{"occupancy":"Residential","image_date":"2018-09-10"}},{"type":"Feature","geometry":{"type":"MultiPolygon","coordinates":[[[[-121.670648,39.892725],[-121.670504,39.892735],[-121.670488,39.892613],[-121.670632,39.892603],[-121.670648,39.892725]]]]},"properties":{"occupancy":"Residential","image_date":"2018-09-10"}},{"type":"Feature","geometry":{"type":"MultiPolygon","coordinates":[[[[-121.669633,39.892635],[-121.669689,39.892785],[-121.669578,39.89281],[-121.669522,39.89266],[-121.669633,39.892635]]]]},"properties":{"occupancy":"Residential","image_date":"2018-09-10"}},{"type":"Feature","geometry":{"type":"MultiPolygon","coordinates":[[[[-121.669331,39.893201],[-121.669202,39.893216],[-121.669177,39.893083],[-121.669435,39.893054],[-121.669443,39.893098],[-121.669314,39.893113],[-121.669331,39.893201]]]]},"properties":{"occupancy":"Residential","image_date":"2018-09-10"}},{"type":"Feature","geometry":{"type":"MultiPolygon","coordinates":[[[[-121.668395,39.892927],[-121.668221,39.892927],[-121.668222,39.892815],[-121.668395,39.892815],[-121.668395,39.892927]]]]},"properties":{"occupancy":"Residential","image_date":"2018-09-10"}},{"type":"Feature","geometry":{"type":"MultiPolygon","coordinates":[[[[-121.667667,39.891693],[-121.667767,39.891738],[-121.667686,39.891844],[-121.667586,39.891798],[-121.667667,39.891693]]]]},"properties":{"occupancy":"Residential","image_date":"2018-09-10"}},{"type":"Feature","geometry":{"type":"MultiPolygon","coordinates":[[[[-121.667661,39.893012],[-121.667488,39.893023],[-121.667481,39.892957],[-121.667654,39.892945],[-121.667661,39.893012]]]]},"properties":{"occupancy":"Residential","image_date":"2018-09-10"}},{"type":"Feature","geometry":{"type":"MultiPolygon","coordinates":[[[[-121.670785,39.894398],[-121.670646,39.894317],[-121.670698,39.894264],[-121.670837,39.894344],[-121.670785,39.894398]]]]},"properties":{"occupancy":"Residential","image_date":"2018-09-10"}},{"type":"Feature","geometry":{"type":"MultiPolygon","coordinates":[[[[-121.662765,39.894378],[-121.662747,39.894312],[-121.66286,39.894294],[-121.662878,39.894359],[-121.662765,39.894378]]]]},"properties":{"occupancy":"Residential","image_date":"2018-09-10"}},{"type":"Feature","geometry":{"type":"MultiPolygon","coordinates":[[[[-121.663065,39.894441],[-121.66318,39.894447],[-121.663164,39.894658],[-121.663048,39.894653],[-121.663065,39.894441]]]]},"properties":{"occupancy":"Residential","image_date":"2018-09-10"}},{"type":"Feature","geometry":{"type":"MultiPolygon","coordinates":[[[[-121.750237,39.900631],[-121.75035,39.900545],[-121.750411,39.900593],[-121.750297,39.900679],[-121.750237,39.900631]]]]},"properties":{"occupancy":"Residential","image_date":"2018-06-08"}},{"type":"Feature","geometry":{"type":"MultiPolygon","coordinates":[[[[-121.750107,39.900573],[-121.750114,39.900506],[-121.7502,39.900511],[-121.750194,39.900578],[-121.750107,39.900573]]]]},"properties":{"occupancy":"Residential","image_date":"2018-06-08"}},{"type":"Feature","geometry":{"type":"MultiPolygon","coordinates":[[[[-121.749414,39.896508],[-121.74944,39.896595],[-121.749285,39.896622],[-121.749259,39.896536],[-121.749414,39.896508]]]]},"properties":{"occupancy":"Residential","image_date":"2018-06-08"}},{"type":"Feature","geometry":{"type":"MultiPolygon","coordinates":[[[[-121.749234,39.898719],[-121.749143,39.898685],[-121.749231,39.898545],[-121.749322,39.898579],[-121.749234,39.898719]]]]},"properties":{"occupancy":"Residential","image_date":"2018-06-08"}},{"type":"Feature","geometry":{"type":"MultiPolygon","coordinates":[[[[-121.748861,39.899097],[-121.749037,39.898966],[-121.749128,39.899038],[-121.748951,39.89917],[-121.748861,39.899097]]]]},"properties":{"occupancy":"Residential","image_date":"2018-06-08"}},{"type":"Feature","geometry":{"type":"MultiPolygon","coordinates":[[[[-121.748004,39.896971],[-121.748084,39.897035],[-121.747959,39.897128],[-121.747879,39.897064],[-121.748004,39.896971]]]]},"properties":{"occupancy":"Residential","image_date":"2018-06-08"}},{"type":"Feature","geometry":{"type":"MultiPolygon","coordinates":[[[[-121.747798,39.897431],[-121.747903,39.897354],[-121.748002,39.897435],[-121.747897,39.897512],[-121.747798,39.897431]]]]},"properties":{"occupancy":"Residential","image_date":"2018-06-08"}},{"type":"Feature","geometry":{"type":"MultiPolygon","coordinates":[[[[-121.747599,39.896971],[-121.747499,39.897106],[-121.747398,39.897062],[-121.747499,39.896927],[-121.747599,39.896971]]]]},"properties":{"occupancy":"Residential","image_date":"2018-06-08"}},{"type":"Feature","geometry":{"type":"MultiPolygon","coordinates":[[[[-121.747401,39.895378],[-121.747376,39.895499],[-121.747291,39.895489],[-121.747315,39.895368],[-121.747401,39.895378]]]]},"properties":{"occupancy":"Residential","image_date":"2018-06-08"}},{"type":"Feature","geometry":{"type":"MultiPolygon","coordinates":[[[[-121.74612,39.901334],[-121.745967,39.901398],[-121.745925,39.901339],[-121.746078,39.901275],[-121.74612,39.901334]]]]},"properties":{"occupancy":"Unclassified","image_date":"2018-06-08"}},{"type":"Feature","geometry":{"type":"MultiPolygon","coordinates":[[[[-121.745991,39.896594],[-121.745799,39.896475],[-121.745926,39.896353],[-121.746118,39.896472],[-121.745991,39.896594]]]]},"properties":{"occupancy":"Residential","image_date":"2018-06-08"}},{"type":"Feature","geometry":{"type":"MultiPolygon","coordinates":[[[[-121.744486,39.897047],[-121.74449,39.897225],[-121.744375,39.897227],[-121.74437,39.897048],[-121.744486,39.897047]]]]},"properties":{"occupancy":"Unclassified","image_date":"2018-06-08"}},{"type":"Feature","geometry":{"type":"MultiPolygon","coordinates":[[[[-121.744317,39.896618],[-121.744432,39.896606],[-121.744464,39.896782],[-121.744349,39.896795],[-121.744317,39.896618]]]]},"properties":{"occupancy":"Unclassified","image_date":"2018-06-08"}},{"type":"Feature","geometry":{"type":"MultiPolygon","coordinates":[[[[-121.743951,39.896887],[-121.744059,39.896942],[-121.744011,39.896998],[-121.743903,39.896942],[-121.743951,39.896887]]]]},"properties":{"occupancy":"Unclassified","image_date":"2018-06-08"}},{"type":"Feature","geometry":{"type":"MultiPolygon","coordinates":[[[[-121.743454,39.899858],[-121.743357,39.899671],[-121.743438,39.899646],[-121.743535,39.899833],[-121.743454,39.899858]]]]},"properties":{"occupancy":"Residential","image_date":"2018-06-08"}},{"type":"Feature","geometry":{"type":"MultiPolygon","coordinates":[[[[-121.743383,39.899094],[-121.743483,39.899081],[-121.74351,39.899201],[-121.743282,39.899232],[-121.743242,39.899056],[-121.743371,39.899039],[-121.743383,39.899094]]]]},"properties":{"occupancy":"Unclassified","image_date":"2018-06-08"}},{"type":"Feature","geometry":{"type":"MultiPolygon","coordinates":[[[[-121.743166,39.89889],[-121.743303,39.898827],[-121.743244,39.898751],[-121.743343,39.898705],[-121.743439,39.89883],[-121.743203,39.898938],[-121.743166,39.89889]]]]},"properties":{"occupancy":"Unclassified","image_date":"2018-06-08"}},{"type":"Feature","geometry":{"type":"MultiPolygon","coordinates":[[[[-121.743113,39.898858],[-121.743178,39.898982],[-121.743097,39.899007],[-121.743032,39.898883],[-121.743113,39.898858]]]]},"properties":{"occupancy":"Unclassified","image_date":"2018-06-08"}},{"type":"Feature","geometry":{"type":"MultiPolygon","coordinates":[[[[-121.742826,39.897953],[-121.742864,39.897893],[-121.742942,39.897922],[-121.742904,39.897982],[-121.742826,39.897953]]]]},"properties":{"occupancy":"Unclassified","image_date":"2018-06-08"}},{"type":"Feature","geometry":{"type":"MultiPolygon","coordinates":[[[[-121.742155,39.904431],[-121.742182,39.904344],[-121.742295,39.904366],[-121.742267,39.904452],[-121.742155,39.904431]]]]},"properties":{"occupancy":"Residential","image_date":"2018-06-08"}},{"type":"Feature","geometry":{"type":"MultiPolygon","coordinates":[[[[-121.742187,39.897609],[-121.742163,39.897697],[-121.741823,39.897643],[-121.741846,39.897556],[-121.742187,39.897609]]]]},"properties":{"occupancy":"Unclassified","image_date":"2018-06-08"}},{"type":"Feature","geometry":{"type":"MultiPolygon","coordinates":[[[[-121.741338,39.897452],[-121.741389,39.897372],[-121.741571,39.89744],[-121.74159,39.89741],[-121.74133,39.897313],[-121.741387,39.897222],[-121.741699,39.897339],[-121.741642,39.89743],[-121.741733,39.897464],[-121.741664,39.897574],[-121.741338,39.897452]]]]},"properties":{"occupancy":"Unclassified","image_date":"2018-06-08"}},{"type":"Feature","geometry":{"type":"MultiPolygon","coordinates":[[[[-121.741705,39.897268],[-121.741532,39.897252],[-121.741541,39.897197],[-121.741713,39.897212],[-121.741705,39.897268]]]]},"properties":{"occupancy":"Unclassified","image_date":"2018-06-08"}},{"type":"Feature","geometry":{"type":"MultiPolygon","coordinates":[[[[-121.741463,39.90385],[-121.741479,39.903661],[-121.74158,39.903666],[-121.741559,39.903921],[-121.7414,39.903914],[-121.741406,39.903847],[-121.741463,39.90385]]]]},"properties":{"occupancy":"Residential","image_date":"2018-06-08"}},{"type":"Feature","geometry":{"type":"MultiPolygon","coordinates":[[[[-121.741395,39.897677],[-121.741481,39.897683],[-121.741467,39.897816],[-121.741381,39.897811],[-121.741395,39.897677]]]]},"properties":{"occupancy":"Unclassified","image_date":"2018-06-08"}},{"type":"Feature","geometry":{"type":"MultiPolygon","coordinates":[[[[-121.741128,39.904498],[-121.741044,39.904481],[-121.741098,39.90432],[-121.741182,39.904336],[-121.741128,39.904498]]]]},"properties":{"occupancy":"Residential","image_date":"2018-06-08"}},{"type":"Feature","geometry":{"type":"MultiPolygon","coordinates":[[[[-121.740869,39.907259],[-121.740816,39.907351],[-121.740737,39.907324],[-121.740789,39.907232],[-121.740869,39.907259]]]]},"properties":{"occupancy":"Residential","image_date":"2018-06-08"}},{"type":"Feature","geometry":{"type":"MultiPolygon","coordinates":[[[[-121.740785,39.895019],[-121.740817,39.895139],[-121.740732,39.895153],[-121.7407,39.895032],[-121.740785,39.895019]]]]},"properties":{"occupancy":"Residential","image_date":"2018-06-08"}},{"type":"Feature","geometry":{"type":"MultiPolygon","coordinates":[[[[-121.740582,39.89502],[-121.740613,39.895129],[-121.740472,39.895153],[-121.74041,39.894935],[-121.740707,39.894885],[-121.740738,39.894994],[-121.740582,39.89502]]]]},"properties":{"occupancy":"Residential","image_date":"2018-06-08"}},{"type":"Feature","geometry":{"type":"MultiPolygon","coordinates":[[[[-121.740423,39.909747],[-121.740303,39.909666],[-121.74037,39.909607],[-121.74049,39.909688],[-121.740423,39.909747]]]]},"properties":{"occupancy":"Residential","image_date":"2018-06-08"}},{"type":"Feature","geometry":{"type":"MultiPolygon","coordinates":[[[[-121.738892,39.900368],[-121.738844,39.900312],[-121.73894,39.900262],[-121.738988,39.900318],[-121.738892,39.900368]]]]},"properties":{"occupancy":"Unclassified","image_date":"2018-06-08"}},{"type":"Feature","geometry":{"type":"MultiPolygon","coordinates":[[[[-121.738789,39.911021],[-121.738915,39.911129],[-121.738872,39.911158],[-121.738746,39.91105],[-121.738789,39.911021]]]]},"properties":{"occupancy":"Residential","image_date":"2018-06-08"}},{"type":"Feature","geometry":{"type":"MultiPolygon","coordinates":[[[[-121.738535,39.911213],[-121.738554,39.911068],[-121.738713,39.911081],[-121.738708,39.911114],[-121.738579,39.911104],[-121.738564,39.911215],[-121.738535,39.911213]]]]},"properties":{"occupancy":"Residential","image_date":"2018-06-08"}},{"type":"Feature","geometry":{"type":"MultiPolygon","coordinates":[[[[-121.743099,39.911763],[-121.743147,39.911844],[-121.742976,39.911904],[-121.742928,39.911823],[-121.743099,39.911763]]]]},"properties":{"occupancy":"Agriculture","image_date":"2018-06-08"}},{"type":"Feature","geometry":{"type":"MultiPolygon","coordinates":[[[[-121.650807,39.925604],[-121.650797,39.92547],[-121.650826,39.925469],[-121.650836,39.925602],[-121.650807,39.925604]]]]},"properties":{"occupancy":"Unclassified","image_date":"2018-09-10"}},{"type":"Feature","geometry":{"type":"MultiPolygon","coordinates":[[[[-121.65233,39.926447],[-121.652249,39.926384],[-121.652362,39.926298],[-121.652444,39.926361],[-121.65233,39.926447]]]]},"properties":{"occupancy":"Residential","image_date":"2018-09-10"}},{"type":"Feature","geometry":{"type":"MultiPolygon","coordinates":[[[[-121.650512,39.931661],[-121.650531,39.931727],[-121.650475,39.931736],[-121.650456,39.931671],[-121.650512,39.931661]]]]},"properties":{"occupancy":"Residential","image_date":"2018-09-10"}},{"type":"Feature","geometry":{"type":"MultiPolygon","coordinates":[[[[-121.650288,39.93174],[-121.650432,39.931735],[-121.650441,39.931891],[-121.650297,39.931896],[-121.650288,39.93174]]]]},"properties":{"occupancy":"Residential","image_date":"2018-09-10"}},{"type":"Feature","geometry":{"type":"MultiPolygon","coordinates":[[[[-121.647804,39.935152],[-121.647783,39.93524],[-121.647726,39.935232],[-121.647747,39.935144],[-121.647804,39.935152]]]]},"properties":{"occupancy":"Agriculture","image_date":"2018-09-10"}},{"type":"Feature","geometry":{"type":"MultiPolygon","coordinates":[[[[-121.665563,39.895724],[-121.66581,39.89566],[-121.665837,39.895723],[-121.66559,39.895787],[-121.665563,39.895724]]]]},"properties":{"occupancy":"Residential","image_date":"2018-09-10"}},{"type":"Feature","geometry":{"type":"MultiPolygon","coordinates":[[[[-121.663785,39.896602],[-121.663726,39.8965],[-121.663845,39.89646],[-121.663904,39.896561],[-121.663785,39.896602]]]]},"properties":{"occupancy":"Residential","image_date":"2018-09-10"}},{"type":"Feature","geometry":{"type":"MultiPolygon","coordinates":[[[[-121.662603,39.898227],[-121.662478,39.89817],[-121.662641,39.897959],[-121.662691,39.897982],[-121.662654,39.89803],[-121.662728,39.898064],[-121.662603,39.898227]]]]},"properties":{"occupancy":"Residential","image_date":"2018-09-10"}},{"type":"Feature","geometry":{"type":"MultiPolygon","coordinates":[[[[-121.661936,39.899276],[-121.661826,39.899158],[-121.661932,39.8991],[-121.662042,39.899217],[-121.661936,39.899276]]]]},"properties":{"occupancy":"Agriculture","image_date":"2018-09-10"}},{"type":"Feature","geometry":{"type":"MultiPolygon","coordinates":[[[[-121.661941,39.895463],[-121.662025,39.895479],[-121.662005,39.895544],[-121.661921,39.895528],[-121.661941,39.895463]]]]},"properties":{"occupancy":"Residential","image_date":"2018-09-10"}},{"type":"Feature","geometry":{"type":"MultiPolygon","coordinates":[[[[-121.661882,39.895535],[-121.661909,39.895667],[-121.66178,39.895682],[-121.661754,39.89555],[-121.661882,39.895535]]]]},"properties":{"occupancy":"Residential","image_date":"2018-09-10"}},{"type":"Feature","geometry":{"type":"MultiPolygon","coordinates":[[[[-121.661613,39.897021],[-121.661469,39.897028],[-121.661451,39.896828],[-121.661596,39.896821],[-121.661613,39.897021]]]]},"properties":{"occupancy":"Residential","image_date":"2018-09-10"}},{"type":"Feature","geometry":{"type":"MultiPolygon","coordinates":[[[[-121.660449,39.896967],[-121.660468,39.896879],[-121.660554,39.89689],[-121.660535,39.896978],[-121.660449,39.896967]]]]},"properties":{"occupancy":"Unclassified","image_date":"2018-09-10"}},{"type":"Feature","geometry":{"type":"MultiPolygon","coordinates":[[[[-121.660401,39.898954],[-121.660284,39.899019],[-121.660157,39.898884],[-121.660274,39.898819],[-121.660401,39.898954]]]]},"properties":{"occupancy":"Residential","image_date":"2018-09-10"}},{"type":"Feature","geometry":{"type":"MultiPolygon","coordinates":[[[[-121.660144,39.899701],[-121.66029,39.899792],[-121.660199,39.899878],[-121.660053,39.899787],[-121.660144,39.899701]]]]},"properties":{"occupancy":"Residential","image_date":"2018-09-10"}},{"type":"Feature","geometry":{"type":"MultiPolygon","coordinates":[[[[-121.659599,39.899705],[-121.659631,39.899528],[-121.659746,39.89954],[-121.659714,39.899717],[-121.659599,39.899705]]]]},"properties":{"occupancy":"Residential","image_date":"2018-09-10"}},{"type":"Feature","geometry":{"type":"MultiPolygon","coordinates":[[[[-121.659019,39.897687],[-121.659126,39.897653],[-121.659226,39.897838],[-121.65912,39.897873],[-121.659019,39.897687]]]]},"properties":{"occupancy":"Residential","image_date":"2018-09-10"}},{"type":"Feature","geometry":{"type":"MultiPolygon","coordinates":[[[[-121.658531,39.904701],[-121.65852,39.904801],[-121.658232,39.904782],[-121.658243,39.904682],[-121.658531,39.904701]]]]},"properties":{"occupancy":"Residential","image_date":"2018-09-10"}},{"type":"Feature","geometry":{"type":"MultiPolygon","coordinates":[[[[-121.65676,39.903198],[-121.656904,39.9032],[-121.656902,39.903378],[-121.656757,39.903377],[-121.65676,39.903198]]]]},"properties":{"occupancy":"Residential","image_date":"2018-09-10"}},{"type":"Feature","geometry":{"type":"MultiPolygon","coordinates":[[[[-121.656478,39.90222],[-121.656578,39.902213],[-121.656587,39.902291],[-121.656487,39.902298],[-121.656478,39.90222]]]]},"properties":{"occupancy":"Residential","image_date":"2018-09-10"}},{"type":"Feature","geometry":{"type":"MultiPolygon","coordinates":[[[[-121.731896,39.904106],[-121.731982,39.904118],[-121.731922,39.90437],[-121.731837,39.904358],[-121.731896,39.904106]]]]},"properties":{"occupancy":"Residential","image_date":"2018-06-08"}},{"type":"Feature","geometry":{"type":"MultiPolygon","coordinates":[[[[-121.73241,39.906264],[-121.732493,39.906247],[-121.732524,39.906333],[-121.73244,39.90635],[-121.73241,39.906264]]]]},"properties":{"occupancy":"Residential","image_date":"2018-06-08"}},{"type":"Feature","geometry":{"type":"MultiPolygon","coordinates":[[[[-121.732185,39.906452],[-121.732177,39.906296],[-121.732235,39.906295],[-121.732243,39.90645],[-121.732185,39.906452]]]]},"properties":{"occupancy":"Residential","image_date":"2018-06-08"}},{"type":"Feature","geometry":{"type":"MultiPolygon","coordinates":[[[[-121.733632,39.907709],[-121.733717,39.907696],[-121.733742,39.907795],[-121.733656,39.907807],[-121.733632,39.907709]]]]},"properties":{"occupancy":"Residential","image_date":"2018-06-08"}},{"type":"Feature","geometry":{"type":"MultiPolygon","coordinates":[[[[-121.736194,39.909939],[-121.736129,39.909963],[-121.736042,39.909822],[-121.736146,39.909784],[-121.73629,39.910015],[-121.736251,39.91003],[-121.736194,39.909939]]]]},"properties":{"occupancy":"Residential","image_date":"2018-06-08"}},{"type":"Feature","geometry":{"type":"MultiPolygon","coordinates":[[[[-121.731888,39.910068],[-121.731794,39.910097],[-121.731778,39.910066],[-121.731872,39.910037],[-121.731888,39.910068]]]]},"properties":{"occupancy":"Residential","image_date":"2018-06-08"}},{"type":"Feature","geometry":{"type":"MultiPolygon","coordinates":[[[[-121.733937,39.910635],[-121.733836,39.910629],[-121.733865,39.91034],[-121.733966,39.910346],[-121.733937,39.910635]]]]},"properties":{"occupancy":"Residential","image_date":"2018-06-08"}},{"type":"Feature","geometry":{"type":"MultiPolygon","coordinates":[[[[-121.736825,39.911002],[-121.736857,39.911134],[-121.736801,39.911142],[-121.736768,39.911011],[-121.736825,39.911002]]]]},"properties":{"occupancy":"Residential","image_date":"2018-06-08"}},{"type":"Feature","geometry":{"type":"MultiPolygon","coordinates":[[[[-121.736927,39.911711],[-121.736956,39.911511],[-121.737043,39.911519],[-121.737013,39.911718],[-121.736927,39.911711]]]]},"properties":{"occupancy":"Residential","image_date":"2018-06-08"}},{"type":"Feature","geometry":{"type":"MultiPolygon","coordinates":[[[[-121.738224,39.912365],[-121.738115,39.91231],[-121.738242,39.912161],[-121.738351,39.912216],[-121.738224,39.912365]]]]},"properties":{"occupancy":"Residential","image_date":"2018-06-08"}},{"type":"Feature","geometry":{"type":"MultiPolygon","coordinates":[[[[-121.735548,39.912261],[-121.735382,39.912351],[-121.735315,39.912279],[-121.735481,39.912188],[-121.735548,39.912261]]]]},"properties":{"occupancy":"Residential","image_date":"2018-06-08"}},{"type":"Feature","geometry":{"type":"MultiPolygon","coordinates":[[[[-121.73178,39.914031],[-121.731913,39.913989],[-121.731969,39.914092],[-121.731835,39.914134],[-121.73178,39.914031]]]]},"properties":{"occupancy":"Residential","image_date":"2018-06-08"}},{"type":"Feature","geometry":{"type":"MultiPolygon","coordinates":[[[[-121.73239,39.914004],[-121.732404,39.914126],[-121.732317,39.914132],[-121.732303,39.914009],[-121.73239,39.914004]]]]},"properties":{"occupancy":"Residential","image_date":"2018-06-08"}},{"type":"Feature","geometry":{"type":"MultiPolygon","coordinates":[[[[-121.732094,39.914079],[-121.732136,39.91402],[-121.732199,39.914047],[-121.732158,39.914105],[-121.732094,39.914079]]]]},"properties":{"occupancy":"Residential","image_date":"2018-06-08"}},{"type":"Feature","geometry":{"type":"MultiPolygon","coordinates":[[[[-121.736547,39.914436],[-121.736512,39.914351],[-121.736788,39.914283],[-121.736823,39.914368],[-121.736547,39.914436]]]]},"properties":{"occupancy":"Residential","image_date":"2018-06-08"}},{"type":"Feature","geometry":{"type":"MultiPolygon","coordinates":[[[[-121.738161,39.914425],[-121.738161,39.914503],[-121.738263,39.914503],[-121.738263,39.914536],[-121.738133,39.914537],[-121.738132,39.914425],[-121.738161,39.914425]]]]},"properties":{"occupancy":"Residential","image_date":"2018-06-08"}},{"type":"Feature","geometry":{"type":"MultiPolygon","coordinates":[[[[-121.738017,39.915002],[-121.738069,39.915187],[-121.737998,39.915199],[-121.737946,39.915013],[-121.738017,39.915002]]]]},"properties":{"occupancy":"Residential","image_date":"2018-06-08"}},{"type":"Feature","geometry":{"type":"MultiPolygon","coordinates":[[[[-121.731794,39.915245],[-121.731811,39.915333],[-121.73171,39.915344],[-121.731729,39.915444],[-121.7316,39.915458],[-121.731543,39.915149],[-121.731714,39.91513],[-121.731733,39.915229],[-121.731604,39.915243],[-121.731608,39.915265],[-121.731794,39.915245]]]]},"properties":{"occupancy":"Residential","image_date":"2018-06-08"}},{"type":"Feature","geometry":{"type":"MultiPolygon","coordinates":[[[[-121.741233,39.915343],[-121.741475,39.915444],[-121.74142,39.915522],[-121.741178,39.915422],[-121.741233,39.915343]]]]},"properties":{"occupancy":"Residential","image_date":"2018-06-08"}},{"type":"Feature","geometry":{"type":"MultiPolygon","coordinates":[[[[-121.735825,39.916051],[-121.73566,39.916009],[-121.735706,39.915903],[-121.735871,39.915945],[-121.735825,39.916051]]]]},"properties":{"occupancy":"Residential","image_date":"2018-06-08"}},{"type":"Feature","geometry":{"type":"MultiPolygon","coordinates":[[[[-121.736236,39.915912],[-121.736463,39.91601],[-121.736378,39.916127],[-121.736151,39.916029],[-121.736236,39.915912]]]]},"properties":{"occupancy":"Residential","image_date":"2018-06-08"}},{"type":"Feature","geometry":{"type":"MultiPolygon","coordinates":[[[[-121.740609,39.916159],[-121.740498,39.916211],[-121.74043,39.916125],[-121.740542,39.916073],[-121.740609,39.916159]]]]},"properties":{"occupancy":"Residential","image_date":"2018-06-08"}},{"type":"Feature","geometry":{"type":"MultiPolygon","coordinates":[[[[-121.738306,39.916093],[-121.73845,39.916081],[-121.738462,39.91617],[-121.738318,39.916182],[-121.738306,39.916093]]]]},"properties":{"occupancy":"Residential","image_date":"2018-06-08"}},{"type":"Feature","geometry":{"type":"MultiPolygon","coordinates":[[[[-121.729673,39.918033],[-121.729939,39.918122],[-121.729887,39.918214],[-121.730033,39.918263],[-121.729964,39.918386],[-121.729844,39.918346],[-121.729891,39.918264],[-121.729598,39.918166],[-121.729673,39.918033]]]]},"properties":{"occupancy":"Residential","image_date":"2018-06-08"}},{"type":"Feature","geometry":{"type":"MultiPolygon","coordinates":[[[[-121.727575,39.907987],[-121.727613,39.908208],[-121.727484,39.908221],[-121.727446,39.908],[-121.727575,39.907987]]]]},"properties":{"occupancy":"Residential","image_date":"2018-06-08"}},{"type":"Feature","geometry":{"type":"MultiPolygon","coordinates":[[[[-121.727534,39.911816],[-121.727428,39.91171],[-121.727496,39.911669],[-121.727603,39.911775],[-121.727534,39.911816]]]]},"properties":{"occupancy":"Residential","image_date":"2018-06-08"}},{"type":"Feature","geometry":{"type":"MultiPolygon","coordinates":[[[[-121.72746,39.911295],[-121.727575,39.911288],[-121.727586,39.9114],[-121.72747,39.911406],[-121.72746,39.911295]]]]},"properties":{"occupancy":"Residential","image_date":"2018-06-08"}},{"type":"Feature","geometry":{"type":"MultiPolygon","coordinates":[[[[-121.727381,39.907924],[-121.727497,39.907918],[-121.727503,39.907985],[-121.727387,39.907991],[-121.727381,39.907924]]]]},"properties":{"occupancy":"Residential","image_date":"2018-06-08"}},{"type":"Feature","geometry":{"type":"MultiPolygon","coordinates":[[[[-121.726676,39.912953],[-121.72652,39.91293],[-121.726536,39.912864],[-121.726693,39.912887],[-121.726676,39.912953]]]]},"properties":{"occupancy":"Residential","image_date":"2018-06-08"}},{"type":"Feature","geometry":{"type":"MultiPolygon","coordinates":[[[[-121.726397,39.912764],[-121.726476,39.912792],[-121.726428,39.912873],[-121.726349,39.912845],[-121.726397,39.912764]]]]},"properties":{"occupancy":"Residential","image_date":"2018-06-08"}},{"type":"Feature","geometry":{"type":"MultiPolygon","coordinates":[[[[-121.725826,39.910638],[-121.725673,39.910741],[-121.72553,39.910615],[-121.725683,39.910512],[-121.725826,39.910638]]]]},"properties":{"occupancy":"Residential","image_date":"2018-06-08"}},{"type":"Feature","geometry":{"type":"MultiPolygon","coordinates":[[[[-121.725725,39.909629],[-121.725773,39.909837],[-121.725659,39.909853],[-121.725611,39.909644],[-121.725725,39.909629]]]]},"properties":{"occupancy":"Residential","image_date":"2018-06-08"}},{"type":"Feature","geometry":{"type":"MultiPolygon","coordinates":[[[[-121.72564,39.910753],[-121.725727,39.910751],[-121.725734,39.910896],[-121.725647,39.910898],[-121.72564,39.910753]]]]},"properties":{"occupancy":"Residential","image_date":"2018-06-08"}},{"type":"Feature","geometry":{"type":"MultiPolygon","coordinates":[[[[-121.725743,39.913665],[-121.72564,39.913743],[-121.725478,39.913616],[-121.725581,39.913538],[-121.725743,39.913665]]]]},"properties":{"occupancy":"Residential","image_date":"2018-06-08"}},{"type":"Feature","geometry":{"type":"MultiPolygon","coordinates":[[[[-121.725564,39.913502],[-121.725529,39.913563],[-121.72545,39.913536],[-121.725485,39.913475],[-121.725564,39.913502]]]]},"properties":{"occupancy":"Residential","image_date":"2018-06-08"}},{"type":"Feature","geometry":{"type":"MultiPolygon","coordinates":[[[[-121.725329,39.9117],[-121.725411,39.911569],[-121.725554,39.911622],[-121.725472,39.911753],[-121.725329,39.9117]]]]},"properties":{"occupancy":"Residential","image_date":"2018-06-08"}},{"type":"Feature","geometry":{"type":"MultiPolygon","coordinates":[[[[-121.725265,39.910809],[-121.725246,39.910744],[-121.725302,39.910734],[-121.725321,39.9108],[-121.725265,39.910809]]]]},"properties":{"occupancy":"Residential","image_date":"2018-06-08"}},{"type":"Feature","geometry":{"type":"MultiPolygon","coordinates":[[[[-121.725083,39.912369],[-121.725232,39.912475],[-121.725153,39.912541],[-121.725004,39.912435],[-121.725083,39.912369]]]]},"properties":{"occupancy":"Residential","image_date":"2018-06-08"}},{"type":"Feature","geometry":{"type":"MultiPolygon","coordinates":[[[[-121.725142,39.909077],[-121.725162,39.909165],[-121.725077,39.909177],[-121.725057,39.909089],[-121.725142,39.909077]]]]},"properties":{"occupancy":"Residential","image_date":"2018-06-08"}},{"type":"Feature","geometry":{"type":"MultiPolygon","coordinates":[[[[-121.724821,39.91184],[-121.724656,39.91191],[-121.724628,39.911871],[-121.724793,39.911801],[-121.724821,39.91184]]]]},"properties":{"occupancy":"Residential","image_date":"2017-04-21"}},{"type":"Feature","geometry":{"type":"MultiPolygon","coordinates":[[[[-121.724496,39.916303],[-121.724366,39.916296],[-121.72437,39.916252],[-121.7245,39.916258],[-121.724496,39.916303]]]]},"properties":{"occupancy":"Residential","image_date":"2017-04-21"}},{"type":"Feature","geometry":{"type":"MultiPolygon","coordinates":[[[[-121.724263,39.916076],[-121.724306,39.916217],[-121.724264,39.916225],[-121.72422,39.916083],[-121.724263,39.916076]]]]},"properties":{"occupancy":"Residential","image_date":"2017-04-21"}},{"type":"Feature","geometry":{"type":"MultiPolygon","coordinates":[[[[-121.723149,39.918119],[-121.723234,39.918133],[-121.723216,39.918198],[-121.723131,39.918184],[-121.723149,39.918119]]]]},"properties":{"occupancy":"Residential","image_date":"2017-04-21"}},{"type":"Feature","geometry":{"type":"MultiPolygon","coordinates":[[[[-121.722931,39.91529],[-121.72284,39.915326],[-121.722801,39.915266],[-121.722891,39.91523],[-121.722931,39.91529]]]]},"properties":{"occupancy":"Residential","image_date":"2017-04-21"}},{"type":"Feature","geometry":{"type":"MultiPolygon","coordinates":[[[[-121.719007,39.909317],[-121.718875,39.909271],[-121.718905,39.90922],[-121.719037,39.909266],[-121.719007,39.909317]]]]},"properties":{"occupancy":"Unclassified","image_date":"2017-04-21"}},{"type":"Feature","geometry":{"type":"MultiPolygon","coordinates":[[[[-121.727255,39.918599],[-121.727101,39.918701],[-121.727025,39.918633],[-121.72718,39.918531],[-121.727255,39.918599]]]]},"properties":{"occupancy":"Residential","image_date":"2018-06-08"}},{"type":"Feature","geometry":{"type":"MultiPolygon","coordinates":[[[[-121.726957,39.918897],[-121.726931,39.918984],[-121.726762,39.918953],[-121.726812,39.91879],[-121.727051,39.918834],[-121.727028,39.91891],[-121.726957,39.918897]]]]},"properties":{"occupancy":"Residential","image_date":"2018-06-08"}},{"type":"Feature","geometry":{"type":"MultiPolygon","coordinates":[[[[-121.730243,39.92029],[-121.730156,39.920291],[-121.730152,39.920157],[-121.730239,39.920156],[-121.730243,39.92029]]]]},"properties":{"occupancy":"Residential","image_date":"2018-06-08"}},{"type":"Feature","geometry":{"type":"MultiPolygon","coordinates":[[[[-121.726924,39.920893],[-121.72701,39.920901],[-121.727,39.920968],[-121.726914,39.92096],[-121.726924,39.920893]]]]},"properties":{"occupancy":"Residential","image_date":"2018-06-08"}},{"type":"Feature","geometry":{"type":"MultiPolygon","coordinates":[[[[-121.728927,39.921148],[-121.72888,39.921204],[-121.72877,39.92115],[-121.728817,39.921094],[-121.728927,39.921148]]]]},"properties":{"occupancy":"Residential","image_date":"2018-06-08"}},{"type":"Feature","geometry":{"type":"MultiPolygon","coordinates":[[[[-121.726792,39.921231],[-121.726889,39.921033],[-121.726998,39.921065],[-121.726901,39.921263],[-121.726792,39.921231]]]]},"properties":{"occupancy":"Residential","image_date":"2018-06-08"}},{"type":"Feature","geometry":{"type":"MultiPolygon","coordinates":[[[[-121.712811,39.921846],[-121.712724,39.921855],[-121.712713,39.921788],[-121.712799,39.92178],[-121.712811,39.921846]]]]},"properties":{"occupancy":"Residential","image_date":"2017-04-21"}},{"type":"Feature","geometry":{"type":"MultiPolygon","coordinates":[[[[-121.706617,39.922865],[-121.706642,39.922755],[-121.706927,39.922792],[-121.706903,39.922902],[-121.706617,39.922865]]]]},"properties":{"occupancy":"Unclassified","image_date":"2017-04-21"}},{"type":"Feature","geometry":{"type":"MultiPolygon","coordinates":[[[[-121.706825,39.928235],[-121.706867,39.928306],[-121.706749,39.928348],[-121.706706,39.928277],[-121.706825,39.928235]]]]},"properties":{"occupancy":"Residential","image_date":"2017-04-21"}},{"type":"Feature","geometry":{"type":"MultiPolygon","coordinates":[[[[-121.7132,39.929024],[-121.713249,39.929079],[-121.713178,39.929118],[-121.713128,39.929063],[-121.7132,39.929024]]]]},"properties":{"occupancy":"Unclassified","image_date":"2017-04-21"}},{"type":"Feature","geometry":{"type":"MultiPolygon","coordinates":[[[[-121.654892,39.91077],[-121.654975,39.910875],[-121.654913,39.910904],[-121.65483,39.9108],[-121.654892,39.91077]]]]},"properties":{"occupancy":"Residential","image_date":"2018-09-10"}},{"type":"Feature","geometry":{"type":"MultiPolygon","coordinates":[[[[-121.654602,39.915276],[-121.654667,39.915321],[-121.65459,39.915387],[-121.654525,39.915343],[-121.654602,39.915276]]]]},"properties":{"occupancy":"Residential","image_date":"2018-09-10"}},{"type":"Feature","geometry":{"type":"MultiPolygon","coordinates":[[[[-121.653597,39.916869],[-121.653463,39.916985],[-121.653397,39.916941],[-121.653532,39.916824],[-121.653597,39.916869]]]]},"properties":{"occupancy":"Residential","image_date":"2018-09-10"}},{"type":"Feature","geometry":{"type":"MultiPolygon","coordinates":[[[[-121.653563,39.917268],[-121.653649,39.917258],[-121.653666,39.917346],[-121.65358,39.917356],[-121.653563,39.917268]]]]},"properties":{"occupancy":"Residential","image_date":"2018-09-10"}},{"type":"Feature","geometry":{"type":"MultiPolygon","coordinates":[[[[-121.732593,39.917126],[-121.732666,39.91726],[-121.732438,39.917333],[-121.732366,39.917199],[-121.732593,39.917126]]]]},"properties":{"occupancy":"Residential","image_date":"2018-06-08"}},{"type":"Feature","geometry":{"type":"MultiPolygon","coordinates":[[[[-121.732359,39.917426],[-121.732368,39.917348],[-121.732483,39.917356],[-121.732474,39.917434],[-121.732359,39.917426]]]]},"properties":{"occupancy":"Residential","image_date":"2018-06-08"}},{"type":"Feature","geometry":{"type":"MultiPolygon","coordinates":[[[[-121.735713,39.917677],[-121.735817,39.917716],[-121.735779,39.917776],[-121.735675,39.917737],[-121.735713,39.917677]]]]},"properties":{"occupancy":"Residential","image_date":"2018-06-08"}},{"type":"Feature","geometry":{"type":"MultiPolygon","coordinates":[[[[-121.734506,39.918111],[-121.734481,39.918175],[-121.73437,39.91815],[-121.734394,39.918086],[-121.734506,39.918111]]]]},"properties":{"occupancy":"Residential","image_date":"2018-06-08"}},{"type":"Feature","geometry":{"type":"MultiPolygon","coordinates":[[[[-121.732762,39.918229],[-121.732921,39.918084],[-121.733032,39.918156],[-121.732873,39.918301],[-121.732762,39.918229]]]]},"properties":{"occupancy":"Residential","image_date":"2018-06-08"}},{"type":"Feature","geometry":{"type":"MultiPolygon","coordinates":[[[[-121.734072,39.918565],[-121.734052,39.918631],[-121.733911,39.918606],[-121.733931,39.91854],[-121.734072,39.918565]]]]},"properties":{"occupancy":"Residential","image_date":"2018-06-08"}},{"type":"Feature","geometry":{"type":"MultiPolygon","coordinates":[[[[-121.734482,39.918609],[-121.734545,39.918581],[-121.734589,39.918638],[-121.734526,39.918667],[-121.734482,39.918609]]]]},"properties":{"occupancy":"Residential","image_date":"2018-06-08"}},{"type":"Feature","geometry":{"type":"MultiPolygon","coordinates":[[[[-121.731052,39.918687],[-121.731174,39.918626],[-121.731221,39.918682],[-121.7311,39.918743],[-121.731052,39.918687]]]]},"properties":{"occupancy":"Residential","image_date":"2018-06-08"}},{"type":"Feature","geometry":{"type":"MultiPolygon","coordinates":[[[[-121.737602,39.918735],[-121.737747,39.918727],[-121.737759,39.918861],[-121.737615,39.918869],[-121.737602,39.918735]]]]},"properties":{"occupancy":"Residential","image_date":"2018-06-08"}},{"type":"Feature","geometry":{"type":"MultiPolygon","coordinates":[[[[-121.736253,39.919265],[-121.736261,39.919142],[-121.736203,39.91914],[-121.736215,39.918962],[-121.736345,39.918967],[-121.736325,39.919268],[-121.736253,39.919265]]]]},"properties":{"occupancy":"Residential","image_date":"2018-06-08"}},{"type":"Feature","geometry":{"type":"MultiPolygon","coordinates":[[[[-121.738426,39.919012],[-121.73851,39.91903],[-121.738447,39.919201],[-121.738364,39.919184],[-121.738426,39.919012]]]]},"properties":{"occupancy":"Residential","image_date":"2018-06-08"}},{"type":"Feature","geometry":{"type":"MultiPolygon","coordinates":[[[[-121.731692,39.919199],[-121.731837,39.919149],[-121.731919,39.919291],[-121.731774,39.919341],[-121.731692,39.919199]]]]},"properties":{"occupancy":"Residential","image_date":"2018-06-08"}},{"type":"Feature","geometry":{"type":"MultiPolygon","coordinates":[[[[-121.740504,39.919267],[-121.740778,39.919369],[-121.740703,39.919489],[-121.740429,39.919388],[-121.740504,39.919267]]]]},"properties":{"occupancy":"Residential","image_date":"2018-06-08"}},{"type":"Feature","geometry":{"type":"MultiPolygon","coordinates":[[[[-121.734143,39.919738],[-121.734215,39.919744],[-121.734201,39.919844],[-121.734129,39.919837],[-121.734143,39.919738]]]]},"properties":{"occupancy":"Residential","image_date":"2018-06-08"}},{"type":"Feature","geometry":{"type":"MultiPolygon","coordinates":[[[[-121.735457,39.920444],[-121.735404,39.920391],[-121.735473,39.92035],[-121.735526,39.920403],[-121.735457,39.920444]]]]},"properties":{"occupancy":"Residential","image_date":"2018-06-08"}},{"type":"Feature","geometry":{"type":"MultiPolygon","coordinates":[[[[-121.733933,39.921058],[-121.734013,39.920994],[-121.734076,39.92104],[-121.733996,39.921104],[-121.733933,39.921058]]]]},"properties":{"occupancy":"Residential","image_date":"2018-06-08"}},{"type":"Feature","geometry":{"type":"MultiPolygon","coordinates":[[[[-121.734483,39.92146],[-121.734252,39.921474],[-121.734246,39.921419],[-121.734477,39.921405],[-121.734483,39.92146]]]]},"properties":{"occupancy":"Residential","image_date":"2018-06-08"}},{"type":"Feature","geometry":{"type":"MultiPolygon","coordinates":[[[[-121.734146,39.921553],[-121.734122,39.921466],[-121.734207,39.921452],[-121.734231,39.921539],[-121.734146,39.921553]]]]},"properties":{"occupancy":"Residential","image_date":"2018-06-08"}},{"type":"Feature","geometry":{"type":"MultiPolygon","coordinates":[[[[-121.734918,39.92156],[-121.734702,39.921572],[-121.734697,39.921528],[-121.734914,39.921516],[-121.734918,39.92156]]]]},"properties":{"occupancy":"Unclassified","image_date":"2018-06-08"}},{"type":"Feature","geometry":{"type":"MultiPolygon","coordinates":[[[[-121.734112,39.921817],[-121.734112,39.921773],[-121.734343,39.921771],[-121.734345,39.921905],[-121.734244,39.921905],[-121.734243,39.921816],[-121.734112,39.921817]]]]},"properties":{"occupancy":"Residential","image_date":"2018-06-08"}},{"type":"Feature","geometry":{"type":"MultiPolygon","coordinates":[[[[-121.734386,39.921906],[-121.734501,39.92191],[-121.734496,39.921999],[-121.73438,39.921995],[-121.734386,39.921906]]]]},"properties":{"occupancy":"Residential","image_date":"2018-06-08"}},{"type":"Feature","geometry":{"type":"MultiPolygon","coordinates":[[[[-121.73403,39.92196],[-121.733944,39.921967],[-121.733938,39.921923],[-121.734024,39.921916],[-121.73403,39.92196]]]]},"properties":{"occupancy":"Residential","image_date":"2018-06-08"}},{"type":"Feature","geometry":{"type":"MultiPolygon","coordinates":[[[[-121.735106,39.922042],[-121.73502,39.922045],[-121.735015,39.921979],[-121.735102,39.921975],[-121.735106,39.922042]]]]},"properties":{"occupancy":"Residential","image_date":"2018-06-08"}},{"type":"Feature","geometry":{"type":"MultiPolygon","coordinates":[[[[-121.733968,39.922353],[-121.734084,39.922308],[-121.734149,39.922407],[-121.734033,39.922453],[-121.733968,39.922353]]]]},"properties":{"occupancy":"Residential","image_date":"2018-06-08"}},{"type":"Feature","geometry":{"type":"MultiPolygon","coordinates":[[[[-121.734863,39.923167],[-121.734854,39.923234],[-121.734696,39.923222],[-121.734704,39.923156],[-121.734863,39.923167]]]]},"properties":{"occupancy":"Residential","image_date":"2018-06-08"}},{"type":"Feature","geometry":{"type":"MultiPolygon","coordinates":[[[[-121.734976,39.923545],[-121.734819,39.923526],[-121.734837,39.923438],[-121.734994,39.923457],[-121.734976,39.923545]]]]},"properties":{"occupancy":"Residential","image_date":"2018-06-08"}},{"type":"Feature","geometry":{"type":"MultiPolygon","coordinates":[[[[-121.731657,39.923506],[-121.731955,39.92355],[-121.731933,39.923638],[-121.731635,39.923593],[-121.731657,39.923506]]]]},"properties":{"occupancy":"Unclassified","image_date":"2018-06-08"}},{"type":"Feature","geometry":{"type":"MultiPolygon","coordinates":[[[[-121.730959,39.923605],[-121.730815,39.923592],[-121.730825,39.923526],[-121.730969,39.923539],[-121.730959,39.923605]]]]},"properties":{"occupancy":"Unclassified","image_date":"2018-06-08"}},{"type":"Feature","geometry":{"type":"MultiPolygon","coordinates":[[[[-121.732149,39.923787],[-121.732065,39.923645],[-121.732197,39.923599],[-121.732281,39.923741],[-121.732149,39.923787]]]]},"properties":{"occupancy":"Unclassified","image_date":"2018-06-08"}},{"type":"Feature","geometry":{"type":"MultiPolygon","coordinates":[[[[-121.737358,39.923749],[-121.737446,39.923807],[-121.737372,39.923875],[-121.737283,39.923817],[-121.737358,39.923749]]]]},"properties":{"occupancy":"Residential","image_date":"2018-06-08"}},{"type":"Feature","geometry":{"type":"MultiPolygon","coordinates":[[[[-121.733249,39.924553],[-121.733364,39.924548],[-121.733377,39.924727],[-121.733261,39.924731],[-121.733249,39.924553]]]]},"properties":{"occupancy":"Residential","image_date":"2018-06-08"}},{"type":"Feature","geometry":{"type":"MultiPolygon","coordinates":[[[[-121.731814,39.92474],[-121.731928,39.924753],[-121.731905,39.924875],[-121.73179,39.924861],[-121.731814,39.92474]]]]},"properties":{"occupancy":"Residential","image_date":"2018-06-08"}},{"type":"Feature","geometry":{"type":"MultiPolygon","coordinates":[[[[-121.731156,39.924789],[-121.731095,39.92489],[-121.731043,39.924871],[-121.731104,39.92477],[-121.731156,39.924789]]]]},"properties":{"occupancy":"Residential","image_date":"2018-06-08"}},{"type":"Feature","geometry":{"type":"MultiPolygon","coordinates":[[[[-121.737198,39.930627],[-121.737252,39.930766],[-121.737099,39.930801],[-121.737045,39.930662],[-121.737198,39.930627]]]]},"properties":{"occupancy":"Residential","image_date":"2018-06-08"}},{"type":"Feature","geometry":{"type":"MultiPolygon","coordinates":[[[[-121.736652,39.933246],[-121.736676,39.933379],[-121.736618,39.933385],[-121.736595,39.933252],[-121.736652,39.933246]]]]},"properties":{"occupancy":"Residential","image_date":"2018-06-08"}},{"type":"Feature","geometry":{"type":"MultiPolygon","coordinates":[[[[-121.736006,39.934224],[-121.736005,39.93448],[-121.73586,39.93448],[-121.735862,39.934223],[-121.736006,39.934224]]]]},"properties":{"occupancy":"Residential","image_date":"2018-06-08"}},{"type":"Feature","geometry":{"type":"MultiPolygon","coordinates":[[[[-121.735774,39.932516],[-121.735936,39.932442],[-121.735987,39.93251],[-121.735825,39.932583],[-121.735774,39.932516]]]]},"properties":{"occupancy":"Residential","image_date":"2018-06-08"}},{"type":"Feature","geometry":{"type":"MultiPolygon","coordinates":[[[[-121.735352,39.927976],[-121.735164,39.927963],[-121.735172,39.927896],[-121.73536,39.92791],[-121.735352,39.927976]]]]},"properties":{"occupancy":"Residential","image_date":"2018-06-08"}},{"type":"Feature","geometry":{"type":"MultiPolygon","coordinates":[[[[-121.735211,39.929777],[-121.735125,39.929789],[-121.73508,39.929603],[-121.735165,39.92959],[-121.735211,39.929777]]]]},"properties":{"occupancy":"Residential","image_date":"2018-06-08"}},{"type":"Feature","geometry":{"type":"MultiPolygon","coordinates":[[[[-121.735022,39.931217],[-121.734834,39.931216],[-121.734835,39.931127],[-121.735023,39.931128],[-121.735022,39.931217]]]]},"properties":{"occupancy":"Residential","image_date":"2018-06-08"}},{"type":"Feature","geometry":{"type":"MultiPolygon","coordinates":[[[[-121.734725,39.931543],[-121.734705,39.931664],[-121.734504,39.931645],[-121.734524,39.931523],[-121.734725,39.931543]]]]},"properties":{"occupancy":"Residential","image_date":"2018-06-08"}},{"type":"Feature","geometry":{"type":"MultiPolygon","coordinates":[[[[-121.734455,39.925798],[-121.734462,39.925898],[-121.734274,39.925906],[-121.734267,39.925806],[-121.734455,39.925798]]]]},"properties":{"occupancy":"Residential","image_date":"2018-06-08"}},{"type":"Feature","geometry":{"type":"MultiPolygon","coordinates":[[[[-121.734324,39.92559],[-121.734367,39.925545],[-121.734437,39.925584],[-121.734395,39.925629],[-121.734324,39.92559]]]]},"properties":{"occupancy":"Residential","image_date":"2018-06-08"}},{"type":"Feature","geometry":{"type":"MultiPolygon","coordinates":[[[[-121.734311,39.92572],[-121.734256,39.925771],[-121.734189,39.925728],[-121.734245,39.925677],[-121.734311,39.92572]]]]},"properties":{"occupancy":"Residential","image_date":"2018-06-08"}},{"type":"Feature","geometry":{"type":"MultiPolygon","coordinates":[[[[-121.733423,39.931881],[-121.733539,39.931884],[-121.733536,39.931951],[-121.733421,39.931948],[-121.733423,39.931881]]]]},"properties":{"occupancy":"Residential","image_date":"2018-06-08"}},{"type":"Feature","geometry":{"type":"MultiPolygon","coordinates":[[[[-121.733186,39.933978],[-121.733298,39.933957],[-121.733329,39.934055],[-121.733217,39.934076],[-121.733186,39.933978]]]]},"properties":{"occupancy":"Residential","image_date":"2018-06-08"}},{"type":"Feature","geometry":{"type":"MultiPolygon","coordinates":[[[[-121.733284,39.931474],[-121.733224,39.931551],[-121.733101,39.931493],[-121.733161,39.931417],[-121.733284,39.931474]]]]},"properties":{"occupancy":"Residential","image_date":"2018-06-08"}},{"type":"Feature","geometry":{"type":"MultiPolygon","coordinates":[[[[-121.733127,39.930729],[-121.733095,39.930849],[-121.732953,39.930826],[-121.732985,39.930706],[-121.733127,39.930729]]]]},"properties":{"occupancy":"Residential","image_date":"2018-06-08"}},{"type":"Feature","geometry":{"type":"MultiPolygon","coordinates":[[[[-121.732737,39.925478],[-121.732879,39.925533],[-121.732905,39.925493],[-121.732944,39.925508],[-121.732866,39.925628],[-121.732685,39.925558],[-121.732737,39.925478]]]]},"properties":{"occupancy":"Residential","image_date":"2018-06-08"}},{"type":"Feature","geometry":{"type":"MultiPolygon","coordinates":[[[[-121.73222,39.930185],[-121.732148,39.930189],[-121.73214,39.930089],[-121.732212,39.930085],[-121.73222,39.930185]]]]},"properties":{"occupancy":"Residential","image_date":"2018-06-08"}},{"type":"Feature","geometry":{"type":"MultiPolygon","coordinates":[[[[-121.732122,39.935294],[-121.732179,39.935289],[-121.732196,39.9354],[-121.732138,39.935405],[-121.732122,39.935294]]]]},"properties":{"occupancy":"Residential","image_date":"2018-06-08"}},{"type":"Feature","geometry":{"type":"MultiPolygon","coordinates":[[[[-121.731996,39.929815],[-121.731953,39.929898],[-121.731752,39.929835],[-121.731795,39.929753],[-121.731996,39.929815]]]]},"properties":{"occupancy":"Residential","image_date":"2018-06-08"}},{"type":"Feature","geometry":{"type":"MultiPolygon","coordinates":[[[[-121.731844,39.930018],[-121.731751,39.929987],[-121.731819,39.929864],[-121.731913,39.929895],[-121.731844,39.930018]]]]},"properties":{"occupancy":"Residential","image_date":"2018-06-08"}},{"type":"Feature","geometry":{"type":"MultiPolygon","coordinates":[[[[-121.731814,39.928465],[-121.731763,39.928628],[-121.73165,39.928607],[-121.731701,39.928444],[-121.731814,39.928465]]]]},"properties":{"occupancy":"Residential","image_date":"2018-06-08"}},{"type":"Feature","geometry":{"type":"MultiPolygon","coordinates":[[[[-121.731467,39.926834],[-121.731288,39.926529],[-121.731526,39.926446],[-121.731705,39.926751],[-121.731467,39.926834]]]]},"properties":{"occupancy":"Unclassified","image_date":"2018-06-08"}},{"type":"Feature","geometry":{"type":"MultiPolygon","coordinates":[[[[-121.731602,39.927942],[-121.731445,39.92792],[-121.731467,39.927832],[-121.731623,39.927855],[-121.731602,39.927942]]]]},"properties":{"occupancy":"Residential","image_date":"2018-06-08"}},{"type":"Feature","geometry":{"type":"MultiPolygon","coordinates":[[[[-121.731505,39.928816],[-121.731607,39.928878],[-121.731481,39.929],[-121.731379,39.928938],[-121.731505,39.928816]]]]},"properties":{"occupancy":"Residential","image_date":"2018-06-08"}},{"type":"Feature","geometry":{"type":"MultiPolygon","coordinates":[[[[-121.731504,39.928437],[-121.731574,39.928451],[-121.731534,39.92857],[-121.731464,39.928556],[-121.731504,39.928437]]]]},"properties":{"occupancy":"Residential","image_date":"2018-06-08"}},{"type":"Feature","geometry":{"type":"MultiPolygon","coordinates":[[[[-121.73139,39.926234],[-121.731433,39.926317],[-121.731311,39.926354],[-121.731269,39.926271],[-121.73139,39.926234]]]]},"properties":{"occupancy":"Unclassified","image_date":"2018-06-08"}},{"type":"Feature","geometry":{"type":"MultiPolygon","coordinates":[[[[-121.730974,39.928404],[-121.731061,39.928403],[-121.731065,39.928525],[-121.730978,39.928527],[-121.730974,39.928404]]]]},"properties":{"occupancy":"Residential","image_date":"2018-06-08"}},{"type":"Feature","geometry":{"type":"MultiPolygon","coordinates":[[[[-121.730464,39.929281],[-121.730377,39.929276],[-121.730386,39.929187],[-121.730473,39.929192],[-121.730464,39.929281]]]]},"properties":{"occupancy":"Residential","image_date":"2018-06-08"}},{"type":"Feature","geometry":{"type":"MultiPolygon","coordinates":[[[[-121.730463,39.934228],[-121.730296,39.934266],[-121.730243,39.934127],[-121.730409,39.934089],[-121.730463,39.934228]]]]},"properties":{"occupancy":"Residential","image_date":"2018-06-08"}},{"type":"Feature","geometry":{"type":"MultiPolygon","coordinates":[[[[-121.730125,39.930282],[-121.730267,39.930359],[-121.730183,39.93045],[-121.730042,39.930373],[-121.730125,39.930282]]]]},"properties":{"occupancy":"Residential","image_date":"2018-06-08"}},{"type":"Feature","geometry":{"type":"MultiPolygon","coordinates":[[[[-121.730094,39.931423],[-121.730223,39.931512],[-121.730165,39.931562],[-121.730036,39.931473],[-121.730094,39.931423]]]]},"properties":{"occupancy":"Residential","image_date":"2018-06-08"}},{"type":"Feature","geometry":{"type":"MultiPolygon","coordinates":[[[[-121.72965,39.926767],[-121.729679,39.926765],[-121.729664,39.926654],[-121.72988,39.926636],[-121.729897,39.926758],[-121.729551,39.926786],[-121.729539,39.926697],[-121.72964,39.926689],[-121.72965,39.926767]]]]},"properties":{"occupancy":"Residential","image_date":"2018-06-08"}},{"type":"Feature","geometry":{"type":"MultiPolygon","coordinates":[[[[-121.734941,39.936151],[-121.734892,39.936314],[-121.734807,39.936299],[-121.734856,39.936136],[-121.734941,39.936151]]]]},"properties":{"occupancy":"Residential","image_date":"2018-06-08"}},{"type":"Feature","geometry":{"type":"MultiPolygon","coordinates":[[[[-121.736392,39.938576],[-121.736272,39.938672],[-121.736178,39.938603],[-121.736128,39.938643],[-121.736044,39.938581],[-121.736135,39.938509],[-121.736082,39.93847],[-121.736163,39.938406],[-121.736392,39.938576]]]]},"properties":{"occupancy":"Residential","image_date":"2018-06-08"}},{"type":"Feature","geometry":{"type":"MultiPolygon","coordinates":[[[[-121.733178,39.938652],[-121.733142,39.9387],[-121.733029,39.93865],[-121.733065,39.938602],[-121.733178,39.938652]]]]},"properties":{"occupancy":"Residential","image_date":"2018-06-08"}},{"type":"Feature","geometry":{"type":"MultiPolygon","coordinates":[[[[-121.730893,39.941533],[-121.731021,39.94132],[-121.731152,39.941367],[-121.731024,39.94158],[-121.730893,39.941533]]]]},"properties":{"occupancy":"Residential","image_date":"2018-06-08"}},{"type":"Feature","geometry":{"type":"MultiPolygon","coordinates":[[[[-121.729434,39.942317],[-121.729363,39.942279],[-121.72947,39.942159],[-121.729541,39.942197],[-121.729434,39.942317]]]]},"properties":{"occupancy":"Residential","image_date":"2018-06-08"}},{"type":"Feature","geometry":{"type":"MultiPolygon","coordinates":[[[[-121.73362,39.942486],[-121.733808,39.942495],[-121.733802,39.942573],[-121.733614,39.942564],[-121.73362,39.942486]]]]},"properties":{"occupancy":"Residential","image_date":"2018-06-08"}},{"type":"Feature","geometry":{"type":"MultiPolygon","coordinates":[[[[-121.733597,39.94295],[-121.73351,39.942957],[-121.733497,39.942857],[-121.733583,39.94285],[-121.733597,39.94295]]]]},"properties":{"occupancy":"Residential","image_date":"2018-06-08"}},{"type":"Feature","geometry":{"type":"MultiPolygon","coordinates":[[[[-121.733364,39.942801],[-121.733477,39.942821],[-121.733434,39.942962],[-121.733321,39.942942],[-121.733364,39.942801]]]]},"properties":{"occupancy":"Residential","image_date":"2018-06-08"}},{"type":"Feature","geometry":{"type":"MultiPolygon","coordinates":[[[[-121.733409,39.945007],[-121.733293,39.944893],[-121.733385,39.944838],[-121.7335,39.944952],[-121.733409,39.945007]]]]},"properties":{"occupancy":"Agriculture","image_date":"2018-06-08"}},{"type":"Feature","geometry":{"type":"MultiPolygon","coordinates":[[[[-121.721941,39.934814],[-121.721916,39.934924],[-121.721659,39.934891],[-121.721684,39.934781],[-121.721941,39.934814]]]]},"properties":{"occupancy":"Residential","image_date":"2017-04-21"}},{"type":"Feature","geometry":{"type":"MultiPolygon","coordinates":[[[[-121.721609,39.940399],[-121.721523,39.940407],[-121.721508,39.940319],[-121.721595,39.94031],[-121.721609,39.940399]]]]},"properties":{"occupancy":"Residential","image_date":"2017-04-21"}},{"type":"Feature","geometry":{"type":"MultiPolygon","coordinates":[[[[-121.721494,39.940385],[-121.72158,39.940538],[-121.721501,39.940565],[-121.721414,39.940412],[-121.721494,39.940385]]]]},"properties":{"occupancy":"Residential","image_date":"2017-04-21"}},{"type":"Feature","geometry":{"type":"MultiPolygon","coordinates":[[[[-121.721442,39.927201],[-121.721367,39.927093],[-121.721239,39.927145],[-121.721165,39.927036],[-121.721395,39.926943],[-121.721544,39.927159],[-121.721442,39.927201]]]]},"properties":{"occupancy":"Residential","image_date":"2017-04-21"}},{"type":"Feature","geometry":{"type":"MultiPolygon","coordinates":[[[[-121.721313,39.933435],[-121.721335,39.933348],[-121.721549,39.93338],[-121.721526,39.933467],[-121.721313,39.933435]]]]},"properties":{"occupancy":"Residential","image_date":"2017-04-21"}},{"type":"Feature","geometry":{"type":"MultiPolygon","coordinates":[[[[-121.721257,39.937618],[-121.721157,39.937495],[-121.721305,39.937424],[-121.721405,39.937547],[-121.721257,39.937618]]]]},"properties":{"occupancy":"Residential","image_date":"2017-04-21"}},{"type":"Feature","geometry":{"type":"MultiPolygon","coordinates":[[[[-121.721281,39.93338],[-121.721309,39.933443],[-121.721186,39.933476],[-121.721157,39.933413],[-121.721281,39.93338]]]]},"properties":{"occupancy":"Residential","image_date":"2017-04-21"}},{"type":"Feature","geometry":{"type":"MultiPolygon","coordinates":[[[[-121.721283,39.940261],[-121.721289,39.940361],[-121.721202,39.940364],[-121.721196,39.940264],[-121.721283,39.940261]]]]},"properties":{"occupancy":"Residential","image_date":"2017-04-21"}},{"type":"Feature","geometry":{"type":"MultiPolygon","coordinates":[[[[-121.721127,39.927357],[-121.721037,39.927485],[-121.72091,39.927432],[-121.721,39.927304],[-121.721127,39.927357]]]]},"properties":{"occupancy":"Agriculture","image_date":"2017-04-21"}},{"type":"Feature","geometry":{"type":"MultiPolygon","coordinates":[[[[-121.72098,39.937535],[-121.721094,39.937521],[-121.721103,39.937565],[-121.720989,39.937579],[-121.72098,39.937535]]]]},"properties":{"occupancy":"Residential","image_date":"2017-04-21"}},{"type":"Feature","geometry":{"type":"MultiPolygon","coordinates":[[[[-121.719626,39.942353],[-121.719612,39.942287],[-121.719698,39.942276],[-121.719712,39.942342],[-121.719626,39.942353]]]]},"properties":{"occupancy":"Residential","image_date":"2017-04-21"}},{"type":"Feature","geometry":{"type":"MultiPolygon","coordinates":[[[[-121.718355,39.943568],[-121.71847,39.943577],[-121.71846,39.943644],[-121.718345,39.943634],[-121.718355,39.943568]]]]},"properties":{"occupancy":"Residential","image_date":"2017-04-21"}},{"type":"Feature","geometry":{"type":"MultiPolygon","coordinates":[[[[-121.717185,39.941184],[-121.717033,39.941064],[-121.717116,39.941002],[-121.717268,39.941122],[-121.717185,39.941184]]]]},"properties":{"occupancy":"Residential","image_date":"2017-04-21"}},{"type":"Feature","geometry":{"type":"MultiPolygon","coordinates":[[[[-121.715514,39.940865],[-121.715441,39.940901],[-121.715386,39.940835],[-121.715459,39.940799],[-121.715514,39.940865]]]]},"properties":{"occupancy":"Residential","image_date":"2017-04-21"}},{"type":"Feature","geometry":{"type":"MultiPolygon","coordinates":[[[[-121.715343,39.940659],[-121.715458,39.940648],[-121.715478,39.940769],[-121.715363,39.94078],[-121.715343,39.940659]]]]},"properties":{"occupancy":"Residential","image_date":"2017-04-21"}},{"type":"Feature","geometry":{"type":"MultiPolygon","coordinates":[[[[-121.70994,39.943423],[-121.709894,39.943541],[-121.709783,39.943515],[-121.709829,39.943398],[-121.70994,39.943423]]]]},"properties":{"occupancy":"Unclassified","image_date":"2017-04-21"}},{"type":"Feature","geometry":{"type":"MultiPolygon","coordinates":[[[[-121.707662,39.941651],[-121.707622,39.941758],[-121.707511,39.941733],[-121.707551,39.941626],[-121.707662,39.941651]]]]},"properties":{"occupancy":"Residential","image_date":"2017-04-21"}},{"type":"Feature","geometry":{"type":"MultiPolygon","coordinates":[[[[-121.707162,39.941492],[-121.707327,39.941533],[-121.707292,39.941618],[-121.707126,39.941577],[-121.707162,39.941492]]]]},"properties":{"occupancy":"Residential","image_date":"2017-04-21"}},{"type":"Feature","geometry":{"type":"MultiPolygon","coordinates":[[[[-121.706898,39.939891],[-121.707009,39.93984],[-121.707084,39.939935],[-121.706972,39.939987],[-121.706898,39.939891]]]]},"properties":{"occupancy":"Residential","image_date":"2017-04-21"}},{"type":"Feature","geometry":{"type":"MultiPolygon","coordinates":[[[[-121.706264,39.941584],[-121.706152,39.941606],[-121.706116,39.941498],[-121.706228,39.941476],[-121.706264,39.941584]]]]},"properties":{"occupancy":"Residential","image_date":"2017-04-21"}},{"type":"Feature","geometry":{"type":"MultiPolygon","coordinates":[[[[-121.703538,39.93262],[-121.703526,39.932687],[-121.70344,39.932677],[-121.703452,39.932611],[-121.703538,39.93262]]]]},"properties":{"occupancy":"Residential","image_date":"2017-04-21"}},{"type":"Feature","geometry":{"type":"MultiPolygon","coordinates":[[[[-121.701214,39.939323],[-121.701241,39.939511],[-121.701098,39.939524],[-121.70107,39.939335],[-121.701214,39.939323]]]]},"properties":{"occupancy":"Residential","image_date":"2017-04-21"}},{"type":"Feature","geometry":{"type":"MultiPolygon","coordinates":[[[[-121.690871,39.935607],[-121.691026,39.93558],[-121.691045,39.935645],[-121.69089,39.935672],[-121.690871,39.935607]]]]},"properties":{"occupancy":"Residential","image_date":"2018-09-10"}},{"type":"Feature","geometry":{"type":"MultiPolygon","coordinates":[[[[-121.718248,39.944027],[-121.718109,39.944059],[-121.718059,39.943931],[-121.718198,39.943899],[-121.718248,39.944027]]]]},"properties":{"occupancy":"Residential","image_date":"2017-04-21"}},{"type":"Feature","geometry":{"type":"MultiPolygon","coordinates":[[[[-121.705918,39.944581],[-121.7061,39.944708],[-121.706013,39.944783],[-121.70583,39.944655],[-121.705918,39.944581]]]]},"properties":{"occupancy":"Residential","image_date":"2017-04-21"}},{"type":"Feature","geometry":{"type":"MultiPolygon","coordinates":[[[[-121.71672,39.945105],[-121.717067,39.945093],[-121.717073,39.945182],[-121.716725,39.945194],[-121.71672,39.945105]]]]},"properties":{"occupancy":"Residential","image_date":"2017-04-21"}},{"type":"Feature","geometry":{"type":"MultiPolygon","coordinates":[[[[-121.697794,39.945659],[-121.697917,39.945753],[-121.697795,39.945848],[-121.697671,39.945754],[-121.697794,39.945659]]]]},"properties":{"occupancy":"Residential","image_date":"2017-04-21"}},{"type":"Feature","geometry":{"type":"MultiPolygon","coordinates":[[[[-121.697651,39.945788],[-121.697693,39.945895],[-121.697554,39.945927],[-121.697513,39.94582],[-121.697651,39.945788]]]]},"properties":{"occupancy":"Residential","image_date":"2017-04-21"}},{"type":"Feature","geometry":{"type":"MultiPolygon","coordinates":[[[[-121.719821,39.946381],[-121.719711,39.946353],[-121.719747,39.946268],[-121.719857,39.946296],[-121.719821,39.946381]]]]},"properties":{"occupancy":"Residential","image_date":"2017-04-21"}},{"type":"Feature","geometry":{"type":"MultiPolygon","coordinates":[[[[-121.700553,39.946485],[-121.700726,39.946487],[-121.700724,39.946621],[-121.70055,39.946619],[-121.700553,39.946485]]]]},"properties":{"occupancy":"Residential","image_date":"2017-04-21"}},{"type":"Feature","geometry":{"type":"MultiPolygon","coordinates":[[[[-121.714021,39.946782],[-121.71395,39.946792],[-121.713924,39.946683],[-121.713995,39.946673],[-121.714021,39.946782]]]]},"properties":{"occupancy":"Unclassified","image_date":"2017-04-21"}},{"type":"Feature","geometry":{"type":"MultiPolygon","coordinates":[[[[-121.719307,39.947069],[-121.719167,39.946956],[-121.719261,39.946886],[-121.719401,39.946999],[-121.719307,39.947069]]]]},"properties":{"occupancy":"Residential","image_date":"2017-04-21"}},{"type":"Feature","geometry":{"type":"MultiPolygon","coordinates":[[[[-121.704451,39.947926],[-121.704305,39.948051],[-121.704219,39.947991],[-121.704364,39.947867],[-121.704451,39.947926]]]]},"properties":{"occupancy":"Residential","image_date":"2017-04-21"}},{"type":"Feature","geometry":{"type":"MultiPolygon","coordinates":[[[[-121.70679,39.948835],[-121.706619,39.94886],[-121.706597,39.948773],[-121.706768,39.948747],[-121.70679,39.948835]]]]},"properties":{"occupancy":"Residential","image_date":"2017-04-21"}},{"type":"Feature","geometry":{"type":"MultiPolygon","coordinates":[[[[-121.705178,39.948817],[-121.705135,39.94882],[-121.705145,39.94892],[-121.705,39.948928],[-121.704985,39.948772],[-121.705173,39.948762],[-121.705178,39.948817]]]]},"properties":{"occupancy":"Residential","image_date":"2017-04-21"}},{"type":"Feature","geometry":{"type":"MultiPolygon","coordinates":[[[[-121.71068,39.951684],[-121.710464,39.951665],[-121.710477,39.951577],[-121.710693,39.951596],[-121.71068,39.951684]]]]},"properties":{"occupancy":"Residential","image_date":"2017-04-21"}},{"type":"Feature","geometry":{"type":"MultiPolygon","coordinates":[[[[-121.714953,39.955275],[-121.714814,39.955214],[-121.71485,39.955166],[-121.714989,39.955226],[-121.714953,39.955275]]]]},"properties":{"occupancy":"Residential","image_date":"2017-04-21"}},{"type":"Feature","geometry":{"type":"MultiPolygon","coordinates":[[[[-121.713214,39.955537],[-121.71313,39.955521],[-121.713175,39.95538],[-121.71326,39.955396],[-121.713214,39.955537]]]]},"properties":{"occupancy":"Residential","image_date":"2017-04-21"}},{"type":"Feature","geometry":{"type":"MultiPolygon","coordinates":[[[[-121.710063,39.956335],[-121.710149,39.956336],[-121.710149,39.956403],[-121.710062,39.956402],[-121.710063,39.956335]]]]},"properties":{"occupancy":"Unclassified","image_date":"2017-04-21"}},{"type":"Feature","geometry":{"type":"MultiPolygon","coordinates":[[[[-121.714857,39.957779],[-121.714981,39.957722],[-121.715026,39.957779],[-121.714902,39.957837],[-121.714857,39.957779]]]]},"properties":{"occupancy":"Commercial","image_date":"2017-04-21"}},{"type":"Feature","geometry":{"type":"MultiPolygon","coordinates":[[[[-121.71451,39.958172],[-121.714385,39.958116],[-121.714509,39.957952],[-121.714634,39.958009],[-121.71451,39.958172]]]]},"properties":{"occupancy":"Commercial","image_date":"2017-04-21"}},{"type":"Feature","geometry":{"type":"MultiPolygon","coordinates":[[[[-121.712001,39.960923],[-121.711983,39.961011],[-121.711826,39.960992],[-121.711844,39.960904],[-121.712001,39.960923]]]]},"properties":{"occupancy":"Commercial","image_date":"2017-04-21"}},{"type":"Feature","geometry":{"type":"MultiPolygon","coordinates":[[[[-121.711886,39.961678],[-121.711866,39.961923],[-121.711721,39.961916],[-121.711741,39.961671],[-121.711886,39.961678]]]]},"properties":{"occupancy":"Commercial","image_date":"2017-04-21"}},{"type":"Feature","geometry":{"type":"MultiPolygon","coordinates":[[[[-121.707777,39.962288],[-121.707691,39.962277],[-121.70772,39.962145],[-121.707806,39.962156],[-121.707777,39.962288]]]]},"properties":{"occupancy":"Residential","image_date":"2017-04-21"}},{"type":"Feature","geometry":{"type":"MultiPolygon","coordinates":[[[[-121.719754,39.963335],[-121.71981,39.9634],[-121.719738,39.963437],[-121.719681,39.963372],[-121.719754,39.963335]]]]},"properties":{"occupancy":"Residential","image_date":"2017-04-21"}},{"type":"Feature","geometry":{"type":"MultiPolygon","coordinates":[[[[-121.720177,39.963688],[-121.72022,39.963491],[-121.720334,39.963505],[-121.720291,39.963703],[-121.720177,39.963688]]]]},"properties":{"occupancy":"Residential","image_date":"2017-04-21"}},{"type":"Feature","geometry":{"type":"MultiPolygon","coordinates":[[[[-121.715258,39.965163],[-121.715344,39.965153],[-121.71536,39.96523],[-121.715274,39.96524],[-121.715258,39.965163]]]]},"properties":{"occupancy":"Residential","image_date":"2017-04-21"}},{"type":"Feature","geometry":{"type":"MultiPolygon","coordinates":[[[[-121.729419,39.935461],[-121.729535,39.93546],[-121.729537,39.935593],[-121.729334,39.935596],[-121.729331,39.935384],[-121.729417,39.935383],[-121.729419,39.935461]]]]},"properties":{"occupancy":"Residential","image_date":"2018-06-08"}},{"type":"Feature","geometry":{"type":"MultiPolygon","coordinates":[[[[-121.729438,39.931146],[-121.729267,39.931062],[-121.729329,39.930987],[-121.7295,39.93107],[-121.729438,39.931146]]]]},"properties":{"occupancy":"Residential","image_date":"2018-06-08"}},{"type":"Feature","geometry":{"type":"MultiPolygon","coordinates":[[[[-121.729459,39.943576],[-121.729272,39.943597],[-121.72926,39.943531],[-121.729446,39.94351],[-121.729459,39.943576]]]]},"properties":{"occupancy":"Residential","image_date":"2018-06-08"}},{"type":"Feature","geometry":{"type":"MultiPolygon","coordinates":[[[[-121.729107,39.931257],[-121.729175,39.931184],[-121.729304,39.931256],[-121.729236,39.931328],[-121.729107,39.931257]]]]},"properties":{"occupancy":"Residential","image_date":"2018-06-08"}},{"type":"Feature","geometry":{"type":"MultiPolygon","coordinates":[[[[-121.72917,39.932622],[-121.728968,39.932612],[-121.728977,39.932501],[-121.729179,39.932511],[-121.72917,39.932622]]]]},"properties":{"occupancy":"Residential","image_date":"2018-06-08"}},{"type":"Feature","geometry":{"type":"MultiPolygon","coordinates":[[[[-121.728749,39.933448],[-121.728753,39.933203],[-121.728913,39.933205],[-121.728906,39.933561],[-121.728834,39.933561],[-121.728836,39.933449],[-121.728749,39.933448]]]]},"properties":{"occupancy":"Residential","image_date":"2018-06-08"}},{"type":"Feature","geometry":{"type":"MultiPolygon","coordinates":[[[[-121.726869,39.939923],[-121.727028,39.93993],[-121.727021,39.940019],[-121.726862,39.940012],[-121.726869,39.939923]]]]},"properties":{"occupancy":"Residential","image_date":"2018-06-08"}},{"type":"Feature","geometry":{"type":"MultiPolygon","coordinates":[[[[-121.726938,39.93739],[-121.726852,39.937399],[-121.726826,39.937256],[-121.726912,39.937247],[-121.726938,39.93739]]]]},"properties":{"occupancy":"Residential","image_date":"2018-06-08"}},{"type":"Feature","geometry":{"type":"MultiPolygon","coordinates":[[[[-121.726616,39.937646],[-121.72679,39.937651],[-121.726782,39.937785],[-121.726609,39.937779],[-121.726616,39.937646]]]]},"properties":{"occupancy":"Residential","image_date":"2018-06-08"}},{"type":"Feature","geometry":{"type":"MultiPolygon","coordinates":[[[[-121.726653,39.934668],[-121.726482,39.93464],[-121.7265,39.934575],[-121.72667,39.934602],[-121.726653,39.934668]]]]},"properties":{"occupancy":"Residential","image_date":"2018-06-08"}},{"type":"Feature","geometry":{"type":"MultiPolygon","coordinates":[[[[-121.72627,39.934372],[-121.726414,39.934384],[-121.726391,39.934539],[-121.726247,39.934527],[-121.72627,39.934372]]]]},"properties":{"occupancy":"Residential","image_date":"2018-06-08"}},{"type":"Feature","geometry":{"type":"MultiPolygon","coordinates":[[[[-121.725856,39.935666],[-121.725901,39.935584],[-121.726195,39.935679],[-121.72615,39.935761],[-121.725856,39.935666]]]]},"properties":{"occupancy":"Residential","image_date":"2018-06-08"}},{"type":"Feature","geometry":{"type":"MultiPolygon","coordinates":[[[[-121.725568,39.933401],[-121.725708,39.933372],[-121.725784,39.933587],[-121.725644,39.933616],[-121.725568,39.933401]]]]},"properties":{"occupancy":"Residential","image_date":"2018-06-08"}},{"type":"Feature","geometry":{"type":"MultiPolygon","coordinates":[[[[-121.725747,39.937317],[-121.725661,39.937315],[-121.725665,39.937159],[-121.725752,39.937161],[-121.725747,39.937317]]]]},"properties":{"occupancy":"Residential","image_date":"2018-06-08"}},{"type":"Feature","geometry":{"type":"MultiPolygon","coordinates":[[[[-121.72556,39.937216],[-121.725557,39.937105],[-121.725615,39.937104],[-121.725618,39.937215],[-121.72556,39.937216]]]]},"properties":{"occupancy":"Residential","image_date":"2018-06-08"}},{"type":"Feature","geometry":{"type":"MultiPolygon","coordinates":[[[[-121.725534,39.937059],[-121.725534,39.93717],[-121.725419,39.93717],[-121.725418,39.937059],[-121.725534,39.937059]]]]},"properties":{"occupancy":"Residential","image_date":"2017-04-21"}},{"type":"Feature","geometry":{"type":"MultiPolygon","coordinates":[[[[-121.725226,39.940525],[-121.725254,39.940462],[-121.725391,39.940498],[-121.725363,39.940561],[-121.725226,39.940525]]]]},"properties":{"occupancy":"Residential","image_date":"2017-04-21"}},{"type":"Feature","geometry":{"type":"MultiPolygon","coordinates":[[[[-121.725278,39.937169],[-121.725272,39.937058],[-121.725358,39.937054],[-121.725365,39.937166],[-121.725278,39.937169]]]]},"properties":{"occupancy":"Residential","image_date":"2017-04-21"}},{"type":"Feature","geometry":{"type":"MultiPolygon","coordinates":[[[[-121.725167,39.938557],[-121.725353,39.938535],[-121.725369,39.938612],[-121.725183,39.938634],[-121.725167,39.938557]]]]},"properties":{"occupancy":"Residential","image_date":"2017-04-21"}},{"type":"Feature","geometry":{"type":"MultiPolygon","coordinates":[[[[-121.724919,39.937027],[-121.725003,39.937044],[-121.72497,39.937141],[-121.724886,39.937124],[-121.724919,39.937027]]]]},"properties":{"occupancy":"Residential","image_date":"2017-04-21"}},{"type":"Feature","geometry":{"type":"MultiPolygon","coordinates":[[[[-121.724879,39.936656],[-121.724889,39.936779],[-121.724556,39.936794],[-121.724547,39.936672],[-121.724879,39.936656]]]]},"properties":{"occupancy":"Residential","image_date":"2017-04-21"}},{"type":"Feature","geometry":{"type":"MultiPolygon","coordinates":[[[[-121.723458,39.94344],[-121.723375,39.943335],[-121.723461,39.943294],[-121.723544,39.943399],[-121.723458,39.94344]]]]},"properties":{"occupancy":"Residential","image_date":"2017-04-21"}},{"type":"Feature","geometry":{"type":"MultiPolygon","coordinates":[[[[-121.723379,39.932893],[-121.723524,39.932888],[-121.723531,39.932999],[-121.723386,39.933005],[-121.723379,39.932893]]]]},"properties":{"occupancy":"Agriculture","image_date":"2017-04-21"}},{"type":"Feature","geometry":{"type":"MultiPolygon","coordinates":[[[[-121.723255,39.941499],[-121.723341,39.941491],[-121.723351,39.941558],[-121.723264,39.941565],[-121.723255,39.941499]]]]},"properties":{"occupancy":"Residential","image_date":"2017-04-21"}},{"type":"Feature","geometry":{"type":"MultiPolygon","coordinates":[[[[-121.723287,39.933957],[-121.723136,39.933917],[-121.723173,39.933833],[-121.723324,39.933872],[-121.723287,39.933957]]]]},"properties":{"occupancy":"Residential","image_date":"2017-04-21"}},{"type":"Feature","geometry":{"type":"MultiPolygon","coordinates":[[[[-121.723188,39.933704],[-121.723299,39.93373],[-121.723265,39.933815],[-121.723155,39.93379],[-121.723188,39.933704]]]]},"properties":{"occupancy":"Residential","image_date":"2017-04-21"}},{"type":"Feature","geometry":{"type":"MultiPolygon","coordinates":[[[[-121.723273,39.934855],[-121.723274,39.934967],[-121.723158,39.934968],[-121.723157,39.934856],[-121.723273,39.934855]]]]},"properties":{"occupancy":"Residential","image_date":"2017-04-21"}},{"type":"Feature","geometry":{"type":"MultiPolygon","coordinates":[[[[-121.722842,39.939107],[-121.722972,39.939099],[-121.722979,39.939166],[-121.722849,39.939174],[-121.722842,39.939107]]]]},"properties":{"occupancy":"Residential","image_date":"2017-04-21"}},{"type":"Feature","geometry":{"type":"MultiPolygon","coordinates":[[[[-121.722593,39.943313],[-121.722669,39.94328],[-121.722849,39.943522],[-121.722773,39.943555],[-121.722593,39.943313]]]]},"properties":{"occupancy":"Residential","image_date":"2017-04-21"}},{"type":"Feature","geometry":{"type":"MultiPolygon","coordinates":[[[[-121.72292,39.943746],[-121.723065,39.943752],[-121.723058,39.943863],[-121.722913,39.943858],[-121.72292,39.943746]]]]},"properties":{"occupancy":"Residential","image_date":"2017-04-21"}},{"type":"Feature","geometry":{"type":"MultiPolygon","coordinates":[[[[-121.727467,39.944088],[-121.72748,39.944022],[-121.72758,39.944033],[-121.727568,39.944099],[-121.727467,39.944088]]]]},"properties":{"occupancy":"Residential","image_date":"2018-06-08"}},{"type":"Feature","geometry":{"type":"MultiPolygon","coordinates":[[[[-121.728776,39.944731],[-121.728661,39.944738],[-121.728645,39.944583],[-121.728761,39.944576],[-121.728776,39.944731]]]]},"properties":{"occupancy":"Residential","image_date":"2018-06-08"}},{"type":"Feature","geometry":{"type":"MultiPolygon","coordinates":[[[[-121.72871,39.944883],[-121.728566,39.94489],[-121.728554,39.944757],[-121.728698,39.944749],[-121.72871,39.944883]]]]},"properties":{"occupancy":"Residential","image_date":"2018-06-08"}},{"type":"Feature","geometry":{"type":"MultiPolygon","coordinates":[[[[-121.72381,39.945337],[-121.723526,39.945383],[-121.723497,39.945274],[-121.72378,39.945228],[-121.72381,39.945337]]]]},"properties":{"occupancy":"Residential","image_date":"2017-04-21"}},{"type":"Feature","geometry":{"type":"MultiPolygon","coordinates":[[[[-121.722896,39.945879],[-121.722843,39.945775],[-121.723018,39.945722],[-121.723071,39.945826],[-121.722896,39.945879]]]]},"properties":{"occupancy":"Residential","image_date":"2017-04-21"}},{"type":"Feature","geometry":{"type":"MultiPolygon","coordinates":[[[[-121.723135,39.945884],[-121.72315,39.94595],[-121.723065,39.945962],[-121.72305,39.945896],[-121.723135,39.945884]]]]},"properties":{"occupancy":"Commercial","image_date":"2017-04-21"}},{"type":"Feature","geometry":{"type":"MultiPolygon","coordinates":[[[[-121.726501,39.946025],[-121.726396,39.945948],[-121.726496,39.945867],[-121.726601,39.945944],[-121.726501,39.946025]]]]},"properties":{"occupancy":"Residential","image_date":"2018-06-08"}},{"type":"Feature","geometry":{"type":"MultiPolygon","coordinates":[[[[-121.726269,39.946377],[-121.726166,39.946336],[-121.72622,39.946257],[-121.726323,39.946298],[-121.726269,39.946377]]]]},"properties":{"occupancy":"Residential","image_date":"2018-06-08"}},{"type":"Feature","geometry":{"type":"MultiPolygon","coordinates":[[[[-121.72682,39.946444],[-121.726747,39.946407],[-121.726794,39.946351],[-121.726867,39.946388],[-121.72682,39.946444]]]]},"properties":{"occupancy":"Residential","image_date":"2018-06-08"}},{"type":"Feature","geometry":{"type":"MultiPolygon","coordinates":[[[[-121.726115,39.946448],[-121.726098,39.946382],[-121.726184,39.946369],[-121.7262,39.946435],[-121.726115,39.946448]]]]},"properties":{"occupancy":"Residential","image_date":"2018-06-08"}},{"type":"Feature","geometry":{"type":"MultiPolygon","coordinates":[[[[-121.726737,39.94639],[-121.726672,39.946465],[-121.726576,39.946415],[-121.72664,39.946341],[-121.726737,39.94639]]]]},"properties":{"occupancy":"Residential","image_date":"2018-06-08"}},{"type":"Feature","geometry":{"type":"MultiPolygon","coordinates":[[[[-121.722158,39.946569],[-121.722091,39.94651],[-121.722135,39.946481],[-121.722202,39.94654],[-121.722158,39.946569]]]]},"properties":{"occupancy":"Commercial","image_date":"2017-04-21"}},{"type":"Feature","geometry":{"type":"MultiPolygon","coordinates":[[[[-121.726304,39.94747],[-121.726174,39.947422],[-121.726269,39.947271],[-121.726399,39.94732],[-121.726304,39.94747]]]]},"properties":{"occupancy":"Residential","image_date":"2018-06-08"}},{"type":"Feature","geometry":{"type":"MultiPolygon","coordinates":[[[[-121.721013,39.947753],[-121.72112,39.947789],[-121.721044,39.947922],[-121.720938,39.947886],[-121.721013,39.947753]]]]},"properties":{"occupancy":"Residential","image_date":"2017-04-21"}},{"type":"Feature","geometry":{"type":"MultiPolygon","coordinates":[[[[-121.721229,39.948279],[-121.721251,39.948434],[-121.721093,39.948447],[-121.72107,39.948292],[-121.721229,39.948279]]]]},"properties":{"occupancy":"Residential","image_date":"2017-04-21"}},{"type":"Feature","geometry":{"type":"MultiPolygon","coordinates":[[[[-121.720596,39.948385],[-121.72074,39.948393],[-121.720734,39.94846],[-121.72059,39.948452],[-121.720596,39.948385]]]]},"properties":{"occupancy":"Residential","image_date":"2017-04-21"}},{"type":"Feature","geometry":{"type":"MultiPolygon","coordinates":[[[[-121.720441,39.948666],[-121.720439,39.948443],[-121.720526,39.948443],[-121.720527,39.948666],[-121.720441,39.948666]]]]},"properties":{"occupancy":"Residential","image_date":"2017-04-21"}},{"type":"Feature","geometry":{"type":"MultiPolygon","coordinates":[[[[-121.914019,40.295777],[-121.914106,40.295817],[-121.914008,40.295941],[-121.913921,40.295901],[-121.914019,40.295777]]]]},"properties":{"occupancy":"Residential","image_date":"2018-09-17"}},{"type":"Feature","geometry":{"type":"MultiPolygon","coordinates":[[[[-121.913457,40.295976],[-121.913456,40.295865],[-121.913543,40.295865],[-121.913544,40.295976],[-121.913457,40.295976]]]]},"properties":{"occupancy":"Residential","image_date":"2018-09-17"}},{"type":"Feature","geometry":{"type":"MultiPolygon","coordinates":[[[[-121.914808,40.296153],[-121.914897,40.296211],[-121.914859,40.296245],[-121.914771,40.296187],[-121.914808,40.296153]]]]},"properties":{"occupancy":"Residential","image_date":"2018-09-17"}},{"type":"Feature","geometry":{"type":"MultiPolygon","coordinates":[[[[-121.944895,40.302743],[-121.944911,40.302808],[-121.944825,40.302821],[-121.944809,40.302755],[-121.944895,40.302743]]]]},"properties":{"occupancy":"Agriculture","image_date":"2018-09-17"}},{"type":"Feature","geometry":{"type":"MultiPolygon","coordinates":[[[[-121.873519,39.89372],[-121.873643,39.893844],[-121.87346,39.893953],[-121.873336,39.89383],[-121.873519,39.89372]]]]},"properties":{"occupancy":"Agriculture","image_date":"2018-06-08"}},{"type":"Feature","geometry":{"type":"MultiPolygon","coordinates":[[[[-121.868285,39.896776],[-121.868325,39.896717],[-121.868376,39.896737],[-121.868336,39.896797],[-121.868285,39.896776]]]]},"properties":{"occupancy":"Agriculture","image_date":"2018-06-08"}},{"type":"Feature","geometry":{"type":"MultiPolygon","coordinates":[[[[-121.866091,39.898622],[-121.866086,39.898745],[-121.865971,39.898742],[-121.865975,39.89862],[-121.866091,39.898622]]]]},"properties":{"occupancy":"Residential","image_date":"2018-06-08"}},{"type":"Feature","geometry":{"type":"MultiPolygon","coordinates":[[[[-121.865674,39.899127],[-121.865763,39.899215],[-121.865627,39.899297],[-121.865538,39.89921],[-121.865674,39.899127]]]]},"properties":{"occupancy":"Agriculture","image_date":"2018-06-08"}},{"type":"Feature","geometry":{"type":"MultiPolygon","coordinates":[[[[-121.864994,39.898748],[-121.865016,39.898858],[-121.864773,39.898887],[-121.864751,39.898776],[-121.864994,39.898748]]]]},"properties":{"occupancy":"Agriculture","image_date":"2018-06-08"}},{"type":"Feature","geometry":{"type":"MultiPolygon","coordinates":[[[[-121.864497,39.898923],[-121.864416,39.898947],[-121.864374,39.898864],[-121.864455,39.898839],[-121.864497,39.898923]]]]},"properties":{"occupancy":"Agriculture","image_date":"2018-06-08"}},{"type":"Feature","geometry":{"type":"MultiPolygon","coordinates":[[[[-121.86405,39.899071],[-121.863973,39.899005],[-121.864038,39.89896],[-121.864115,39.899027],[-121.86405,39.899071]]]]},"properties":{"occupancy":"Agriculture","image_date":"2018-06-08"}},{"type":"Feature","geometry":{"type":"MultiPolygon","coordinates":[[[[-121.780706,39.901753],[-121.780593,39.901771],[-121.780578,39.901717],[-121.780692,39.901699],[-121.780706,39.901753]]]]},"properties":{"occupancy":"Agriculture","image_date":"2018-06-08"}},{"type":"Feature","geometry":{"type":"MultiPolygon","coordinates":[[[[-121.7766,39.90547],[-121.776632,39.90559],[-121.776519,39.905608],[-121.776487,39.905488],[-121.7766,39.90547]]]]},"properties":{"occupancy":"Agriculture","image_date":"2018-06-08"}},{"type":"Feature","geometry":{"type":"MultiPolygon","coordinates":[[[[-121.905958,39.933173],[-121.906016,39.933096],[-121.906116,39.93314],[-121.906058,39.933218],[-121.905958,39.933173]]]]},"properties":{"occupancy":"Residential","image_date":"2018-06-08"}},{"type":"Feature","geometry":{"type":"MultiPolygon","coordinates":[[[[-121.905583,39.933688],[-121.905581,39.933543],[-121.905755,39.933541],[-121.905754,39.933463],[-121.906087,39.93346],[-121.906091,39.933705],[-121.905946,39.933707],[-121.905945,39.933651],[-121.905916,39.933651],[-121.905916,39.933685],[-121.905583,39.933688]]]]},"properties":{"occupancy":"Residential","image_date":"2018-06-08"}},{"type":"Feature","geometry":{"type":"MultiPolygon","coordinates":[[[[-121.898248,40.00016],[-121.898104,40.000175],[-121.898088,40.000087],[-121.898232,40.000072],[-121.898248,40.00016]]]]},"properties":{"occupancy":"Agriculture","image_date":"2018-09-17"}},{"type":"Feature","geometry":{"type":"MultiPolygon","coordinates":[[[[-121.892611,40.036663],[-121.892671,40.036693],[-121.89259,40.036786],[-121.89253,40.036755],[-121.892611,40.036663]]]]},"properties":{"occupancy":"Agriculture","image_date":"2018-09-17"}},{"type":"Feature","geometry":{"type":"MultiPolygon","coordinates":[[[[-121.903991,40.106286],[-121.903929,40.106362],[-121.90388,40.106338],[-121.903942,40.106263],[-121.903991,40.106286]]]]},"properties":{"occupancy":"Agriculture","image_date":"2018-09-17"}},{"type":"Feature","geometry":{"type":"MultiPolygon","coordinates":[[[[-121.90394,40.106668],[-121.903861,40.10664],[-121.903897,40.106579],[-121.903976,40.106607],[-121.90394,40.106668]]]]},"properties":{"occupancy":"Agriculture","image_date":"2018-09-17"}},{"type":"Feature","geometry":{"type":"MultiPolygon","coordinates":[[[[-121.881412,40.120138],[-121.881326,40.120125],[-121.881343,40.120059],[-121.881428,40.120072],[-121.881412,40.120138]]]]},"properties":{"occupancy":"Agriculture","image_date":"2018-09-17"}},{"type":"Feature","geometry":{"type":"MultiPolygon","coordinates":[[[[-121.912018,40.154995],[-121.911933,40.155008],[-121.911912,40.15492],[-121.911998,40.154908],[-121.912018,40.154995]]]]},"properties":{"occupancy":"Residential","image_date":"2018-09-17"}},{"type":"Feature","geometry":{"type":"MultiPolygon","coordinates":[[[[-121.896769,40.311516],[-121.896733,40.311455],[-121.896787,40.311437],[-121.896822,40.311498],[-121.896769,40.311516]]]]},"properties":{"occupancy":"Unclassified","image_date":"2018-09-17"}},{"type":"Feature","geometry":{"type":"MultiPolygon","coordinates":[[[[-121.896959,40.311545],[-121.896872,40.311536],[-121.896884,40.31147],[-121.896971,40.311479],[-121.896959,40.311545]]]]},"properties":{"occupancy":"Unclassified","image_date":"2018-09-17"}},{"type":"Feature","geometry":{"type":"MultiPolygon","coordinates":[[[[-121.893391,40.31215],[-121.893408,40.312084],[-121.893522,40.312102],[-121.893505,40.312168],[-121.893391,40.31215]]]]},"properties":{"occupancy":"Unclassified","image_date":"2018-09-17"}},{"type":"Feature","geometry":{"type":"MultiPolygon","coordinates":[[[[-121.891026,40.312188],[-121.891016,40.312277],[-121.890653,40.312253],[-121.890663,40.312164],[-121.891026,40.312188]]]]},"properties":{"occupancy":"Unclassified","image_date":"2018-09-17"}},{"type":"Feature","geometry":{"type":"MultiPolygon","coordinates":[[[[-121.891044,40.312207],[-121.891291,40.312206],[-121.891292,40.312273],[-121.891044,40.312274],[-121.891044,40.312207]]]]},"properties":{"occupancy":"Unclassified","image_date":"2018-09-17"}},{"type":"Feature","geometry":{"type":"MultiPolygon","coordinates":[[[[-121.891318,40.312287],[-121.891306,40.312198],[-121.891364,40.312194],[-121.891376,40.312282],[-121.891318,40.312287]]]]},"properties":{"occupancy":"Unclassified","image_date":"2018-09-17"}},{"type":"Feature","geometry":{"type":"MultiPolygon","coordinates":[[[[-121.891595,40.31221],[-121.891586,40.312299],[-121.891441,40.31229],[-121.89145,40.312201],[-121.891595,40.31221]]]]},"properties":{"occupancy":"Unclassified","image_date":"2018-09-17"}},{"type":"Feature","geometry":{"type":"MultiPolygon","coordinates":[[[[-121.894176,40.312387],[-121.894103,40.312393],[-121.894088,40.312282],[-121.894161,40.312276],[-121.894176,40.312387]]]]},"properties":{"occupancy":"Residential","image_date":"2018-09-17"}},{"type":"Feature","geometry":{"type":"MultiPolygon","coordinates":[[[[-121.891528,40.312537],[-121.891564,40.312349],[-121.89168,40.312363],[-121.891643,40.31255],[-121.891528,40.312537]]]]},"properties":{"occupancy":"Unclassified","image_date":"2018-09-17"}},{"type":"Feature","geometry":{"type":"MultiPolygon","coordinates":[[[[-121.891656,40.312695],[-121.89154,40.312687],[-121.891553,40.312576],[-121.891669,40.312584],[-121.891656,40.312695]]]]},"properties":{"occupancy":"Unclassified","image_date":"2018-09-17"}},{"type":"Feature","geometry":{"type":"MultiPolygon","coordinates":[[[[-121.894982,40.312663],[-121.895034,40.312466],[-121.895691,40.312568],[-121.895639,40.312765],[-121.894982,40.312663]]]]},"properties":{"occupancy":"Residential","image_date":"2018-09-17"}},{"type":"Feature","geometry":{"type":"MultiPolygon","coordinates":[[[[-121.894515,40.312971],[-121.894381,40.312927],[-121.894558,40.312609],[-121.894692,40.312653],[-121.894515,40.312971]]]]},"properties":{"occupancy":"Residential","image_date":"2018-09-17"}},{"type":"Feature","geometry":{"type":"MultiPolygon","coordinates":[[[[-121.893871,40.313093],[-121.893981,40.313122],[-121.893904,40.31329],[-121.893794,40.313261],[-121.893871,40.313093]]]]},"properties":{"occupancy":"Residential","image_date":"2018-09-17"}},{"type":"Feature","geometry":{"type":"MultiPolygon","coordinates":[[[[-121.894844,40.313348],[-121.894925,40.313229],[-121.895106,40.313302],[-121.895025,40.31342],[-121.894844,40.313348]]]]},"properties":{"occupancy":"Residential","image_date":"2018-09-17"}},{"type":"Feature","geometry":{"type":"MultiPolygon","coordinates":[[[[-121.89558,40.313449],[-121.895739,40.313393],[-121.895763,40.313434],[-121.895604,40.313489],[-121.89558,40.313449]]]]},"properties":{"occupancy":"Residential","image_date":"2018-09-17"}},{"type":"Feature","geometry":{"type":"MultiPolygon","coordinates":[[[[-121.89575,40.313683],[-121.895729,40.313607],[-121.895786,40.313598],[-121.895807,40.313674],[-121.89575,40.313683]]]]},"properties":{"occupancy":"Residential","image_date":"2018-09-17"}},{"type":"Feature","geometry":{"type":"MultiPolygon","coordinates":[[[[-121.895556,40.313909],[-121.89544,40.314037],[-121.895368,40.314],[-121.895484,40.313871],[-121.895556,40.313909]]]]},"properties":{"occupancy":"Residential","image_date":"2018-09-17"}},{"type":"Feature","geometry":{"type":"MultiPolygon","coordinates":[[[[-122.053466,40.206864],[-122.053379,40.206858],[-122.053388,40.206791],[-122.053475,40.206797],[-122.053466,40.206864]]]]},"properties":{"occupancy":"Agriculture","image_date":"2016-07-03"}},{"type":"Feature","geometry":{"type":"MultiPolygon","coordinates":[[[[-122.046485,40.102808],[-122.046296,40.102815],[-122.046291,40.102726],[-122.046479,40.102719],[-122.046485,40.102808]]]]},"properties":{"occupancy":"Residential","image_date":"2016-07-03"}},{"type":"Feature","geometry":{"type":"MultiPolygon","coordinates":[[[[-122.04596,40.102931],[-122.045854,40.102855],[-122.045993,40.102741],[-122.046099,40.102817],[-122.04596,40.102931]]]]},"properties":{"occupancy":"Residential","image_date":"2016-07-03"}},{"type":"Feature","geometry":{"type":"MultiPolygon","coordinates":[[[[-122.045631,40.103183],[-122.045602,40.103085],[-122.045743,40.103061],[-122.045808,40.103278],[-122.045568,40.10332],[-122.045532,40.103201],[-122.045631,40.103183]]]]},"properties":{"occupancy":"Residential","image_date":"2016-07-03"}},{"type":"Feature","geometry":{"type":"MultiPolygon","coordinates":[[[[-122.045443,40.103544],[-122.045423,40.103479],[-122.045535,40.103458],[-122.045556,40.103523],[-122.045443,40.103544]]]]},"properties":{"occupancy":"Residential","image_date":"2016-07-03"}},{"type":"Feature","geometry":{"type":"MultiPolygon","coordinates":[[[[-122.045147,40.103935],[-122.045016,40.103983],[-122.044953,40.103883],[-122.045083,40.103835],[-122.045147,40.103935]]]]},"properties":{"occupancy":"Residential","image_date":"2016-07-03"}},{"type":"Feature","geometry":{"type":"MultiPolygon","coordinates":[[[[-122.045371,40.103864],[-122.04545,40.103836],[-122.045536,40.103977],[-122.045457,40.104005],[-122.045371,40.103864]]]]},"properties":{"occupancy":"Residential","image_date":"2016-07-03"}},{"type":"Feature","geometry":{"type":"MultiPolygon","coordinates":[[[[-122.04495,40.104019],[-122.044867,40.103974],[-122.044909,40.103929],[-122.044992,40.103974],[-122.04495,40.104019]]]]},"properties":{"occupancy":"Residential","image_date":"2016-07-03"}},{"type":"Feature","geometry":{"type":"MultiPolygon","coordinates":[[[[-122.044254,40.10427],[-122.044226,40.104206],[-122.044309,40.104185],[-122.044337,40.104248],[-122.044254,40.10427]]]]},"properties":{"occupancy":"Residential","image_date":"2016-07-03"}},{"type":"Feature","geometry":{"type":"MultiPolygon","coordinates":[[[[-121.857721,39.938401],[-121.857607,39.938418],[-121.857596,39.938374],[-121.85771,39.938357],[-121.857721,39.938401]]]]},"properties":{"occupancy":"Agriculture","image_date":"2018-06-08"}},{"type":"Feature","geometry":{"type":"MultiPolygon","coordinates":[[[[-121.887091,39.971076],[-121.887005,39.971063],[-121.887023,39.970998],[-121.887108,39.971011],[-121.887091,39.971076]]]]},"properties":{"occupancy":"Agriculture","image_date":"2018-06-08"}},{"type":"Feature","geometry":{"type":"MultiPolygon","coordinates":[[[[-121.811205,39.952622],[-121.811182,39.952732],[-121.811082,39.95272],[-121.811104,39.95261],[-121.811205,39.952622]]]]},"properties":{"occupancy":"Agriculture","image_date":"2018-06-08"}},{"type":"Feature","geometry":{"type":"MultiPolygon","coordinates":[[[[-121.77275,40.00017],[-121.772818,40.000128],[-121.772881,40.000189],[-121.772814,40.000231],[-121.77275,40.00017]]]]},"properties":{"occupancy":"Agriculture","image_date":"2017-07-03"}},{"type":"Feature","geometry":{"type":"MultiPolygon","coordinates":[[[[-121.719856,40.011213],[-121.719861,40.011146],[-121.720006,40.011153],[-121.720001,40.01122],[-121.719856,40.011213]]]]},"properties":{"occupancy":"Residential","image_date":"2017-07-03"}},{"type":"Feature","geometry":{"type":"MultiPolygon","coordinates":[[[[-121.72002,40.011923],[-121.720005,40.011988],[-121.719905,40.011975],[-121.71992,40.011909],[-121.72002,40.011923]]]]},"properties":{"occupancy":"Residential","image_date":"2017-07-03"}},{"type":"Feature","geometry":{"type":"MultiPolygon","coordinates":[[[[-121.719829,40.012028],[-121.719912,40.012009],[-121.719987,40.012201],[-121.719904,40.01222],[-121.719829,40.012028]]]]},"properties":{"occupancy":"Residential","image_date":"2017-07-03"}},{"type":"Feature","geometry":{"type":"MultiPolygon","coordinates":[[[[-121.720074,40.013159],[-121.720122,40.013077],[-121.720175,40.013096],[-121.720127,40.013177],[-121.720074,40.013159]]]]},"properties":{"occupancy":"Residential","image_date":"2017-07-03"}},{"type":"Feature","geometry":{"type":"MultiPolygon","coordinates":[[[[-121.716104,40.013537],[-121.716224,40.01344],[-121.716297,40.013494],[-121.716177,40.013591],[-121.716104,40.013537]]]]},"properties":{"occupancy":"Residential","image_date":"2017-07-03"}},{"type":"Feature","geometry":{"type":"MultiPolygon","coordinates":[[[[-121.723861,40.020365],[-121.72386,40.020432],[-121.723802,40.020432],[-121.723803,40.020365],[-121.723861,40.020365]]]]},"properties":{"occupancy":"Unclassified","image_date":"2017-07-03"}},{"type":"Feature","geometry":{"type":"MultiPolygon","coordinates":[[[[-121.720369,40.020501],[-121.720482,40.020522],[-121.720461,40.020587],[-121.720349,40.020566],[-121.720369,40.020501]]]]},"properties":{"occupancy":"Agriculture","image_date":"2017-07-03"}},{"type":"Feature","geometry":{"type":"MultiPolygon","coordinates":[[[[-121.72264,40.022433],[-121.722553,40.022536],[-121.722395,40.022457],[-121.722483,40.022354],[-121.72264,40.022433]]]]},"properties":{"occupancy":"Residential","image_date":"2017-07-03"}},{"type":"Feature","geometry":{"type":"MultiPolygon","coordinates":[[[[-121.729346,40.023999],[-121.729432,40.02399],[-121.729462,40.024167],[-121.729376,40.024176],[-121.729346,40.023999]]]]},"properties":{"occupancy":"Residential","image_date":"2017-07-03"}},{"type":"Feature","geometry":{"type":"MultiPolygon","coordinates":[[[[-121.716338,40.024166],[-121.71638,40.024107],[-121.716494,40.024156],[-121.716452,40.024214],[-121.716338,40.024166]]]]},"properties":{"occupancy":"Agriculture","image_date":"2017-07-03"}},{"type":"Feature","geometry":{"type":"MultiPolygon","coordinates":[[[[-121.723119,40.024399],[-121.723234,40.024412],[-121.723214,40.024522],[-121.723099,40.02451],[-121.723119,40.024399]]]]},"properties":{"occupancy":"Residential","image_date":"2017-07-03"}},{"type":"Feature","geometry":{"type":"MultiPolygon","coordinates":[[[[-121.720555,40.027024],[-121.720541,40.02709],[-121.720441,40.027077],[-121.720455,40.027011],[-121.720555,40.027024]]]]},"properties":{"occupancy":"Residential","image_date":"2017-07-03"}},{"type":"Feature","geometry":{"type":"MultiPolygon","coordinates":[[[[-121.728217,40.027136],[-121.728307,40.027251],[-121.728258,40.027274],[-121.728168,40.027159],[-121.728217,40.027136]]]]},"properties":{"occupancy":"Commercial","image_date":"2017-07-03"}},{"type":"Feature","geometry":{"type":"MultiPolygon","coordinates":[[[[-121.728193,40.027421],[-121.728048,40.027431],[-121.728028,40.027253],[-121.728115,40.027248],[-121.728126,40.027348],[-121.728184,40.027344],[-121.728193,40.027421]]]]},"properties":{"occupancy":"Commercial","image_date":"2017-07-03"}},{"type":"Feature","geometry":{"type":"MultiPolygon","coordinates":[[[[-121.730065,40.02987],[-121.730023,40.030124],[-121.729879,40.03011],[-121.729921,40.029856],[-121.730065,40.02987]]]]},"properties":{"occupancy":"Residential","image_date":"2017-07-03"}},{"type":"Feature","geometry":{"type":"MultiPolygon","coordinates":[[[[-121.730239,40.029916],[-121.730339,40.029904],[-121.730384,40.030124],[-121.730141,40.030154],[-121.730102,40.029966],[-121.730246,40.029949],[-121.730239,40.029916]]]]},"properties":{"occupancy":"Residential","image_date":"2017-07-03"}},{"type":"Feature","geometry":{"type":"MultiPolygon","coordinates":[[[[-121.744618,40.032187],[-121.744416,40.032201],[-121.744411,40.032156],[-121.744613,40.032143],[-121.744618,40.032187]]]]},"properties":{"occupancy":"Residential","image_date":"2017-07-03"}},{"type":"Feature","geometry":{"type":"MultiPolygon","coordinates":[[[[-121.748334,40.032172],[-121.748321,40.032238],[-121.748077,40.03221],[-121.74809,40.032144],[-121.748334,40.032172]]]]},"properties":{"occupancy":"Residential","image_date":"2017-07-03"}},{"type":"Feature","geometry":{"type":"MultiPolygon","coordinates":[[[[-121.722382,40.032241],[-121.722267,40.032248],[-121.722259,40.032181],[-121.722375,40.032174],[-121.722382,40.032241]]]]},"properties":{"occupancy":"Residential","image_date":"2017-07-03"}},{"type":"Feature","geometry":{"type":"MultiPolygon","coordinates":[[[[-121.72243,40.034198],[-121.722433,40.034131],[-121.722636,40.034136],[-121.722633,40.034203],[-121.72243,40.034198]]]]},"properties":{"occupancy":"Residential","image_date":"2017-07-03"}},{"type":"Feature","geometry":{"type":"MultiPolygon","coordinates":[[[[-121.721051,40.034286],[-121.721137,40.034295],[-121.721123,40.034383],[-121.721036,40.034375],[-121.721051,40.034286]]]]},"properties":{"occupancy":"Residential","image_date":"2017-07-03"}},{"type":"Feature","geometry":{"type":"MultiPolygon","coordinates":[[[[-121.596296,40.077069],[-121.596254,40.077222],[-121.596098,40.077197],[-121.596139,40.077044],[-121.596296,40.077069]]]]},"properties":{"occupancy":"Unclassified","image_date":"2017-07-03"}},{"type":"Feature","geometry":{"type":"MultiPolygon","coordinates":[[[[-121.637523,40.113754],[-121.637609,40.113829],[-121.637522,40.113888],[-121.637436,40.113813],[-121.637523,40.113754]]]]},"properties":{"occupancy":"Residential","image_date":"2017-07-03"}},{"type":"Feature","geometry":{"type":"MultiPolygon","coordinates":[[[[-121.702468,40.121361],[-121.702598,40.121372],[-121.70259,40.121428],[-121.70246,40.121417],[-121.702468,40.121361]]]]},"properties":{"occupancy":"Unclassified","image_date":"2017-07-03"}},{"type":"Feature","geometry":{"type":"MultiPolygon","coordinates":[[[[-121.585163,40.14048],[-121.585082,40.140433],[-121.585153,40.140362],[-121.585234,40.140409],[-121.585163,40.14048]]]]},"properties":{"occupancy":"Agriculture","image_date":"2017-07-03"}},{"type":"Feature","geometry":{"type":"MultiPolygon","coordinates":[[[[-121.803364,40.171712],[-121.80329,40.171677],[-121.803366,40.171582],[-121.80344,40.171617],[-121.803364,40.171712]]]]},"properties":{"occupancy":"Unclassified","image_date":"2017-07-03"}},{"type":"Feature","geometry":{"type":"MultiPolygon","coordinates":[[[[-121.723803,40.183217],[-121.723807,40.183083],[-121.723981,40.183086],[-121.723977,40.18322],[-121.723803,40.183217]]]]},"properties":{"occupancy":"Agriculture","image_date":"2017-07-03"}},{"type":"Feature","geometry":{"type":"MultiPolygon","coordinates":[[[[-121.721749,40.183225],[-121.721575,40.183223],[-121.721577,40.183112],[-121.721751,40.183114],[-121.721749,40.183225]]]]},"properties":{"occupancy":"Agriculture","image_date":"2017-07-03"}},{"type":"Feature","geometry":{"type":"MultiPolygon","coordinates":[[[[-121.723541,40.18332],[-121.723455,40.183331],[-121.72344,40.183266],[-121.723525,40.183254],[-121.723541,40.18332]]]]},"properties":{"occupancy":"Agriculture","image_date":"2017-07-03"}},{"type":"Feature","geometry":{"type":"MultiPolygon","coordinates":[[[[-121.676274,40.184866],[-121.676361,40.184859],[-121.67637,40.184925],[-121.676283,40.184932],[-121.676274,40.184866]]]]},"properties":{"occupancy":"Unclassified","image_date":"2017-07-03"}},{"type":"Feature","geometry":{"type":"MultiPolygon","coordinates":[[[[-121.727494,40.191021],[-121.727665,40.191048],[-121.727642,40.191135],[-121.727471,40.191108],[-121.727494,40.191021]]]]},"properties":{"occupancy":"Unclassified","image_date":"2017-07-03"}},{"type":"Feature","geometry":{"type":"MultiPolygon","coordinates":[[[[-121.726023,40.191289],[-121.726109,40.191302],[-121.726091,40.191368],[-121.726006,40.191355],[-121.726023,40.191289]]]]},"properties":{"occupancy":"Unclassified","image_date":"2017-07-03"}},{"type":"Feature","geometry":{"type":"MultiPolygon","coordinates":[[[[-121.801603,40.231396],[-121.801683,40.231502],[-121.801582,40.231547],[-121.801474,40.231401],[-121.801676,40.231313],[-121.801704,40.231352],[-121.801603,40.231396]]]]},"properties":{"occupancy":"Unclassified","image_date":"2017-07-03"}},{"type":"Feature","geometry":{"type":"MultiPolygon","coordinates":[[[[-121.800773,40.231567],[-121.800848,40.231687],[-121.800769,40.231716],[-121.800694,40.231596],[-121.800773,40.231567]]]]},"properties":{"occupancy":"Unclassified","image_date":"2017-07-03"}},{"type":"Feature","geometry":{"type":"MultiPolygon","coordinates":[[[[-121.802129,40.231722],[-121.802011,40.231787],[-121.801901,40.231669],[-121.802019,40.231605],[-121.802129,40.231722]]]]},"properties":{"occupancy":"Unclassified","image_date":"2017-07-03"}},{"type":"Feature","geometry":{"type":"MultiPolygon","coordinates":[[[[-121.801299,40.231851],[-121.801437,40.23177],[-121.801544,40.231875],[-121.801406,40.231957],[-121.801299,40.231851]]]]},"properties":{"occupancy":"Residential","image_date":"2017-07-03"}},{"type":"Feature","geometry":{"type":"MultiPolygon","coordinates":[[[[-121.800814,40.231861],[-121.800895,40.231836],[-121.800928,40.231898],[-121.800847,40.231923],[-121.800814,40.231861]]]]},"properties":{"occupancy":"Unclassified","image_date":"2017-07-03"}},{"type":"Feature","geometry":{"type":"MultiPolygon","coordinates":[[[[-121.803871,40.236985],[-121.80397,40.237031],[-121.80388,40.237145],[-121.803781,40.237099],[-121.803871,40.236985]]]]},"properties":{"occupancy":"Unclassified","image_date":"2017-07-03"}},{"type":"Feature","geometry":{"type":"MultiPolygon","coordinates":[[[[-121.765345,40.237229],[-121.76531,40.23712],[-121.765494,40.237086],[-121.765528,40.237194],[-121.765345,40.237229]]]]},"properties":{"occupancy":"Residential","image_date":"2017-07-03"}},{"type":"Feature","geometry":{"type":"MultiPolygon","coordinates":[[[[-121.768828,40.238036],[-121.769007,40.238112],[-121.768958,40.23818],[-121.76878,40.238105],[-121.768828,40.238036]]]]},"properties":{"occupancy":"Residential","image_date":"2017-07-03"}},{"type":"Feature","geometry":{"type":"MultiPolygon","coordinates":[[[[-121.769055,40.239478],[-121.768969,40.23949],[-121.768947,40.239403],[-121.769033,40.23939],[-121.769055,40.239478]]]]},"properties":{"occupancy":"Residential","image_date":"2017-07-03"}},{"type":"Feature","geometry":{"type":"MultiPolygon","coordinates":[[[[-121.763215,40.23963],[-121.763294,40.239695],[-121.763251,40.239726],[-121.763172,40.23966],[-121.763215,40.23963]]]]},"properties":{"occupancy":"Residential","image_date":"2017-07-03"}},{"type":"Feature","geometry":{"type":"MultiPolygon","coordinates":[[[[-121.764992,40.240389],[-121.765002,40.240456],[-121.764916,40.240464],[-121.764906,40.240397],[-121.764992,40.240389]]]]},"properties":{"occupancy":"Residential","image_date":"2017-07-03"}},{"type":"Feature","geometry":{"type":"MultiPolygon","coordinates":[[[[-121.762539,40.240873],[-121.762622,40.240828],[-121.762689,40.240901],[-121.762606,40.240945],[-121.762539,40.240873]]]]},"properties":{"occupancy":"Residential","image_date":"2017-07-03"}},{"type":"Feature","geometry":{"type":"MultiPolygon","coordinates":[[[[-121.767319,40.24197],[-121.767338,40.24187],[-121.767425,40.24188],[-121.767406,40.241979],[-121.767319,40.24197]]]]},"properties":{"occupancy":"Residential","image_date":"2017-07-03"}},{"type":"Feature","geometry":{"type":"MultiPolygon","coordinates":[[[[-121.768793,40.242645],[-121.768876,40.242622],[-121.768944,40.242769],[-121.768862,40.242792],[-121.768793,40.242645]]]]},"properties":{"occupancy":"Residential","image_date":"2017-07-03"}},{"type":"Feature","geometry":{"type":"MultiPolygon","coordinates":[[[[-121.817267,40.310192],[-121.817267,40.310091],[-121.817325,40.310091],[-121.817326,40.310191],[-121.817267,40.310192]]]]},"properties":{"occupancy":"Commercial","image_date":"2018-09-17"}},{"type":"Feature","geometry":{"type":"MultiPolygon","coordinates":[[[[-121.816347,40.309833],[-121.816306,40.309904],[-121.816252,40.309886],[-121.816293,40.309815],[-121.816347,40.309833]]]]},"properties":{"occupancy":"Commercial","image_date":"2018-09-17"}},{"type":"Feature","geometry":{"type":"MultiPolygon","coordinates":[[[[-121.815865,40.310456],[-121.81588,40.310368],[-121.815996,40.31038],[-121.81598,40.310468],[-121.815865,40.310456]]]]},"properties":{"occupancy":"Commercial","image_date":"2018-09-17"}},{"type":"Feature","geometry":{"type":"MultiPolygon","coordinates":[[[[-121.815397,40.309093],[-121.815499,40.309092],[-121.815501,40.309192],[-121.8154,40.309194],[-121.815397,40.309093]]]]},"properties":{"occupancy":"Agriculture","image_date":"2018-09-17"}},{"type":"Feature","geometry":{"type":"MultiPolygon","coordinates":[[[[-121.814322,40.309826],[-121.814468,40.309834],[-121.814461,40.309901],[-121.814316,40.309893],[-121.814322,40.309826]]]]},"properties":{"occupancy":"Commercial","image_date":"2018-09-17"}},{"type":"Feature","geometry":{"type":"MultiPolygon","coordinates":[[[[-121.813977,40.310736],[-121.813996,40.310648],[-121.814139,40.310666],[-121.814121,40.310754],[-121.813977,40.310736]]]]},"properties":{"occupancy":"Commercial","image_date":"2018-09-17"}},{"type":"Feature","geometry":{"type":"MultiPolygon","coordinates":[[[[-121.813957,40.310902],[-121.813958,40.310835],[-121.814132,40.310835],[-121.814132,40.310902],[-121.813957,40.310902]]]]},"properties":{"occupancy":"Agriculture","image_date":"2018-09-17"}},{"type":"Feature","geometry":{"type":"MultiPolygon","coordinates":[[[[-121.813972,40.309879],[-121.813915,40.30987],[-121.813933,40.309805],[-121.81399,40.309814],[-121.813972,40.309879]]]]},"properties":{"occupancy":"Commercial","image_date":"2018-09-17"}},{"type":"Feature","geometry":{"type":"MultiPolygon","coordinates":[[[[-121.813602,40.310043],[-121.813681,40.310015],[-121.813717,40.310076],[-121.813638,40.310104],[-121.813602,40.310043]]]]},"properties":{"occupancy":"Commercial","image_date":"2018-09-17"}},{"type":"Feature","geometry":{"type":"MultiPolygon","coordinates":[[[[-121.813541,40.310247],[-121.813621,40.310312],[-121.813557,40.310358],[-121.813478,40.310293],[-121.813541,40.310247]]]]},"properties":{"occupancy":"Commercial","image_date":"2018-09-17"}},{"type":"Feature","geometry":{"type":"MultiPolygon","coordinates":[[[[-121.812943,40.310366],[-121.812957,40.310278],[-121.813015,40.310283],[-121.813001,40.310371],[-121.812943,40.310366]]]]},"properties":{"occupancy":"Commercial","image_date":"2018-09-17"}},{"type":"Feature","geometry":{"type":"MultiPolygon","coordinates":[[[[-121.812028,40.309986],[-121.811944,40.309968],[-121.811976,40.309882],[-121.81206,40.309901],[-121.812028,40.309986]]]]},"properties":{"occupancy":"Commercial","image_date":"2018-09-17"}},{"type":"Feature","geometry":{"type":"MultiPolygon","coordinates":[[[[-121.811932,40.310254],[-121.811929,40.310187],[-121.812031,40.310184],[-121.812034,40.310251],[-121.811932,40.310254]]]]},"properties":{"occupancy":"Commercial","image_date":"2018-09-17"}},{"type":"Feature","geometry":{"type":"MultiPolygon","coordinates":[[[[-121.80964,40.309621],[-121.809642,40.309554],[-121.809715,40.309556],[-121.809713,40.309622],[-121.80964,40.309621]]]]},"properties":{"occupancy":"Commercial","image_date":"2018-09-17"}},{"type":"Feature","geometry":{"type":"MultiPolygon","coordinates":[[[[-121.809555,40.310772],[-121.80941,40.310763],[-121.809417,40.310696],[-121.809562,40.310705],[-121.809555,40.310772]]]]},"properties":{"occupancy":"Agriculture","image_date":"2018-09-17"}},{"type":"Feature","geometry":{"type":"MultiPolygon","coordinates":[[[[-121.80915,40.309763],[-121.809152,40.309663],[-121.809268,40.309664],[-121.809266,40.309764],[-121.80915,40.309763]]]]},"properties":{"occupancy":"Commercial","image_date":"2018-09-17"}},{"type":"Feature","geometry":{"type":"MultiPolygon","coordinates":[[[[-121.80898,40.309705],[-121.808994,40.309639],[-121.80908,40.309649],[-121.809066,40.309715],[-121.80898,40.309705]]]]},"properties":{"occupancy":"Commercial","image_date":"2018-09-17"}},{"type":"Feature","geometry":{"type":"MultiPolygon","coordinates":[[[[-121.80867,40.309942],[-121.808729,40.310018],[-121.808679,40.310041],[-121.808619,40.309964],[-121.80867,40.309942]]]]},"properties":{"occupancy":"Commercial","image_date":"2018-09-17"}},{"type":"Feature","geometry":{"type":"MultiPolygon","coordinates":[[[[-121.808258,40.309538],[-121.808518,40.309609],[-121.808474,40.309703],[-121.808214,40.309632],[-121.808258,40.309538]]]]},"properties":{"occupancy":"Commercial","image_date":"2018-09-17"}},{"type":"Feature","geometry":{"type":"MultiPolygon","coordinates":[[[[-121.807573,40.309324],[-121.807549,40.30926],[-121.807619,40.309245],[-121.807643,40.309309],[-121.807573,40.309324]]]]},"properties":{"occupancy":"Commercial","image_date":"2018-09-17"}},{"type":"Feature","geometry":{"type":"MultiPolygon","coordinates":[[[[-121.800592,40.298038],[-121.800667,40.298004],[-121.800741,40.2981],[-121.800666,40.298134],[-121.800592,40.298038]]]]},"properties":{"occupancy":"Residential","image_date":"2017-07-03"}},{"type":"Feature","geometry":{"type":"MultiPolygon","coordinates":[[[[-121.794543,40.312406],[-121.794388,40.312376],[-121.79441,40.312311],[-121.794565,40.312342],[-121.794543,40.312406]]]]},"properties":{"occupancy":"Residential","image_date":"2017-07-03"}},{"type":"Feature","geometry":{"type":"MultiPolygon","coordinates":[[[[-121.794018,40.298348],[-121.794103,40.298331],[-121.794138,40.29844],[-121.794054,40.298456],[-121.794018,40.298348]]]]},"properties":{"occupancy":"Residential","image_date":"2017-07-03"}},{"type":"Feature","geometry":{"type":"MultiPolygon","coordinates":[[[[-121.79353,40.312414],[-121.793527,40.312313],[-121.793775,40.312309],[-121.793778,40.312409],[-121.79353,40.312414]]]]},"properties":{"occupancy":"Residential","image_date":"2017-07-03"}},{"type":"Feature","geometry":{"type":"MultiPolygon","coordinates":[[[[-121.783483,40.309073],[-121.783317,40.309214],[-121.78322,40.309146],[-121.783386,40.309006],[-121.783483,40.309073]]]]},"properties":{"occupancy":"Residential","image_date":"2017-07-03"}},{"type":"Feature","geometry":{"type":"MultiPolygon","coordinates":[[[[-121.783327,40.30982],[-121.783442,40.309833],[-121.783425,40.309921],[-121.78331,40.309908],[-121.783327,40.30982]]]]},"properties":{"occupancy":"Residential","image_date":"2017-07-03"}},{"type":"Feature","geometry":{"type":"MultiPolygon","coordinates":[[[[-121.783214,40.309833],[-121.783104,40.309804],[-121.783171,40.309656],[-121.783281,40.309686],[-121.783214,40.309833]]]]},"properties":{"occupancy":"Residential","image_date":"2017-07-03"}},{"type":"Feature","geometry":{"type":"MultiPolygon","coordinates":[[[[-121.782655,40.307205],[-121.782826,40.307179],[-121.782849,40.307267],[-121.782678,40.307293],[-121.782655,40.307205]]]]},"properties":{"occupancy":"Residential","image_date":"2017-07-03"}},{"type":"Feature","geometry":{"type":"MultiPolygon","coordinates":[[[[-121.782478,40.309315],[-121.782537,40.309364],[-121.782473,40.309409],[-121.782414,40.30936],[-121.782478,40.309315]]]]},"properties":{"occupancy":"Residential","image_date":"2017-07-03"}},{"type":"Feature","geometry":{"type":"MultiPolygon","coordinates":[[[[-121.782169,40.309857],[-121.782148,40.309769],[-121.782234,40.309757],[-121.782255,40.309845],[-121.782169,40.309857]]]]},"properties":{"occupancy":"Residential","image_date":"2017-07-03"}},{"type":"Feature","geometry":{"type":"MultiPolygon","coordinates":[[[[-121.782019,40.309256],[-121.781831,40.309274],[-121.781817,40.309186],[-121.782005,40.309168],[-121.782019,40.309256]]]]},"properties":{"occupancy":"Residential","image_date":"2017-07-03"}},{"type":"Feature","geometry":{"type":"MultiPolygon","coordinates":[[[[-121.781814,40.309381],[-121.781702,40.309406],[-121.781677,40.309342],[-121.781789,40.309317],[-121.781814,40.309381]]]]},"properties":{"occupancy":"Residential","image_date":"2017-07-03"}},{"type":"Feature","geometry":{"type":"MultiPolygon","coordinates":[[[[-121.78167,40.309881],[-121.781757,40.309883],[-121.781753,40.309973],[-121.781666,40.30997],[-121.78167,40.309881]]]]},"properties":{"occupancy":"Residential","image_date":"2017-07-03"}},{"type":"Feature","geometry":{"type":"MultiPolygon","coordinates":[[[[-121.780126,40.306693],[-121.780139,40.306593],[-121.780371,40.306611],[-121.780358,40.30671],[-121.780126,40.306693]]]]},"properties":{"occupancy":"Residential","image_date":"2017-07-03"}},{"type":"Feature","geometry":{"type":"MultiPolygon","coordinates":[[[[-121.776702,40.300282],[-121.776739,40.300367],[-121.776573,40.300409],[-121.776536,40.300324],[-121.776702,40.300282]]]]},"properties":{"occupancy":"Residential","image_date":"2017-07-03"}},{"type":"Feature","geometry":{"type":"MultiPolygon","coordinates":[[[[-121.785879,40.343098],[-121.785823,40.343237],[-121.785698,40.343207],[-121.785754,40.343069],[-121.785879,40.343098]]]]},"properties":{"occupancy":"Residential","image_date":"2017-07-03"}},{"type":"Feature","geometry":{"type":"MultiPolygon","coordinates":[[[[-121.785861,40.342954],[-121.785859,40.343021],[-121.785714,40.343019],[-121.785715,40.342952],[-121.785861,40.342954]]]]},"properties":{"occupancy":"Residential","image_date":"2017-07-03"}},{"type":"Feature","geometry":{"type":"MultiPolygon","coordinates":[[[[-121.785856,40.342614],[-121.78586,40.342703],[-121.785714,40.342707],[-121.785711,40.342618],[-121.785856,40.342614]]]]},"properties":{"occupancy":"Unclassified","image_date":"2017-07-03"}},{"type":"Feature","geometry":{"type":"MultiPolygon","coordinates":[[[[-121.78583,40.342319],[-121.785714,40.342323],[-121.78571,40.342256],[-121.785826,40.342252],[-121.78583,40.342319]]]]},"properties":{"occupancy":"Unclassified","image_date":"2017-07-03"}},{"type":"Feature","geometry":{"type":"MultiPolygon","coordinates":[[[[-121.785798,40.342867],[-121.785698,40.342855],[-121.785711,40.342789],[-121.785812,40.342801],[-121.785798,40.342867]]]]},"properties":{"occupancy":"Residential","image_date":"2017-07-03"}},{"type":"Feature","geometry":{"type":"MultiPolygon","coordinates":[[[[-121.785325,40.343437],[-121.785326,40.343504],[-121.785093,40.343507],[-121.785091,40.34344],[-121.785325,40.343437]]]]},"properties":{"occupancy":"Residential","image_date":"2017-07-03"}},{"type":"Feature","geometry":{"type":"MultiPolygon","coordinates":[[[[-121.78526,40.342847],[-121.785125,40.342805],[-121.785169,40.342722],[-121.785304,40.342764],[-121.78526,40.342847]]]]},"properties":{"occupancy":"Unclassified","image_date":"2017-07-03"}},{"type":"Feature","geometry":{"type":"MultiPolygon","coordinates":[[[[-121.785093,40.343294],[-121.785295,40.343273],[-121.785309,40.343351],[-121.785106,40.343371],[-121.785093,40.343294]]]]},"properties":{"occupancy":"Residential","image_date":"2017-07-03"}},{"type":"Feature","geometry":{"type":"MultiPolygon","coordinates":[[[[-121.785241,40.343068],[-121.785218,40.343132],[-121.785106,40.343108],[-121.785129,40.343044],[-121.785241,40.343068]]]]},"properties":{"occupancy":"Residential","image_date":"2017-07-03"}},{"type":"Feature","geometry":{"type":"MultiPolygon","coordinates":[[[[-121.784651,40.34322],[-121.784839,40.343199],[-121.784852,40.343265],[-121.784664,40.343287],[-121.784651,40.34322]]]]},"properties":{"occupancy":"Residential","image_date":"2017-07-03"}},{"type":"Feature","geometry":{"type":"MultiPolygon","coordinates":[[[[-121.78464,40.342688],[-121.784698,40.34269],[-121.78469,40.342813],[-121.784632,40.34281],[-121.78464,40.342688]]]]},"properties":{"occupancy":"Unclassified","image_date":"2017-07-03"}},{"type":"Feature","geometry":{"type":"MultiPolygon","coordinates":[[[[-121.784046,40.342179],[-121.784198,40.342247],[-121.784154,40.342304],[-121.784003,40.342237],[-121.784046,40.342179]]]]},"properties":{"occupancy":"Residential","image_date":"2017-07-03"}},{"type":"Feature","geometry":{"type":"MultiPolygon","coordinates":[[[[-121.784055,40.342463],[-121.783932,40.342325],[-121.78398,40.3423],[-121.784103,40.342438],[-121.784055,40.342463]]]]},"properties":{"occupancy":"Residential","image_date":"2017-07-03"}},{"type":"Feature","geometry":{"type":"MultiPolygon","coordinates":[[[[-121.783972,40.342143],[-121.783977,40.342209],[-121.783889,40.342213],[-121.783884,40.342146],[-121.783972,40.342143]]]]},"properties":{"occupancy":"Residential","image_date":"2017-07-03"}},{"type":"Feature","geometry":{"type":"MultiPolygon","coordinates":[[[[-121.783824,40.343075],[-121.783737,40.343079],[-121.783731,40.343012],[-121.783818,40.343008],[-121.783824,40.343075]]]]},"properties":{"occupancy":"Commercial","image_date":"2017-07-03"}},{"type":"Feature","geometry":{"type":"MultiPolygon","coordinates":[[[[-121.783489,40.342302],[-121.783527,40.342268],[-121.783695,40.342375],[-121.783657,40.342409],[-121.783489,40.342302]]]]},"properties":{"occupancy":"Residential","image_date":"2017-07-03"}},{"type":"Feature","geometry":{"type":"MultiPolygon","coordinates":[[[[-121.783645,40.343116],[-121.783471,40.343117],[-121.783469,40.343017],[-121.783644,40.343015],[-121.783645,40.343116]]]]},"properties":{"occupancy":"Commercial","image_date":"2017-07-03"}},{"type":"Feature","geometry":{"type":"MultiPolygon","coordinates":[[[[-121.783301,40.341681],[-121.7831,40.34171],[-121.783079,40.341623],[-121.783279,40.341593],[-121.783301,40.341681]]]]},"properties":{"occupancy":"Unclassified","image_date":"2017-07-03"}},{"type":"Feature","geometry":{"type":"MultiPolygon","coordinates":[[[[-121.783057,40.342085],[-121.782917,40.342005],[-121.782978,40.341942],[-121.783118,40.342022],[-121.783057,40.342085]]]]},"properties":{"occupancy":"Residential","image_date":"2017-07-03"}},{"type":"Feature","geometry":{"type":"MultiPolygon","coordinates":[[[[-121.783092,40.343163],[-121.783108,40.343296],[-121.782963,40.343307],[-121.782947,40.343174],[-121.783092,40.343163]]]]},"properties":{"occupancy":"Residential","image_date":"2017-07-03"}},{"type":"Feature","geometry":{"type":"MultiPolygon","coordinates":[[[[-121.783076,40.343483],[-121.782989,40.343482],[-121.782991,40.343349],[-121.783078,40.343349],[-121.783076,40.343483]]]]},"properties":{"occupancy":"Residential","image_date":"2017-07-03"}},{"type":"Feature","geometry":{"type":"MultiPolygon","coordinates":[[[[-121.782946,40.342786],[-121.782952,40.342942],[-121.782763,40.342946],[-121.782761,40.342891],[-121.782848,40.342889],[-121.782844,40.342789],[-121.782946,40.342786]]]]},"properties":{"occupancy":"Residential","image_date":"2017-07-03"}},{"type":"Feature","geometry":{"type":"MultiPolygon","coordinates":[[[[-121.782879,40.342081],[-121.782792,40.342081],[-121.782792,40.341992],[-121.782879,40.341992],[-121.782879,40.342081]]]]},"properties":{"occupancy":"Residential","image_date":"2017-07-03"}},{"type":"Feature","geometry":{"type":"MultiPolygon","coordinates":[[[[-121.782787,40.341613],[-121.782673,40.341633],[-121.78266,40.341589],[-121.782774,40.341569],[-121.782787,40.341613]]]]},"properties":{"occupancy":"Unclassified","image_date":"2017-07-03"}},{"type":"Feature","geometry":{"type":"MultiPolygon","coordinates":[[[[-121.782734,40.342966],[-121.782733,40.343033],[-121.782631,40.343032],[-121.782632,40.342965],[-121.782734,40.342966]]]]},"properties":{"occupancy":"Unclassified","image_date":"2017-07-03"}},{"type":"Feature","geometry":{"type":"MultiPolygon","coordinates":[[[[-121.782664,40.342315],[-121.782577,40.342306],[-121.782585,40.342262],[-121.782672,40.342271],[-121.782664,40.342315]]]]},"properties":{"occupancy":"Unclassified","image_date":"2017-07-03"}},{"type":"Feature","geometry":{"type":"MultiPolygon","coordinates":[[[[-121.782412,40.342406],[-121.782401,40.34234],[-121.782589,40.342322],[-121.7826,40.342388],[-121.782412,40.342406]]]]},"properties":{"occupancy":"Unclassified","image_date":"2017-07-03"}},{"type":"Feature","geometry":{"type":"MultiPolygon","coordinates":[[[[-121.782378,40.3434],[-121.782589,40.343475],[-121.782552,40.343536],[-121.782341,40.343461],[-121.782378,40.3434]]]]},"properties":{"occupancy":"Residential","image_date":"2017-07-03"}},{"type":"Feature","geometry":{"type":"MultiPolygon","coordinates":[[[[-121.782488,40.342879],[-121.782575,40.342873],[-121.782583,40.34294],[-121.782495,40.342946],[-121.782488,40.342879]]]]},"properties":{"occupancy":"Unclassified","image_date":"2017-07-03"}},{"type":"Feature","geometry":{"type":"MultiPolygon","coordinates":[[[[-121.782484,40.343275],[-121.782397,40.34328],[-121.782384,40.343158],[-121.782471,40.343153],[-121.782484,40.343275]]]]},"properties":{"occupancy":"Unclassified","image_date":"2017-07-03"}},{"type":"Feature","geometry":{"type":"MultiPolygon","coordinates":[[[[-121.782455,40.342968],[-121.782469,40.343124],[-121.782381,40.343128],[-121.782368,40.342972],[-121.782455,40.342968]]]]},"properties":{"occupancy":"Residential","image_date":"2017-07-03"}},{"type":"Feature","geometry":{"type":"MultiPolygon","coordinates":[[[[-121.78295,40.343611],[-121.782863,40.343607],[-121.782869,40.343529],[-121.782956,40.343533],[-121.78295,40.343611]]]]},"properties":{"occupancy":"Residential","image_date":"2017-07-03"}},{"type":"Feature","geometry":{"type":"MultiPolygon","coordinates":[[[[-121.783976,40.343562],[-121.784209,40.34357],[-121.784204,40.343659],[-121.783971,40.343651],[-121.783976,40.343562]]]]},"properties":{"occupancy":"Unclassified","image_date":"2017-07-03"}},{"type":"Feature","geometry":{"type":"MultiPolygon","coordinates":[[[[-121.782952,40.343749],[-121.782946,40.343559],[-121.783019,40.343558],[-121.783025,40.343747],[-121.782952,40.343749]]]]},"properties":{"occupancy":"Residential","image_date":"2017-07-03"}},{"type":"Feature","geometry":{"type":"MultiPolygon","coordinates":[[[[-121.783746,40.343725],[-121.783743,40.343792],[-121.78351,40.343785],[-121.783513,40.343718],[-121.783746,40.343725]]]]},"properties":{"occupancy":"Unclassified","image_date":"2017-07-03"}},{"type":"Feature","geometry":{"type":"MultiPolygon","coordinates":[[[[-121.784876,40.343816],[-121.784666,40.343861],[-121.784642,40.343796],[-121.784853,40.343752],[-121.784876,40.343816]]]]},"properties":{"occupancy":"Unclassified","image_date":"2017-07-03"}},{"type":"Feature","geometry":{"type":"MultiPolygon","coordinates":[[[[-121.785019,40.344218],[-121.784803,40.344242],[-121.784791,40.344176],[-121.785007,40.344152],[-121.785019,40.344218]]]]},"properties":{"occupancy":"Unclassified","image_date":"2017-07-03"}},{"type":"Feature","geometry":{"type":"MultiPolygon","coordinates":[[[[-121.784679,40.344201],[-121.784705,40.344276],[-121.784536,40.344311],[-121.78451,40.344235],[-121.784679,40.344201]]]]},"properties":{"occupancy":"Agriculture","image_date":"2017-07-03"}},{"type":"Feature","geometry":{"type":"MultiPolygon","coordinates":[[[[-121.791032,40.356432],[-121.791135,40.356474],[-121.791066,40.356573],[-121.790963,40.35653],[-121.791032,40.356432]]]]},"properties":{"occupancy":"Residential","image_date":"2017-07-03"}},{"type":"Feature","geometry":{"type":"MultiPolygon","coordinates":[[[[-121.791254,40.356869],[-121.791313,40.356755],[-121.791462,40.3568],[-121.791404,40.356914],[-121.791254,40.356869]]]]},"properties":{"occupancy":"Residential","image_date":"2017-07-03"}},{"type":"Feature","geometry":{"type":"MultiPolygon","coordinates":[[[[-121.818399,40.357575],[-121.818374,40.357639],[-121.818318,40.357627],[-121.818343,40.357562],[-121.818399,40.357575]]]]},"properties":{"occupancy":"Residential","image_date":"2018-09-17"}},{"type":"Feature","geometry":{"type":"MultiPolygon","coordinates":[[[[-121.819115,40.358502],[-121.819,40.358487],[-121.819033,40.358344],[-121.819147,40.35836],[-121.819115,40.358502]]]]},"properties":{"occupancy":"Residential","image_date":"2018-09-17"}},{"type":"Feature","geometry":{"type":"MultiPolygon","coordinates":[[[[-121.819057,40.358703],[-121.819019,40.358822],[-121.818849,40.358791],[-121.818887,40.358672],[-121.819057,40.358703]]]]},"properties":{"occupancy":"Residential","image_date":"2018-09-17"}},{"type":"Feature","geometry":{"type":"MultiPolygon","coordinates":[[[[-121.808219,40.359749],[-121.808235,40.359571],[-121.808279,40.359573],[-121.808263,40.359751],[-121.808219,40.359749]]]]},"properties":{"occupancy":"Residential","image_date":"2018-09-17"}},{"type":"Feature","geometry":{"type":"MultiPolygon","coordinates":[[[[-121.528868,40.322234],[-121.528985,40.322168],[-121.529054,40.32224],[-121.528936,40.322306],[-121.528868,40.322234]]]]},"properties":{"occupancy":"Residential","image_date":"2016-06-09"}},{"type":"Feature","geometry":{"type":"MultiPolygon","coordinates":[[[[-121.530502,40.322289],[-121.530734,40.322267],[-121.530743,40.322322],[-121.530511,40.322344],[-121.530502,40.322289]]]]},"properties":{"occupancy":"Residential","image_date":"2016-06-09"}},{"type":"Feature","geometry":{"type":"MultiPolygon","coordinates":[[[[-121.527814,40.322593],[-121.528004,40.322536],[-121.528041,40.322609],[-121.527851,40.322666],[-121.527814,40.322593]]]]},"properties":{"occupancy":"Residential","image_date":"2016-06-09"}},{"type":"Feature","geometry":{"type":"MultiPolygon","coordinates":[[[[-121.528346,40.322604],[-121.528445,40.322622],[-121.528414,40.32272],[-121.528315,40.322701],[-121.528346,40.322604]]]]},"properties":{"occupancy":"Residential","image_date":"2016-06-09"}},{"type":"Feature","geometry":{"type":"MultiPolygon","coordinates":[[[[-121.527583,40.322893],[-121.527681,40.32281],[-121.527767,40.32287],[-121.52767,40.322953],[-121.527583,40.322893]]]]},"properties":{"occupancy":"Residential","image_date":"2016-06-09"}},{"type":"Feature","geometry":{"type":"MultiPolygon","coordinates":[[[[-121.529122,40.322888],[-121.529165,40.322894],[-121.529154,40.322937],[-121.529268,40.322954],[-121.529244,40.323053],[-121.529087,40.32303],[-121.529122,40.322888]]]]},"properties":{"occupancy":"Residential","image_date":"2016-06-09"}},{"type":"Feature","geometry":{"type":"MultiPolygon","coordinates":[[[[-121.527444,40.322949],[-121.527322,40.323045],[-121.52728,40.323014],[-121.527402,40.322918],[-121.527444,40.322949]]]]},"properties":{"occupancy":"Residential","image_date":"2016-06-09"}},{"type":"Feature","geometry":{"type":"MultiPolygon","coordinates":[[[[-121.526911,40.323532],[-121.526968,40.323523],[-121.52699,40.323611],[-121.526933,40.323619],[-121.526911,40.323532]]]]},"properties":{"occupancy":"Unclassified","image_date":"2016-06-09"}},{"type":"Feature","geometry":{"type":"MultiPolygon","coordinates":[[[[-121.526379,40.323606],[-121.526569,40.32355],[-121.526642,40.323695],[-121.526452,40.323751],[-121.526379,40.323606]]]]},"properties":{"occupancy":"Unclassified","image_date":"2016-06-09"}},{"type":"Feature","geometry":{"type":"MultiPolygon","coordinates":[[[[-121.527575,40.323802],[-121.52764,40.323728],[-121.527713,40.323765],[-121.527648,40.323839],[-121.527575,40.323802]]]]},"properties":{"occupancy":"Residential","image_date":"2016-06-09"}},{"type":"Feature","geometry":{"type":"MultiPolygon","coordinates":[[[[-121.526963,40.324058],[-121.52688,40.323996],[-121.52692,40.323964],[-121.527004,40.324026],[-121.526963,40.324058]]]]},"properties":{"occupancy":"Residential","image_date":"2016-06-09"}},{"type":"Feature","geometry":{"type":"MultiPolygon","coordinates":[[[[-121.523536,40.324273],[-121.523526,40.324139],[-121.523613,40.324135],[-121.523623,40.324269],[-121.523536,40.324273]]]]},"properties":{"occupancy":"Residential","image_date":"2016-06-09"}},{"type":"Feature","geometry":{"type":"MultiPolygon","coordinates":[[[[-121.527018,40.32422],[-121.52698,40.324186],[-121.527046,40.324142],[-121.527084,40.324176],[-121.527018,40.32422]]]]},"properties":{"occupancy":"Residential","image_date":"2016-06-09"}},{"type":"Feature","geometry":{"type":"MultiPolygon","coordinates":[[[[-121.526695,40.324316],[-121.526614,40.324252],[-121.526698,40.32419],[-121.526779,40.324254],[-121.526695,40.324316]]]]},"properties":{"occupancy":"Residential","image_date":"2016-06-09"}},{"type":"Feature","geometry":{"type":"MultiPolygon","coordinates":[[[[-121.526402,40.324411],[-121.526397,40.324344],[-121.526513,40.324339],[-121.526518,40.324406],[-121.526402,40.324411]]]]},"properties":{"occupancy":"Residential","image_date":"2016-06-09"}},{"type":"Feature","geometry":{"type":"MultiPolygon","coordinates":[[[[-121.52483,40.324669],[-121.524855,40.324801],[-121.524812,40.324806],[-121.524787,40.324674],[-121.52483,40.324669]]]]},"properties":{"occupancy":"Residential","image_date":"2016-06-09"}},{"type":"Feature","geometry":{"type":"MultiPolygon","coordinates":[[[[-121.525678,40.324962],[-121.525846,40.325029],[-121.525805,40.325088],[-121.525637,40.325021],[-121.525678,40.324962]]]]},"properties":{"occupancy":"Residential","image_date":"2016-06-09"}},{"type":"Feature","geometry":{"type":"MultiPolygon","coordinates":[[[[-121.523364,40.325228],[-121.523368,40.32515],[-121.523485,40.325154],[-121.52348,40.325232],[-121.523364,40.325228]]]]},"properties":{"occupancy":"Residential","image_date":"2016-06-09"}},{"type":"Feature","geometry":{"type":"MultiPolygon","coordinates":[[[[-121.525839,40.325464],[-121.525702,40.325502],[-121.525682,40.32546],[-121.525819,40.325422],[-121.525839,40.325464]]]]},"properties":{"occupancy":"Residential","image_date":"2016-06-09"}},{"type":"Feature","geometry":{"type":"MultiPolygon","coordinates":[[[[-121.522362,40.325513],[-121.522399,40.325573],[-121.522307,40.325607],[-121.52227,40.325546],[-121.522362,40.325513]]]]},"properties":{"occupancy":"Residential","image_date":"2016-06-09"}},{"type":"Feature","geometry":{"type":"MultiPolygon","coordinates":[[[[-121.523875,40.32577],[-121.524004,40.325784],[-121.523984,40.325894],[-121.523854,40.32588],[-121.523875,40.32577]]]]},"properties":{"occupancy":"Residential","image_date":"2016-06-09"}},{"type":"Feature","geometry":{"type":"MultiPolygon","coordinates":[[[[-121.523301,40.325997],[-121.523221,40.325932],[-121.523306,40.325871],[-121.523386,40.325937],[-121.523301,40.325997]]]]},"properties":{"occupancy":"Residential","image_date":"2016-06-09"}},{"type":"Feature","geometry":{"type":"MultiPolygon","coordinates":[[[[-121.524423,40.326085],[-121.524337,40.326092],[-121.524318,40.325959],[-121.524404,40.325952],[-121.524423,40.326085]]]]},"properties":{"occupancy":"Residential","image_date":"2016-06-09"}},{"type":"Feature","geometry":{"type":"MultiPolygon","coordinates":[[[[-121.519912,40.326288],[-121.520028,40.326284],[-121.520033,40.32635],[-121.519916,40.326355],[-121.519912,40.326288]]]]},"properties":{"occupancy":"Residential","image_date":"2016-06-09"}},{"type":"Feature","geometry":{"type":"MultiPolygon","coordinates":[[[[-121.526011,40.32641],[-121.525985,40.32637],[-121.526143,40.326312],[-121.526168,40.326352],[-121.526011,40.32641]]]]},"properties":{"occupancy":"Residential","image_date":"2016-06-09"}},{"type":"Feature","geometry":{"type":"MultiPolygon","coordinates":[[[[-121.521989,40.326386],[-121.522044,40.326438],[-121.521943,40.326501],[-121.521888,40.32645],[-121.521989,40.326386]]]]},"properties":{"occupancy":"Residential","image_date":"2016-06-09"}},{"type":"Feature","geometry":{"type":"MultiPolygon","coordinates":[[[[-121.520615,40.326419],[-121.520731,40.32641],[-121.520739,40.326477],[-121.520623,40.326485],[-121.520615,40.326419]]]]},"properties":{"occupancy":"Residential","image_date":"2016-06-09"}},{"type":"Feature","geometry":{"type":"MultiPolygon","coordinates":[[[[-121.522771,40.326491],[-121.522808,40.326457],[-121.522887,40.326506],[-121.52285,40.326541],[-121.522771,40.326491]]]]},"properties":{"occupancy":"Residential","image_date":"2016-06-09"}},{"type":"Feature","geometry":{"type":"MultiPolygon","coordinates":[[[[-121.517702,40.326753],[-121.517722,40.326863],[-121.517607,40.326876],[-121.517587,40.326765],[-121.517702,40.326753]]]]},"properties":{"occupancy":"Residential","image_date":"2016-06-09"}},{"type":"Feature","geometry":{"type":"MultiPolygon","coordinates":[[[[-121.519039,40.327263],[-121.518968,40.327273],[-121.518933,40.327131],[-121.519004,40.327121],[-121.519039,40.327263]]]]},"properties":{"occupancy":"Residential","image_date":"2016-06-09"}},{"type":"Feature","geometry":{"type":"MultiPolygon","coordinates":[[[[-121.517344,40.327463],[-121.517229,40.327415],[-121.517257,40.327376],[-121.517372,40.327424],[-121.517344,40.327463]]]]},"properties":{"occupancy":"Residential","image_date":"2016-06-09"}},{"type":"Feature","geometry":{"type":"MultiPolygon","coordinates":[[[[-121.51932,40.327777],[-121.519257,40.327823],[-121.519157,40.327742],[-121.51922,40.327696],[-121.51932,40.327777]]]]},"properties":{"occupancy":"Residential","image_date":"2016-06-09"}},{"type":"Feature","geometry":{"type":"MultiPolygon","coordinates":[[[[-121.519023,40.328688],[-121.519,40.328775],[-121.518943,40.328766],[-121.518966,40.328679],[-121.519023,40.328688]]]]},"properties":{"occupancy":"Residential","image_date":"2016-06-09"}},{"type":"Feature","geometry":{"type":"MultiPolygon","coordinates":[[[[-121.779079,40.341538],[-121.779254,40.341539],[-121.779253,40.341661],[-121.779078,40.341661],[-121.779079,40.341538]]]]},"properties":{"occupancy":"Residential","image_date":"2017-07-03"}},{"type":"Feature","geometry":{"type":"MultiPolygon","coordinates":[[[[-121.779082,40.341845],[-121.778908,40.341835],[-121.778916,40.341757],[-121.77909,40.341767],[-121.779082,40.341845]]]]},"properties":{"occupancy":"Residential","image_date":"2017-07-03"}},{"type":"Feature","geometry":{"type":"MultiPolygon","coordinates":[[[[-121.779035,40.342196],[-121.778919,40.342197],[-121.778918,40.342152],[-121.779035,40.342151],[-121.779035,40.342196]]]]},"properties":{"occupancy":"Residential","image_date":"2017-07-03"}},{"type":"Feature","geometry":{"type":"MultiPolygon","coordinates":[[[[-121.77901,40.342799],[-121.778843,40.34284],[-121.77879,40.342713],[-121.778957,40.342672],[-121.77901,40.342799]]]]},"properties":{"occupancy":"Residential","image_date":"2017-07-03"}},{"type":"Feature","geometry":{"type":"MultiPolygon","coordinates":[[[[-121.778864,40.342213],[-121.778973,40.342244],[-121.778953,40.342286],[-121.778843,40.342255],[-121.778864,40.342213]]]]},"properties":{"occupancy":"Residential","image_date":"2017-07-03"}},{"type":"Feature","geometry":{"type":"MultiPolygon","coordinates":[[[[-121.778786,40.341478],[-121.778917,40.341527],[-121.778865,40.341608],[-121.778734,40.341558],[-121.778786,40.341478]]]]},"properties":{"occupancy":"Residential","image_date":"2017-07-03"}},{"type":"Feature","geometry":{"type":"MultiPolygon","coordinates":[[[[-121.778366,40.342727],[-121.778495,40.34271],[-121.77851,40.342776],[-121.778381,40.342793],[-121.778366,40.342727]]]]},"properties":{"occupancy":"Unclassified","image_date":"2017-07-03"}},{"type":"Feature","geometry":{"type":"MultiPolygon","coordinates":[[[[-121.778451,40.342097],[-121.778372,40.342069],[-121.778396,40.342029],[-121.778475,40.342056],[-121.778451,40.342097]]]]},"properties":{"occupancy":"Unclassified","image_date":"2017-07-03"}},{"type":"Feature","geometry":{"type":"MultiPolygon","coordinates":[[[[-121.7777,40.342686],[-121.777768,40.342706],[-121.777738,40.342768],[-121.777669,40.342749],[-121.7777,40.342686]]]]},"properties":{"occupancy":"Residential","image_date":"2017-07-03"}},{"type":"Feature","geometry":{"type":"MultiPolygon","coordinates":[[[[-121.777587,40.342795],[-121.77766,40.34274],[-121.777731,40.342796],[-121.777658,40.34285],[-121.777587,40.342795]]]]},"properties":{"occupancy":"Residential","image_date":"2017-07-03"}},{"type":"Feature","geometry":{"type":"MultiPolygon","coordinates":[[[[-121.777474,40.342643],[-121.777475,40.342576],[-121.777664,40.342579],[-121.777663,40.342646],[-121.777474,40.342643]]]]},"properties":{"occupancy":"Residential","image_date":"2017-07-03"}},{"type":"Feature","geometry":{"type":"MultiPolygon","coordinates":[[[[-121.776763,40.342835],[-121.776776,40.342769],[-121.777007,40.342796],[-121.776994,40.342862],[-121.776763,40.342835]]]]},"properties":{"occupancy":"Residential","image_date":"2017-07-03"}},{"type":"Feature","geometry":{"type":"MultiPolygon","coordinates":[[[[-121.776909,40.342485],[-121.7768,40.342517],[-121.776779,40.342475],[-121.776888,40.342443],[-121.776909,40.342485]]]]},"properties":{"occupancy":"Residential","image_date":"2017-07-03"}},{"type":"Feature","geometry":{"type":"MultiPolygon","coordinates":[[[[-121.776516,40.342493],[-121.776537,40.342626],[-121.77645,40.342634],[-121.776429,40.342501],[-121.776516,40.342493]]]]},"properties":{"occupancy":"Residential","image_date":"2017-07-03"}},{"type":"Feature","geometry":{"type":"MultiPolygon","coordinates":[[[[-121.776055,40.342575],[-121.776281,40.34262],[-121.776259,40.342684],[-121.776033,40.34264],[-121.776055,40.342575]]]]},"properties":{"occupancy":"Residential","image_date":"2017-07-03"}},{"type":"Feature","geometry":{"type":"MultiPolygon","coordinates":[[[[-121.775596,40.342662],[-121.775617,40.342597],[-121.775801,40.342631],[-121.77578,40.342696],[-121.775596,40.342662]]]]},"properties":{"occupancy":"Residential","image_date":"2017-07-03"}},{"type":"Feature","geometry":{"type":"MultiPolygon","coordinates":[[[[-121.774217,40.30144],[-121.774313,40.301466],[-121.774294,40.301508],[-121.774198,40.301482],[-121.774217,40.30144]]]]},"properties":{"occupancy":"Residential","image_date":"2017-07-03"}},{"type":"Feature","geometry":{"type":"MultiPolygon","coordinates":[[[[-121.773942,40.342849],[-121.774033,40.342885],[-121.773919,40.343053],[-121.773738,40.342982],[-121.773831,40.342843],[-121.773922,40.342879],[-121.773942,40.342849]]]]},"properties":{"occupancy":"Government","image_date":"2017-07-03"}},{"type":"Feature","geometry":{"type":"MultiPolygon","coordinates":[[[[-121.770726,40.343039],[-121.770736,40.342951],[-121.770823,40.342956],[-121.770813,40.343045],[-121.770726,40.343039]]]]},"properties":{"occupancy":"Residential","image_date":"2017-07-03"}},{"type":"Feature","geometry":{"type":"MultiPolygon","coordinates":[[[[-121.769984,40.342853],[-121.770129,40.342867],[-121.770121,40.342911],[-121.769977,40.342897],[-121.769984,40.342853]]]]},"properties":{"occupancy":"Residential","image_date":"2017-07-03"}},{"type":"Feature","geometry":{"type":"MultiPolygon","coordinates":[[[[-121.774115,40.343012],[-121.774149,40.343121],[-121.774064,40.343136],[-121.77403,40.343028],[-121.774115,40.343012]]]]},"properties":{"occupancy":"Commercial","image_date":"2017-07-03"}},{"type":"Feature","geometry":{"type":"MultiPolygon","coordinates":[[[[-121.771223,40.342986],[-121.771339,40.342997],[-121.77135,40.342931],[-121.771379,40.342934],[-121.771373,40.342967],[-121.771475,40.342977],[-121.771465,40.343032],[-121.771306,40.343017],[-121.771285,40.343138],[-121.771199,40.343129],[-121.771223,40.342986]]]]},"properties":{"occupancy":"Residential","image_date":"2017-07-03"}},{"type":"Feature","geometry":{"type":"MultiPolygon","coordinates":[[[[-121.77618,40.343076],[-121.776353,40.343093],[-121.776338,40.343181],[-121.776165,40.343164],[-121.77618,40.343076]]]]},"properties":{"occupancy":"Residential","image_date":"2017-07-03"}},{"type":"Feature","geometry":{"type":"MultiPolygon","coordinates":[[[[-121.778585,40.343205],[-121.778594,40.343105],[-121.778667,40.343108],[-121.778658,40.343208],[-121.778585,40.343205]]]]},"properties":{"occupancy":"Residential","image_date":"2017-07-03"}},{"type":"Feature","geometry":{"type":"MultiPolygon","coordinates":[[[[-121.774801,40.343217],[-121.774623,40.343167],[-121.774673,40.343063],[-121.774851,40.343112],[-121.774801,40.343217]]]]},"properties":{"occupancy":"Residential","image_date":"2017-07-03"}},{"type":"Feature","geometry":{"type":"MultiPolygon","coordinates":[[[[-121.774955,40.343229],[-121.774839,40.343218],[-121.774854,40.343129],[-121.77497,40.343141],[-121.774955,40.343229]]]]},"properties":{"occupancy":"Commercial","image_date":"2017-07-03"}},{"type":"Feature","geometry":{"type":"MultiPolygon","coordinates":[[[[-121.781808,40.343697],[-121.78204,40.343683],[-121.782047,40.34375],[-121.781815,40.343764],[-121.781808,40.343697]]]]},"properties":{"occupancy":"Unclassified","image_date":"2017-07-03"}},{"type":"Feature","geometry":{"type":"MultiPolygon","coordinates":[[[[-121.781488,40.343649],[-121.781604,40.343656],[-121.781597,40.343733],[-121.781481,40.343727],[-121.781488,40.343649]]]]},"properties":{"occupancy":"Unclassified","image_date":"2017-07-03"}},{"type":"Feature","geometry":{"type":"MultiPolygon","coordinates":[[[[-121.781526,40.343068],[-121.781573,40.34322],[-121.781488,40.343236],[-121.781441,40.343084],[-121.781526,40.343068]]]]},"properties":{"occupancy":"Residential","image_date":"2017-07-03"}},{"type":"Feature","geometry":{"type":"MultiPolygon","coordinates":[[[[-121.781271,40.342775],[-121.781399,40.342701],[-121.781469,40.342773],[-121.78134,40.342846],[-121.781271,40.342775]]]]},"properties":{"occupancy":"Residential","image_date":"2017-07-03"}},{"type":"Feature","geometry":{"type":"MultiPolygon","coordinates":[[[[-121.781223,40.343711],[-121.781426,40.343696],[-121.781435,40.343762],[-121.781232,40.343777],[-121.781223,40.343711]]]]},"properties":{"occupancy":"Residential","image_date":"2017-07-03"}},{"type":"Feature","geometry":{"type":"MultiPolygon","coordinates":[[[[-121.781386,40.343009],[-121.781222,40.343056],[-121.781192,40.342993],[-121.781355,40.342946],[-121.781386,40.343009]]]]},"properties":{"occupancy":"Residential","image_date":"2017-07-03"}},{"type":"Feature","geometry":{"type":"MultiPolygon","coordinates":[[[[-121.780957,40.342626],[-121.781072,40.34254],[-121.781184,40.342628],[-121.781069,40.342713],[-121.780957,40.342626]]]]},"properties":{"occupancy":"Residential","image_date":"2017-07-03"}},{"type":"Feature","geometry":{"type":"MultiPolygon","coordinates":[[[[-121.780718,40.342064],[-121.780732,40.342142],[-121.780818,40.342133],[-121.780832,40.34221],[-121.780601,40.342234],[-121.780574,40.342079],[-121.780718,40.342064]]]]},"properties":{"occupancy":"Residential","image_date":"2017-07-03"}},{"type":"Feature","geometry":{"type":"MultiPolygon","coordinates":[[[[-121.780587,40.343439],[-121.780589,40.343383],[-121.780763,40.343386],[-121.780762,40.343442],[-121.780587,40.343439]]]]},"properties":{"occupancy":"Residential","image_date":"2017-07-03"}},{"type":"Feature","geometry":{"type":"MultiPolygon","coordinates":[[[[-121.780699,40.343138],[-121.780538,40.34319],[-121.780493,40.343108],[-121.780654,40.343056],[-121.780699,40.343138]]]]},"properties":{"occupancy":"Residential","image_date":"2017-07-03"}},{"type":"Feature","geometry":{"type":"MultiPolygon","coordinates":[[[[-121.780438,40.341574],[-121.780463,40.34151],[-121.780644,40.341551],[-121.780619,40.341615],[-121.780438,40.341574]]]]},"properties":{"occupancy":"Commercial","image_date":"2017-07-03"}},{"type":"Feature","geometry":{"type":"MultiPolygon","coordinates":[[[[-121.780324,40.34264],[-121.78048,40.342614],[-121.780499,40.342679],[-121.780342,40.342705],[-121.780324,40.34264]]]]},"properties":{"occupancy":"Residential","image_date":"2017-07-03"}},{"type":"Feature","geometry":{"type":"MultiPolygon","coordinates":[[[[-121.780211,40.343284],[-121.780297,40.343273],[-121.780329,40.343416],[-121.780243,40.343427],[-121.780211,40.343284]]]]},"properties":{"occupancy":"Residential","image_date":"2017-07-03"}},{"type":"Feature","geometry":{"type":"MultiPolygon","coordinates":[[[[-121.780302,40.343038],[-121.780292,40.343182],[-121.780205,40.343179],[-121.780214,40.343034],[-121.780302,40.343038]]]]},"properties":{"occupancy":"Residential","image_date":"2017-07-03"}},{"type":"Feature","geometry":{"type":"MultiPolygon","coordinates":[[[[-121.780092,40.342096],[-121.780208,40.342092],[-121.780216,40.342215],[-121.780099,40.342219],[-121.780092,40.342096]]]]},"properties":{"occupancy":"Residential","image_date":"2017-07-03"}},{"type":"Feature","geometry":{"type":"MultiPolygon","coordinates":[[[[-121.780039,40.341563],[-121.78017,40.341552],[-121.780179,40.341618],[-121.780049,40.341629],[-121.780039,40.341563]]]]},"properties":{"occupancy":"Residential","image_date":"2017-07-03"}},{"type":"Feature","geometry":{"type":"MultiPolygon","coordinates":[[[[-121.779724,40.341403],[-121.779955,40.341426],[-121.77994,40.341515],[-121.779709,40.341491],[-121.779724,40.341403]]]]},"properties":{"occupancy":"Residential","image_date":"2017-07-03"}},{"type":"Feature","geometry":{"type":"MultiPolygon","coordinates":[[[[-121.779735,40.343247],[-121.779745,40.343336],[-121.779614,40.343345],[-121.779604,40.343256],[-121.779735,40.343247]]]]},"properties":{"occupancy":"Residential","image_date":"2017-07-03"}},{"type":"Feature","geometry":{"type":"MultiPolygon","coordinates":[[[[-121.779333,40.342317],[-121.779579,40.342296],[-121.779589,40.342362],[-121.779343,40.342384],[-121.779333,40.342317]]]]},"properties":{"occupancy":"Residential","image_date":"2017-07-03"}},{"type":"Feature","geometry":{"type":"MultiPolygon","coordinates":[[[[-121.779361,40.342674],[-121.779559,40.342744],[-121.779522,40.342805],[-121.779324,40.342735],[-121.779361,40.342674]]]]},"properties":{"occupancy":"Residential","image_date":"2017-07-03"}},{"type":"Feature","geometry":{"type":"MultiPolygon","coordinates":[[[[-121.779543,40.342048],[-121.779386,40.342073],[-121.779342,40.341909],[-121.779499,40.341884],[-121.779543,40.342048]]]]},"properties":{"occupancy":"Residential","image_date":"2017-07-03"}},{"type":"Feature","geometry":{"type":"MultiPolygon","coordinates":[[[[-121.779427,40.343248],[-121.779371,40.343133],[-121.779425,40.343117],[-121.779481,40.343232],[-121.779427,40.343248]]]]},"properties":{"occupancy":"Residential","image_date":"2017-07-03"}},{"type":"Feature","geometry":{"type":"MultiPolygon","coordinates":[[[[-121.778997,40.34335],[-121.778881,40.343361],[-121.778859,40.343217],[-121.778975,40.343206],[-121.778997,40.34335]]]]},"properties":{"occupancy":"Residential","image_date":"2017-07-03"}},{"type":"Feature","geometry":{"type":"MultiPolygon","coordinates":[[[[-121.778293,40.343451],[-121.778176,40.343451],[-121.778176,40.343362],[-121.778293,40.343362],[-121.778293,40.343451]]]]},"properties":{"occupancy":"Residential","image_date":"2017-07-03"}},{"type":"Feature","geometry":{"type":"MultiPolygon","coordinates":[[[[-121.770705,40.344039],[-121.770791,40.343949],[-121.770838,40.343976],[-121.770752,40.344065],[-121.770705,40.344039]]]]},"properties":{"occupancy":"Residential","image_date":"2017-07-03"}},{"type":"Feature","geometry":{"type":"MultiPolygon","coordinates":[[[[-121.770577,40.344023],[-121.77055,40.344133],[-121.770464,40.344121],[-121.770491,40.344011],[-121.770577,40.344023]]]]},"properties":{"occupancy":"Residential","image_date":"2017-07-03"}},{"type":"Feature","geometry":{"type":"MultiPolygon","coordinates":[[[[-121.769443,40.344925],[-121.769558,40.34491],[-121.769577,40.344998],[-121.769462,40.345012],[-121.769443,40.344925]]]]},"properties":{"occupancy":"Residential","image_date":"2017-07-03"}},{"type":"Feature","geometry":{"type":"MultiPolygon","coordinates":[[[[-121.764856,40.345248],[-121.764712,40.345267],[-121.764693,40.345179],[-121.764592,40.345192],[-121.764573,40.345104],[-121.764817,40.345072],[-121.764856,40.345248]]]]},"properties":{"occupancy":"Residential","image_date":"2017-07-03"}},{"type":"Feature","geometry":{"type":"MultiPolygon","coordinates":[[[[-121.761825,40.347037],[-121.761827,40.347126],[-121.761739,40.347127],[-121.761738,40.347038],[-121.761825,40.347037]]]]},"properties":{"occupancy":"Residential","image_date":"2017-07-03"}},{"type":"Feature","geometry":{"type":"MultiPolygon","coordinates":[[[[-121.761613,40.346866],[-121.761729,40.346863],[-121.761737,40.347019],[-121.76162,40.347022],[-121.761613,40.346866]]]]},"properties":{"occupancy":"Residential","image_date":"2017-07-03"}},{"type":"Feature","geometry":{"type":"MultiPolygon","coordinates":[[[[-121.759427,40.347147],[-121.759451,40.347246],[-121.759193,40.347283],[-121.759169,40.347184],[-121.759427,40.347147]]]]},"properties":{"occupancy":"Residential","image_date":"2017-07-03"}},{"type":"Feature","geometry":{"type":"MultiPolygon","coordinates":[[[[-121.755915,40.347729],[-121.755881,40.347542],[-121.756155,40.347513],[-121.756189,40.347701],[-121.755915,40.347729]]]]},"properties":{"occupancy":"Residential","image_date":"2017-07-03"}},{"type":"Feature","geometry":{"type":"MultiPolygon","coordinates":[[[[-121.755614,40.347907],[-121.755695,40.347883],[-121.755738,40.347966],[-121.755656,40.34799],[-121.755614,40.347907]]]]},"properties":{"occupancy":"Residential","image_date":"2017-07-03"}},{"type":"Feature","geometry":{"type":"MultiPolygon","coordinates":[[[[-121.750463,40.347755],[-121.750331,40.347708],[-121.750381,40.347627],[-121.750512,40.347675],[-121.750463,40.347755]]]]},"properties":{"occupancy":"Residential","image_date":"2017-07-03"}},{"type":"Feature","geometry":{"type":"MultiPolygon","coordinates":[[[[-121.743151,40.34551],[-121.743303,40.345551],[-121.743269,40.345624],[-121.743118,40.345584],[-121.743151,40.34551]]]]},"properties":{"occupancy":"Residential","image_date":"2017-07-03"}},{"type":"Feature","geometry":{"type":"MultiPolygon","coordinates":[[[[-121.743117,40.345449],[-121.743024,40.345482],[-121.742987,40.345422],[-121.743079,40.345388],[-121.743117,40.345449]]]]},"properties":{"occupancy":"Residential","image_date":"2017-07-03"}},{"type":"Feature","geometry":{"type":"MultiPolygon","coordinates":[[[[-121.740945,40.34644],[-121.740775,40.34641],[-121.740794,40.346345],[-121.740964,40.346374],[-121.740945,40.34644]]]]},"properties":{"occupancy":"Residential","image_date":"2017-07-03"}},{"type":"Feature","geometry":{"type":"MultiPolygon","coordinates":[[[[-121.767032,40.348419],[-121.767034,40.34833],[-121.767093,40.348331],[-121.76709,40.348421],[-121.767032,40.348419]]]]},"properties":{"occupancy":"Unclassified","image_date":"2017-07-03"}},{"type":"Feature","geometry":{"type":"MultiPolygon","coordinates":[[[[-121.76605,40.34848],[-121.765998,40.34856],[-121.765894,40.348521],[-121.765945,40.348441],[-121.76605,40.34848]]]]},"properties":{"occupancy":"Residential","image_date":"2017-07-03"}},{"type":"Feature","geometry":{"type":"MultiPolygon","coordinates":[[[[-121.523052,40.342441],[-121.523093,40.3425],[-121.523016,40.342532],[-121.522975,40.342473],[-121.523052,40.342441]]]]},"properties":{"occupancy":"Unclassified","image_date":"2016-06-09"}},{"type":"Feature","geometry":{"type":"MultiPolygon","coordinates":[[[[-121.523785,40.342791],[-121.523913,40.342811],[-121.523867,40.342986],[-121.523739,40.342966],[-121.523785,40.342791]]]]},"properties":{"occupancy":"Unclassified","image_date":"2016-06-09"}},{"type":"Feature","geometry":{"type":"MultiPolygon","coordinates":[[[[-121.523073,40.342882],[-121.523185,40.342857],[-121.523226,40.342964],[-121.523114,40.342989],[-121.523073,40.342882]]]]},"properties":{"occupancy":"Unclassified","image_date":"2016-06-09"}},{"type":"Feature","geometry":{"type":"MultiPolygon","coordinates":[[[[-121.523969,40.343347],[-121.523902,40.34342],[-121.523783,40.343356],[-121.52385,40.343283],[-121.523969,40.343347]]]]},"properties":{"occupancy":"Unclassified","image_date":"2016-06-09"}},{"type":"Feature","geometry":{"type":"MultiPolygon","coordinates":[[[[-121.522977,40.343699],[-121.523092,40.343684],[-121.523118,40.343805],[-121.523003,40.34382],[-121.522977,40.343699]]]]},"properties":{"occupancy":"Unclassified","image_date":"2016-06-09"}},{"type":"Feature","geometry":{"type":"MultiPolygon","coordinates":[[[[-121.523466,40.344064],[-121.523574,40.344008],[-121.523631,40.344072],[-121.523524,40.344129],[-121.523466,40.344064]]]]},"properties":{"occupancy":"Unclassified","image_date":"2016-06-09"}},{"type":"Feature","geometry":{"type":"MultiPolygon","coordinates":[[[[-121.523577,40.3444],[-121.523535,40.344317],[-121.523672,40.344278],[-121.523713,40.344361],[-121.523577,40.3444]]]]},"properties":{"occupancy":"Unclassified","image_date":"2016-06-09"}},{"type":"Feature","geometry":{"type":"MultiPolygon","coordinates":[[[[-121.522989,40.344416],[-121.522994,40.344316],[-121.52314,40.34432],[-121.523135,40.34442],[-121.522989,40.344416]]]]},"properties":{"occupancy":"Unclassified","image_date":"2016-06-09"}},{"type":"Feature","geometry":{"type":"MultiPolygon","coordinates":[[[[-121.523703,40.344595],[-121.523562,40.344567],[-121.523584,40.344503],[-121.523725,40.34453],[-121.523703,40.344595]]]]},"properties":{"occupancy":"Unclassified","image_date":"2016-06-09"}},{"type":"Feature","geometry":{"type":"MultiPolygon","coordinates":[[[[-121.521184,40.347277],[-121.521256,40.347315],[-121.521056,40.347535],[-121.520985,40.347497],[-121.521184,40.347277]]]]},"properties":{"occupancy":"Unclassified","image_date":"2016-06-09"}},{"type":"Feature","geometry":{"type":"MultiPolygon","coordinates":[[[[-121.521744,40.347306],[-121.521675,40.347364],[-121.521632,40.347334],[-121.521701,40.347276],[-121.521744,40.347306]]]]},"properties":{"occupancy":"Unclassified","image_date":"2016-06-09"}},{"type":"Feature","geometry":{"type":"MultiPolygon","coordinates":[[[[-121.520896,40.347762],[-121.521004,40.347616],[-121.521105,40.34766],[-121.520997,40.347806],[-121.520896,40.347762]]]]},"properties":{"occupancy":"Unclassified","image_date":"2016-06-09"}},{"type":"Feature","geometry":{"type":"MultiPolygon","coordinates":[[[[-121.52165,40.347761],[-121.52155,40.347715],[-121.521596,40.347658],[-121.521695,40.347704],[-121.52165,40.347761]]]]},"properties":{"occupancy":"Unclassified","image_date":"2016-06-09"}},{"type":"Feature","geometry":{"type":"MultiPolygon","coordinates":[[[[-121.846771,40.014416],[-121.846704,40.014343],[-121.846798,40.014292],[-121.846865,40.014364],[-121.846771,40.014416]]]]},"properties":{"occupancy":"Agriculture","image_date":"2018-09-17"}},{"type":"Feature","geometry":{"type":"MultiPolygon","coordinates":[[[[-121.849492,40.015171],[-121.849579,40.015173],[-121.849577,40.015262],[-121.84949,40.015261],[-121.849492,40.015171]]]]},"properties":{"occupancy":"Agriculture","image_date":"2018-09-17"}},{"type":"Feature","geometry":{"type":"MultiPolygon","coordinates":[[[[-121.862293,40.041103],[-121.862167,40.04116],[-121.862073,40.041034],[-121.862198,40.040978],[-121.862293,40.041103]]]]},"properties":{"occupancy":"Agriculture","image_date":"2018-09-17"}},{"type":"Feature","geometry":{"type":"MultiPolygon","coordinates":[[[[-121.862106,40.041133],[-121.862114,40.041199],[-121.862028,40.041206],[-121.862019,40.041139],[-121.862106,40.041133]]]]},"properties":{"occupancy":"Agriculture","image_date":"2018-09-17"}},{"type":"Feature","geometry":{"type":"MultiPolygon","coordinates":[[[[-121.977797,40.042874],[-121.978,40.042883],[-121.977988,40.043039],[-121.977786,40.04303],[-121.977797,40.042874]]]]},"properties":{"occupancy":"Agriculture","image_date":"2018-09-17"}},{"type":"Feature","geometry":{"type":"MultiPolygon","coordinates":[[[[-121.977622,40.043062],[-121.977535,40.043055],[-121.97755,40.042933],[-121.977637,40.04294],[-121.977622,40.043062]]]]},"properties":{"occupancy":"Agriculture","image_date":"2018-09-17"}},{"type":"Feature","geometry":{"type":"MultiPolygon","coordinates":[[[[-121.940199,40.075526],[-121.940149,40.075631],[-121.94004,40.0756],[-121.94009,40.075495],[-121.940199,40.075526]]]]},"properties":{"occupancy":"Agriculture","image_date":"2018-09-17"}},{"type":"Feature","geometry":{"type":"MultiPolygon","coordinates":[[[[-121.956736,40.078438],[-121.95665,40.078425],[-121.956668,40.07836],[-121.956753,40.078373],[-121.956736,40.078438]]]]},"properties":{"occupancy":"Unclassified","image_date":"2018-09-17"}},{"type":"Feature","geometry":{"type":"MultiPolygon","coordinates":[[[[-121.831308,40.080819],[-121.831355,40.080924],[-121.8313,40.080939],[-121.831253,40.080833],[-121.831308,40.080819]]]]},"properties":{"occupancy":"Agriculture","image_date":"2018-09-17"}},{"type":"Feature","geometry":{"type":"MultiPolygon","coordinates":[[[[-121.831058,40.081177],[-121.830967,40.081121],[-121.831013,40.081077],[-121.831103,40.081133],[-121.831058,40.081177]]]]},"properties":{"occupancy":"Agriculture","image_date":"2018-09-17"}},{"type":"Feature","geometry":{"type":"MultiPolygon","coordinates":[[[[-121.831061,40.081311],[-121.830963,40.081359],[-121.830901,40.081284],[-121.830999,40.081236],[-121.831061,40.081311]]]]},"properties":{"occupancy":"Agriculture","image_date":"2018-09-17"}},{"type":"Feature","geometry":{"type":"MultiPolygon","coordinates":[[[[-122.002199,40.13497],[-122.002104,40.134886],[-122.002148,40.134857],[-122.002243,40.134941],[-122.002199,40.13497]]]]},"properties":{"occupancy":"Residential","image_date":"2018-09-17"}},{"type":"Feature","geometry":{"type":"MultiPolygon","coordinates":[[[[-121.945872,40.135745],[-121.945878,40.135633],[-121.945936,40.135635],[-121.94593,40.135747],[-121.945872,40.135745]]]]},"properties":{"occupancy":"Agriculture","image_date":"2018-09-17"}},{"type":"Feature","geometry":{"type":"MultiPolygon","coordinates":[[[[-121.967782,40.137742],[-121.967688,40.137713],[-121.967754,40.137589],[-121.967848,40.137618],[-121.967782,40.137742]]]]},"properties":{"occupancy":"Agriculture","image_date":"2018-09-17"}},{"type":"Feature","geometry":{"type":"MultiPolygon","coordinates":[[[[-121.971952,40.14109],[-121.971881,40.141236],[-121.971772,40.141205],[-121.971843,40.141059],[-121.971952,40.14109]]]]},"properties":{"occupancy":"Agriculture","image_date":"2018-09-17"}},{"type":"Feature","geometry":{"type":"MultiPolygon","coordinates":[[[[-121.974247,40.160608],[-121.974117,40.160608],[-121.974116,40.160564],[-121.974247,40.160563],[-121.974247,40.160608]]]]},"properties":{"occupancy":"Residential","image_date":"2018-09-17"}},{"type":"Feature","geometry":{"type":"MultiPolygon","coordinates":[[[[-121.974417,40.160965],[-121.974323,40.160913],[-121.974408,40.160823],[-121.974502,40.160875],[-121.974417,40.160965]]]]},"properties":{"occupancy":"Residential","image_date":"2018-09-17"}},{"type":"Feature","geometry":{"type":"MultiPolygon","coordinates":[[[[-121.839939,40.164416],[-121.839936,40.164483],[-121.839849,40.164481],[-121.839852,40.164414],[-121.839939,40.164416]]]]},"properties":{"occupancy":"Unclassified","image_date":"2018-09-17"}},{"type":"Feature","geometry":{"type":"MultiPolygon","coordinates":[[[[-122.024468,40.191136],[-122.024419,40.191031],[-122.024474,40.191016],[-122.024523,40.191121],[-122.024468,40.191136]]]]},"properties":{"occupancy":"Agriculture","image_date":"2016-07-03"}},{"type":"Feature","geometry":{"type":"MultiPolygon","coordinates":[[[[-122.020674,40.31231],[-122.020691,40.312211],[-122.021124,40.312254],[-122.021107,40.312354],[-122.020674,40.31231]]]]},"properties":{"occupancy":"Residential","image_date":"2016-07-03"}},{"type":"Feature","geometry":{"type":"MultiPolygon","coordinates":[[[[-122.020356,40.312142],[-122.020567,40.312186],[-122.020521,40.312315],[-122.02031,40.312271],[-122.020356,40.312142]]]]},"properties":{"occupancy":"Residential","image_date":"2016-07-03"}},{"type":"Feature","geometry":{"type":"MultiPolygon","coordinates":[[[[-122.018648,40.310284],[-122.018617,40.310393],[-122.018375,40.310353],[-122.018406,40.310244],[-122.018648,40.310284]]]]},"properties":{"occupancy":"Residential","image_date":"2016-07-03"}},{"type":"Feature","geometry":{"type":"MultiPolygon","coordinates":[[[[-121.98757,40.249947],[-121.987715,40.249959],[-121.987703,40.250047],[-121.987558,40.250036],[-121.98757,40.249947]]]]},"properties":{"occupancy":"Agriculture","image_date":"2018-09-17"}},{"type":"Feature","geometry":{"type":"MultiPolygon","coordinates":[[[[-122.066667,40.313006],[-122.066651,40.31285],[-122.066796,40.312842],[-122.066812,40.312997],[-122.066667,40.313006]]]]},"properties":{"occupancy":"Residential","image_date":"2016-07-03"}},{"type":"Feature","geometry":{"type":"MultiPolygon","coordinates":[[[[-122.049651,40.317823],[-122.049419,40.317803],[-122.049467,40.317471],[-122.049698,40.31749],[-122.049651,40.317823]]]]},"properties":{"occupancy":"Residential","image_date":"2016-07-03"}},{"type":"Feature","geometry":{"type":"MultiPolygon","coordinates":[[[[-122.045286,40.318452],[-122.044998,40.318372],[-122.045048,40.318267],[-122.045335,40.318347],[-122.045286,40.318452]]]]},"properties":{"occupancy":"Residential","image_date":"2016-07-03"}},{"type":"Feature","geometry":{"type":"MultiPolygon","coordinates":[[[[-121.930819,40.332407],[-121.930906,40.332401],[-121.930919,40.332501],[-121.930832,40.332507],[-121.930819,40.332407]]]]},"properties":{"occupancy":"Agriculture","image_date":"2018-09-17"}},{"type":"Feature","geometry":{"type":"MultiPolygon","coordinates":[[[[-121.928205,40.331595],[-121.928168,40.331522],[-121.928304,40.331482],[-121.928383,40.331638],[-121.928098,40.331722],[-121.928024,40.331576],[-121.928092,40.331556],[-121.928124,40.331619],[-121.928205,40.331595]]]]},"properties":{"occupancy":"Commercial","image_date":"2018-09-17"}},{"type":"Feature","geometry":{"type":"MultiPolygon","coordinates":[[[[-121.92651,40.332925],[-121.926561,40.332871],[-121.926786,40.332995],[-121.926734,40.333049],[-121.92651,40.332925]]]]},"properties":{"occupancy":"Residential","image_date":"2018-09-17"}},{"type":"Feature","geometry":{"type":"MultiPolygon","coordinates":[[[[-121.926288,40.33309],[-121.92638,40.333019],[-121.926566,40.33316],[-121.926536,40.333184],[-121.926474,40.333137],[-121.926412,40.333184],[-121.926288,40.33309]]]]},"properties":{"occupancy":"Residential","image_date":"2018-09-17"}},{"type":"Feature","geometry":{"type":"MultiPolygon","coordinates":[[[[-121.925833,40.332032],[-121.925691,40.33211],[-121.92552,40.33193],[-121.925721,40.331819],[-121.925789,40.331891],[-121.92573,40.331924],[-121.925833,40.332032]]]]},"properties":{"occupancy":"Government","image_date":"2018-09-17"}},{"type":"Feature","geometry":{"type":"MultiPolygon","coordinates":[[[[-121.925118,40.332106],[-121.925421,40.332239],[-121.925348,40.332335],[-121.925045,40.332202],[-121.925118,40.332106]]]]},"properties":{"occupancy":"Unclassified","image_date":"2018-09-17"}},{"type":"Feature","geometry":{"type":"MultiPolygon","coordinates":[[[[-121.925276,40.333847],[-121.925216,40.333674],[-121.925328,40.333651],[-121.925389,40.333824],[-121.925276,40.333847]]]]},"properties":{"occupancy":"Unclassified","image_date":"2018-09-17"}},{"type":"Feature","geometry":{"type":"MultiPolygon","coordinates":[[[[-121.925087,40.332004],[-121.925014,40.331966],[-121.925096,40.331874],[-121.925168,40.331912],[-121.925087,40.332004]]]]},"properties":{"occupancy":"Unclassified","image_date":"2018-09-17"}},{"type":"Feature","geometry":{"type":"MultiPolygon","coordinates":[[[[-121.924349,40.334233],[-121.924267,40.334155],[-121.924414,40.334064],[-121.924497,40.334142],[-121.924349,40.334233]]]]},"properties":{"occupancy":"Agriculture","image_date":"2018-09-17"}},{"type":"Feature","geometry":{"type":"MultiPolygon","coordinates":[[[[-121.923616,40.332152],[-121.92361,40.332063],[-121.923813,40.332054],[-121.92382,40.332143],[-121.923616,40.332152]]]]},"properties":{"occupancy":"Unclassified","image_date":"2018-09-17"}},{"type":"Feature","geometry":{"type":"MultiPolygon","coordinates":[[[[-121.923152,40.32217],[-121.923251,40.32215],[-121.923266,40.322193],[-121.923167,40.322213],[-121.923152,40.32217]]]]},"properties":{"occupancy":"Unclassified","image_date":"2018-09-17"}},{"type":"Feature","geometry":{"type":"MultiPolygon","coordinates":[[[[-121.917276,40.335516],[-121.917176,40.335469],[-121.917253,40.335374],[-121.917352,40.335421],[-121.917276,40.335516]]]]},"properties":{"occupancy":"Unclassified","image_date":"2018-09-17"}},{"type":"Feature","geometry":{"type":"MultiPolygon","coordinates":[[[[-121.916248,40.335613],[-121.916254,40.335568],[-121.916486,40.335588],[-121.91648,40.335632],[-121.916248,40.335613]]]]},"properties":{"occupancy":"Unclassified","image_date":"2018-09-17"}},{"type":"Feature","geometry":{"type":"MultiPolygon","coordinates":[[[[-121.916082,40.334884],[-121.916168,40.334872],[-121.916178,40.334916],[-121.916092,40.334928],[-121.916082,40.334884]]]]},"properties":{"occupancy":"Unclassified","image_date":"2018-09-17"}},{"type":"Feature","geometry":{"type":"MultiPolygon","coordinates":[[[[-121.915896,40.335668],[-121.915889,40.335613],[-121.915802,40.335619],[-121.91579,40.335519],[-121.916051,40.3355],[-121.91607,40.335656],[-121.915896,40.335668]]]]},"properties":{"occupancy":"Residential","image_date":"2018-09-17"}},{"type":"Feature","geometry":{"type":"MultiPolygon","coordinates":[[[[-121.915389,40.334646],[-121.915436,40.334529],[-121.915533,40.334552],[-121.915487,40.334669],[-121.915389,40.334646]]]]},"properties":{"occupancy":"Residential","image_date":"2018-09-17"}},{"type":"Feature","geometry":{"type":"MultiPolygon","coordinates":[[[[-121.915477,40.334132],[-121.915361,40.334136],[-121.915353,40.334002],[-121.915469,40.333998],[-121.915477,40.334132]]]]},"properties":{"occupancy":"Residential","image_date":"2018-09-17"}},{"type":"Feature","geometry":{"type":"MultiPolygon","coordinates":[[[[-121.915338,40.333649],[-121.915469,40.333647],[-121.91547,40.333703],[-121.915339,40.333704],[-121.915338,40.333649]]]]},"properties":{"occupancy":"Residential","image_date":"2018-09-17"}},{"type":"Feature","geometry":{"type":"MultiPolygon","coordinates":[[[[-121.915292,40.333029],[-121.915289,40.332962],[-121.915479,40.332958],[-121.915481,40.333025],[-121.915292,40.333029]]]]},"properties":{"occupancy":"Unclassified","image_date":"2018-09-17"}},{"type":"Feature","geometry":{"type":"MultiPolygon","coordinates":[[[[-121.915318,40.334888],[-121.91523,40.334889],[-121.915227,40.334778],[-121.915445,40.334774],[-121.915451,40.334952],[-121.91532,40.334955],[-121.915318,40.334888]]]]},"properties":{"occupancy":"Residential","image_date":"2018-09-17"}},{"type":"Feature","geometry":{"type":"MultiPolygon","coordinates":[[[[-121.915312,40.334495],[-121.915152,40.334494],[-121.915153,40.334405],[-121.915314,40.334406],[-121.915312,40.334495]]]]},"properties":{"occupancy":"Residential","image_date":"2018-09-17"}},{"type":"Feature","geometry":{"type":"MultiPolygon","coordinates":[[[[-121.915192,40.335374],[-121.915105,40.335376],[-121.915102,40.335309],[-121.915189,40.335307],[-121.915192,40.335374]]]]},"properties":{"occupancy":"Education","image_date":"2018-09-17"}},{"type":"Feature","geometry":{"type":"MultiPolygon","coordinates":[[[[-121.915014,40.332883],[-121.914924,40.332846],[-121.914951,40.332807],[-121.915041,40.332844],[-121.915014,40.332883]]]]},"properties":{"occupancy":"Residential","image_date":"2018-09-17"}},{"type":"Feature","geometry":{"type":"MultiPolygon","coordinates":[[[[-121.914682,40.334398],[-121.914826,40.334379],[-121.914852,40.3345],[-121.914708,40.334518],[-121.914682,40.334398]]]]},"properties":{"occupancy":"Residential","image_date":"2018-09-17"}},{"type":"Feature","geometry":{"type":"MultiPolygon","coordinates":[[[[-121.914753,40.334321],[-121.914747,40.334187],[-121.914849,40.334184],[-121.914855,40.334318],[-121.914753,40.334321]]]]},"properties":{"occupancy":"Residential","image_date":"2018-09-17"}},{"type":"Feature","geometry":{"type":"MultiPolygon","coordinates":[[[[-121.914828,40.333686],[-121.914741,40.333686],[-121.914742,40.333597],[-121.914829,40.333597],[-121.914828,40.333686]]]]},"properties":{"occupancy":"Residential","image_date":"2018-09-17"}},{"type":"Feature","geometry":{"type":"MultiPolygon","coordinates":[[[[-121.914553,40.33416],[-121.914437,40.33417],[-121.914416,40.334026],[-121.914532,40.334016],[-121.914553,40.33416]]]]},"properties":{"occupancy":"Unclassified","image_date":"2018-09-17"}},{"type":"Feature","geometry":{"type":"MultiPolygon","coordinates":[[[[-121.914236,40.334948],[-121.914437,40.334922],[-121.914452,40.334988],[-121.914251,40.335014],[-121.914236,40.334948]]]]},"properties":{"occupancy":"Residential","image_date":"2018-09-17"}},{"type":"Feature","geometry":{"type":"MultiPolygon","coordinates":[[[[-121.914258,40.334694],[-121.914404,40.334697],[-121.914402,40.334741],[-121.914257,40.334739],[-121.914258,40.334694]]]]},"properties":{"occupancy":"Residential","image_date":"2018-09-17"}},{"type":"Feature","geometry":{"type":"MultiPolygon","coordinates":[[[[-121.914259,40.333745],[-121.914234,40.333579],[-121.914321,40.333571],[-121.914346,40.333737],[-121.914259,40.333745]]]]},"properties":{"occupancy":"Residential","image_date":"2018-09-17"}},{"type":"Feature","geometry":{"type":"MultiPolygon","coordinates":[[[[-121.916612,40.33589],[-121.91662,40.335957],[-121.916533,40.335963],[-121.916525,40.335897],[-121.916612,40.33589]]]]},"properties":{"occupancy":"Unclassified","image_date":"2018-09-17"}},{"type":"Feature","geometry":{"type":"MultiPolygon","coordinates":[[[[-121.916509,40.336009],[-121.916278,40.336033],[-121.916259,40.335922],[-121.91649,40.335899],[-121.916509,40.336009]]]]},"properties":{"occupancy":"Residential","image_date":"2018-09-17"}},{"type":"Feature","geometry":{"type":"MultiPolygon","coordinates":[[[[-121.943818,40.341567],[-121.943891,40.341604],[-121.943842,40.341659],[-121.943769,40.341622],[-121.943818,40.341567]]]]},"properties":{"occupancy":"Agriculture","image_date":"2018-09-17"}},{"type":"Feature","geometry":{"type":"MultiPolygon","coordinates":[[[[-121.943304,40.341706],[-121.943217,40.341706],[-121.943217,40.341617],[-121.943304,40.341617],[-121.943304,40.341706]]]]},"properties":{"occupancy":"Agriculture","image_date":"2018-09-17"}},{"type":"Feature","geometry":{"type":"MultiPolygon","coordinates":[[[[-121.913579,40.331343],[-121.913566,40.331431],[-121.913436,40.33142],[-121.913449,40.331331],[-121.913579,40.331343]]]]},"properties":{"occupancy":"Government","image_date":"2018-09-17"}},{"type":"Feature","geometry":{"type":"MultiPolygon","coordinates":[[[[-121.912124,40.332058],[-121.911884,40.331978],[-121.911953,40.331855],[-121.912194,40.331935],[-121.912124,40.332058]]]]},"properties":{"occupancy":"Education","image_date":"2018-09-17"}},{"type":"Feature","geometry":{"type":"MultiPolygon","coordinates":[[[[-121.912225,40.332115],[-121.912349,40.331914],[-121.91256,40.33199],[-121.912435,40.332192],[-121.912225,40.332115]]]]},"properties":{"occupancy":"Education","image_date":"2018-09-17"}},{"type":"Feature","geometry":{"type":"MultiPolygon","coordinates":[[[[-121.91239,40.332486],[-121.912385,40.332263],[-121.91256,40.33226],[-121.912565,40.332483],[-121.91239,40.332486]]]]},"properties":{"occupancy":"Education","image_date":"2018-09-17"}},{"type":"Feature","geometry":{"type":"MultiPolygon","coordinates":[[[[-121.913827,40.333386],[-121.913823,40.333319],[-121.913925,40.333316],[-121.913929,40.333382],[-121.913827,40.333386]]]]},"properties":{"occupancy":"Residential","image_date":"2018-09-17"}},{"type":"Feature","geometry":{"type":"MultiPolygon","coordinates":[[[[-121.913678,40.333472],[-121.913575,40.333632],[-121.913523,40.333612],[-121.913626,40.333452],[-121.913678,40.333472]]]]},"properties":{"occupancy":"Residential","image_date":"2018-09-17"}},{"type":"Feature","geometry":{"type":"MultiPolygon","coordinates":[[[[-121.913879,40.33366],[-121.913736,40.333682],[-121.913704,40.333562],[-121.913847,40.33354],[-121.913879,40.33366]]]]},"properties":{"occupancy":"Residential","image_date":"2018-09-17"}},{"type":"Feature","geometry":{"type":"MultiPolygon","coordinates":[[[[-121.913404,40.333546],[-121.913561,40.333692],[-121.913448,40.333763],[-121.913291,40.333617],[-121.913404,40.333546]]]]},"properties":{"occupancy":"Residential","image_date":"2018-09-17"}},{"type":"Feature","geometry":{"type":"MultiPolygon","coordinates":[[[[-121.913303,40.334812],[-121.913306,40.334712],[-121.913452,40.334714],[-121.913449,40.334814],[-121.913303,40.334812]]]]},"properties":{"occupancy":"Residential","image_date":"2018-09-17"}},{"type":"Feature","geometry":{"type":"MultiPolygon","coordinates":[[[[-121.91378,40.334804],[-121.913867,40.334808],[-121.913862,40.334874],[-121.913775,40.334871],[-121.91378,40.334804]]]]},"properties":{"occupancy":"Unclassified","image_date":"2018-09-17"}},{"type":"Feature","geometry":{"type":"MultiPolygon","coordinates":[[[[-121.912085,40.335131],[-121.912067,40.334886],[-121.912125,40.334884],[-121.912143,40.335129],[-121.912085,40.335131]]]]},"properties":{"occupancy":"Residential","image_date":"2018-09-17"}},{"type":"Feature","geometry":{"type":"MultiPolygon","coordinates":[[[[-121.911848,40.335052],[-121.911832,40.334918],[-121.911919,40.334912],[-121.911935,40.335045],[-121.911848,40.335052]]]]},"properties":{"occupancy":"Residential","image_date":"2018-09-17"}},{"type":"Feature","geometry":{"type":"MultiPolygon","coordinates":[[[[-121.913959,40.334922],[-121.913959,40.335011],[-121.913755,40.335011],[-121.913755,40.334922],[-121.913959,40.334922]]]]},"properties":{"occupancy":"Residential","image_date":"2018-09-17"}},{"type":"Feature","geometry":{"type":"MultiPolygon","coordinates":[[[[-121.913204,40.335541],[-121.913203,40.335407],[-121.913378,40.335406],[-121.913379,40.33554],[-121.913204,40.335541]]]]},"properties":{"occupancy":"Education","image_date":"2018-09-17"}},{"type":"Feature","geometry":{"type":"MultiPolygon","coordinates":[[[[-121.913922,40.335629],[-121.913836,40.335641],[-121.913816,40.335553],[-121.913902,40.335542],[-121.913922,40.335629]]]]},"properties":{"occupancy":"Education","image_date":"2018-09-17"}},{"type":"Feature","geometry":{"type":"MultiPolygon","coordinates":[[[[-121.913224,40.335581],[-121.913457,40.335583],[-121.913456,40.335673],[-121.913222,40.33567],[-121.913224,40.335581]]]]},"properties":{"occupancy":"Education","image_date":"2018-09-17"}},{"type":"Feature","geometry":{"type":"MultiPolygon","coordinates":[[[[-121.912435,40.335843],[-121.912402,40.335599],[-121.912634,40.335581],[-121.912667,40.335825],[-121.912435,40.335843]]]]},"properties":{"occupancy":"Residential","image_date":"2018-09-17"}},{"type":"Feature","geometry":{"type":"MultiPolygon","coordinates":[[[[-121.908919,40.339945],[-121.908926,40.340023],[-121.908766,40.340032],[-121.908759,40.339954],[-121.908919,40.339945]]]]},"properties":{"occupancy":"Residential","image_date":"2018-09-17"}},{"type":"Feature","geometry":{"type":"MultiPolygon","coordinates":[[[[-121.909236,40.340447],[-121.909119,40.340452],[-121.909113,40.340363],[-121.909229,40.340358],[-121.909236,40.340447]]]]},"properties":{"occupancy":"Residential","image_date":"2018-09-17"}},{"type":"Feature","geometry":{"type":"MultiPolygon","coordinates":[[[[-121.912672,40.34914],[-121.912489,40.349209],[-121.912399,40.349069],[-121.912582,40.349],[-121.912672,40.34914]]]]},"properties":{"occupancy":"Residential","image_date":"2018-09-17"}},{"type":"Feature","geometry":{"type":"MultiPolygon","coordinates":[[[[-121.923863,40.356599],[-121.923956,40.356653],[-121.923869,40.356742],[-121.923775,40.356688],[-121.923863,40.356599]]]]},"properties":{"occupancy":"Residential","image_date":"2018-09-17"}},{"type":"Feature","geometry":{"type":"MultiPolygon","coordinates":[[[[-121.924047,40.356839],[-121.923941,40.356915],[-121.923842,40.356834],[-121.923948,40.356758],[-121.924047,40.356839]]]]},"properties":{"occupancy":"Residential","image_date":"2018-09-17"}},{"type":"Feature","geometry":{"type":"MultiPolygon","coordinates":[[[[-121.911008,40.357282],[-121.911123,40.357153],[-121.911267,40.357229],[-121.911152,40.357358],[-121.911008,40.357282]]]]},"properties":{"occupancy":"Residential","image_date":"2018-09-17"}},{"type":"Feature","geometry":{"type":"MultiPolygon","coordinates":[[[[-121.911801,40.357521],[-121.911784,40.357631],[-121.911668,40.357621],[-121.911686,40.35751],[-121.911801,40.357521]]]]},"properties":{"occupancy":"Residential","image_date":"2018-09-17"}},{"type":"Feature","geometry":{"type":"MultiPolygon","coordinates":[[[[-121.910954,40.358022],[-121.910992,40.357937],[-121.911074,40.357959],[-121.911036,40.358043],[-121.910954,40.358022]]]]},"properties":{"occupancy":"Residential","image_date":"2018-09-17"}},{"type":"Feature","geometry":{"type":"MultiPolygon","coordinates":[[[[-121.91163,40.358075],[-121.911643,40.357986],[-121.911817,40.358002],[-121.911804,40.35809],[-121.91163,40.358075]]]]},"properties":{"occupancy":"Residential","image_date":"2018-09-17"}},{"type":"Feature","geometry":{"type":"MultiPolygon","coordinates":[[[[-121.912043,40.358164],[-121.911927,40.358155],[-121.911944,40.358022],[-121.91206,40.358031],[-121.912043,40.358164]]]]},"properties":{"occupancy":"Residential","image_date":"2018-09-17"}},{"type":"Feature","geometry":{"type":"MultiPolygon","coordinates":[[[[-121.932859,40.359715],[-121.93294,40.359689],[-121.932974,40.359751],[-121.932893,40.359777],[-121.932859,40.359715]]]]},"properties":{"occupancy":"Unclassified","image_date":"2018-09-17"}},{"type":"Feature","geometry":{"type":"MultiPolygon","coordinates":[[[[-121.896952,40.315014],[-121.896839,40.315035],[-121.896818,40.31497],[-121.896931,40.314949],[-121.896952,40.315014]]]]},"properties":{"occupancy":"Unclassified","image_date":"2018-09-17"}},{"type":"Feature","geometry":{"type":"MultiPolygon","coordinates":[[[[-121.901005,40.316126],[-121.90084,40.316084],[-121.900895,40.315957],[-121.901061,40.315999],[-121.901005,40.316126]]]]},"properties":{"occupancy":"Unclassified","image_date":"2018-09-17"}},{"type":"Feature","geometry":{"type":"MultiPolygon","coordinates":[[[[-121.88217,40.319439],[-121.882183,40.319516],[-121.882125,40.319522],[-121.882112,40.319444],[-121.88217,40.319439]]]]},"properties":{"occupancy":"Residential","image_date":"2018-09-17"}},{"type":"Feature","geometry":{"type":"MultiPolygon","coordinates":[[[[-121.881715,40.325092],[-121.881699,40.325026],[-121.881842,40.325005],[-121.881858,40.325071],[-121.881715,40.325092]]]]},"properties":{"occupancy":"Residential","image_date":"2018-09-17"}},{"type":"Feature","geometry":{"type":"MultiPolygon","coordinates":[[[[-121.899299,40.334502],[-121.899305,40.334614],[-121.899188,40.334617],[-121.899183,40.334506],[-121.899299,40.334502]]]]},"properties":{"occupancy":"Residential","image_date":"2018-09-17"}},{"type":"Feature","geometry":{"type":"MultiPolygon","coordinates":[[[[-121.899452,40.334651],[-121.89947,40.334851],[-121.899281,40.334861],[-121.899263,40.334661],[-121.899452,40.334651]]]]},"properties":{"occupancy":"Residential","image_date":"2018-09-17"}},{"type":"Feature","geometry":{"type":"MultiPolygon","coordinates":[[[[-121.897112,40.336488],[-121.897161,40.33664],[-121.896736,40.33672],[-121.896702,40.336612],[-121.896942,40.336566],[-121.896928,40.336523],[-121.897112,40.336488]]]]},"properties":{"occupancy":"Agriculture","image_date":"2018-09-17"}},{"type":"Feature","geometry":{"type":"MultiPolygon","coordinates":[[[[-121.895951,40.337291],[-121.89619,40.337242],[-121.896243,40.337393],[-121.896003,40.337441],[-121.895951,40.337291]]]]},"properties":{"occupancy":"Agriculture","image_date":"2018-09-17"}},{"type":"Feature","geometry":{"type":"MultiPolygon","coordinates":[[[[-121.895212,40.337741],[-121.895357,40.337738],[-121.895363,40.337894],[-121.895218,40.337897],[-121.895212,40.337741]]]]},"properties":{"occupancy":"Agriculture","image_date":"2018-09-17"}},{"type":"Feature","geometry":{"type":"MultiPolygon","coordinates":[[[[-121.895375,40.338054],[-121.895424,40.338194],[-121.895283,40.338223],[-121.895234,40.338083],[-121.895375,40.338054]]]]},"properties":{"occupancy":"Agriculture","image_date":"2018-09-17"}},{"type":"Feature","geometry":{"type":"MultiPolygon","coordinates":[[[[-121.854507,40.341104],[-121.854336,40.341165],[-121.854286,40.341085],[-121.854458,40.341023],[-121.854507,40.341104]]]]},"properties":{"occupancy":"Residential","image_date":"2018-09-17"}},{"type":"Feature","geometry":{"type":"MultiPolygon","coordinates":[[[[-121.855486,40.341709],[-121.855665,40.341855],[-121.855602,40.341901],[-121.855422,40.341755],[-121.855486,40.341709]]]]},"properties":{"occupancy":"Residential","image_date":"2018-09-17"}},{"type":"Feature","geometry":{"type":"MultiPolygon","coordinates":[[[[-121.885147,40.341868],[-121.885113,40.341929],[-121.885005,40.341894],[-121.88504,40.341833],[-121.885147,40.341868]]]]},"properties":{"occupancy":"Residential","image_date":"2018-09-17"}},{"type":"Feature","geometry":{"type":"MultiPolygon","coordinates":[[[[-121.856034,40.342014],[-121.856043,40.34197],[-121.856158,40.341984],[-121.856149,40.342028],[-121.856034,40.342014]]]]},"properties":{"occupancy":"Residential","image_date":"2018-09-17"}},{"type":"Feature","geometry":{"type":"MultiPolygon","coordinates":[[[[-121.856605,40.34212],[-121.856745,40.342152],[-121.85672,40.342216],[-121.85658,40.342184],[-121.856605,40.34212]]]]},"properties":{"occupancy":"Residential","image_date":"2018-09-17"}},{"type":"Feature","geometry":{"type":"MultiPolygon","coordinates":[[[[-121.857703,40.342884],[-121.857903,40.342913],[-121.857876,40.343023],[-121.857675,40.342994],[-121.857703,40.342884]]]]},"properties":{"occupancy":"Residential","image_date":"2018-09-17"}},{"type":"Feature","geometry":{"type":"MultiPolygon","coordinates":[[[[-121.884952,40.343104],[-121.884836,40.343037],[-121.884967,40.342903],[-121.885084,40.342971],[-121.884952,40.343104]]]]},"properties":{"occupancy":"Residential","image_date":"2018-09-17"}},{"type":"Feature","geometry":{"type":"MultiPolygon","coordinates":[[[[-121.902374,40.344624],[-121.902204,40.344656],[-121.902165,40.344537],[-121.902335,40.344505],[-121.902374,40.344624]]]]},"properties":{"occupancy":"Residential","image_date":"2018-09-17"}},{"type":"Feature","geometry":{"type":"MultiPolygon","coordinates":[[[[-121.901578,40.344866],[-121.9015,40.344722],[-121.901661,40.344671],[-121.90174,40.344815],[-121.901578,40.344866]]]]},"properties":{"occupancy":"Residential","image_date":"2018-09-17"}},{"type":"Feature","geometry":{"type":"MultiPolygon","coordinates":[[[[-121.894499,40.345015],[-121.894652,40.344951],[-121.89468,40.34499],[-121.894528,40.345054],[-121.894499,40.345015]]]]},"properties":{"occupancy":"Residential","image_date":"2018-09-17"}},{"type":"Feature","geometry":{"type":"MultiPolygon","coordinates":[[[[-121.894052,40.345474],[-121.894064,40.345585],[-121.893817,40.3456],[-121.893794,40.345378],[-121.89391,40.345371],[-121.893921,40.345482],[-121.894052,40.345474]]]]},"properties":{"occupancy":"Agriculture","image_date":"2018-09-17"}},{"type":"Feature","geometry":{"type":"MultiPolygon","coordinates":[[[[-121.881895,40.353269],[-121.881952,40.353277],[-121.881928,40.353376],[-121.881871,40.353367],[-121.881895,40.353269]]]]},"properties":{"occupancy":"Residential","image_date":"2018-09-17"}},{"type":"Feature","geometry":{"type":"MultiPolygon","coordinates":[[[[-121.885619,40.35458],[-121.885501,40.35476],[-121.885423,40.35473],[-121.885541,40.35455],[-121.885619,40.35458]]]]},"properties":{"occupancy":"Residential","image_date":"2018-09-17"}},{"type":"Feature","geometry":{"type":"MultiPolygon","coordinates":[[[[-121.881143,40.354715],[-121.880988,40.354686],[-121.881002,40.354642],[-121.881157,40.354672],[-121.881143,40.354715]]]]},"properties":{"occupancy":"Residential","image_date":"2018-09-17"}},{"type":"Feature","geometry":{"type":"MultiPolygon","coordinates":[[[[-121.885692,40.355014],[-121.885889,40.355055],[-121.885858,40.355141],[-121.885662,40.3551],[-121.885692,40.355014]]]]},"properties":{"occupancy":"Residential","image_date":"2018-09-17"}},{"type":"Feature","geometry":{"type":"MultiPolygon","coordinates":[[[[-121.839431,40.361067],[-121.839305,40.360991],[-121.839359,40.360938],[-121.839485,40.361014],[-121.839431,40.361067]]]]},"properties":{"occupancy":"Residential","image_date":"2018-09-17"}},{"type":"Feature","geometry":{"type":"MultiPolygon","coordinates":[[[[-121.838635,40.36096],[-121.838743,40.360994],[-121.838697,40.361076],[-121.83859,40.361042],[-121.838635,40.36096]]]]},"properties":{"occupancy":"Residential","image_date":"2018-09-17"}},{"type":"Feature","geometry":{"type":"MultiPolygon","coordinates":[[[[-121.839188,40.361055],[-121.839146,40.361113],[-121.839031,40.361065],[-121.839073,40.361007],[-121.839188,40.361055]]]]},"properties":{"occupancy":"Residential","image_date":"2018-09-17"}},{"type":"Feature","geometry":{"type":"MultiPolygon","coordinates":[[[[-121.838949,40.361175],[-121.838795,40.361111],[-121.838836,40.361052],[-121.838991,40.361116],[-121.838949,40.361175]]]]},"properties":{"occupancy":"Residential","image_date":"2018-09-17"}},{"type":"Feature","geometry":{"type":"MultiPolygon","coordinates":[[[[-121.887677,40.365144],[-121.887834,40.365276],[-121.887683,40.365381],[-121.887526,40.365249],[-121.887677,40.365144]]]]},"properties":{"occupancy":"Agriculture","image_date":"2018-09-17"}},{"type":"Feature","geometry":{"type":"MultiPolygon","coordinates":[[[[-121.887332,40.365309],[-121.887312,40.365244],[-121.887439,40.365221],[-121.887459,40.365286],[-121.887332,40.365309]]]]},"properties":{"occupancy":"Agriculture","image_date":"2018-09-17"}},{"type":"Feature","geometry":{"type":"MultiPolygon","coordinates":[[[[-121.876034,40.367431],[-121.876156,40.367542],[-121.876067,40.367599],[-121.875945,40.367489],[-121.876034,40.367431]]]]},"properties":{"occupancy":"Residential","image_date":"2018-09-17"}},{"type":"Feature","geometry":{"type":"MultiPolygon","coordinates":[[[[-121.823258,40.309461],[-121.823224,40.309376],[-121.823363,40.309343],[-121.823398,40.309428],[-121.823258,40.309461]]]]},"properties":{"occupancy":"Residential","image_date":"2018-09-17"}},{"type":"Feature","geometry":{"type":"MultiPolygon","coordinates":[[[[-121.883364,40.390737],[-121.883266,40.390785],[-121.883219,40.390729],[-121.883316,40.39068],[-121.883364,40.390737]]]]},"properties":{"occupancy":"Unclassified","image_date":"2018-09-17"}},{"type":"Feature","geometry":{"type":"MultiPolygon","coordinates":[[[[-121.882262,40.390116],[-121.882149,40.390095],[-121.882177,40.390008],[-121.88229,40.390029],[-121.882262,40.390116]]]]},"properties":{"occupancy":"Unclassified","image_date":"2018-09-17"}},{"type":"Feature","geometry":{"type":"MultiPolygon","coordinates":[[[[-121.8339,40.206356],[-121.833885,40.206422],[-121.833828,40.206415],[-121.833842,40.206349],[-121.8339,40.206356]]]]},"properties":{"occupancy":"Unclassified","image_date":"2018-09-17"}}]}