{"type":"FeatureCollection","license":"Open Database License (ODbL) 1.0, https://opendatacommons.org/licenses/odbl/1-0/","attribution":"© Microsoft, Open Database License","source":"Microsoft US Building Footprints (release 2), https://github.com/microsoft/USBuildingFootprints; extract: footprints within 300 m of the 2024 Park Fire perimeter, coordinates rounded to 6 decimals","features":[{"type":"Feature","geometry":{"type":"Polygon","coordinates":[[[-121.782628,39.865589],[-121.782724,39.865618],[-121.782814,39.865446],[-121.782718,39.865417],[-121.782628,39.865589]]]},"properties":{"capture_dates":"12/6/2018-12/12/2018"}},{"type":"Feature","geometry":{"type":"Polygon","coordinates":[[[-121.746302,39.891052],[-121.746264,39.890978],[-121.746173,39.891006],[-121.746164,39.890988],[-121.746081,39.891013],[-121.746127,39.891104],[-121.746302,39.891052]]]},"properties":{"capture_dates":"12/6/2018-12/12/2018"}},{"type":"Feature","geometry":{"type":"Polygon","coordinates":[[[-121.75501,39.897458],[-121.755091,39.897526],[-121.755266,39.897403],[-121.755185,39.897335],[-121.75501,39.897458]]]},"properties":{"capture_dates":"12/6/2018-12/12/2018"}},{"type":"Feature","geometry":{"type":"Polygon","coordinates":[[[-121.749129,39.898704],[-121.749225,39.898735],[-121.7493,39.898597],[-121.749204,39.898567],[-121.749129,39.898704]]]},"properties":{"capture_dates":"12/6/2018-12/12/2018"}},{"type":"Feature","geometry":{"type":"Polygon","coordinates":[[[-121.743282,39.898916],[-121.743233,39.89882],[-121.742996,39.898891],[-121.743063,39.899023],[-121.743141,39.899],[-121.743123,39.898964],[-121.743282,39.898916]]]},"properties":{"capture_dates":"12/6/2018-12/12/2018"}},{"type":"Feature","geometry":{"type":"Polygon","coordinates":[[[-121.724887,39.936819],[-121.724923,39.936714],[-121.724762,39.936681],[-121.724757,39.936697],[-121.724599,39.936664],[-121.724543,39.936826],[-121.724659,39.936849],[-121.724684,39.936778],[-121.724887,39.936819]]]},"properties":{"capture_dates":"12/6/2018-12/12/2018"}},{"type":"Feature","geometry":{"type":"Polygon","coordinates":[[[-121.729852,39.937],[-121.72978,39.93706],[-121.729956,39.937185],[-121.730028,39.937125],[-121.729852,39.937]]]},"properties":{"capture_dates":"12/6/2018-12/12/2018"}},{"type":"Feature","geometry":{"type":"Polygon","coordinates":[[[-121.722241,39.946468],[-121.722185,39.946495],[-121.722243,39.946568],[-121.7223,39.946541],[-121.722241,39.946468]]]},"properties":{"capture_dates":"12/6/2018-12/12/2018"}},{"type":"Feature","geometry":{"type":"Polygon","coordinates":[[[-121.803889,40.237031],[-121.803759,40.237001],[-121.803721,40.237096],[-121.80385,40.237127],[-121.803889,40.237031]]]},"properties":{"capture_dates":"6/8/2019-6/21/2019"}},{"type":"Feature","geometry":{"type":"Polygon","coordinates":[[[-121.833017,39.845121],[-121.833122,39.845256],[-121.833221,39.845211],[-121.833196,39.845179],[-121.833313,39.845125],[-121.833269,39.845069],[-121.833411,39.845004],[-121.833357,39.844934],[-121.833147,39.84503],[-121.833165,39.845053],[-121.833017,39.845121]]]},"properties":{"capture_dates":"12/6/2018-12/12/2018"}},{"type":"Feature","geometry":{"type":"Polygon","coordinates":[[[-121.637567,40.113892],[-121.637529,40.113811],[-121.637436,40.113836],[-121.637474,40.113917],[-121.637567,40.113892]]]},"properties":{"capture_dates":"6/8/2019-6/21/2019"}},{"type":"Feature","geometry":{"type":"Polygon","coordinates":[[[-121.529296,40.32289],[-121.529328,40.322945],[-121.529437,40.322909],[-121.529406,40.322854],[-121.529296,40.32289]]]},"properties":{"capture_dates":"6/8/2019-6/21/2019"}},{"type":"Feature","geometry":{"type":"Polygon","coordinates":[[[-121.527094,40.323611],[-121.527058,40.323546],[-121.526991,40.323567],[-121.527026,40.323632],[-121.527094,40.323611]]]},"properties":{"capture_dates":"6/8/2019-6/21/2019"}},{"type":"Feature","geometry":{"type":"Polygon","coordinates":[[[-121.526894,40.323991],[-121.526828,40.324037],[-121.526894,40.324093],[-121.526961,40.324048],[-121.526894,40.323991]]]},"properties":{"capture_dates":"6/8/2019-6/21/2019"}},{"type":"Feature","geometry":{"type":"Polygon","coordinates":[[[-121.520414,40.326949],[-121.520418,40.326892],[-121.520308,40.326888],[-121.520305,40.326945],[-121.520414,40.326949]]]},"properties":{"capture_dates":"6/8/2019-6/21/2019"}},{"type":"Feature","geometry":{"type":"Polygon","coordinates":[[[-121.518978,40.327132],[-121.518885,40.327146],[-121.518926,40.327302],[-121.519019,40.327288],[-121.518978,40.327132]]]},"properties":{"capture_dates":"6/8/2019-6/21/2019"}},{"type":"Feature","geometry":{"type":"Polygon","coordinates":[[[-121.520999,40.327474],[-121.521033,40.327521],[-121.521115,40.327487],[-121.521081,40.32744],[-121.520999,40.327474]]]},"properties":{"capture_dates":"6/8/2019-6/21/2019"}},{"type":"Feature","geometry":{"type":"Polygon","coordinates":[[[-121.519277,40.328174],[-121.519232,40.328077],[-121.519132,40.328103],[-121.519177,40.328201],[-121.519277,40.328174]]]},"properties":{"capture_dates":"6/8/2019-6/21/2019"}},{"type":"Feature","geometry":{"type":"Polygon","coordinates":[[[-121.521094,40.328351],[-121.521034,40.328402],[-121.521133,40.328469],[-121.521193,40.328418],[-121.521094,40.328351]]]},"properties":{"capture_dates":"6/8/2019-6/21/2019"}},{"type":"Feature","geometry":{"type":"Polygon","coordinates":[[[-121.523503,40.342185],[-121.523588,40.342219],[-121.523638,40.342145],[-121.523554,40.342111],[-121.523503,40.342185]]]},"properties":{"capture_dates":"6/8/2019-6/21/2019"}},{"type":"Feature","geometry":{"type":"Polygon","coordinates":[[[-121.523884,40.34339],[-121.523775,40.343329],[-121.52372,40.343387],[-121.52383,40.343447],[-121.523884,40.34339]]]},"properties":{"capture_dates":"6/8/2019-6/21/2019"}},{"type":"Feature","geometry":{"type":"Polygon","coordinates":[[[-121.525858,40.325891],[-121.525891,40.325946],[-121.525957,40.325924],[-121.525924,40.325869],[-121.525858,40.325891]]]},"properties":{"capture_dates":"6/8/2019-6/21/2019"}},{"type":"Feature","geometry":{"type":"Polygon","coordinates":[[[-121.525924,40.323693],[-121.525936,40.323734],[-121.526015,40.323721],[-121.526004,40.32368],[-121.525924,40.323693]]]},"properties":{"capture_dates":"6/8/2019-6/21/2019"}},{"type":"Feature","geometry":{"type":"Polygon","coordinates":[[[-121.711752,39.812046],[-121.711756,39.812159],[-121.711869,39.812157],[-121.711865,39.812043],[-121.711752,39.812046]]]},"properties":{"capture_dates":"12/6/2018-12/12/2018"}},{"type":"Feature","geometry":{"type":"Polygon","coordinates":[[[-121.714692,39.802877],[-121.714607,39.802834],[-121.714538,39.802915],[-121.714623,39.802958],[-121.714692,39.802877]]]},"properties":{"capture_dates":"12/6/2018-12/12/2018"}},{"type":"Feature","geometry":{"type":"Polygon","coordinates":[[[-121.84011,39.838922],[-121.840039,39.838832],[-121.839957,39.838871],[-121.840028,39.838961],[-121.84011,39.838922]]]},"properties":{"capture_dates":"12/6/2018-12/12/2018"}},{"type":"Feature","geometry":{"type":"Polygon","coordinates":[[[-121.711251,39.813516],[-121.711248,39.813441],[-121.711074,39.813445],[-121.711077,39.81352],[-121.711251,39.813516]]]},"properties":{"capture_dates":"12/6/2018-12/12/2018"}},{"type":"Feature","geometry":{"type":"Polygon","coordinates":[[[-121.681834,39.874831],[-121.681879,39.874999],[-121.682,39.87498],[-121.681955,39.874812],[-121.681834,39.874831]]]},"properties":{"capture_dates":"12/6/2018-12/12/2018"}},{"type":"Feature","geometry":{"type":"Polygon","coordinates":[[[-121.680196,39.877493],[-121.680185,39.877671],[-121.680316,39.877676],[-121.680319,39.877625],[-121.680378,39.877627],[-121.680386,39.8775],[-121.680196,39.877493]]]},"properties":{"capture_dates":"12/6/2018-12/12/2018"}},{"type":"Feature","geometry":{"type":"Polygon","coordinates":[[[-121.679377,39.889212],[-121.679317,39.889334],[-121.679447,39.889371],[-121.679506,39.88925],[-121.679377,39.889212]]]},"properties":{"capture_dates":"12/6/2018-12/12/2018"}},{"type":"Feature","geometry":{"type":"Polygon","coordinates":[[[-121.678011,39.882671],[-121.678006,39.882778],[-121.67813,39.882782],[-121.678135,39.882675],[-121.678011,39.882671]]]},"properties":{"capture_dates":"12/6/2018-12/12/2018"}},{"type":"Feature","geometry":{"type":"Polygon","coordinates":[[[-121.674999,39.891101],[-121.674996,39.89113],[-121.674839,39.891122],[-121.674832,39.891203],[-121.674897,39.891207],[-121.674899,39.891187],[-121.675066,39.891196],[-121.675074,39.891105],[-121.674999,39.891101]]]},"properties":{"capture_dates":"12/6/2018-12/12/2018"}},{"type":"Feature","geometry":{"type":"Polygon","coordinates":[[[-121.659634,39.899681],[-121.659635,39.899565],[-121.659669,39.899565],[-121.65967,39.899497],[-121.659544,39.899496],[-121.659541,39.89968],[-121.659634,39.899681]]]},"properties":{"capture_dates":"12/6/2018-12/12/2018"}},{"type":"Feature","geometry":{"type":"Polygon","coordinates":[[[-121.65899,39.897658],[-121.659023,39.897857],[-121.65917,39.897843],[-121.659156,39.897758],[-121.659114,39.897762],[-121.659096,39.897648],[-121.65899,39.897658]]]},"properties":{"capture_dates":"12/6/2018-12/12/2018"}},{"type":"Feature","geometry":{"type":"Polygon","coordinates":[[[-121.660343,39.898992],[-121.660305,39.898852],[-121.660265,39.898858],[-121.660251,39.898807],[-121.660091,39.898833],[-121.660098,39.89886],[-121.660143,39.898853],[-121.660188,39.899017],[-121.660343,39.898992]]]},"properties":{"capture_dates":"12/6/2018-12/12/2018"}},{"type":"Feature","geometry":{"type":"Polygon","coordinates":[[[-121.672754,39.889529],[-121.672589,39.889521],[-121.672595,39.889457],[-121.672376,39.889446],[-121.672364,39.88958],[-121.672412,39.889583],[-121.67241,39.889613],[-121.672518,39.889618],[-121.67252,39.889597],[-121.672747,39.889609],[-121.672754,39.889529]]]},"properties":{"capture_dates":"12/6/2018-12/12/2018"}},{"type":"Feature","geometry":{"type":"Polygon","coordinates":[[[-121.734616,39.929572],[-121.734636,39.929628],[-121.734702,39.929613],[-121.734681,39.929558],[-121.734616,39.929572]]]},"properties":{"capture_dates":"12/6/2018-12/12/2018"}},{"type":"Feature","geometry":{"type":"Polygon","coordinates":[[[-121.734738,39.911173],[-121.734693,39.911223],[-121.734812,39.911285],[-121.734856,39.911235],[-121.734738,39.911173]]]},"properties":{"capture_dates":"12/6/2018-12/12/2018"}},{"type":"Feature","geometry":{"type":"Polygon","coordinates":[[[-121.735479,39.920368],[-121.735433,39.920305],[-121.735339,39.920346],[-121.735385,39.920408],[-121.735479,39.920368]]]},"properties":{"capture_dates":"12/6/2018-12/12/2018"}},{"type":"Feature","geometry":{"type":"Polygon","coordinates":[[[-121.69002,39.850308],[-121.68995,39.850422],[-121.689954,39.850424],[-121.689917,39.850484],[-121.690118,39.850558],[-121.690154,39.8505],[-121.690116,39.850487],[-121.690151,39.850431],[-121.690319,39.850492],[-121.690366,39.850417],[-121.690245,39.850373],[-121.690237,39.850386],[-121.69002,39.850308]]]},"properties":{"capture_dates":"12/6/2018-12/12/2018"}},{"type":"Feature","geometry":{"type":"Polygon","coordinates":[[[-121.691049,39.93571],[-121.69101,39.935581],[-121.690923,39.935597],[-121.690933,39.935632],[-121.690838,39.935649],[-121.690866,39.935743],[-121.691049,39.93571]]]},"properties":{"capture_dates":"12/6/2018-12/12/2018"}},{"type":"Feature","geometry":{"type":"Polygon","coordinates":[[[-121.691218,39.847775],[-121.69112,39.847733],[-121.691102,39.847757],[-121.690965,39.847699],[-121.690844,39.847865],[-121.690973,39.84792],[-121.691016,39.847861],[-121.691037,39.847869],[-121.691082,39.847807],[-121.691168,39.847844],[-121.691218,39.847775]]]},"properties":{"capture_dates":"12/6/2018-12/12/2018"}},{"type":"Feature","geometry":{"type":"Polygon","coordinates":[[[-121.741534,39.903823],[-121.741509,39.903819],[-121.741551,39.903657],[-121.741445,39.90364],[-121.741378,39.903895],[-121.74151,39.903916],[-121.741534,39.903823]]]},"properties":{"capture_dates":"12/6/2018-12/12/2018"}},{"type":"Feature","geometry":{"type":"Polygon","coordinates":[[[-121.731,39.912709],[-121.730866,39.912786],[-121.730996,39.912919],[-121.731082,39.91287],[-121.73105,39.912837],[-121.731098,39.912809],[-121.731,39.912709]]]},"properties":{"capture_dates":"12/6/2018-12/12/2018"}},{"type":"Feature","geometry":{"type":"Polygon","coordinates":[[[-121.713507,39.946401],[-121.713516,39.946443],[-121.71359,39.946434],[-121.713582,39.946392],[-121.713507,39.946401]]]},"properties":{"capture_dates":"12/6/2018-12/12/2018"}},{"type":"Feature","geometry":{"type":"Polygon","coordinates":[[[-121.725794,39.935626],[-121.725863,39.935633],[-121.725857,39.935671],[-121.726081,39.935693],[-121.726091,39.93563],[-121.726084,39.935629],[-121.72609,39.935591],[-121.725979,39.935579],[-121.725975,39.935603],[-121.725879,39.935593],[-121.725884,39.935563],[-121.725806,39.935555],[-121.725794,39.935626]]]},"properties":{"capture_dates":"12/6/2018-12/12/2018"}},{"type":"Feature","geometry":{"type":"Polygon","coordinates":[[[-121.719632,39.942316],[-121.719639,39.942382],[-121.719735,39.942375],[-121.719727,39.94231],[-121.719632,39.942316]]]},"properties":{"capture_dates":"12/6/2018-12/12/2018"}},{"type":"Feature","geometry":{"type":"Polygon","coordinates":[[[-121.734406,39.918543],[-121.734432,39.918639],[-121.734522,39.918625],[-121.734496,39.918528],[-121.734406,39.918543]]]},"properties":{"capture_dates":"12/6/2018-12/12/2018"}},{"type":"Feature","geometry":{"type":"Polygon","coordinates":[[[-121.735301,39.927908],[-121.735139,39.927877],[-121.735116,39.927949],[-121.735278,39.927979],[-121.735301,39.927908]]]},"properties":{"capture_dates":"12/6/2018-12/12/2018"}},{"type":"Feature","geometry":{"type":"Polygon","coordinates":[[[-121.683731,39.945963],[-121.683776,39.945952],[-121.683786,39.945976],[-121.683887,39.945951],[-121.683845,39.945852],[-121.683699,39.945888],[-121.683731,39.945963]]]},"properties":{"capture_dates":"12/6/2018-12/12/2018"}},{"type":"Feature","geometry":{"type":"Polygon","coordinates":[[[-121.736284,39.918957],[-121.736173,39.918954],[-121.736167,39.91911],[-121.736179,39.91911],[-121.736174,39.91925],[-121.736309,39.919252],[-121.736311,39.919212],[-121.736275,39.919212],[-121.736284,39.918957]]]},"properties":{"capture_dates":"12/6/2018-12/12/2018"}},{"type":"Feature","geometry":{"type":"Polygon","coordinates":[[[-121.784789,40.343873],[-121.784787,40.343832],[-121.784819,40.343831],[-121.784818,40.343803],[-121.78459,40.343809],[-121.784592,40.343852],[-121.784619,40.343851],[-121.784621,40.343878],[-121.784789,40.343873]]]},"properties":{"capture_dates":"6/8/2019-6/21/2019"}},{"type":"Feature","geometry":{"type":"Polygon","coordinates":[[[-121.783264,40.341677],[-121.783266,40.341625],[-121.783172,40.341623],[-121.783171,40.341668],[-121.783043,40.341665],[-121.783042,40.341702],[-121.78307,40.341702],[-121.783069,40.341736],[-121.783225,40.341739],[-121.783228,40.341676],[-121.783264,40.341677]]]},"properties":{"capture_dates":"6/8/2019-6/21/2019"}},{"type":"Feature","geometry":{"type":"Polygon","coordinates":[[[-121.782927,40.3438],[-121.782989,40.343801],[-121.782994,40.343625],[-121.782933,40.343624],[-121.782927,40.3438]]]},"properties":{"capture_dates":"6/8/2019-6/21/2019"}},{"type":"Feature","geometry":{"type":"Polygon","coordinates":[[[-121.782369,40.342208],[-121.782367,40.342253],[-121.782514,40.342256],[-121.782516,40.342211],[-121.782369,40.342208]]]},"properties":{"capture_dates":"6/8/2019-6/21/2019"}},{"type":"Feature","geometry":{"type":"Polygon","coordinates":[[[-121.78236,40.343205],[-121.782359,40.343317],[-121.782435,40.343317],[-121.782437,40.343206],[-121.78236,40.343205]]]},"properties":{"capture_dates":"6/8/2019-6/21/2019"}},{"type":"Feature","geometry":{"type":"Polygon","coordinates":[[[-121.782043,40.341989],[-121.781957,40.341987],[-121.781955,40.342049],[-121.782041,40.34205],[-121.782043,40.341989]]]},"properties":{"capture_dates":"6/8/2019-6/21/2019"}},{"type":"Feature","geometry":{"type":"Polygon","coordinates":[[[-121.782043,40.34379],[-121.782041,40.343722],[-121.781791,40.343727],[-121.781793,40.343794],[-121.782043,40.34379]]]},"properties":{"capture_dates":"6/8/2019-6/21/2019"}},{"type":"Feature","geometry":{"type":"Polygon","coordinates":[[[-121.781215,40.343807],[-121.78143,40.34381],[-121.781431,40.343743],[-121.781217,40.34374],[-121.781215,40.343807]]]},"properties":{"capture_dates":"6/8/2019-6/21/2019"}},{"type":"Feature","geometry":{"type":"Polygon","coordinates":[[[-121.78057,40.343175],[-121.780653,40.343177],[-121.780656,40.343113],[-121.780523,40.34311],[-121.780521,40.343152],[-121.780472,40.343151],[-121.780469,40.34321],[-121.780568,40.343212],[-121.78057,40.343175]]]},"properties":{"capture_dates":"6/8/2019-6/21/2019"}},{"type":"Feature","geometry":{"type":"Polygon","coordinates":[[[-121.780173,40.343409],[-121.780268,40.343412],[-121.780275,40.343299],[-121.78018,40.343296],[-121.780173,40.343409]]]},"properties":{"capture_dates":"6/8/2019-6/21/2019"}},{"type":"Feature","geometry":{"type":"Polygon","coordinates":[[[-121.778953,40.34338],[-121.778955,40.343245],[-121.778844,40.343244],[-121.778842,40.343379],[-121.778953,40.34338]]]},"properties":{"capture_dates":"6/8/2019-6/21/2019"}},{"type":"Feature","geometry":{"type":"Polygon","coordinates":[[[-121.777794,40.342833],[-121.777576,40.342796],[-121.777554,40.342871],[-121.777661,40.342889],[-121.777654,40.342915],[-121.777765,40.342934],[-121.777794,40.342833]]]},"properties":{"capture_dates":"6/8/2019-6/21/2019"}},{"type":"Feature","geometry":{"type":"Polygon","coordinates":[[[-121.776968,40.342538],[-121.776951,40.34247],[-121.776744,40.342499],[-121.776752,40.342536],[-121.776841,40.342523],[-121.776848,40.342555],[-121.776968,40.342538]]]},"properties":{"capture_dates":"6/8/2019-6/21/2019"}},{"type":"Feature","geometry":{"type":"Polygon","coordinates":[[[-121.776253,40.34311],[-121.77616,40.343111],[-121.776164,40.343207],[-121.776343,40.343204],[-121.776341,40.343135],[-121.776254,40.343136],[-121.776253,40.34311]]]},"properties":{"capture_dates":"6/8/2019-6/21/2019"}},{"type":"Feature","geometry":{"type":"Polygon","coordinates":[[[-121.771295,40.343048],[-121.771337,40.343052],[-121.771316,40.343165],[-121.771423,40.343176],[-121.771458,40.342983],[-121.771388,40.342976],[-121.771393,40.34295],[-121.771314,40.342941],[-121.771295,40.343048]]]},"properties":{"capture_dates":"6/8/2019-6/21/2019"}},{"type":"Feature","geometry":{"type":"Polygon","coordinates":[[[-121.7701,40.34294],[-121.770097,40.342889],[-121.769968,40.342893],[-121.769971,40.342944],[-121.7701,40.34294]]]},"properties":{"capture_dates":"6/8/2019-6/21/2019"}},{"type":"Feature","geometry":{"type":"Polygon","coordinates":[[[-121.778577,40.343142],[-121.778579,40.343226],[-121.778785,40.343224],[-121.778784,40.34314],[-121.778577,40.343142]]]},"properties":{"capture_dates":"6/8/2019-6/21/2019"}},{"type":"Feature","geometry":{"type":"Polygon","coordinates":[[[-121.782307,40.343515],[-121.782452,40.343517],[-121.782451,40.343578],[-121.782518,40.343579],[-121.782519,40.343481],[-121.782414,40.34348],[-121.782414,40.34345],[-121.782308,40.343449],[-121.782307,40.343515]]]},"properties":{"capture_dates":"6/8/2019-6/21/2019"}},{"type":"Feature","geometry":{"type":"Polygon","coordinates":[[[-121.784031,40.342702],[-121.783976,40.3427],[-121.783968,40.342861],[-121.784023,40.342863],[-121.784031,40.342702]]]},"properties":{"capture_dates":"6/8/2019-6/21/2019"}},{"type":"Feature","geometry":{"type":"Polygon","coordinates":[[[-121.764263,40.239251],[-121.764153,40.239237],[-121.764138,40.239313],[-121.764247,40.239326],[-121.764263,40.239251]]]},"properties":{"capture_dates":"6/8/2019-6/21/2019"}},{"type":"Feature","geometry":{"type":"Polygon","coordinates":[[[-121.783192,40.309766],[-121.783196,40.309699],[-121.783052,40.309693],[-121.783042,40.309832],[-121.783146,40.309837],[-121.783151,40.309764],[-121.783192,40.309766]]]},"properties":{"capture_dates":"6/8/2019-6/21/2019"}},{"type":"Feature","geometry":{"type":"Polygon","coordinates":[[[-121.80851,40.30963],[-121.808401,40.309624],[-121.808407,40.30956],[-121.8082,40.309549],[-121.808189,40.30966],[-121.808369,40.30967],[-121.808367,40.309701],[-121.808503,40.309708],[-121.80851,40.30963]]]},"properties":{"capture_dates":"6/8/2019-6/21/2019"}},{"type":"Feature","geometry":{"type":"Polygon","coordinates":[[[-121.815699,40.309844],[-121.815764,40.309889],[-121.815858,40.309809],[-121.815793,40.309765],[-121.815699,40.309844]]]},"properties":{"capture_dates":"6/8/2019-6/21/2019"}},{"type":"Feature","geometry":{"type":"Polygon","coordinates":[[[-121.813797,40.309866],[-121.813953,40.309896],[-121.81398,40.309815],[-121.813824,40.309785],[-121.813797,40.309866]]]},"properties":{"capture_dates":"6/8/2019-6/21/2019"}},{"type":"Feature","geometry":{"type":"Polygon","coordinates":[[[-121.913394,40.331427],[-121.913579,40.331429],[-121.913581,40.33135],[-121.913396,40.331348],[-121.913394,40.331427]]]},"properties":{"capture_dates":"6/8/2019-6/21/2019"}},{"type":"Feature","geometry":{"type":"Polygon","coordinates":[[[-121.912623,40.335587],[-121.912402,40.335606],[-121.912434,40.33583],[-121.912655,40.335812],[-121.912623,40.335587]]]},"properties":{"capture_dates":"6/8/2019-6/21/2019"}},{"type":"Feature","geometry":{"type":"Polygon","coordinates":[[[-121.885393,40.342989],[-121.885393,40.342989],[-121.88549,40.342991],[-121.885493,40.342893],[-121.885305,40.342889],[-121.885302,40.342988],[-121.885393,40.342989]]]},"properties":{"capture_dates":"6/8/2019-6/21/2019"}},{"type":"Feature","geometry":{"type":"Polygon","coordinates":[[[-121.912646,40.349012],[-121.91258,40.349033],[-121.91257,40.349015],[-121.912401,40.349069],[-121.912474,40.349204],[-121.91271,40.349129],[-121.912646,40.349012]]]},"properties":{"capture_dates":"6/8/2019-6/21/2019"}},{"type":"Feature","geometry":{"type":"Polygon","coordinates":[[[-121.92383,40.356831],[-121.923923,40.356905],[-121.924018,40.356835],[-121.923925,40.356761],[-121.92383,40.356831]]]},"properties":{"capture_dates":"6/8/2019-6/21/2019"}},{"type":"Feature","geometry":{"type":"Polygon","coordinates":[[[-121.911615,40.357619],[-121.911788,40.357644],[-121.911814,40.35754],[-121.911641,40.357515],[-121.911615,40.357619]]]},"properties":{"capture_dates":"6/8/2019-6/21/2019"}},{"type":"Feature","geometry":{"type":"Polygon","coordinates":[[[-121.91097,40.358033],[-121.911077,40.358042],[-121.911089,40.357958],[-121.910982,40.357949],[-121.91097,40.358033]]]},"properties":{"capture_dates":"6/8/2019-6/21/2019"}},{"type":"Feature","geometry":{"type":"Polygon","coordinates":[[[-121.894371,40.345492],[-121.894333,40.345423],[-121.894272,40.345442],[-121.89431,40.345511],[-121.894371,40.345492]]]},"properties":{"capture_dates":"6/8/2019-6/21/2019"}},{"type":"Feature","geometry":{"type":"Polygon","coordinates":[[[-121.913798,40.335521],[-121.913843,40.335642],[-121.91393,40.335623],[-121.913885,40.335502],[-121.913798,40.335521]]]},"properties":{"capture_dates":"6/8/2019-6/21/2019"}},{"type":"Feature","geometry":{"type":"Polygon","coordinates":[[[-121.913585,40.334],[-121.913501,40.333954],[-121.913394,40.334068],[-121.913477,40.334114],[-121.913585,40.334]]]},"properties":{"capture_dates":"6/8/2019-6/21/2019"}},{"type":"Feature","geometry":{"type":"Polygon","coordinates":[[[-121.914841,40.334501],[-121.914835,40.334388],[-121.914667,40.334393],[-121.91467,40.334471],[-121.914716,40.33447],[-121.914717,40.334505],[-121.914841,40.334501]]]},"properties":{"capture_dates":"6/8/2019-6/21/2019"}},{"type":"Feature","geometry":{"type":"Polygon","coordinates":[[[-121.914849,40.33343],[-121.914622,40.333424],[-121.914619,40.333483],[-121.914847,40.333489],[-121.914849,40.33343]]]},"properties":{"capture_dates":"6/8/2019-6/21/2019"}},{"type":"Feature","geometry":{"type":"Polygon","coordinates":[[[-121.908843,40.340062],[-121.908704,40.340056],[-121.908699,40.340122],[-121.908838,40.340128],[-121.908843,40.340062]]]},"properties":{"capture_dates":"6/8/2019-6/21/2019"}},{"type":"Feature","geometry":{"type":"Polygon","coordinates":[[[-121.911031,40.357226],[-121.911016,40.357286],[-121.911076,40.357294],[-121.911062,40.35735],[-121.911196,40.357369],[-121.911239,40.357198],[-121.911106,40.357178],[-121.911092,40.357235],[-121.911031,40.357226]]]},"properties":{"capture_dates":"6/8/2019-6/21/2019"}},{"type":"Feature","geometry":{"type":"Polygon","coordinates":[[[-121.926579,40.332997],[-121.926647,40.333044],[-121.926733,40.33297],[-121.926567,40.332856],[-121.926496,40.332916],[-121.926595,40.332984],[-121.926579,40.332997]]]},"properties":{"capture_dates":"6/8/2019-6/21/2019"}},{"type":"Feature","geometry":{"type":"Polygon","coordinates":[[[-122.046517,40.102796],[-122.046503,40.10272],[-122.046337,40.102738],[-122.046352,40.102814],[-122.046399,40.102809],[-122.046399,40.102809],[-122.046517,40.102796]]]},"properties":{"capture_dates":"5/8/2019-6/21/2019"}},{"type":"Feature","geometry":{"type":"Polygon","coordinates":[[[-122.045928,40.102806],[-122.045943,40.102817],[-122.045886,40.102861],[-122.045976,40.102927],[-122.046115,40.102817],[-122.046011,40.10274],[-122.045928,40.102806]]]},"properties":{"capture_dates":"5/8/2019-6/21/2019"}},{"type":"Feature","geometry":{"type":"Polygon","coordinates":[[[-122.045168,40.103916],[-122.045093,40.103844],[-122.044986,40.103909],[-122.045061,40.103981],[-122.045168,40.103916]]]},"properties":{"capture_dates":"5/8/2019-6/21/2019"}},{"type":"Feature","geometry":{"type":"Polygon","coordinates":[[[-122.045082,40.318283],[-122.045035,40.318396],[-122.045273,40.318454],[-122.045249,40.318514],[-122.045297,40.318525],[-122.04537,40.318353],[-122.045082,40.318283]]]},"properties":{"capture_dates":"5/8/2019-6/21/2019"}},{"type":"Feature","geometry":{"type":"Polygon","coordinates":[[[-122.045748,40.103065],[-122.045679,40.103081],[-122.045673,40.103066],[-122.045607,40.103081],[-122.04564,40.103166],[-122.045667,40.10316],[-122.045677,40.103188],[-122.0456,40.103206],[-122.045633,40.103291],[-122.0457,40.103276],[-122.045718,40.103322],[-122.045838,40.103295],[-122.045748,40.103065]]]},"properties":{"capture_dates":"5/8/2019-6/21/2019"}},{"type":"Feature","geometry":{"type":"Polygon","coordinates":[[[-121.83894,40.360971],[-121.83892,40.361023],[-121.839131,40.361072],[-121.839152,40.361019],[-121.83894,40.360971]]]},"properties":{"capture_dates":"6/8/2019-6/21/2019"}},{"type":"Feature","geometry":{"type":"Polygon","coordinates":[[[-121.819313,39.829627],[-121.819272,39.829694],[-121.819339,39.829717],[-121.819347,39.829703],[-121.819405,39.829723],[-121.819436,39.829671],[-121.819313,39.829627]]]},"properties":{"capture_dates":"12/6/2018-12/12/2018"}},{"type":"Feature","geometry":{"type":"Polygon","coordinates":[[[-121.820638,39.829234],[-121.820596,39.829164],[-121.820391,39.829236],[-121.820433,39.829306],[-121.820638,39.829234]]]},"properties":{"capture_dates":"12/6/2018-12/12/2018"}},{"type":"Feature","geometry":{"type":"Polygon","coordinates":[[[-121.820352,39.829255],[-121.820194,39.82931],[-121.820253,39.829411],[-121.820411,39.829356],[-121.820352,39.829255]]]},"properties":{"capture_dates":"12/6/2018-12/12/2018"}},{"type":"Feature","geometry":{"type":"Polygon","coordinates":[[[-121.839441,40.361042],[-121.839471,40.360978],[-121.839284,40.360926],[-121.839253,40.36099],[-121.839441,40.361042]]]},"properties":{"capture_dates":"6/8/2019-6/21/2019"}},{"type":"Feature","geometry":{"type":"Polygon","coordinates":[[[-121.819382,39.829517],[-121.819511,39.829464],[-121.819444,39.829367],[-121.819272,39.829437],[-121.819303,39.829481],[-121.819273,39.829591],[-121.819357,39.829605],[-121.819382,39.829517]]]},"properties":{"capture_dates":"12/6/2018-12/12/2018"}},{"type":"Feature","geometry":{"type":"Polygon","coordinates":[[[-121.829912,39.846518],[-121.829858,39.846479],[-121.829705,39.846604],[-121.82976,39.846643],[-121.829912,39.846518]]]},"properties":{"capture_dates":"12/6/2018-12/12/2018"}},{"type":"Feature","geometry":{"type":"Polygon","coordinates":[[[-121.829438,39.847659],[-121.829606,39.847717],[-121.82968,39.847588],[-121.82977,39.847619],[-121.829811,39.847548],[-121.829757,39.84753],[-121.829769,39.847509],[-121.829709,39.847488],[-121.82975,39.847417],[-121.829607,39.847368],[-121.829438,39.847659]]]},"properties":{"capture_dates":"12/6/2018-12/12/2018"}},{"type":"Feature","geometry":{"type":"Polygon","coordinates":[[[-121.828844,39.849009],[-121.828891,39.848929],[-121.828813,39.84887],[-121.828792,39.848886],[-121.828764,39.848877],[-121.828732,39.848902],[-121.828706,39.848946],[-121.828695,39.848978],[-121.828687,39.848991],[-121.828619,39.849046],[-121.828618,39.849048],[-121.828557,39.849097],[-121.828541,39.849126],[-121.828588,39.849161],[-121.828727,39.849208],[-121.828763,39.849147],[-121.828733,39.849125],[-121.82879,39.849079],[-121.828817,39.849033],[-121.828844,39.849009]]]},"properties":{"capture_dates":"12/6/2018-12/12/2018"}},{"type":"Feature","geometry":{"type":"Polygon","coordinates":[[[-121.828256,39.847576],[-121.828245,39.847574],[-121.828121,39.847522],[-121.828098,39.847519],[-121.828038,39.847603],[-121.828022,39.84767],[-121.828089,39.847698],[-121.828074,39.84772],[-121.828013,39.847711],[-121.827985,39.847751],[-121.827978,39.847779],[-121.828063,39.847815],[-121.828133,39.847716],[-121.828167,39.847721],[-121.828187,39.847692],[-121.828189,39.847687],[-121.828251,39.8476],[-121.828256,39.847576]]]},"properties":{"capture_dates":"12/6/2018-12/12/2018"}},{"type":"Feature","geometry":{"type":"Polygon","coordinates":[[[-121.827607,39.84981],[-121.827541,39.849831],[-121.827553,39.849854],[-121.827512,39.849867],[-121.827587,39.850008],[-121.827914,39.849905],[-121.827865,39.849813],[-121.827646,39.849882],[-121.827607,39.84981]]]},"properties":{"capture_dates":"12/6/2018-12/12/2018"}},{"type":"Feature","geometry":{"type":"Polygon","coordinates":[[[-121.827053,39.849977],[-121.827083,39.850049],[-121.827137,39.850036],[-121.827163,39.850099],[-121.827268,39.850073],[-121.827282,39.850107],[-121.827345,39.850091],[-121.82733,39.850055],[-121.82741,39.850035],[-121.827361,39.849919],[-121.82721,39.849956],[-121.827203,39.849939],[-121.827053,39.849977]]]},"properties":{"capture_dates":"12/6/2018-12/12/2018"}},{"type":"Feature","geometry":{"type":"Polygon","coordinates":[[[-121.826818,39.85023],[-121.826943,39.850204],[-121.826952,39.850229],[-121.827066,39.850205],[-121.826988,39.849985],[-121.827016,39.849979],[-121.826987,39.849898],[-121.82689,39.849918],[-121.826917,39.849996],[-121.826874,39.850005],[-121.826904,39.850089],[-121.826842,39.850101],[-121.826827,39.850059],[-121.826762,39.850073],[-121.826818,39.85023]]]},"properties":{"capture_dates":"12/6/2018-12/12/2018"}},{"type":"Feature","geometry":{"type":"Polygon","coordinates":[[[-121.826397,39.850592],[-121.826576,39.850693],[-121.826717,39.850547],[-121.826624,39.850494],[-121.82673,39.850383],[-121.826654,39.85034],[-121.826524,39.850474],[-121.826543,39.850485],[-121.826513,39.850516],[-121.826485,39.850501],[-121.826397,39.850592]]]},"properties":{"capture_dates":"12/6/2018-12/12/2018"}},{"type":"Feature","geometry":{"type":"Polygon","coordinates":[[[-121.826315,39.849179],[-121.826308,39.849177],[-121.826336,39.849117],[-121.826269,39.849098],[-121.826228,39.849183],[-121.826303,39.849205],[-121.826315,39.849179]]]},"properties":{"capture_dates":"12/6/2018-12/12/2018"}},{"type":"Feature","geometry":{"type":"Polygon","coordinates":[[[-121.825711,39.851372],[-121.825767,39.851294],[-121.825667,39.851251],[-121.825547,39.851417],[-121.825661,39.851466],[-121.825725,39.851378],[-121.825711,39.851372]]]},"properties":{"capture_dates":"12/6/2018-12/12/2018"}},{"type":"Feature","geometry":{"type":"Polygon","coordinates":[[[-121.824164,39.851609],[-121.824258,39.851658],[-121.824337,39.851568],[-121.824243,39.851519],[-121.824164,39.851609]]]},"properties":{"capture_dates":"12/6/2018-12/12/2018"}},{"type":"Feature","geometry":{"type":"Polygon","coordinates":[[[-121.823399,39.852104],[-121.823436,39.852197],[-121.823646,39.852148],[-121.823609,39.852056],[-121.823399,39.852104]]]},"properties":{"capture_dates":"12/6/2018-12/12/2018"}},{"type":"Feature","geometry":{"type":"Polygon","coordinates":[[[-121.820246,39.854294],[-121.820199,39.854129],[-121.820026,39.854158],[-121.820073,39.854323],[-121.820246,39.854294]]]},"properties":{"capture_dates":"12/6/2018-12/12/2018"}},{"type":"Feature","geometry":{"type":"Polygon","coordinates":[[[-121.819702,39.854569],[-121.819737,39.854584],[-121.819721,39.854605],[-121.819816,39.854645],[-121.819935,39.85448],[-121.819806,39.854425],[-121.819702,39.854569]]]},"properties":{"capture_dates":"12/6/2018-12/12/2018"}},{"type":"Feature","geometry":{"type":"Polygon","coordinates":[[[-121.816982,39.840305],[-121.817141,39.840386],[-121.817194,39.840325],[-121.817154,39.840305],[-121.817187,39.840267],[-121.817111,39.840228],[-121.817129,39.840208],[-121.816963,39.840123],[-121.8169,39.840195],[-121.817023,39.840259],[-121.816982,39.840305]]]},"properties":{"capture_dates":"12/6/2018-12/12/2018"}},{"type":"Feature","geometry":{"type":"Polygon","coordinates":[[[-121.816849,39.848502],[-121.816757,39.848533],[-121.816858,39.848709],[-121.816945,39.84868],[-121.816936,39.848665],[-121.817035,39.848631],[-121.817015,39.848597],[-121.817063,39.848581],[-121.817007,39.848482],[-121.816932,39.848507],[-121.816944,39.848529],[-121.816878,39.848552],[-121.816849,39.848502]]]},"properties":{"capture_dates":"12/6/2018-12/12/2018"}},{"type":"Feature","geometry":{"type":"Polygon","coordinates":[[[-121.816878,39.840047],[-121.816833,39.839976],[-121.816736,39.840013],[-121.816781,39.840084],[-121.816878,39.840047]]]},"properties":{"capture_dates":"12/6/2018-12/12/2018"}},{"type":"Feature","geometry":{"type":"Polygon","coordinates":[[[-121.816662,39.848793],[-121.816718,39.848886],[-121.81686,39.848836],[-121.816824,39.848777],[-121.816789,39.84879],[-121.816768,39.848755],[-121.816662,39.848793]]]},"properties":{"capture_dates":"12/6/2018-12/12/2018"}},{"type":"Feature","geometry":{"type":"Polygon","coordinates":[[[-121.810308,39.83146],[-121.810285,39.831385],[-121.809963,39.831442],[-121.809976,39.831487],[-121.809992,39.831484],[-121.810002,39.83152],[-121.810201,39.831485],[-121.810199,39.83148],[-121.810308,39.83146]]]},"properties":{"capture_dates":"12/6/2018-12/12/2018"}},{"type":"Feature","geometry":{"type":"Polygon","coordinates":[[[-121.809755,39.830852],[-121.80969,39.830913],[-121.809801,39.830983],[-121.809866,39.830921],[-121.809755,39.830852]]]},"properties":{"capture_dates":"12/6/2018-12/12/2018"}},{"type":"Feature","geometry":{"type":"Polygon","coordinates":[[[-121.813628,39.842021],[-121.813591,39.84195],[-121.813624,39.84194],[-121.813574,39.841844],[-121.813441,39.841884],[-121.813493,39.841986],[-121.813511,39.84198],[-121.813545,39.842046],[-121.813628,39.842021]]]},"properties":{"capture_dates":"12/6/2018-12/12/2018"}},{"type":"Feature","geometry":{"type":"Polygon","coordinates":[[[-121.823731,39.852062],[-121.82382,39.852125],[-121.823887,39.852069],[-121.823798,39.852006],[-121.823731,39.852062]]]},"properties":{"capture_dates":"12/6/2018-12/12/2018"}},{"type":"Feature","geometry":{"type":"Polygon","coordinates":[[[-121.81475,39.843425],[-121.814694,39.843438],[-121.814715,39.843493],[-121.814689,39.843499],[-121.814711,39.843554],[-121.814794,39.843535],[-121.81475,39.843425]]]},"properties":{"capture_dates":"12/6/2018-12/12/2018"}},{"type":"Feature","geometry":{"type":"Polygon","coordinates":[[[-121.813489,39.845521],[-121.813427,39.845426],[-121.813405,39.845434],[-121.813372,39.845383],[-121.813236,39.845434],[-121.813188,39.845359],[-121.813056,39.84541],[-121.813222,39.845665],[-121.813366,39.84561],[-121.813345,39.845576],[-121.813489,39.845521]]]},"properties":{"capture_dates":"12/6/2018-12/12/2018"}},{"type":"Feature","geometry":{"type":"Polygon","coordinates":[[[-121.826504,39.844051],[-121.826433,39.844186],[-121.826589,39.844235],[-121.826661,39.8441],[-121.826504,39.844051]]]},"properties":{"capture_dates":"12/6/2018-12/12/2018"}},{"type":"Feature","geometry":{"type":"Polygon","coordinates":[[[-121.820159,39.854064],[-121.820211,39.854114],[-121.820322,39.854047],[-121.82027,39.853997],[-121.820159,39.854064]]]},"properties":{"capture_dates":"12/6/2018-12/12/2018"}},{"type":"Feature","geometry":{"type":"Polygon","coordinates":[[[-121.812768,39.845436],[-121.812387,39.845332],[-121.812327,39.845462],[-121.812709,39.845566],[-121.812768,39.845436]]]},"properties":{"capture_dates":"12/6/2018-12/12/2018"}},{"type":"Feature","geometry":{"type":"Polygon","coordinates":[[[-121.825921,39.848738],[-121.825973,39.848799],[-121.826089,39.84874],[-121.826037,39.848679],[-121.825921,39.848738]]]},"properties":{"capture_dates":"12/6/2018-12/12/2018"}},{"type":"Feature","geometry":{"type":"Polygon","coordinates":[[[-121.824283,39.851075],[-121.824169,39.851203],[-121.824439,39.851345],[-121.824554,39.851217],[-121.824283,39.851075]]]},"properties":{"capture_dates":"12/6/2018-12/12/2018"}},{"type":"Feature","geometry":{"type":"Polygon","coordinates":[[[-121.825975,39.848549],[-121.826049,39.84864],[-121.826166,39.848584],[-121.826091,39.848493],[-121.825975,39.848549]]]},"properties":{"capture_dates":"12/6/2018-12/12/2018"}},{"type":"Feature","geometry":{"type":"Polygon","coordinates":[[[-121.827283,39.848123],[-121.827201,39.848113],[-121.827198,39.848128],[-121.827116,39.848119],[-121.827085,39.84827],[-121.827122,39.848275],[-121.827115,39.848307],[-121.82719,39.848316],[-121.827209,39.848221],[-121.827262,39.848228],[-121.827283,39.848123]]]},"properties":{"capture_dates":"12/6/2018-12/12/2018"}},{"type":"Feature","geometry":{"type":"Polygon","coordinates":[[[-121.826087,39.844124],[-121.826147,39.84427],[-121.826357,39.844219],[-121.826324,39.844141],[-121.826215,39.844167],[-121.826187,39.8441],[-121.826087,39.844124]]]},"properties":{"capture_dates":"12/6/2018-12/12/2018"}},{"type":"Feature","geometry":{"type":"Polygon","coordinates":[[[-121.80335,40.171624],[-121.803313,40.17161],[-121.803247,40.171713],[-121.803318,40.17174],[-121.803352,40.171686],[-121.803318,40.171673],[-121.803335,40.171647],[-121.803335,40.171647],[-121.80335,40.171624]]]},"properties":{"capture_dates":"6/8/2019-6/21/2019"}},{"type":"Feature","geometry":{"type":"Polygon","coordinates":[[[-121.800754,40.231577],[-121.800652,40.231624],[-121.800758,40.231758],[-121.80086,40.231711],[-121.800754,40.231577]]]},"properties":{"capture_dates":"6/8/2019-6/21/2019"}},{"type":"Feature","geometry":{"type":"Polygon","coordinates":[[[-121.800785,40.231908],[-121.800822,40.231962],[-121.800903,40.231931],[-121.800865,40.231876],[-121.800785,40.231908]]]},"properties":{"capture_dates":"6/8/2019-6/21/2019"}},{"type":"Feature","geometry":{"type":"Polygon","coordinates":[[[-121.799608,40.23234],[-121.799572,40.232276],[-121.7994,40.232333],[-121.799436,40.232397],[-121.799608,40.23234]]]},"properties":{"capture_dates":"6/8/2019-6/21/2019"}},{"type":"Feature","geometry":{"type":"Polygon","coordinates":[[[-121.77034,40.239235],[-121.77029,40.239175],[-121.770225,40.239207],[-121.770275,40.239266],[-121.77034,40.239235]]]},"properties":{"capture_dates":"6/8/2019-6/21/2019"}},{"type":"Feature","geometry":{"type":"Polygon","coordinates":[[[-121.771897,40.239764],[-121.771672,40.239736],[-121.771657,40.239806],[-121.771882,40.239833],[-121.771897,40.239764]]]},"properties":{"capture_dates":"6/8/2019-6/21/2019"}},{"type":"Feature","geometry":{"type":"Polygon","coordinates":[[[-121.762983,40.241918],[-121.763004,40.242008],[-121.763088,40.241996],[-121.763067,40.241907],[-121.762983,40.241918]]]},"properties":{"capture_dates":"6/8/2019-6/21/2019"}},{"type":"Feature","geometry":{"type":"Polygon","coordinates":[[[-121.767896,40.243365],[-121.767834,40.243337],[-121.767788,40.243397],[-121.76785,40.243424],[-121.767896,40.243365]]]},"properties":{"capture_dates":"6/8/2019-6/21/2019"}},{"type":"Feature","geometry":{"type":"Polygon","coordinates":[[[-121.776473,40.300305],[-121.776539,40.300426],[-121.776667,40.300385],[-121.776601,40.300264],[-121.776473,40.300305]]]},"properties":{"capture_dates":"6/8/2019-6/21/2019"}},{"type":"Feature","geometry":{"type":"Polygon","coordinates":[[[-121.774152,40.301507],[-121.774308,40.301505],[-121.774306,40.301447],[-121.774151,40.301449],[-121.774152,40.301507]]]},"properties":{"capture_dates":"6/8/2019-6/21/2019"}},{"type":"Feature","geometry":{"type":"Polygon","coordinates":[[[-121.78261,40.307333],[-121.782738,40.307318],[-121.782732,40.307292],[-121.782774,40.307287],[-121.782758,40.307207],[-121.782588,40.307227],[-121.78261,40.307333]]]},"properties":{"capture_dates":"6/8/2019-6/21/2019"}},{"type":"Feature","geometry":{"type":"Polygon","coordinates":[[[-121.783398,40.309079],[-121.783262,40.309026],[-121.783148,40.309194],[-121.783237,40.309229],[-121.783312,40.309119],[-121.783358,40.309138],[-121.783398,40.309079]]]},"properties":{"capture_dates":"6/8/2019-6/21/2019"}},{"type":"Feature","geometry":{"type":"Polygon","coordinates":[[[-121.781923,40.309273],[-121.781893,40.309179],[-121.781812,40.309194],[-121.781806,40.309176],[-121.781733,40.30919],[-121.781769,40.309302],[-121.781923,40.309273]]]},"properties":{"capture_dates":"6/8/2019-6/21/2019"}},{"type":"Feature","geometry":{"type":"Polygon","coordinates":[[[-121.807546,40.309308],[-121.807668,40.309305],[-121.807665,40.309229],[-121.807543,40.309231],[-121.807546,40.309308]]]},"properties":{"capture_dates":"6/8/2019-6/21/2019"}},{"type":"Feature","geometry":{"type":"Polygon","coordinates":[[[-121.808941,40.309636],[-121.808926,40.309697],[-121.809039,40.309714],[-121.809055,40.309652],[-121.808941,40.309636]]]},"properties":{"capture_dates":"6/8/2019-6/21/2019"}},{"type":"Feature","geometry":{"type":"Polygon","coordinates":[[[-121.816358,40.3098],[-121.816246,40.309798],[-121.816244,40.309839],[-121.816215,40.309838],[-121.816214,40.309866],[-121.816241,40.309867],[-121.816239,40.309912],[-121.816355,40.309914],[-121.816358,40.3098]]]},"properties":{"capture_dates":"6/8/2019-6/21/2019"}},{"type":"Feature","geometry":{"type":"Polygon","coordinates":[[[-121.812006,40.309957],[-121.811931,40.309951],[-121.811926,40.309993],[-121.812,40.309999],[-121.812006,40.309957]]]},"properties":{"capture_dates":"6/8/2019-6/21/2019"}},{"type":"Feature","geometry":{"type":"Polygon","coordinates":[[[-121.816423,40.310156],[-121.81642,40.310252],[-121.816558,40.310255],[-121.816561,40.310159],[-121.816423,40.310156]]]},"properties":{"capture_dates":"6/8/2019-6/21/2019"}},{"type":"Feature","geometry":{"type":"Polygon","coordinates":[[[-121.813183,40.310391],[-121.813407,40.310426],[-121.813425,40.310358],[-121.813201,40.310323],[-121.813183,40.310391]]]},"properties":{"capture_dates":"6/8/2019-6/21/2019"}},{"type":"Feature","geometry":{"type":"Polygon","coordinates":[[[-121.793707,40.312436],[-121.793697,40.312362],[-121.793748,40.312358],[-121.793741,40.312302],[-121.793538,40.312319],[-121.793556,40.312448],[-121.793707,40.312436]]]},"properties":{"capture_dates":"6/8/2019-6/21/2019"}},{"type":"Feature","geometry":{"type":"Polygon","coordinates":[[[-121.76247,40.240903],[-121.762547,40.240958],[-121.762619,40.2409],[-121.762542,40.240844],[-121.76247,40.240903]]]},"properties":{"capture_dates":"6/8/2019-6/21/2019"}},{"type":"Feature","geometry":{"type":"Polygon","coordinates":[[[-121.780076,40.306703],[-121.780309,40.306698],[-121.780306,40.306616],[-121.780202,40.306619],[-121.780201,40.306588],[-121.780072,40.306591],[-121.780076,40.306703]]]},"properties":{"capture_dates":"6/8/2019-6/21/2019"}},{"type":"Feature","geometry":{"type":"Polygon","coordinates":[[[-121.781604,40.309005],[-121.781621,40.30904],[-121.781769,40.308999],[-121.781744,40.308946],[-121.781645,40.308973],[-121.781654,40.308991],[-121.781604,40.309005]]]},"properties":{"capture_dates":"6/8/2019-6/21/2019"}},{"type":"Feature","geometry":{"type":"Polygon","coordinates":[[[-121.768741,40.238049],[-121.768728,40.238142],[-121.768884,40.238155],[-121.768897,40.238062],[-121.768741,40.238049]]]},"properties":{"capture_dates":"6/8/2019-6/21/2019"}},{"type":"Feature","geometry":{"type":"Polygon","coordinates":[[[-121.781724,40.309404],[-121.7817,40.309336],[-121.781594,40.309357],[-121.781617,40.309425],[-121.781724,40.309404]]]},"properties":{"capture_dates":"6/8/2019-6/21/2019"}},{"type":"Feature","geometry":{"type":"Polygon","coordinates":[[[-121.812026,40.310263],[-121.812016,40.31019],[-121.811891,40.3102],[-121.811901,40.310273],[-121.812026,40.310263]]]},"properties":{"capture_dates":"6/8/2019-6/21/2019"}},{"type":"Feature","geometry":{"type":"Polygon","coordinates":[[[-121.783824,40.308121],[-121.783737,40.308053],[-121.783582,40.308168],[-121.783601,40.308183],[-121.78354,40.308229],[-121.783608,40.308282],[-121.783824,40.308121]]]},"properties":{"capture_dates":"6/8/2019-6/21/2019"}},{"type":"Feature","geometry":{"type":"Polygon","coordinates":[[[-121.80939,40.310744],[-121.80953,40.31076],[-121.80954,40.310708],[-121.8094,40.310692],[-121.80939,40.310744]]]},"properties":{"capture_dates":"6/8/2019-6/21/2019"}},{"type":"Feature","geometry":{"type":"Polygon","coordinates":[[[-121.815335,40.310301],[-121.815222,40.310264],[-121.815178,40.310342],[-121.815292,40.310379],[-121.815335,40.310301]]]},"properties":{"capture_dates":"6/8/2019-6/21/2019"}},{"type":"Feature","geometry":{"type":"Polygon","coordinates":[[[-121.780637,39.901673],[-121.780531,39.901691],[-121.780552,39.901763],[-121.780658,39.901745],[-121.780637,39.901673]]]},"properties":{"capture_dates":"12/6/2018-12/12/2018"}},{"type":"Feature","geometry":{"type":"Polygon","coordinates":[[[-121.778416,39.887613],[-121.778542,39.887633],[-121.778562,39.887558],[-121.778436,39.887538],[-121.778416,39.887613]]]},"properties":{"capture_dates":"12/6/2018-12/12/2018"}},{"type":"Feature","geometry":{"type":"Polygon","coordinates":[[[-121.77136,39.875261],[-121.771248,39.875226],[-121.771208,39.8753],[-121.77132,39.875335],[-121.77136,39.875261]]]},"properties":{"capture_dates":"12/6/2018-12/12/2018"}},{"type":"Feature","geometry":{"type":"Polygon","coordinates":[[[-121.770977,39.875075],[-121.77102,39.875114],[-121.770986,39.875135],[-121.771028,39.875175],[-121.771065,39.875152],[-121.771099,39.875184],[-121.771155,39.875148],[-121.771075,39.875073],[-121.771109,39.875052],[-121.771071,39.875016],[-121.770977,39.875075]]]},"properties":{"capture_dates":"12/6/2018-12/12/2018"}},{"type":"Feature","geometry":{"type":"Polygon","coordinates":[[[-121.770489,39.877187],[-121.770284,39.877121],[-121.770196,39.877281],[-121.770312,39.877318],[-121.770362,39.877227],[-121.770451,39.877256],[-121.770489,39.877187]]]},"properties":{"capture_dates":"12/6/2018-12/12/2018"}},{"type":"Feature","geometry":{"type":"Polygon","coordinates":[[[-121.770216,39.877707],[-121.770109,39.877792],[-121.770214,39.87787],[-121.770321,39.877785],[-121.770216,39.877707]]]},"properties":{"capture_dates":"12/6/2018-12/12/2018"}},{"type":"Feature","geometry":{"type":"Polygon","coordinates":[[[-121.769329,39.8781],[-121.769472,39.878097],[-121.769466,39.877931],[-121.769323,39.877934],[-121.769329,39.8781]]]},"properties":{"capture_dates":"12/6/2018-12/12/2018"}},{"type":"Feature","geometry":{"type":"Polygon","coordinates":[[[-121.76244,39.883157],[-121.762569,39.883155],[-121.762566,39.883076],[-121.762438,39.883078],[-121.76244,39.883157]]]},"properties":{"capture_dates":"12/6/2018-12/12/2018"}},{"type":"Feature","geometry":{"type":"Polygon","coordinates":[[[-121.762016,39.889498],[-121.761944,39.889535],[-121.761995,39.889595],[-121.762068,39.889559],[-121.762016,39.889498]]]},"properties":{"capture_dates":"12/6/2018-12/12/2018"}},{"type":"Feature","geometry":{"type":"Polygon","coordinates":[[[-121.759423,39.883798],[-121.759344,39.883741],[-121.759191,39.883868],[-121.75927,39.883924],[-121.759423,39.883798]]]},"properties":{"capture_dates":"12/6/2018-12/12/2018"}},{"type":"Feature","geometry":{"type":"Polygon","coordinates":[[[-121.759197,39.886388],[-121.759406,39.886303],[-121.759345,39.886216],[-121.759136,39.886301],[-121.759197,39.886388]]]},"properties":{"capture_dates":"12/6/2018-12/12/2018"}},{"type":"Feature","geometry":{"type":"Polygon","coordinates":[[[-121.758147,39.888116],[-121.758127,39.888128],[-121.758175,39.888176],[-121.758261,39.888125],[-121.758229,39.888093],[-121.758249,39.888081],[-121.758179,39.888011],[-121.758093,39.888061],[-121.758147,39.888116]]]},"properties":{"capture_dates":"12/6/2018-12/12/2018"}},{"type":"Feature","geometry":{"type":"Polygon","coordinates":[[[-121.758061,39.882386],[-121.757946,39.882526],[-121.758038,39.882571],[-121.758067,39.882536],[-121.758163,39.882582],[-121.758249,39.882477],[-121.758061,39.882386]]]},"properties":{"capture_dates":"12/6/2018-12/12/2018"}},{"type":"Feature","geometry":{"type":"Polygon","coordinates":[[[-121.75797,39.884224],[-121.75791,39.884094],[-121.757564,39.884187],[-121.757609,39.884286],[-121.757772,39.884242],[-121.757786,39.884273],[-121.75797,39.884224]]]},"properties":{"capture_dates":"12/6/2018-12/12/2018"}},{"type":"Feature","geometry":{"type":"Polygon","coordinates":[[[-121.757724,39.893983],[-121.757598,39.893953],[-121.757564,39.894035],[-121.75769,39.894066],[-121.757724,39.893983]]]},"properties":{"capture_dates":"12/6/2018-12/12/2018"}},{"type":"Feature","geometry":{"type":"Polygon","coordinates":[[[-121.756544,39.882365],[-121.756257,39.882413],[-121.756305,39.88258],[-121.756591,39.882532],[-121.756544,39.882365]]]},"properties":{"capture_dates":"12/6/2018-12/12/2018"}},{"type":"Feature","geometry":{"type":"Polygon","coordinates":[[[-121.756414,39.887496],[-121.756373,39.88744],[-121.756213,39.88751],[-121.756255,39.887566],[-121.756414,39.887496]]]},"properties":{"capture_dates":"12/6/2018-12/12/2018"}},{"type":"Feature","geometry":{"type":"Polygon","coordinates":[[[-121.756381,39.887116],[-121.756172,39.887111],[-121.756169,39.887181],[-121.756378,39.887186],[-121.756381,39.887116]]]},"properties":{"capture_dates":"12/6/2018-12/12/2018"}},{"type":"Feature","geometry":{"type":"Polygon","coordinates":[[[-121.769333,39.878191],[-121.769336,39.878285],[-121.769479,39.878282],[-121.769475,39.878188],[-121.769333,39.878191]]]},"properties":{"capture_dates":"12/6/2018-12/12/2018"}},{"type":"Feature","geometry":{"type":"Polygon","coordinates":[[[-121.75712,39.894708],[-121.75709,39.894759],[-121.757049,39.894745],[-121.756935,39.894936],[-121.757113,39.894998],[-121.757257,39.894756],[-121.75712,39.894708]]]},"properties":{"capture_dates":"12/6/2018-12/12/2018"}},{"type":"Feature","geometry":{"type":"Polygon","coordinates":[[[-121.758322,39.888187],[-121.758291,39.888154],[-121.758216,39.888195],[-121.758247,39.888227],[-121.758322,39.888187]]]},"properties":{"capture_dates":"12/6/2018-12/12/2018"}},{"type":"Feature","geometry":{"type":"Polygon","coordinates":[[[-121.75779,39.894042],[-121.758043,39.894112],[-121.758067,39.894062],[-121.757974,39.894036],[-121.758012,39.893957],[-121.757946,39.893939],[-121.757973,39.893882],[-121.75795,39.893875],[-121.757968,39.893836],[-121.757897,39.893816],[-121.75779,39.894042]]]},"properties":{"capture_dates":"12/6/2018-12/12/2018"}},{"type":"Feature","geometry":{"type":"Polygon","coordinates":[[[-121.762145,39.888825],[-121.762168,39.888894],[-121.762132,39.888901],[-121.762147,39.888946],[-121.762191,39.888938],[-121.762232,39.889058],[-121.762344,39.889036],[-121.762328,39.88899],[-121.762417,39.888972],[-121.762403,39.888929],[-121.762438,39.888923],[-121.762389,39.888777],[-121.762145,39.888825]]]},"properties":{"capture_dates":"12/6/2018-12/12/2018"}},{"type":"Feature","geometry":{"type":"Polygon","coordinates":[[[-121.767308,39.885938],[-121.767255,39.886106],[-121.767348,39.886123],[-121.767401,39.885955],[-121.767308,39.885938]]]},"properties":{"capture_dates":"12/6/2018-12/12/2018"}},{"type":"Feature","geometry":{"type":"Polygon","coordinates":[[[-121.757867,39.893344],[-121.757766,39.893332],[-121.757741,39.893454],[-121.757842,39.893466],[-121.757867,39.893344]]]},"properties":{"capture_dates":"12/6/2018-12/12/2018"}},{"type":"Feature","geometry":{"type":"Polygon","coordinates":[[[-121.770039,39.879938],[-121.769986,39.879781],[-121.769716,39.879835],[-121.769769,39.879992],[-121.770039,39.879938]]]},"properties":{"capture_dates":"12/6/2018-12/12/2018"}},{"type":"Feature","geometry":{"type":"Polygon","coordinates":[[[-121.758223,39.888009],[-121.758265,39.888076],[-121.758344,39.888047],[-121.758302,39.88798],[-121.758223,39.888009]]]},"properties":{"capture_dates":"12/6/2018-12/12/2018"}},{"type":"Feature","geometry":{"type":"Polygon","coordinates":[[[-121.760258,39.882527],[-121.760181,39.882609],[-121.760294,39.882671],[-121.760371,39.88259],[-121.760258,39.882527]]]},"properties":{"capture_dates":"12/6/2018-12/12/2018"}},{"type":"Feature","geometry":{"type":"Polygon","coordinates":[[[-121.743265,39.904186],[-121.743147,39.904183],[-121.743139,39.904371],[-121.743257,39.904374],[-121.743265,39.904186]]]},"properties":{"capture_dates":"12/6/2018-12/12/2018"}},{"type":"Feature","geometry":{"type":"Polygon","coordinates":[[[-121.741131,39.904331],[-121.74103,39.904316],[-121.740991,39.904473],[-121.741092,39.904487],[-121.741131,39.904331]]]},"properties":{"capture_dates":"12/6/2018-12/12/2018"}},{"type":"Feature","geometry":{"type":"Polygon","coordinates":[[[-121.736634,39.905121],[-121.736585,39.905047],[-121.73639,39.905123],[-121.736439,39.905197],[-121.736634,39.905121]]]},"properties":{"capture_dates":"12/6/2018-12/12/2018"}},{"type":"Feature","geometry":{"type":"Polygon","coordinates":[[[-121.733799,39.905466],[-121.733778,39.905519],[-121.733959,39.905561],[-121.733989,39.905484],[-121.733861,39.905454],[-121.733851,39.905478],[-121.733799,39.905466]]]},"properties":{"capture_dates":"12/6/2018-12/12/2018"}},{"type":"Feature","geometry":{"type":"Polygon","coordinates":[[[-121.732223,39.906433],[-121.732182,39.906317],[-121.732028,39.906349],[-121.73207,39.906465],[-121.732223,39.906433]]]},"properties":{"capture_dates":"12/6/2018-12/12/2018"}},{"type":"Feature","geometry":{"type":"Polygon","coordinates":[[[-121.731932,39.906924],[-121.731962,39.906988],[-121.732127,39.906942],[-121.73205,39.90678],[-121.731961,39.906805],[-121.732008,39.906903],[-121.731932,39.906924]]]},"properties":{"capture_dates":"12/6/2018-12/12/2018"}},{"type":"Feature","geometry":{"type":"Polygon","coordinates":[[[-121.740728,39.907196],[-121.740674,39.907292],[-121.740769,39.907323],[-121.740823,39.907228],[-121.740728,39.907196]]]},"properties":{"capture_dates":"12/6/2018-12/12/2018"}},{"type":"Feature","geometry":{"type":"Polygon","coordinates":[[[-121.739983,39.907287],[-121.739968,39.90739],[-121.740076,39.9074],[-121.740092,39.907297],[-121.739983,39.907287]]]},"properties":{"capture_dates":"12/6/2018-12/12/2018"}},{"type":"Feature","geometry":{"type":"Polygon","coordinates":[[[-121.727357,39.908031],[-121.727425,39.908198],[-121.72757,39.908164],[-121.727503,39.907996],[-121.727357,39.908031]]]},"properties":{"capture_dates":"12/6/2018-12/12/2018"}},{"type":"Feature","geometry":{"type":"Polygon","coordinates":[[[-121.736143,39.909864],[-121.73613,39.909801],[-121.736033,39.909813],[-121.736068,39.909972],[-121.736184,39.909958],[-121.736163,39.909862],[-121.736143,39.909864]]]},"properties":{"capture_dates":"12/6/2018-12/12/2018"}},{"type":"Feature","geometry":{"type":"Polygon","coordinates":[[[-121.739928,39.910291],[-121.739892,39.910369],[-121.740013,39.910402],[-121.740049,39.910324],[-121.739928,39.910291]]]},"properties":{"capture_dates":"12/6/2018-12/12/2018"}},{"type":"Feature","geometry":{"type":"Polygon","coordinates":[[[-121.736783,39.910947],[-121.736715,39.910949],[-121.736722,39.911122],[-121.73679,39.91112],[-121.736783,39.910947]]]},"properties":{"capture_dates":"12/6/2018-12/12/2018"}},{"type":"Feature","geometry":{"type":"Polygon","coordinates":[[[-121.738849,39.911018],[-121.738756,39.910991],[-121.73871,39.911087],[-121.738803,39.911114],[-121.738849,39.911018]]]},"properties":{"capture_dates":"12/6/2018-12/12/2018"}},{"type":"Feature","geometry":{"type":"Polygon","coordinates":[[[-121.738608,39.911054],[-121.738445,39.91119],[-121.7385,39.911229],[-121.738663,39.911093],[-121.738608,39.911054]]]},"properties":{"capture_dates":"12/6/2018-12/12/2018"}},{"type":"Feature","geometry":{"type":"Polygon","coordinates":[[[-121.742681,39.911098],[-121.742607,39.911139],[-121.742734,39.911272],[-121.742807,39.911231],[-121.742681,39.911098]]]},"properties":{"capture_dates":"12/6/2018-12/12/2018"}},{"type":"Feature","geometry":{"type":"Polygon","coordinates":[[[-121.736884,39.91151],[-121.736876,39.911699],[-121.736975,39.911702],[-121.736983,39.911513],[-121.736884,39.91151]]]},"properties":{"capture_dates":"12/6/2018-12/12/2018"}},{"type":"Feature","geometry":{"type":"Polygon","coordinates":[[[-121.738285,39.912216],[-121.7382,39.912173],[-121.738082,39.912309],[-121.738167,39.912353],[-121.738285,39.912216]]]},"properties":{"capture_dates":"12/6/2018-12/12/2018"}},{"type":"Feature","geometry":{"type":"Polygon","coordinates":[[[-121.739202,39.913504],[-121.739136,39.913485],[-121.739088,39.91358],[-121.739154,39.9136],[-121.739202,39.913504]]]},"properties":{"capture_dates":"12/6/2018-12/12/2018"}},{"type":"Feature","geometry":{"type":"Polygon","coordinates":[[[-121.738281,39.913548],[-121.738275,39.913699],[-121.738368,39.913701],[-121.738374,39.91355],[-121.738281,39.913548]]]},"properties":{"capture_dates":"12/6/2018-12/12/2018"}},{"type":"Feature","geometry":{"type":"Polygon","coordinates":[[[-121.736786,39.91438],[-121.73676,39.914295],[-121.736472,39.914345],[-121.736497,39.91443],[-121.736786,39.91438]]]},"properties":{"capture_dates":"12/6/2018-12/12/2018"}},{"type":"Feature","geometry":{"type":"Polygon","coordinates":[[[-121.736252,39.914424],[-121.736248,39.914482],[-121.736314,39.914484],[-121.736317,39.914426],[-121.736252,39.914424]]]},"properties":{"capture_dates":"12/6/2018-12/12/2018"}},{"type":"Feature","geometry":{"type":"Polygon","coordinates":[[[-121.737978,39.915085],[-121.737879,39.915113],[-121.737922,39.915201],[-121.738056,39.915162],[-121.737994,39.915035],[-121.737958,39.915045],[-121.737978,39.915085]]]},"properties":{"capture_dates":"12/6/2018-12/12/2018"}},{"type":"Feature","geometry":{"type":"Polygon","coordinates":[[[-121.737755,39.916034],[-121.737642,39.916033],[-121.737641,39.916164],[-121.73779,39.916165],[-121.73779,39.916108],[-121.737754,39.916108],[-121.737755,39.916034]]]},"properties":{"capture_dates":"12/6/2018-12/12/2018"}},{"type":"Feature","geometry":{"type":"Polygon","coordinates":[[[-121.738452,39.91614],[-121.738448,39.916062],[-121.738245,39.916068],[-121.738248,39.916146],[-121.738452,39.91614]]]},"properties":{"capture_dates":"12/6/2018-12/12/2018"}},{"type":"Feature","geometry":{"type":"Polygon","coordinates":[[[-121.73865,39.919304],[-121.73866,39.919325],[-121.738724,39.919307],[-121.738685,39.919225],[-121.738523,39.919271],[-121.738552,39.919331],[-121.73865,39.919304]]]},"properties":{"capture_dates":"12/6/2018-12/12/2018"}},{"type":"Feature","geometry":{"type":"Polygon","coordinates":[[[-121.734182,39.925666],[-121.734132,39.925714],[-121.7342,39.925756],[-121.73425,39.925707],[-121.734182,39.925666]]]},"properties":{"capture_dates":"12/6/2018-12/12/2018"}},{"type":"Feature","geometry":{"type":"Polygon","coordinates":[[[-121.734296,39.925768],[-121.734235,39.92581],[-121.734255,39.925826],[-121.734202,39.925862],[-121.734264,39.925915],[-121.734212,39.92595],[-121.734272,39.926002],[-121.734437,39.92589],[-121.734296,39.925768]]]},"properties":{"capture_dates":"12/6/2018-12/12/2018"}},{"type":"Feature","geometry":{"type":"Polygon","coordinates":[[[-121.729717,39.926602],[-121.729722,39.926647],[-121.729808,39.926642],[-121.729803,39.926597],[-121.729717,39.926602]]]},"properties":{"capture_dates":"12/6/2018-12/12/2018"}},{"type":"Feature","geometry":{"type":"Polygon","coordinates":[[[-121.729463,39.926652],[-121.729474,39.926744],[-121.729583,39.926737],[-121.729572,39.926644],[-121.729463,39.926652]]]},"properties":{"capture_dates":"12/6/2018-12/12/2018"}},{"type":"Feature","geometry":{"type":"Polygon","coordinates":[[[-121.73732,39.929455],[-121.737314,39.929312],[-121.737138,39.929316],[-121.737141,39.9294],[-121.737224,39.929398],[-121.737226,39.929458],[-121.73732,39.929455]]]},"properties":{"capture_dates":"12/6/2018-12/12/2018"}},{"type":"Feature","geometry":{"type":"Polygon","coordinates":[[[-121.737059,39.931358],[-121.737024,39.931352],[-121.737031,39.931325],[-121.736926,39.931308],[-121.736896,39.93142],[-121.737036,39.931442],[-121.737059,39.931358]]]},"properties":{"capture_dates":"12/6/2018-12/12/2018"}},{"type":"Feature","geometry":{"type":"Polygon","coordinates":[[[-121.73668,39.932683],[-121.736811,39.932694],[-121.736837,39.932506],[-121.736706,39.932496],[-121.73668,39.932683]]]},"properties":{"capture_dates":"12/6/2018-12/12/2018"}},{"type":"Feature","geometry":{"type":"Polygon","coordinates":[[[-121.732471,39.906332],[-121.732438,39.906246],[-121.732351,39.906266],[-121.732385,39.906352],[-121.732471,39.906332]]]},"properties":{"capture_dates":"12/6/2018-12/12/2018"}},{"type":"Feature","geometry":{"type":"Polygon","coordinates":[[[-121.736423,39.916015],[-121.736257,39.915954],[-121.736265,39.915942],[-121.736191,39.915915],[-121.736151,39.915978],[-121.736081,39.915952],[-121.736057,39.915991],[-121.736129,39.916017],[-121.736114,39.916041],[-121.736351,39.916128],[-121.736423,39.916015]]]},"properties":{"capture_dates":"12/6/2018-12/12/2018"}},{"type":"Feature","geometry":{"type":"Polygon","coordinates":[[[-121.73847,39.914128],[-121.738475,39.914314],[-121.738562,39.914313],[-121.738557,39.914127],[-121.73847,39.914128]]]},"properties":{"capture_dates":"12/6/2018-12/12/2018"}},{"type":"Feature","geometry":{"type":"Polygon","coordinates":[[[-121.733661,39.907774],[-121.733642,39.907682],[-121.733563,39.907691],[-121.733582,39.907783],[-121.733661,39.907774]]]},"properties":{"capture_dates":"12/6/2018-12/12/2018"}},{"type":"Feature","geometry":{"type":"Polygon","coordinates":[[[-121.735016,39.929599],[-121.735064,39.929785],[-121.735162,39.929771],[-121.735114,39.929585],[-121.735016,39.929599]]]},"properties":{"capture_dates":"12/6/2018-12/12/2018"}},{"type":"Feature","geometry":{"type":"Polygon","coordinates":[[[-121.736295,39.932273],[-121.736415,39.932275],[-121.736419,39.932154],[-121.736298,39.932152],[-121.736295,39.932273]]]},"properties":{"capture_dates":"12/6/2018-12/12/2018"}},{"type":"Feature","geometry":{"type":"Polygon","coordinates":[[[-121.728917,39.931577],[-121.72885,39.931529],[-121.728795,39.931573],[-121.728862,39.931622],[-121.728917,39.931577]]]},"properties":{"capture_dates":"12/6/2018-12/12/2018"}},{"type":"Feature","geometry":{"type":"Polygon","coordinates":[[[-121.729106,39.931165],[-121.729048,39.931238],[-121.729194,39.931306],[-121.729252,39.931233],[-121.729106,39.931165]]]},"properties":{"capture_dates":"12/6/2018-12/12/2018"}},{"type":"Feature","geometry":{"type":"Polygon","coordinates":[[[-121.731786,39.904344],[-121.731899,39.904355],[-121.731937,39.904109],[-121.731824,39.904099],[-121.731786,39.904344]]]},"properties":{"capture_dates":"12/6/2018-12/12/2018"}},{"type":"Feature","geometry":{"type":"Polygon","coordinates":[[[-121.737547,39.918848],[-121.737702,39.918868],[-121.737721,39.918782],[-121.737682,39.918777],[-121.737695,39.918714],[-121.737579,39.918699],[-121.737547,39.918848]]]},"properties":{"capture_dates":"12/6/2018-12/12/2018"}},{"type":"Feature","geometry":{"type":"Polygon","coordinates":[[[-121.739349,39.90505],[-121.739262,39.905081],[-121.739295,39.905136],[-121.739382,39.905105],[-121.739349,39.90505]]]},"properties":{"capture_dates":"12/6/2018-12/12/2018"}},{"type":"Feature","geometry":{"type":"Polygon","coordinates":[[[-121.740482,39.919431],[-121.74069,39.919478],[-121.740727,39.919382],[-121.74052,39.919335],[-121.740482,39.919431]]]},"properties":{"capture_dates":"12/6/2018-12/12/2018"}},{"type":"Feature","geometry":{"type":"Polygon","coordinates":[[[-121.734574,39.9326],[-121.734693,39.932683],[-121.734729,39.932653],[-121.73461,39.932569],[-121.734574,39.9326]]]},"properties":{"capture_dates":"12/6/2018-12/12/2018"}},{"type":"Feature","geometry":{"type":"Polygon","coordinates":[[[-121.734743,39.931436],[-121.734614,39.931413],[-121.734574,39.931549],[-121.734506,39.931538],[-121.734484,39.931612],[-121.734566,39.931626],[-121.734576,39.931593],[-121.734691,39.931613],[-121.734743,39.931436]]]},"properties":{"capture_dates":"12/6/2018-12/12/2018"}},{"type":"Feature","geometry":{"type":"Polygon","coordinates":[[[-121.732835,39.925514],[-121.732692,39.925486],[-121.732664,39.925569],[-121.732807,39.925597],[-121.732835,39.925514]]]},"properties":{"capture_dates":"12/6/2018-12/12/2018"}},{"type":"Feature","geometry":{"type":"Polygon","coordinates":[[[-121.737169,39.930646],[-121.736992,39.930676],[-121.737033,39.930821],[-121.73721,39.930791],[-121.737169,39.930646]]]},"properties":{"capture_dates":"12/6/2018-12/12/2018"}},{"type":"Feature","geometry":{"type":"Polygon","coordinates":[[[-121.738278,39.919163],[-121.738428,39.919162],[-121.738427,39.919095],[-121.738451,39.919094],[-121.73845,39.918983],[-121.738364,39.918984],[-121.738366,39.919095],[-121.738277,39.919095],[-121.738278,39.919163]]]},"properties":{"capture_dates":"12/6/2018-12/12/2018"}},{"type":"Feature","geometry":{"type":"Polygon","coordinates":[[[-121.735769,39.916018],[-121.735796,39.916026],[-121.735829,39.915959],[-121.735672,39.915914],[-121.735623,39.916014],[-121.735753,39.916052],[-121.735769,39.916018]]]},"properties":{"capture_dates":"12/6/2018-12/12/2018"}},{"type":"Feature","geometry":{"type":"Polygon","coordinates":[[[-121.71908,39.909305],[-121.718946,39.909266],[-121.718924,39.909311],[-121.719058,39.90935],[-121.71908,39.909305]]]},"properties":{"capture_dates":"12/6/2018-12/12/2018"}},{"type":"Feature","geometry":{"type":"Polygon","coordinates":[[[-121.725597,39.90974],[-121.725604,39.909854],[-121.725701,39.909851],[-121.725695,39.909737],[-121.725597,39.90974]]]},"properties":{"capture_dates":"12/6/2018-12/12/2018"}},{"type":"Feature","geometry":{"type":"Polygon","coordinates":[[[-121.7319,39.910003],[-121.731896,39.909943],[-121.731677,39.909951],[-121.731683,39.910049],[-121.731824,39.910044],[-121.731822,39.910006],[-121.7319,39.910003]]]},"properties":{"capture_dates":"12/6/2018-12/12/2018"}},{"type":"Feature","geometry":{"type":"Polygon","coordinates":[[[-121.729748,39.910147],[-121.729642,39.910163],[-121.72966,39.910235],[-121.729766,39.91022],[-121.729748,39.910147]]]},"properties":{"capture_dates":"12/6/2018-12/12/2018"}},{"type":"Feature","geometry":{"type":"Polygon","coordinates":[[[-121.725754,39.910592],[-121.725676,39.910605],[-121.725665,39.910566],[-121.725519,39.91059],[-121.725537,39.910654],[-121.725556,39.910651],[-121.725585,39.910751],[-121.72575,39.910723],[-121.725738,39.910679],[-121.725777,39.910672],[-121.725754,39.910592]]]},"properties":{"capture_dates":"12/6/2018-12/12/2018"}},{"type":"Feature","geometry":{"type":"Polygon","coordinates":[[[-121.725592,39.910783],[-121.725585,39.910906],[-121.725684,39.910909],[-121.725691,39.910786],[-121.725592,39.910783]]]},"properties":{"capture_dates":"12/6/2018-12/12/2018"}},{"type":"Feature","geometry":{"type":"Polygon","coordinates":[[[-121.727411,39.911385],[-121.727521,39.911383],[-121.727518,39.911285],[-121.727408,39.911287],[-121.727411,39.911385]]]},"properties":{"capture_dates":"12/6/2018-12/12/2018"}},{"type":"Feature","geometry":{"type":"Polygon","coordinates":[[[-121.734343,39.911384],[-121.734295,39.911511],[-121.734385,39.911531],[-121.734433,39.911404],[-121.734343,39.911384]]]},"properties":{"capture_dates":"12/6/2018-12/12/2018"}},{"type":"Feature","geometry":{"type":"Polygon","coordinates":[[[-121.727459,39.911632],[-121.727339,39.911666],[-121.727372,39.911732],[-121.72741,39.911722],[-121.727445,39.911795],[-121.727527,39.911772],[-121.727459,39.911632]]]},"properties":{"capture_dates":"12/6/2018-12/12/2018"}},{"type":"Feature","geometry":{"type":"Polygon","coordinates":[[[-121.724745,39.911961],[-121.724777,39.911866],[-121.724667,39.911845],[-121.724592,39.912072],[-121.724691,39.912091],[-121.724735,39.911959],[-121.724745,39.911961]]]},"properties":{"capture_dates":"12/6/2018-12/12/2018"}},{"type":"Feature","geometry":{"type":"Polygon","coordinates":[[[-121.730968,39.911908],[-121.730824,39.911918],[-121.730833,39.911986],[-121.730976,39.911976],[-121.730968,39.911908]]]},"properties":{"capture_dates":"12/6/2018-12/12/2018"}},{"type":"Feature","geometry":{"type":"Polygon","coordinates":[[[-121.735308,39.912186],[-121.735336,39.912212],[-121.735248,39.912267],[-121.735342,39.912356],[-121.735495,39.912262],[-121.735373,39.912146],[-121.735308,39.912186]]]},"properties":{"capture_dates":"12/6/2018-12/12/2018"}},{"type":"Feature","geometry":{"type":"Polygon","coordinates":[[[-121.724978,39.912368],[-121.724928,39.912442],[-121.725114,39.912516],[-121.725164,39.912442],[-121.724978,39.912368]]]},"properties":{"capture_dates":"12/6/2018-12/12/2018"}},{"type":"Feature","geometry":{"type":"Polygon","coordinates":[[[-121.726412,39.912784],[-121.726341,39.912758],[-121.726298,39.912827],[-121.726369,39.912853],[-121.726412,39.912784]]]},"properties":{"capture_dates":"12/6/2018-12/12/2018"}},{"type":"Feature","geometry":{"type":"Polygon","coordinates":[[[-121.726462,39.91292],[-121.726628,39.912956],[-121.726655,39.912882],[-121.726489,39.912846],[-121.726462,39.91292]]]},"properties":{"capture_dates":"12/6/2018-12/12/2018"}},{"type":"Feature","geometry":{"type":"Polygon","coordinates":[[[-121.723712,39.913667],[-121.723714,39.913722],[-121.72387,39.913718],[-121.723867,39.913662],[-121.723712,39.913667]]]},"properties":{"capture_dates":"12/6/2018-12/12/2018"}},{"type":"Feature","geometry":{"type":"Polygon","coordinates":[[[-121.731913,39.914094],[-121.731886,39.913995],[-121.731714,39.914023],[-121.731722,39.914052],[-121.731668,39.914061],[-121.731687,39.91413],[-121.731913,39.914094]]]},"properties":{"capture_dates":"12/6/2018-12/12/2018"}},{"type":"Feature","geometry":{"type":"Polygon","coordinates":[[[-121.732194,39.914045],[-121.732051,39.914019],[-121.732028,39.914091],[-121.732171,39.914117],[-121.732194,39.914045]]]},"properties":{"capture_dates":"12/6/2018-12/12/2018"}},{"type":"Feature","geometry":{"type":"Polygon","coordinates":[[[-121.731498,39.915137],[-121.731503,39.915229],[-121.731673,39.915223],[-121.731668,39.915132],[-121.731498,39.915137]]]},"properties":{"capture_dates":"12/6/2018-12/12/2018"}},{"type":"Feature","geometry":{"type":"Polygon","coordinates":[[[-121.731754,39.915252],[-121.731592,39.915264],[-121.731597,39.915298],[-121.731523,39.915303],[-121.73154,39.915436],[-121.731666,39.915427],[-121.731659,39.915365],[-121.731768,39.915357],[-121.731754,39.915252]]]},"properties":{"capture_dates":"12/6/2018-12/12/2018"}},{"type":"Feature","geometry":{"type":"Polygon","coordinates":[[[-121.722855,39.915407],[-121.722838,39.915375],[-121.722966,39.915335],[-121.722925,39.915258],[-121.722697,39.915331],[-121.722755,39.915439],[-121.722855,39.915407]]]},"properties":{"capture_dates":"12/6/2018-12/12/2018"}},{"type":"Feature","geometry":{"type":"Polygon","coordinates":[[[-121.733828,39.91536],[-121.733935,39.915503],[-121.734026,39.915464],[-121.733977,39.915398],[-121.733959,39.915405],[-121.733902,39.915328],[-121.733828,39.91536]]]},"properties":{"capture_dates":"12/6/2018-12/12/2018"}},{"type":"Feature","geometry":{"type":"Polygon","coordinates":[[[-121.724807,39.915364],[-121.724728,39.915388],[-121.724812,39.915553],[-121.724891,39.915529],[-121.724807,39.915364]]]},"properties":{"capture_dates":"12/6/2018-12/12/2018"}},{"type":"Feature","geometry":{"type":"Polygon","coordinates":[[[-121.724734,39.915535],[-121.724696,39.915467],[-121.724611,39.915494],[-121.724648,39.915562],[-121.724734,39.915535]]]},"properties":{"capture_dates":"12/6/2018-12/12/2018"}},{"type":"Feature","geometry":{"type":"Polygon","coordinates":[[[-121.732338,39.914013],[-121.732252,39.914015],[-121.732257,39.914125],[-121.732343,39.914123],[-121.732338,39.914013]]]},"properties":{"capture_dates":"12/6/2018-12/12/2018"}},{"type":"Feature","geometry":{"type":"Polygon","coordinates":[[[-121.729692,39.909921],[-121.72964,39.909861],[-121.729417,39.909973],[-121.729486,39.910055],[-121.729641,39.909978],[-121.729622,39.909956],[-121.729692,39.909921]]]},"properties":{"capture_dates":"12/6/2018-12/12/2018"}},{"type":"Feature","geometry":{"type":"Polygon","coordinates":[[[-121.733785,39.910594],[-121.733878,39.910608],[-121.733936,39.910381],[-121.733843,39.910366],[-121.733785,39.910594]]]},"properties":{"capture_dates":"12/6/2018-12/12/2018"}},{"type":"Feature","geometry":{"type":"Polygon","coordinates":[[[-121.701255,39.939414],[-121.701104,39.93945],[-121.701149,39.939562],[-121.701301,39.939525],[-121.701255,39.939414]]]},"properties":{"capture_dates":"12/6/2018-12/12/2018"}},{"type":"Feature","geometry":{"type":"Polygon","coordinates":[[[-121.721531,39.940842],[-121.721667,39.940802],[-121.721605,39.940677],[-121.721469,39.940716],[-121.721531,39.940842]]]},"properties":{"capture_dates":"12/6/2018-12/12/2018"}},{"type":"Feature","geometry":{"type":"Polygon","coordinates":[[[-121.730998,39.941493],[-121.731063,39.941318],[-121.730943,39.941292],[-121.730915,39.94137],[-121.73089,39.941365],[-121.730833,39.941519],[-121.730952,39.941545],[-121.730973,39.941488],[-121.730998,39.941493]]]},"properties":{"capture_dates":"12/6/2018-12/12/2018"}},{"type":"Feature","geometry":{"type":"Polygon","coordinates":[[[-121.723382,39.941489],[-121.723209,39.941494],[-121.723213,39.941574],[-121.723386,39.941569],[-121.723382,39.941489]]]},"properties":{"capture_dates":"12/6/2018-12/12/2018"}},{"type":"Feature","geometry":{"type":"Polygon","coordinates":[[[-121.707253,39.941533],[-121.707238,39.941563],[-121.707325,39.941589],[-121.70734,39.941559],[-121.707253,39.941533]]]},"properties":{"capture_dates":"12/6/2018-12/12/2018"}},{"type":"Feature","geometry":{"type":"Polygon","coordinates":[[[-121.707506,39.941759],[-121.707582,39.941793],[-121.707644,39.941711],[-121.707567,39.941677],[-121.707506,39.941759]]]},"properties":{"capture_dates":"12/6/2018-12/12/2018"}},{"type":"Feature","geometry":{"type":"Polygon","coordinates":[[[-121.719,39.942138],[-121.718968,39.942235],[-121.719196,39.94228],[-121.719228,39.942183],[-121.719,39.942138]]]},"properties":{"capture_dates":"12/6/2018-12/12/2018"}},{"type":"Feature","geometry":{"type":"Polygon","coordinates":[[[-121.733381,39.942968],[-121.733375,39.942815],[-121.733463,39.942813],[-121.733461,39.942754],[-121.733254,39.942759],[-121.733263,39.942971],[-121.733381,39.942968]]]},"properties":{"capture_dates":"12/6/2018-12/12/2018"}},{"type":"Feature","geometry":{"type":"Polygon","coordinates":[[[-121.709787,39.943439],[-121.709789,39.943537],[-121.709883,39.943536],[-121.709881,39.943438],[-121.709787,39.943439]]]},"properties":{"capture_dates":"12/6/2018-12/12/2018"}},{"type":"Feature","geometry":{"type":"Polygon","coordinates":[[[-121.729375,39.943481],[-121.729176,39.943496],[-121.729188,39.94359],[-121.729264,39.943585],[-121.729261,39.94356],[-121.729384,39.94355],[-121.729375,39.943481]]]},"properties":{"capture_dates":"12/6/2018-12/12/2018"}},{"type":"Feature","geometry":{"type":"Polygon","coordinates":[[[-121.71839,39.943599],[-121.718392,39.943663],[-121.718526,39.943661],[-121.718524,39.943596],[-121.71839,39.943599]]]},"properties":{"capture_dates":"12/6/2018-12/12/2018"}},{"type":"Feature","geometry":{"type":"Polygon","coordinates":[[[-121.718235,39.944034],[-121.718179,39.943942],[-121.71808,39.943977],[-121.718137,39.94407],[-121.718235,39.944034]]]},"properties":{"capture_dates":"12/6/2018-12/12/2018"}},{"type":"Feature","geometry":{"type":"Polygon","coordinates":[[[-121.733424,39.944935],[-121.733309,39.944792],[-121.733221,39.944833],[-121.733336,39.944977],[-121.733424,39.944935]]]},"properties":{"capture_dates":"12/6/2018-12/12/2018"}},{"type":"Feature","geometry":{"type":"Polygon","coordinates":[[[-121.716788,39.945227],[-121.716882,39.945202],[-121.716911,39.945266],[-121.71709,39.945219],[-121.717034,39.945094],[-121.716956,39.945115],[-121.716944,39.945089],[-121.716749,39.945141],[-121.716788,39.945227]]]},"properties":{"capture_dates":"12/6/2018-12/12/2018"}},{"type":"Feature","geometry":{"type":"Polygon","coordinates":[[[-121.723753,39.945256],[-121.723649,39.945337],[-121.723614,39.94531],[-121.72353,39.945376],[-121.723594,39.945424],[-121.723622,39.945403],[-121.723674,39.945442],[-121.723785,39.945356],[-121.723828,39.945388],[-121.723877,39.94535],[-121.723753,39.945256]]]},"properties":{"capture_dates":"12/6/2018-12/12/2018"}},{"type":"Feature","geometry":{"type":"Polygon","coordinates":[[[-121.697742,39.945329],[-121.697612,39.945311],[-121.697598,39.945369],[-121.697728,39.945387],[-121.697742,39.945329]]]},"properties":{"capture_dates":"12/6/2018-12/12/2018"}},{"type":"Feature","geometry":{"type":"Polygon","coordinates":[[[-121.69775,39.945846],[-121.697824,39.945815],[-121.697849,39.94585],[-121.697897,39.945831],[-121.697861,39.945779],[-121.697915,39.945757],[-121.697871,39.945693],[-121.697694,39.945766],[-121.69775,39.945846]]]},"properties":{"capture_dates":"12/6/2018-12/12/2018"}},{"type":"Feature","geometry":{"type":"Polygon","coordinates":[[[-121.723098,39.945843],[-121.723066,39.945755],[-121.722879,39.945795],[-121.722911,39.945883],[-121.723098,39.945843]]]},"properties":{"capture_dates":"12/6/2018-12/12/2018"}},{"type":"Feature","geometry":{"type":"Polygon","coordinates":[[[-121.697565,39.945857],[-121.697612,39.94592],[-121.697715,39.945876],[-121.697667,39.945812],[-121.697565,39.945857]]]},"properties":{"capture_dates":"12/6/2018-12/12/2018"}},{"type":"Feature","geometry":{"type":"Polygon","coordinates":[[[-121.726011,39.946382],[-121.726089,39.946425],[-121.726249,39.946254],[-121.726172,39.946212],[-121.726085,39.946304],[-121.726054,39.946287],[-121.726019,39.946325],[-121.726049,39.946341],[-121.726011,39.946382]]]},"properties":{"capture_dates":"12/6/2018-12/12/2018"}},{"type":"Feature","geometry":{"type":"Polygon","coordinates":[[[-121.719682,39.946265],[-121.719591,39.946479],[-121.719704,39.946507],[-121.719728,39.946451],[-121.719785,39.946465],[-121.719804,39.94642],[-121.719793,39.946418],[-121.719841,39.946305],[-121.719682,39.946265]]]},"properties":{"capture_dates":"12/6/2018-12/12/2018"}},{"type":"Feature","geometry":{"type":"Polygon","coordinates":[[[-121.730431,39.946444],[-121.730732,39.946534],[-121.730794,39.946409],[-121.730625,39.946359],[-121.730601,39.946408],[-121.730469,39.946368],[-121.730431,39.946444]]]},"properties":{"capture_dates":"12/6/2018-12/12/2018"}},{"type":"Feature","geometry":{"type":"Polygon","coordinates":[[[-121.70075,39.946527],[-121.700565,39.946524],[-121.700562,39.946631],[-121.700747,39.946634],[-121.70075,39.946527]]]},"properties":{"capture_dates":"12/6/2018-12/12/2018"}},{"type":"Feature","geometry":{"type":"Polygon","coordinates":[[[-121.713825,39.94678],[-121.713904,39.94686],[-121.714046,39.946776],[-121.713967,39.946696],[-121.713825,39.94678]]]},"properties":{"capture_dates":"12/6/2018-12/12/2018"}},{"type":"Feature","geometry":{"type":"Polygon","coordinates":[[[-121.716924,39.947024],[-121.716837,39.947027],[-121.716841,39.947095],[-121.716928,39.947092],[-121.716924,39.947024]]]},"properties":{"capture_dates":"12/6/2018-12/12/2018"}},{"type":"Feature","geometry":{"type":"Polygon","coordinates":[[[-121.726122,39.947398],[-121.726246,39.947435],[-121.72632,39.947285],[-121.726196,39.947249],[-121.726122,39.947398]]]},"properties":{"capture_dates":"12/6/2018-12/12/2018"}},{"type":"Feature","geometry":{"type":"Polygon","coordinates":[[[-121.715474,39.947329],[-121.71531,39.947334],[-121.715314,39.947404],[-121.715477,39.947399],[-121.715474,39.947329]]]},"properties":{"capture_dates":"12/6/2018-12/12/2018"}},{"type":"Feature","geometry":{"type":"Polygon","coordinates":[[[-121.71554,39.947392],[-121.715538,39.947332],[-121.71548,39.947333],[-121.715482,39.947393],[-121.71554,39.947392]]]},"properties":{"capture_dates":"12/6/2018-12/12/2018"}},{"type":"Feature","geometry":{"type":"Polygon","coordinates":[[[-121.720466,39.947415],[-121.720434,39.947348],[-121.720294,39.947388],[-121.720327,39.947455],[-121.720466,39.947415]]]},"properties":{"capture_dates":"12/6/2018-12/12/2018"}},{"type":"Feature","geometry":{"type":"Polygon","coordinates":[[[-121.704457,39.947945],[-121.704373,39.947898],[-121.704253,39.948025],[-121.704338,39.948072],[-121.704457,39.947945]]]},"properties":{"capture_dates":"12/6/2018-12/12/2018"}},{"type":"Feature","geometry":{"type":"Polygon","coordinates":[[[-121.721275,39.948469],[-121.721269,39.948326],[-121.721108,39.94833],[-121.721114,39.948473],[-121.721275,39.948469]]]},"properties":{"capture_dates":"12/6/2018-12/12/2018"}},{"type":"Feature","geometry":{"type":"Polygon","coordinates":[[[-121.720437,39.948688],[-121.720546,39.948708],[-121.72061,39.948502],[-121.720501,39.948482],[-121.720437,39.948688]]]},"properties":{"capture_dates":"12/6/2018-12/12/2018"}},{"type":"Feature","geometry":{"type":"Polygon","coordinates":[[[-121.717539,39.939893],[-121.717645,39.939916],[-121.717673,39.939839],[-121.717567,39.939816],[-121.717539,39.939893]]]},"properties":{"capture_dates":"12/6/2018-12/12/2018"}},{"type":"Feature","geometry":{"type":"Polygon","coordinates":[[[-121.71932,39.946939],[-121.719167,39.946888],[-121.719115,39.946982],[-121.719267,39.947032],[-121.71932,39.946939]]]},"properties":{"capture_dates":"12/6/2018-12/12/2018"}},{"type":"Feature","geometry":{"type":"Polygon","coordinates":[[[-121.722107,39.946538],[-121.722164,39.9466],[-121.722226,39.946567],[-121.722169,39.946505],[-121.722107,39.946538]]]},"properties":{"capture_dates":"12/6/2018-12/12/2018"}},{"type":"Feature","geometry":{"type":"Polygon","coordinates":[[[-121.727419,39.943997],[-121.727415,39.944068],[-121.727511,39.944071],[-121.727516,39.944001],[-121.727419,39.943997]]]},"properties":{"capture_dates":"12/6/2018-12/12/2018"}},{"type":"Feature","geometry":{"type":"Polygon","coordinates":[[[-121.720827,39.941504],[-121.721017,39.941592],[-121.721086,39.941502],[-121.720897,39.941415],[-121.720827,39.941504]]]},"properties":{"capture_dates":"12/6/2018-12/12/2018"}},{"type":"Feature","geometry":{"type":"Polygon","coordinates":[[[-121.716573,39.800544],[-121.716679,39.800388],[-121.716616,39.800362],[-121.716595,39.800392],[-121.716406,39.800316],[-121.716359,39.800386],[-121.716323,39.800371],[-121.716286,39.800426],[-121.716313,39.800458],[-121.716361,39.800477],[-121.716407,39.800454],[-121.716433,39.800416],[-121.716507,39.800445],[-121.716484,39.800479],[-121.71645,39.800496],[-121.71642,39.80054],[-121.716454,39.800581],[-121.716479,39.800591],[-121.71654,39.800664],[-121.716593,39.800638],[-121.716573,39.800544]]]},"properties":{"capture_dates":"12/6/2018-12/12/2018"}},{"type":"Feature","geometry":{"type":"Polygon","coordinates":[[[-121.71597,39.801163],[-121.715876,39.801165],[-121.715877,39.801197],[-121.715971,39.801196],[-121.71597,39.801163]]]},"properties":{"capture_dates":"12/6/2018-12/12/2018"}},{"type":"Feature","geometry":{"type":"Polygon","coordinates":[[[-121.715752,39.800942],[-121.715693,39.801004],[-121.715811,39.801071],[-121.71587,39.801009],[-121.715752,39.800942]]]},"properties":{"capture_dates":"12/6/2018-12/12/2018"}},{"type":"Feature","geometry":{"type":"Polygon","coordinates":[[[-121.715197,39.802088],[-121.715202,39.802192],[-121.715385,39.802187],[-121.715388,39.802236],[-121.71543,39.802249],[-121.715433,39.802316],[-121.71548,39.80233],[-121.715451,39.802387],[-121.715509,39.802404],[-121.715549,39.802326],[-121.715596,39.802325],[-121.715618,39.802282],[-121.715615,39.802212],[-121.715498,39.802177],[-121.715516,39.802141],[-121.715514,39.802107],[-121.715436,39.802084],[-121.715386,39.802085],[-121.715379,39.802083],[-121.715197,39.802088]]]},"properties":{"capture_dates":"12/6/2018-12/12/2018"}},{"type":"Feature","geometry":{"type":"Polygon","coordinates":[[[-121.715192,39.798862],[-121.71541,39.79899],[-121.71552,39.79888],[-121.715301,39.798752],[-121.715192,39.798862]]]},"properties":{"capture_dates":"12/6/2018-12/12/2018"}},{"type":"Feature","geometry":{"type":"Polygon","coordinates":[[[-121.71471,39.800074],[-121.714823,39.800087],[-121.714847,39.799964],[-121.714601,39.799936],[-121.714579,39.800045],[-121.714713,39.80006],[-121.71471,39.800074]]]},"properties":{"capture_dates":"12/6/2018-12/12/2018"}},{"type":"Feature","geometry":{"type":"Polygon","coordinates":[[[-121.713891,39.801923],[-121.713938,39.801962],[-121.713999,39.80192],[-121.713952,39.80188],[-121.713891,39.801923]]]},"properties":{"capture_dates":"12/6/2018-12/12/2018"}},{"type":"Feature","geometry":{"type":"Polygon","coordinates":[[[-121.713973,39.803992],[-121.713718,39.803973],[-121.713695,39.804154],[-121.713785,39.804161],[-121.713775,39.804236],[-121.713884,39.804244],[-121.713891,39.80419],[-121.713859,39.804188],[-121.713876,39.804061],[-121.713963,39.804068],[-121.713973,39.803992]]]},"properties":{"capture_dates":"12/6/2018-12/12/2018"}},{"type":"Feature","geometry":{"type":"Polygon","coordinates":[[[-121.712651,39.803732],[-121.71253,39.803843],[-121.712649,39.803919],[-121.71277,39.803809],[-121.712651,39.803732]]]},"properties":{"capture_dates":"12/6/2018-12/12/2018"}},{"type":"Feature","geometry":{"type":"Polygon","coordinates":[[[-121.712028,39.810201],[-121.71206,39.810397],[-121.712205,39.810383],[-121.712187,39.810274],[-121.712237,39.810269],[-121.712223,39.810182],[-121.712028,39.810201]]]},"properties":{"capture_dates":"12/6/2018-12/12/2018"}},{"type":"Feature","geometry":{"type":"Polygon","coordinates":[[[-121.711908,39.808722],[-121.711882,39.808826],[-121.712001,39.808844],[-121.712005,39.808827],[-121.71209,39.80884],[-121.712077,39.80889],[-121.712193,39.808907],[-121.712231,39.808753],[-121.712206,39.80875],[-121.712216,39.808713],[-121.712122,39.808699],[-121.712109,39.808752],[-121.711908,39.808722]]]},"properties":{"capture_dates":"12/6/2018-12/12/2018"}},{"type":"Feature","geometry":{"type":"Polygon","coordinates":[[[-121.711581,39.811261],[-121.711508,39.811209],[-121.711393,39.811306],[-121.711563,39.811425],[-121.711704,39.811306],[-121.711608,39.811238],[-121.711581,39.811261]]]},"properties":{"capture_dates":"12/6/2018-12/12/2018"}},{"type":"Feature","geometry":{"type":"Polygon","coordinates":[[[-121.71167,39.812206],[-121.711583,39.812136],[-121.711386,39.812283],[-121.711551,39.812414],[-121.711636,39.812351],[-121.711607,39.812328],[-121.711637,39.812305],[-121.711589,39.812266],[-121.71167,39.812206]]]},"properties":{"capture_dates":"12/6/2018-12/12/2018"}},{"type":"Feature","geometry":{"type":"Polygon","coordinates":[[[-121.711098,39.809642],[-121.711228,39.809641],[-121.711229,39.809686],[-121.711339,39.809685],[-121.711335,39.809448],[-121.711273,39.809449],[-121.711273,39.809475],[-121.711096,39.809477],[-121.711098,39.809642]]]},"properties":{"capture_dates":"12/6/2018-12/12/2018"}},{"type":"Feature","geometry":{"type":"Polygon","coordinates":[[[-121.711247,39.806316],[-121.71115,39.806233],[-121.710991,39.806344],[-121.711088,39.806426],[-121.711247,39.806316]]]},"properties":{"capture_dates":"12/6/2018-12/12/2018"}},{"type":"Feature","geometry":{"type":"Polygon","coordinates":[[[-121.710913,39.80758],[-121.710989,39.807604],[-121.711011,39.807564],[-121.711035,39.807572],[-121.711067,39.807514],[-121.711005,39.807494],[-121.710979,39.807542],[-121.710941,39.807529],[-121.710913,39.80758]]]},"properties":{"capture_dates":"12/6/2018-12/12/2018"}},{"type":"Feature","geometry":{"type":"Polygon","coordinates":[[[-121.710258,39.809151],[-121.710136,39.809144],[-121.710131,39.80919],[-121.710253,39.809198],[-121.710258,39.809151]]]},"properties":{"capture_dates":"12/6/2018-12/12/2018"}},{"type":"Feature","geometry":{"type":"Polygon","coordinates":[[[-121.709948,39.806651],[-121.709932,39.8066],[-121.70986,39.806613],[-121.709894,39.806724],[-121.710041,39.806697],[-121.710023,39.806638],[-121.709948,39.806651]]]},"properties":{"capture_dates":"12/6/2018-12/12/2018"}},{"type":"Feature","geometry":{"type":"Polygon","coordinates":[[[-121.711423,39.813387],[-121.711463,39.813489],[-121.711616,39.813454],[-121.711562,39.813316],[-121.711419,39.813348],[-121.711433,39.813384],[-121.711423,39.813387]]]},"properties":{"capture_dates":"12/6/2018-12/12/2018"}},{"type":"Feature","geometry":{"type":"Polygon","coordinates":[[[-121.715418,39.798463],[-121.715379,39.798529],[-121.715574,39.798597],[-121.715612,39.798533],[-121.715571,39.798519],[-121.715593,39.798482],[-121.715518,39.798456],[-121.715497,39.798491],[-121.715418,39.798463]]]},"properties":{"capture_dates":"12/6/2018-12/12/2018"}},{"type":"Feature","geometry":{"type":"Polygon","coordinates":[[[-121.711327,39.805315],[-121.711432,39.805342],[-121.71146,39.805277],[-121.711355,39.80525],[-121.711327,39.805315]]]},"properties":{"capture_dates":"12/6/2018-12/12/2018"}},{"type":"Feature","geometry":{"type":"Polygon","coordinates":[[[-121.713788,39.80199],[-121.71367,39.801996],[-121.713674,39.802037],[-121.713652,39.802038],[-121.713661,39.802139],[-121.71369,39.802137],[-121.713693,39.802174],[-121.713739,39.802172],[-121.713746,39.802265],[-121.713883,39.802259],[-121.713873,39.802144],[-121.713801,39.802147],[-121.713788,39.80199]]]},"properties":{"capture_dates":"12/6/2018-12/12/2018"}},{"type":"Feature","geometry":{"type":"Polygon","coordinates":[[[-121.716077,39.801019],[-121.715934,39.800933],[-121.715858,39.801007],[-121.716002,39.801093],[-121.716077,39.801019]]]},"properties":{"capture_dates":"12/6/2018-12/12/2018"}},{"type":"Feature","geometry":{"type":"Polygon","coordinates":[[[-121.714588,39.800751],[-121.714688,39.800752],[-121.71469,39.800626],[-121.714647,39.800626],[-121.714648,39.800604],[-121.714592,39.800604],[-121.714588,39.800751]]]},"properties":{"capture_dates":"12/6/2018-12/12/2018"}},{"type":"Feature","geometry":{"type":"Polygon","coordinates":[[[-121.716029,39.801113],[-121.716032,39.801184],[-121.716197,39.80118],[-121.716194,39.801109],[-121.716029,39.801113]]]},"properties":{"capture_dates":"12/6/2018-12/12/2018"}},{"type":"Feature","geometry":{"type":"Polygon","coordinates":[[[-121.685113,39.869593],[-121.685,39.869566],[-121.68493,39.869746],[-121.685043,39.869772],[-121.685113,39.869593]]]},"properties":{"capture_dates":"12/6/2018-12/12/2018"}},{"type":"Feature","geometry":{"type":"Polygon","coordinates":[[[-121.684049,39.869919],[-121.683968,39.870028],[-121.684079,39.870077],[-121.684161,39.869969],[-121.684049,39.869919]]]},"properties":{"capture_dates":"12/6/2018-12/12/2018"}},{"type":"Feature","geometry":{"type":"Polygon","coordinates":[[[-121.68415,39.870583],[-121.684267,39.870609],[-121.684302,39.87052],[-121.684184,39.870494],[-121.68415,39.870583]]]},"properties":{"capture_dates":"12/6/2018-12/12/2018"}},{"type":"Feature","geometry":{"type":"Polygon","coordinates":[[[-121.684111,39.870727],[-121.684082,39.870782],[-121.684186,39.870814],[-121.684215,39.870759],[-121.684111,39.870727]]]},"properties":{"capture_dates":"12/6/2018-12/12/2018"}},{"type":"Feature","geometry":{"type":"Polygon","coordinates":[[[-121.683519,39.87171],[-121.683405,39.871657],[-121.683306,39.871781],[-121.68342,39.871834],[-121.683519,39.87171]]]},"properties":{"capture_dates":"12/6/2018-12/12/2018"}},{"type":"Feature","geometry":{"type":"Polygon","coordinates":[[[-121.683004,39.871894],[-121.683037,39.871852],[-121.682898,39.871787],[-121.682814,39.871892],[-121.683025,39.871992],[-121.683076,39.871928],[-121.683004,39.871894]]]},"properties":{"capture_dates":"12/6/2018-12/12/2018"}},{"type":"Feature","geometry":{"type":"Polygon","coordinates":[[[-121.681296,39.871979],[-121.681167,39.872085],[-121.681233,39.872132],[-121.681362,39.872026],[-121.681296,39.871979]]]},"properties":{"capture_dates":"12/6/2018-12/12/2018"}},{"type":"Feature","geometry":{"type":"Polygon","coordinates":[[[-121.682454,39.872312],[-121.682414,39.872378],[-121.682506,39.872411],[-121.682546,39.872346],[-121.682454,39.872312]]]},"properties":{"capture_dates":"12/6/2018-12/12/2018"}},{"type":"Feature","geometry":{"type":"Polygon","coordinates":[[[-121.681214,39.872596],[-121.681145,39.872532],[-121.681284,39.872444],[-121.68121,39.872376],[-121.680987,39.872518],[-121.681129,39.87265],[-121.681214,39.872596]]]},"properties":{"capture_dates":"12/6/2018-12/12/2018"}},{"type":"Feature","geometry":{"type":"Polygon","coordinates":[[[-121.68418,39.872384],[-121.684111,39.872473],[-121.684286,39.872553],[-121.684355,39.872464],[-121.68418,39.872384]]]},"properties":{"capture_dates":"12/6/2018-12/12/2018"}},{"type":"Feature","geometry":{"type":"Polygon","coordinates":[[[-121.68365,39.872902],[-121.68376,39.872941],[-121.683804,39.872869],[-121.683695,39.872829],[-121.68365,39.872902]]]},"properties":{"capture_dates":"12/6/2018-12/12/2018"}},{"type":"Feature","geometry":{"type":"Polygon","coordinates":[[[-121.681679,39.873006],[-121.681776,39.872879],[-121.681685,39.872837],[-121.681538,39.873029],[-121.681655,39.873081],[-121.681704,39.873017],[-121.681679,39.873006]]]},"properties":{"capture_dates":"12/6/2018-12/12/2018"}},{"type":"Feature","geometry":{"type":"Polygon","coordinates":[[[-121.684572,39.872974],[-121.684506,39.872973],[-121.684503,39.873054],[-121.684569,39.873055],[-121.684572,39.872974]]]},"properties":{"capture_dates":"12/6/2018-12/12/2018"}},{"type":"Feature","geometry":{"type":"Polygon","coordinates":[[[-121.684783,39.873007],[-121.684695,39.873009],[-121.684697,39.873089],[-121.684786,39.873087],[-121.684783,39.873007]]]},"properties":{"capture_dates":"12/6/2018-12/12/2018"}},{"type":"Feature","geometry":{"type":"Polygon","coordinates":[[[-121.681503,39.873195],[-121.681394,39.873155],[-121.681306,39.873297],[-121.681416,39.873337],[-121.681503,39.873195]]]},"properties":{"capture_dates":"12/6/2018-12/12/2018"}},{"type":"Feature","geometry":{"type":"Polygon","coordinates":[[[-121.68145,39.874218],[-121.681547,39.874268],[-121.681741,39.874043],[-121.681644,39.873994],[-121.68145,39.874218]]]},"properties":{"capture_dates":"12/6/2018-12/12/2018"}},{"type":"Feature","geometry":{"type":"Polygon","coordinates":[[[-121.683971,39.874248],[-121.684063,39.874302],[-121.684151,39.874213],[-121.68406,39.874159],[-121.683971,39.874248]]]},"properties":{"capture_dates":"12/6/2018-12/12/2018"}},{"type":"Feature","geometry":{"type":"Polygon","coordinates":[[[-121.681093,39.874458],[-121.680714,39.874449],[-121.68071,39.874552],[-121.680804,39.874554],[-121.680803,39.874571],[-121.681089,39.874577],[-121.681093,39.874458]]]},"properties":{"capture_dates":"12/6/2018-12/12/2018"}},{"type":"Feature","geometry":{"type":"Polygon","coordinates":[[[-121.682236,39.875523],[-121.682221,39.875386],[-121.682035,39.875397],[-121.682049,39.875534],[-121.682236,39.875523]]]},"properties":{"capture_dates":"12/6/2018-12/12/2018"}},{"type":"Feature","geometry":{"type":"Polygon","coordinates":[[[-121.681409,39.872265],[-121.681359,39.872299],[-121.681479,39.872402],[-121.681653,39.872283],[-121.681582,39.872222],[-121.681459,39.872307],[-121.681409,39.872265]]]},"properties":{"capture_dates":"12/6/2018-12/12/2018"}},{"type":"Feature","geometry":{"type":"Polygon","coordinates":[[[-121.6825,39.872108],[-121.682528,39.872191],[-121.682605,39.872176],[-121.682611,39.872193],[-121.682801,39.872156],[-121.682789,39.872121],[-121.682823,39.872114],[-121.682805,39.87206],[-121.682765,39.872068],[-121.68276,39.872054],[-121.682655,39.872075],[-121.682655,39.872077],[-121.6825,39.872108]]]},"properties":{"capture_dates":"12/6/2018-12/12/2018"}},{"type":"Feature","geometry":{"type":"Polygon","coordinates":[[[-121.681244,39.875148],[-121.681131,39.87495],[-121.680989,39.874997],[-121.681032,39.875072],[-121.681049,39.875066],[-121.68112,39.87519],[-121.681244,39.875148]]]},"properties":{"capture_dates":"12/6/2018-12/12/2018"}},{"type":"Feature","geometry":{"type":"Polygon","coordinates":[[[-121.682296,39.872524],[-121.682393,39.872546],[-121.682455,39.872386],[-121.682358,39.872364],[-121.682296,39.872524]]]},"properties":{"capture_dates":"12/6/2018-12/12/2018"}},{"type":"Feature","geometry":{"type":"Polygon","coordinates":[[[-121.683441,39.872949],[-121.68357,39.873],[-121.683688,39.872824],[-121.683559,39.872773],[-121.683441,39.872949]]]},"properties":{"capture_dates":"12/6/2018-12/12/2018"}},{"type":"Feature","geometry":{"type":"Polygon","coordinates":[[[-121.681892,39.874456],[-121.681723,39.874463],[-121.681729,39.874542],[-121.681808,39.874539],[-121.681812,39.874599],[-121.681902,39.874595],[-121.681892,39.874456]]]},"properties":{"capture_dates":"12/6/2018-12/12/2018"}},{"type":"Feature","geometry":{"type":"Polygon","coordinates":[[[-121.682644,39.871215],[-121.682743,39.871298],[-121.682854,39.87122],[-121.682723,39.87111],[-121.682653,39.871159],[-121.682685,39.871186],[-121.682644,39.871215]]]},"properties":{"capture_dates":"12/6/2018-12/12/2018"}},{"type":"Feature","geometry":{"type":"Polygon","coordinates":[[[-121.684403,39.873406],[-121.684532,39.873409],[-121.684537,39.873266],[-121.684409,39.873264],[-121.684403,39.873406]]]},"properties":{"capture_dates":"12/6/2018-12/12/2018"}},{"type":"Feature","geometry":{"type":"Polygon","coordinates":[[[-121.689774,39.852063],[-121.689802,39.851821],[-121.689643,39.85181],[-121.689624,39.851975],[-121.689679,39.851979],[-121.68967,39.852056],[-121.689774,39.852063]]]},"properties":{"capture_dates":"12/6/2018-12/12/2018"}},{"type":"Feature","geometry":{"type":"Polygon","coordinates":[[[-121.693537,39.85194],[-121.693541,39.851978],[-121.693632,39.851972],[-121.693628,39.851934],[-121.693537,39.85194]]]},"properties":{"capture_dates":"12/6/2018-12/12/2018"}},{"type":"Feature","geometry":{"type":"Polygon","coordinates":[[[-121.694617,39.852254],[-121.694605,39.85208],[-121.694557,39.852082],[-121.694553,39.852037],[-121.694506,39.852039],[-121.694504,39.852006],[-121.694374,39.852012],[-121.694384,39.852137],[-121.694422,39.852135],[-121.694426,39.852193],[-121.694263,39.8522],[-121.694268,39.852269],[-121.694617,39.852254]]]},"properties":{"capture_dates":"12/6/2018-12/12/2018"}},{"type":"Feature","geometry":{"type":"Polygon","coordinates":[[[-121.693528,39.852094],[-121.693528,39.852099],[-121.693659,39.852097],[-121.693658,39.852033],[-121.69339,39.852037],[-121.693391,39.852096],[-121.693528,39.852094]]]},"properties":{"capture_dates":"12/6/2018-12/12/2018"}},{"type":"Feature","geometry":{"type":"Polygon","coordinates":[[[-121.693667,39.852108],[-121.693536,39.852097],[-121.693509,39.852301],[-121.693456,39.852297],[-121.693443,39.852396],[-121.693537,39.852403],[-121.693542,39.852367],[-121.69366,39.852376],[-121.693674,39.85227],[-121.693714,39.852273],[-121.693721,39.852218],[-121.693613,39.85221],[-121.693617,39.852179],[-121.693657,39.852182],[-121.693667,39.852108]]]},"properties":{"capture_dates":"12/6/2018-12/12/2018"}},{"type":"Feature","geometry":{"type":"Polygon","coordinates":[[[-121.689603,39.852502],[-121.689473,39.852437],[-121.689311,39.852629],[-121.689457,39.852702],[-121.689482,39.852672],[-121.689515,39.852689],[-121.689568,39.852627],[-121.689539,39.852612],[-121.689566,39.85258],[-121.689545,39.85257],[-121.689603,39.852502]]]},"properties":{"capture_dates":"12/6/2018-12/12/2018"}},{"type":"Feature","geometry":{"type":"Polygon","coordinates":[[[-121.69352,39.85277],[-121.693733,39.852775],[-121.693736,39.852688],[-121.693647,39.852686],[-121.693655,39.852479],[-121.693519,39.852476],[-121.693517,39.852531],[-121.693529,39.852531],[-121.69352,39.85277]]]},"properties":{"capture_dates":"12/6/2018-12/12/2018"}},{"type":"Feature","geometry":{"type":"Polygon","coordinates":[[[-121.693724,39.853044],[-121.693731,39.852931],[-121.693576,39.852925],[-121.693568,39.853039],[-121.693531,39.853037],[-121.693526,39.853114],[-121.693661,39.85312],[-121.693659,39.853151],[-121.693783,39.853155],[-121.693791,39.853047],[-121.693724,39.853044]]]},"properties":{"capture_dates":"12/6/2018-12/12/2018"}},{"type":"Feature","geometry":{"type":"Polygon","coordinates":[[[-121.689912,39.853014],[-121.689961,39.85315],[-121.690036,39.853134],[-121.689987,39.852998],[-121.689912,39.853014]]]},"properties":{"capture_dates":"12/6/2018-12/12/2018"}},{"type":"Feature","geometry":{"type":"Polygon","coordinates":[[[-121.690051,39.853153],[-121.689977,39.853171],[-121.690033,39.853305],[-121.690107,39.853286],[-121.690051,39.853153]]]},"properties":{"capture_dates":"12/6/2018-12/12/2018"}},{"type":"Feature","geometry":{"type":"Polygon","coordinates":[[[-121.689898,39.853216],[-121.689823,39.853235],[-121.689875,39.853355],[-121.68995,39.853336],[-121.689898,39.853216]]]},"properties":{"capture_dates":"12/6/2018-12/12/2018"}},{"type":"Feature","geometry":{"type":"Polygon","coordinates":[[[-121.689178,39.853263],[-121.689077,39.853258],[-121.689073,39.853304],[-121.688995,39.853369],[-121.688929,39.853366],[-121.688925,39.853412],[-121.688875,39.853454],[-121.68898,39.853528],[-121.688971,39.853641],[-121.689031,39.853683],[-121.689148,39.853584],[-121.689091,39.853544],[-121.689099,39.853446],[-121.689057,39.853444],[-121.689037,39.85343],[-121.68911,39.853368],[-121.68917,39.853371],[-121.689178,39.853263]]]},"properties":{"capture_dates":"12/6/2018-12/12/2018"}},{"type":"Feature","geometry":{"type":"Polygon","coordinates":[[[-121.693669,39.853396],[-121.693718,39.853395],[-121.693714,39.853315],[-121.693596,39.853318],[-121.693598,39.853348],[-121.693498,39.853351],[-121.693505,39.853497],[-121.693673,39.853493],[-121.693669,39.853396]]]},"properties":{"capture_dates":"12/6/2018-12/12/2018"}},{"type":"Feature","geometry":{"type":"Polygon","coordinates":[[[-121.694414,39.85373],[-121.694408,39.85364],[-121.694467,39.853637],[-121.694463,39.85358],[-121.694404,39.853582],[-121.6944,39.853508],[-121.694325,39.853511],[-121.694275,39.853418],[-121.694174,39.85345],[-121.694231,39.853555],[-121.694234,39.853596],[-121.694215,39.853601],[-121.694218,39.853649],[-121.694243,39.853694],[-121.694246,39.853737],[-121.694414,39.85373]]]},"properties":{"capture_dates":"12/6/2018-12/12/2018"}},{"type":"Feature","geometry":{"type":"Polygon","coordinates":[[[-121.694338,39.854035],[-121.694335,39.853999],[-121.69441,39.853995],[-121.6944,39.853873],[-121.694452,39.853871],[-121.694447,39.853813],[-121.694212,39.853824],[-121.694217,39.853889],[-121.694261,39.853887],[-121.694267,39.853959],[-121.6942,39.853962],[-121.694207,39.854041],[-121.694338,39.854035]]]},"properties":{"capture_dates":"12/6/2018-12/12/2018"}},{"type":"Feature","geometry":{"type":"Polygon","coordinates":[[[-121.693406,39.854033],[-121.693405,39.854126],[-121.693449,39.854126],[-121.693448,39.854261],[-121.693602,39.854262],[-121.693602,39.854243],[-121.693696,39.854244],[-121.693697,39.854174],[-121.693606,39.854173],[-121.693607,39.85409],[-121.693541,39.854089],[-121.693541,39.854034],[-121.693406,39.854033]]]},"properties":{"capture_dates":"12/6/2018-12/12/2018"}},{"type":"Feature","geometry":{"type":"Polygon","coordinates":[[[-121.694546,39.854416],[-121.694561,39.854264],[-121.69451,39.854261],[-121.694516,39.854195],[-121.694362,39.854187],[-121.694347,39.854342],[-121.694248,39.854337],[-121.694239,39.854431],[-121.694349,39.854437],[-121.694352,39.854405],[-121.694546,39.854416]]]},"properties":{"capture_dates":"12/6/2018-12/12/2018"}},{"type":"Feature","geometry":{"type":"Polygon","coordinates":[[[-121.693511,39.854403],[-121.693517,39.854538],[-121.693469,39.854539],[-121.693474,39.854629],[-121.693524,39.854627],[-121.693527,39.854675],[-121.693649,39.854671],[-121.693646,39.854622],[-121.693688,39.854621],[-121.693683,39.854526],[-121.693638,39.854527],[-121.693635,39.854467],[-121.693619,39.854467],[-121.693615,39.8544],[-121.693511,39.854403]]]},"properties":{"capture_dates":"12/6/2018-12/12/2018"}},{"type":"Feature","geometry":{"type":"Polygon","coordinates":[[[-121.693476,39.854782],[-121.69348,39.854887],[-121.693531,39.854886],[-121.693535,39.854991],[-121.693682,39.854988],[-121.693674,39.854778],[-121.693476,39.854782]]]},"properties":{"capture_dates":"12/6/2018-12/12/2018"}},{"type":"Feature","geometry":{"type":"Polygon","coordinates":[[[-121.689342,39.854981],[-121.689141,39.85498],[-121.68914,39.85511],[-121.689193,39.85511],[-121.689193,39.855211],[-121.689378,39.855212],[-121.689379,39.855088],[-121.689341,39.855088],[-121.689342,39.854981]]]},"properties":{"capture_dates":"12/6/2018-12/12/2018"}},{"type":"Feature","geometry":{"type":"Polygon","coordinates":[[[-121.689939,39.85521],[-121.690128,39.855213],[-121.690131,39.855115],[-121.689942,39.855112],[-121.689939,39.85521]]]},"properties":{"capture_dates":"12/6/2018-12/12/2018"}},{"type":"Feature","geometry":{"type":"Polygon","coordinates":[[[-121.693516,39.855144],[-121.693568,39.855408],[-121.693752,39.855386],[-121.693724,39.855246],[-121.69375,39.855242],[-121.693734,39.855163],[-121.693603,39.855178],[-121.693595,39.855135],[-121.693516,39.855144]]]},"properties":{"capture_dates":"12/6/2018-12/12/2018"}},{"type":"Feature","geometry":{"type":"Polygon","coordinates":[[[-121.694693,39.855503],[-121.694629,39.855407],[-121.694622,39.855405],[-121.694587,39.855351],[-121.694535,39.855334],[-121.69449,39.855352],[-121.694399,39.855321],[-121.694373,39.855369],[-121.694423,39.855386],[-121.694445,39.855419],[-121.694436,39.855437],[-121.694457,39.855469],[-121.694482,39.855459],[-121.6945,39.855485],[-121.694414,39.855519],[-121.694387,39.855567],[-121.694352,39.85558],[-121.694326,39.855627],[-121.694343,39.855652],[-121.694384,39.855666],[-121.694464,39.855635],[-121.694499,39.855572],[-121.69458,39.855541],[-121.694589,39.855543],[-121.694693,39.855503]]]},"properties":{"capture_dates":"12/6/2018-12/12/2018"}},{"type":"Feature","geometry":{"type":"Polygon","coordinates":[[[-121.68863,39.855852],[-121.688575,39.855954],[-121.688602,39.855963],[-121.688535,39.856088],[-121.688675,39.856132],[-121.688796,39.855904],[-121.68863,39.855852]]]},"properties":{"capture_dates":"12/6/2018-12/12/2018"}},{"type":"Feature","geometry":{"type":"Polygon","coordinates":[[[-121.695005,39.856121],[-121.694903,39.855905],[-121.694873,39.855913],[-121.694854,39.855873],[-121.694768,39.855896],[-121.694792,39.855946],[-121.694749,39.855957],[-121.694813,39.856093],[-121.694653,39.856137],[-121.694688,39.856209],[-121.695005,39.856121]]]},"properties":{"capture_dates":"12/6/2018-12/12/2018"}},{"type":"Feature","geometry":{"type":"Polygon","coordinates":[[[-121.689173,39.856039],[-121.689164,39.855929],[-121.689037,39.855935],[-121.689046,39.856045],[-121.689173,39.856039]]]},"properties":{"capture_dates":"12/6/2018-12/12/2018"}},{"type":"Feature","geometry":{"type":"Polygon","coordinates":[[[-121.695093,39.856264],[-121.694972,39.856268],[-121.69497,39.856234],[-121.694887,39.856237],[-121.694846,39.85628],[-121.694848,39.856307],[-121.694968,39.856373],[-121.69497,39.856413],[-121.694927,39.856415],[-121.694853,39.856494],[-121.694855,39.856527],[-121.694922,39.856564],[-121.694996,39.856484],[-121.695115,39.85648],[-121.69511,39.856404],[-121.69515,39.856402],[-121.695147,39.856347],[-121.695099,39.856349],[-121.695093,39.856264]]]},"properties":{"capture_dates":"12/6/2018-12/12/2018"}},{"type":"Feature","geometry":{"type":"Polygon","coordinates":[[[-121.691486,39.856443],[-121.691544,39.85652],[-121.691513,39.856534],[-121.691553,39.856586],[-121.691604,39.856564],[-121.691644,39.856616],[-121.691614,39.856629],[-121.691686,39.856726],[-121.691745,39.8567],[-121.691763,39.856724],[-121.691871,39.856675],[-121.691692,39.856438],[-121.691656,39.856454],[-121.691607,39.85639],[-121.691486,39.856443]]]},"properties":{"capture_dates":"12/6/2018-12/12/2018"}},{"type":"Feature","geometry":{"type":"Polygon","coordinates":[[[-121.695187,39.856712],[-121.694936,39.856714],[-121.694935,39.856635],[-121.694795,39.856637],[-121.694797,39.856727],[-121.694918,39.856726],[-121.694919,39.856805],[-121.695006,39.856804],[-121.695008,39.85688],[-121.695057,39.85688],[-121.695058,39.856928],[-121.695163,39.856927],[-121.695161,39.856831],[-121.695189,39.856831],[-121.695187,39.856712]]]},"properties":{"capture_dates":"12/6/2018-12/12/2018"}},{"type":"Feature","geometry":{"type":"Polygon","coordinates":[[[-121.695051,39.85731],[-121.695165,39.857242],[-121.695068,39.857146],[-121.695035,39.857143],[-121.694922,39.85703],[-121.694825,39.857086],[-121.694823,39.857102],[-121.694935,39.857214],[-121.694916,39.857329],[-121.694945,39.857358],[-121.695041,39.857368],[-121.695051,39.85731]]]},"properties":{"capture_dates":"12/6/2018-12/12/2018"}},{"type":"Feature","geometry":{"type":"Polygon","coordinates":[[[-121.69419,39.857458],[-121.694198,39.857615],[-121.694266,39.857613],[-121.694258,39.857456],[-121.69419,39.857458]]]},"properties":{"capture_dates":"12/6/2018-12/12/2018"}},{"type":"Feature","geometry":{"type":"Polygon","coordinates":[[[-121.694832,39.857891],[-121.694944,39.857893],[-121.694945,39.857861],[-121.695069,39.857901],[-121.695077,39.857901],[-121.695087,39.857883],[-121.695089,39.857795],[-121.694982,39.857761],[-121.694984,39.857688],[-121.694995,39.857667],[-121.694995,39.857662],[-121.694995,39.857662],[-121.694997,39.857603],[-121.694942,39.857586],[-121.694908,39.857586],[-121.694872,39.857652],[-121.694871,39.857695],[-121.694835,39.857762],[-121.694832,39.857891]]]},"properties":{"capture_dates":"12/6/2018-12/12/2018"}},{"type":"Feature","geometry":{"type":"Polygon","coordinates":[[[-121.694565,39.852622],[-121.69455,39.852403],[-121.694507,39.852404],[-121.694502,39.852334],[-121.694382,39.852339],[-121.694397,39.852555],[-121.694346,39.852557],[-121.694344,39.852539],[-121.694213,39.852544],[-121.694217,39.852595],[-121.694254,39.852594],[-121.694257,39.852635],[-121.694565,39.852622]]]},"properties":{"capture_dates":"12/6/2018-12/12/2018"}},{"type":"Feature","geometry":{"type":"Polygon","coordinates":[[[-121.690062,39.853543],[-121.690016,39.853435],[-121.689939,39.853455],[-121.689984,39.853563],[-121.690062,39.853543]]]},"properties":{"capture_dates":"12/6/2018-12/12/2018"}},{"type":"Feature","geometry":{"type":"Polygon","coordinates":[[[-121.693523,39.851867],[-121.693672,39.851903],[-121.693702,39.851828],[-121.693683,39.851823],[-121.693702,39.851776],[-121.693573,39.851745],[-121.693523,39.851867]]]},"properties":{"capture_dates":"12/6/2018-12/12/2018"}},{"type":"Feature","geometry":{"type":"Polygon","coordinates":[[[-121.704056,39.832345],[-121.70401,39.83248],[-121.70398,39.832474],[-121.703955,39.832547],[-121.704332,39.832622],[-121.704355,39.832553],[-121.704297,39.832541],[-121.704341,39.832412],[-121.704256,39.832395],[-121.704226,39.832482],[-121.704111,39.832459],[-121.704144,39.832362],[-121.704056,39.832345]]]},"properties":{"capture_dates":"12/6/2018-12/12/2018"}},{"type":"Feature","geometry":{"type":"Polygon","coordinates":[[[-121.70262,39.845539],[-121.702754,39.845609],[-121.702873,39.845476],[-121.702739,39.845406],[-121.70262,39.845539]]]},"properties":{"capture_dates":"12/6/2018-12/12/2018"}},{"type":"Feature","geometry":{"type":"Polygon","coordinates":[[[-121.702215,39.84445],[-121.702007,39.844485],[-121.702035,39.844584],[-121.702244,39.844549],[-121.702215,39.84445]]]},"properties":{"capture_dates":"12/6/2018-12/12/2018"}},{"type":"Feature","geometry":{"type":"Polygon","coordinates":[[[-121.701665,39.845292],[-121.701606,39.845368],[-121.701733,39.845425],[-121.701792,39.845348],[-121.701665,39.845292]]]},"properties":{"capture_dates":"12/6/2018-12/12/2018"}},{"type":"Feature","geometry":{"type":"Polygon","coordinates":[[[-121.694479,39.851394],[-121.694408,39.851297],[-121.69431,39.851339],[-121.694257,39.851265],[-121.694197,39.851291],[-121.694189,39.85128],[-121.694085,39.851325],[-121.694158,39.851425],[-121.694205,39.851405],[-121.694329,39.851574],[-121.694421,39.851535],[-121.694407,39.851516],[-121.694462,39.851492],[-121.694412,39.851423],[-121.694479,39.851394]]]},"properties":{"capture_dates":"12/6/2018-12/12/2018"}},{"type":"Feature","geometry":{"type":"Polygon","coordinates":[[[-121.693982,39.851106],[-121.694203,39.851206],[-121.694218,39.851197],[-121.694239,39.851171],[-121.694267,39.8512],[-121.694282,39.851181],[-121.694237,39.851135],[-121.694268,39.851095],[-121.694216,39.851042],[-121.694077,39.850978],[-121.694069,39.850988],[-121.693997,39.851029],[-121.693984,39.851047],[-121.693932,39.851023],[-121.693865,39.851062],[-121.693836,39.851098],[-121.693893,39.851157],[-121.693982,39.851106]]]},"properties":{"capture_dates":"12/6/2018-12/12/2018"}},{"type":"Feature","geometry":{"type":"Polygon","coordinates":[[[-121.693203,39.851032],[-121.693394,39.851212],[-121.693477,39.851159],[-121.693391,39.851078],[-121.693455,39.851091],[-121.693495,39.851066],[-121.693525,39.850983],[-121.693466,39.85097],[-121.693436,39.850989],[-121.693403,39.850958],[-121.69336,39.850985],[-121.693292,39.85097],[-121.693253,39.850933],[-121.693175,39.850917],[-121.693141,39.850938],[-121.693112,39.850932],[-121.69308,39.850952],[-121.693062,39.851002],[-121.693203,39.851032]]]},"properties":{"capture_dates":"12/6/2018-12/12/2018"}},{"type":"Feature","geometry":{"type":"Polygon","coordinates":[[[-121.692241,39.847041],[-121.692227,39.846889],[-121.692163,39.846893],[-121.692157,39.846833],[-121.692013,39.846841],[-121.692026,39.846979],[-121.691946,39.846984],[-121.691953,39.847058],[-121.692241,39.847041]]]},"properties":{"capture_dates":"12/6/2018-12/12/2018"}},{"type":"Feature","geometry":{"type":"Polygon","coordinates":[[[-121.69175,39.84571],[-121.691649,39.845729],[-121.691685,39.845846],[-121.691787,39.845827],[-121.69175,39.84571]]]},"properties":{"capture_dates":"12/6/2018-12/12/2018"}},{"type":"Feature","geometry":{"type":"Polygon","coordinates":[[[-121.691442,39.846375],[-121.691659,39.846397],[-121.691671,39.846328],[-121.691622,39.846323],[-121.691637,39.846235],[-121.691619,39.846233],[-121.691632,39.846156],[-121.691485,39.846141],[-121.691477,39.846184],[-121.691434,39.84618],[-121.691414,39.846293],[-121.691455,39.846297],[-121.691442,39.846375]]]},"properties":{"capture_dates":"12/6/2018-12/12/2018"}},{"type":"Feature","geometry":{"type":"Polygon","coordinates":[[[-121.691479,39.84644],[-121.69144,39.846654],[-121.691445,39.846654],[-121.691437,39.846702],[-121.691596,39.846719],[-121.69161,39.84664],[-121.691565,39.846636],[-121.69158,39.846554],[-121.691561,39.846552],[-121.691567,39.846517],[-121.691635,39.846525],[-121.691648,39.846458],[-121.691479,39.84644]]]},"properties":{"capture_dates":"12/6/2018-12/12/2018"}},{"type":"Feature","geometry":{"type":"Polygon","coordinates":[[[-121.691557,39.847111],[-121.691344,39.84706],[-121.691328,39.847101],[-121.691271,39.847087],[-121.691188,39.847293],[-121.691377,39.847338],[-121.691409,39.847257],[-121.691369,39.847247],[-121.691403,39.847164],[-121.691524,39.847192],[-121.691557,39.847111]]]},"properties":{"capture_dates":"12/6/2018-12/12/2018"}},{"type":"Feature","geometry":{"type":"Polygon","coordinates":[[[-121.691332,39.847588],[-121.691381,39.847514],[-121.691052,39.847385],[-121.690989,39.847479],[-121.691017,39.84749],[-121.690976,39.847552],[-121.69116,39.847624],[-121.691214,39.847543],[-121.691332,39.847588]]]},"properties":{"capture_dates":"12/6/2018-12/12/2018"}},{"type":"Feature","geometry":{"type":"Polygon","coordinates":[[[-121.690498,39.848085],[-121.690638,39.848146],[-121.690678,39.848091],[-121.690717,39.848108],[-121.690778,39.848025],[-121.69088,39.848069],[-121.690931,39.847999],[-121.690844,39.847961],[-121.690862,39.847936],[-121.690787,39.847904],[-121.690761,39.84794],[-121.690639,39.847887],[-121.690599,39.847941],[-121.690603,39.847943],[-121.690498,39.848085]]]},"properties":{"capture_dates":"12/6/2018-12/12/2018"}},{"type":"Feature","geometry":{"type":"Polygon","coordinates":[[[-121.690334,39.848425],[-121.690541,39.848469],[-121.69058,39.848361],[-121.690718,39.848391],[-121.690752,39.848297],[-121.690643,39.848274],[-121.69063,39.84831],[-121.69047,39.848277],[-121.690442,39.848356],[-121.690365,39.84834],[-121.690334,39.848425]]]},"properties":{"capture_dates":"12/6/2018-12/12/2018"}},{"type":"Feature","geometry":{"type":"Polygon","coordinates":[[[-121.690584,39.848594],[-121.690345,39.848559],[-121.690313,39.848689],[-121.690363,39.848696],[-121.690343,39.848775],[-121.690418,39.848786],[-121.690412,39.848812],[-121.690554,39.848833],[-121.690585,39.848707],[-121.69051,39.848697],[-121.690517,39.848669],[-121.690563,39.848675],[-121.690584,39.848594]]]},"properties":{"capture_dates":"12/6/2018-12/12/2018"}},{"type":"Feature","geometry":{"type":"Polygon","coordinates":[[[-121.690552,39.849327],[-121.690227,39.849264],[-121.690206,39.849328],[-121.69013,39.849313],[-121.690106,39.849386],[-121.69021,39.849406],[-121.6902,39.849436],[-121.690147,39.849425],[-121.6901,39.849569],[-121.690218,39.849592],[-121.69023,39.849557],[-121.690298,39.84957],[-121.690348,39.849418],[-121.690355,39.84942],[-121.69037,39.849374],[-121.690527,39.849405],[-121.690552,39.849327]]]},"properties":{"capture_dates":"12/6/2018-12/12/2018"}},{"type":"Feature","geometry":{"type":"Polygon","coordinates":[[[-121.690369,39.848909],[-121.690352,39.84897],[-121.690313,39.848964],[-121.690271,39.849113],[-121.690408,39.849136],[-121.690396,39.849179],[-121.690499,39.849197],[-121.690522,39.849113],[-121.69044,39.849099],[-121.690455,39.849048],[-121.690497,39.849055],[-121.69053,39.848936],[-121.690369,39.848909]]]},"properties":{"capture_dates":"12/6/2018-12/12/2018"}},{"type":"Feature","geometry":{"type":"Polygon","coordinates":[[[-121.690358,39.850263],[-121.69037,39.850165],[-121.690338,39.850163],[-121.690351,39.850051],[-121.6902,39.85004],[-121.690172,39.850268],[-121.690297,39.850277],[-121.690299,39.850259],[-121.690358,39.850263]]]},"properties":{"capture_dates":"12/6/2018-12/12/2018"}},{"type":"Feature","geometry":{"type":"Polygon","coordinates":[[[-121.69016,39.850694],[-121.689971,39.850636],[-121.689968,39.850641],[-121.689867,39.850609],[-121.689801,39.850734],[-121.689748,39.850718],[-121.689718,39.850775],[-121.689769,39.850791],[-121.689721,39.850881],[-121.689866,39.850926],[-121.689968,39.850733],[-121.690115,39.850779],[-121.69016,39.850694]]]},"properties":{"capture_dates":"12/6/2018-12/12/2018"}},{"type":"Feature","geometry":{"type":"Polygon","coordinates":[[[-121.689667,39.851065],[-121.689656,39.851239],[-121.689676,39.85124],[-121.689674,39.851278],[-121.689858,39.851284],[-121.689862,39.851204],[-121.689834,39.851203],[-121.689837,39.851149],[-121.689815,39.851148],[-121.689819,39.851071],[-121.689667,39.851065]]]},"properties":{"capture_dates":"12/6/2018-12/12/2018"}},{"type":"Feature","geometry":{"type":"Polygon","coordinates":[[[-121.690299,39.849711],[-121.690113,39.849674],[-121.690088,39.849749],[-121.690042,39.84974],[-121.690008,39.84984],[-121.690043,39.849847],[-121.690028,39.849891],[-121.690018,39.849889],[-121.690007,39.84992],[-121.690333,39.849985],[-121.690357,39.849912],[-121.690239,39.849888],[-121.690299,39.849711]]]},"properties":{"capture_dates":"12/6/2018-12/12/2018"}},{"type":"Feature","geometry":{"type":"Polygon","coordinates":[[[-121.692071,39.847241],[-121.691932,39.847219],[-121.691904,39.847322],[-121.691804,39.847305],[-121.691783,39.847382],[-121.692022,39.847421],[-121.692071,39.847241]]]},"properties":{"capture_dates":"12/6/2018-12/12/2018"}},{"type":"Feature","geometry":{"type":"Polygon","coordinates":[[[-121.691686,39.845893],[-121.691621,39.845713],[-121.691422,39.845755],[-121.691487,39.845935],[-121.691686,39.845893]]]},"properties":{"capture_dates":"12/6/2018-12/12/2018"}},{"type":"Feature","geometry":{"type":"Polygon","coordinates":[[[-121.691715,39.847541],[-121.691741,39.847548],[-121.691686,39.847663],[-121.691798,39.847695],[-121.691813,39.847663],[-121.691849,39.847673],[-121.691927,39.847511],[-121.691753,39.847462],[-121.691715,39.847541]]]},"properties":{"capture_dates":"12/6/2018-12/12/2018"}},{"type":"Feature","geometry":{"type":"Polygon","coordinates":[[[-121.69096,39.849791],[-121.690902,39.84976],[-121.690805,39.849868],[-121.690863,39.849899],[-121.69096,39.849791]]]},"properties":{"capture_dates":"12/6/2018-12/12/2018"}},{"type":"Feature","geometry":{"type":"Polygon","coordinates":[[[-121.69131,39.848333],[-121.691334,39.848261],[-121.691219,39.848238],[-121.691192,39.848318],[-121.691239,39.848328],[-121.691213,39.848403],[-121.691274,39.848415],[-121.691262,39.848451],[-121.691386,39.848475],[-121.691394,39.848452],[-121.69149,39.848471],[-121.691522,39.848375],[-121.69131,39.848333]]]},"properties":{"capture_dates":"12/6/2018-12/12/2018"}},{"type":"Feature","geometry":{"type":"Polygon","coordinates":[[[-121.693438,39.851554],[-121.693466,39.851612],[-121.693572,39.851582],[-121.693521,39.851474],[-121.693489,39.851483],[-121.693431,39.851361],[-121.693277,39.851405],[-121.693359,39.851576],[-121.693438,39.851554]]]},"properties":{"capture_dates":"12/6/2018-12/12/2018"}},{"type":"Feature","geometry":{"type":"Polygon","coordinates":[[[-121.69146,39.846929],[-121.691449,39.847014],[-121.691606,39.847026],[-121.691618,39.846923],[-121.691561,39.846919],[-121.691569,39.846854],[-121.691608,39.846857],[-121.691618,39.846768],[-121.691398,39.846752],[-121.691377,39.846923],[-121.69146,39.846929]]]},"properties":{"capture_dates":"12/6/2018-12/12/2018"}},{"type":"Feature","geometry":{"type":"Polygon","coordinates":[[[-121.680425,39.904614],[-121.680279,39.904634],[-121.68031,39.904767],[-121.680456,39.904747],[-121.680425,39.904614]]]},"properties":{"capture_dates":"12/6/2018-12/12/2018"}},{"type":"Feature","geometry":{"type":"Polygon","coordinates":[[[-121.680234,39.904294],[-121.680208,39.904351],[-121.680349,39.904389],[-121.680375,39.904332],[-121.680234,39.904294]]]},"properties":{"capture_dates":"12/6/2018-12/12/2018"}},{"type":"Feature","geometry":{"type":"Polygon","coordinates":[[[-121.679607,39.904127],[-121.679465,39.904168],[-121.679496,39.904231],[-121.679638,39.90419],[-121.679607,39.904127]]]},"properties":{"capture_dates":"12/6/2018-12/12/2018"}},{"type":"Feature","geometry":{"type":"Polygon","coordinates":[[[-121.665972,39.896619],[-121.6659,39.896537],[-121.665746,39.896618],[-121.665819,39.896699],[-121.665972,39.896619]]]},"properties":{"capture_dates":"12/6/2018-12/12/2018"}},{"type":"Feature","geometry":{"type":"Polygon","coordinates":[[[-121.66547,39.895695],[-121.665494,39.895764],[-121.66569,39.895725],[-121.66569,39.895726],[-121.665833,39.895697],[-121.665813,39.89564],[-121.665837,39.895635],[-121.665806,39.895546],[-121.665731,39.895561],[-121.66575,39.895618],[-121.665668,39.895634],[-121.665674,39.895654],[-121.66547,39.895695]]]},"properties":{"capture_dates":"12/6/2018-12/12/2018"}},{"type":"Feature","geometry":{"type":"Polygon","coordinates":[[[-121.664792,39.895982],[-121.664797,39.896058],[-121.665065,39.896047],[-121.66506,39.895971],[-121.664792,39.895982]]]},"properties":{"capture_dates":"12/6/2018-12/12/2018"}},{"type":"Feature","geometry":{"type":"Polygon","coordinates":[[[-121.663017,39.894656],[-121.663129,39.894676],[-121.663192,39.894467],[-121.663039,39.894439],[-121.66302,39.894504],[-121.663061,39.894511],[-121.663017,39.894656]]]},"properties":{"capture_dates":"12/6/2018-12/12/2018"}},{"type":"Feature","geometry":{"type":"Polygon","coordinates":[[[-121.662598,39.89806],[-121.662555,39.89806],[-121.662554,39.898099],[-121.662503,39.898099],[-121.662502,39.898237],[-121.662596,39.898237],[-121.662598,39.89806]]]},"properties":{"capture_dates":"12/6/2018-12/12/2018"}},{"type":"Feature","geometry":{"type":"Polygon","coordinates":[[[-121.661912,39.899094],[-121.661771,39.899129],[-121.661803,39.899205],[-121.661851,39.899193],[-121.661879,39.899259],[-121.661973,39.899236],[-121.661912,39.899094]]]},"properties":{"capture_dates":"12/6/2018-12/12/2018"}},{"type":"Feature","geometry":{"type":"Polygon","coordinates":[[[-121.661867,39.895569],[-121.661713,39.89554],[-121.661678,39.895646],[-121.661832,39.895676],[-121.661867,39.895569]]]},"properties":{"capture_dates":"12/6/2018-12/12/2018"}},{"type":"Feature","geometry":{"type":"Polygon","coordinates":[[[-121.661445,39.897194],[-121.661547,39.897223],[-121.661579,39.897156],[-121.661477,39.897127],[-121.661445,39.897194]]]},"properties":{"capture_dates":"12/6/2018-12/12/2018"}},{"type":"Feature","geometry":{"type":"Polygon","coordinates":[[[-121.661509,39.896801],[-121.661397,39.896803],[-121.661404,39.896993],[-121.661521,39.896991],[-121.661517,39.896904],[-121.661567,39.896903],[-121.661564,39.89683],[-121.661511,39.896831],[-121.661509,39.896801]]]},"properties":{"capture_dates":"12/6/2018-12/12/2018"}},{"type":"Feature","geometry":{"type":"Polygon","coordinates":[[[-121.66069,39.896863],[-121.660603,39.896861],[-121.6606,39.896939],[-121.660592,39.896939],[-121.66059,39.897021],[-121.660685,39.897023],[-121.66069,39.896863]]]},"properties":{"capture_dates":"12/6/2018-12/12/2018"}},{"type":"Feature","geometry":{"type":"Polygon","coordinates":[[[-121.660481,39.896862],[-121.660388,39.896861],[-121.660385,39.896947],[-121.660479,39.896949],[-121.660481,39.896862]]]},"properties":{"capture_dates":"12/6/2018-12/12/2018"}},{"type":"Feature","geometry":{"type":"Polygon","coordinates":[[[-121.660063,39.899708],[-121.660036,39.8998],[-121.660141,39.899818],[-121.660168,39.899726],[-121.660063,39.899708]]]},"properties":{"capture_dates":"12/6/2018-12/12/2018"}},{"type":"Feature","geometry":{"type":"Polygon","coordinates":[[[-121.659338,39.900639],[-121.659417,39.900663],[-121.659432,39.900634],[-121.659466,39.900644],[-121.659523,39.900534],[-121.65941,39.9005],[-121.659338,39.900639]]]},"properties":{"capture_dates":"12/6/2018-12/12/2018"}},{"type":"Feature","geometry":{"type":"Polygon","coordinates":[[[-121.658624,39.900154],[-121.658587,39.900258],[-121.658779,39.900299],[-121.658816,39.900194],[-121.658624,39.900154]]]},"properties":{"capture_dates":"12/6/2018-12/12/2018"}},{"type":"Feature","geometry":{"type":"Polygon","coordinates":[[[-121.658293,39.904698],[-121.658275,39.90478],[-121.658422,39.904799],[-121.658417,39.904821],[-121.658489,39.904831],[-121.658494,39.90481],[-121.65857,39.90482],[-121.658589,39.904737],[-121.658293,39.904698]]]},"properties":{"capture_dates":"12/6/2018-12/12/2018"}},{"type":"Feature","geometry":{"type":"Polygon","coordinates":[[[-121.658477,39.899438],[-121.658456,39.899499],[-121.658444,39.899496],[-121.658418,39.899569],[-121.658508,39.899588],[-121.658555,39.899454],[-121.658477,39.899438]]]},"properties":{"capture_dates":"12/6/2018-12/12/2018"}},{"type":"Feature","geometry":{"type":"Polygon","coordinates":[[[-121.657791,39.899983],[-121.657787,39.899884],[-121.657559,39.899891],[-121.657564,39.899989],[-121.657791,39.899983]]]},"properties":{"capture_dates":"12/6/2018-12/12/2018"}},{"type":"Feature","geometry":{"type":"Polygon","coordinates":[[[-121.736358,39.933193],[-121.736232,39.93319],[-121.736224,39.933364],[-121.73635,39.933367],[-121.736358,39.933193]]]},"properties":{"capture_dates":"12/6/2018-12/12/2018"}},{"type":"Feature","geometry":{"type":"Polygon","coordinates":[[[-121.735981,39.938591],[-121.736082,39.93862],[-121.736087,39.938609],[-121.736277,39.938664],[-121.736347,39.938522],[-121.736056,39.938438],[-121.735981,39.938591]]]},"properties":{"capture_dates":"12/6/2018-12/12/2018"}},{"type":"Feature","geometry":{"type":"Polygon","coordinates":[[[-121.735953,39.934485],[-121.735958,39.934235],[-121.7358,39.934233],[-121.735795,39.934483],[-121.735953,39.934485]]]},"properties":{"capture_dates":"12/6/2018-12/12/2018"}},{"type":"Feature","geometry":{"type":"Polygon","coordinates":[[[-121.735764,39.936005],[-121.735729,39.936171],[-121.735807,39.936181],[-121.735842,39.936015],[-121.735764,39.936005]]]},"properties":{"capture_dates":"12/6/2018-12/12/2018"}},{"type":"Feature","geometry":{"type":"Polygon","coordinates":[[[-121.73571,39.936205],[-121.735649,39.936366],[-121.735725,39.936383],[-121.735787,39.936222],[-121.73571,39.936205]]]},"properties":{"capture_dates":"12/6/2018-12/12/2018"}},{"type":"Feature","geometry":{"type":"Polygon","coordinates":[[[-121.735033,39.932719],[-121.734792,39.932605],[-121.734739,39.932671],[-121.73498,39.932785],[-121.735033,39.932719]]]},"properties":{"capture_dates":"12/6/2018-12/12/2018"}},{"type":"Feature","geometry":{"type":"Polygon","coordinates":[[[-121.734916,39.931168],[-121.734918,39.931087],[-121.734779,39.931086],[-121.734777,39.931166],[-121.734916,39.931168]]]},"properties":{"capture_dates":"12/6/2018-12/12/2018"}},{"type":"Feature","geometry":{"type":"Polygon","coordinates":[[[-121.733027,39.931475],[-121.733157,39.93153],[-121.733216,39.931449],[-121.733087,39.931393],[-121.733027,39.931475]]]},"properties":{"capture_dates":"12/6/2018-12/12/2018"}},{"type":"Feature","geometry":{"type":"Polygon","coordinates":[[[-121.732937,39.930681],[-121.732911,39.930829],[-121.733024,39.930841],[-121.73305,39.930693],[-121.732937,39.930681]]]},"properties":{"capture_dates":"12/6/2018-12/12/2018"}},{"type":"Feature","geometry":{"type":"Polygon","coordinates":[[[-121.732828,39.931987],[-121.732827,39.932064],[-121.733027,39.932065],[-121.733028,39.931961],[-121.732958,39.931961],[-121.732958,39.931987],[-121.732828,39.931987]]]},"properties":{"capture_dates":"12/6/2018-12/12/2018"}},{"type":"Feature","geometry":{"type":"Polygon","coordinates":[[[-121.731915,39.929953],[-121.731918,39.92979],[-121.731731,39.929788],[-121.731726,39.930004],[-121.731865,39.930005],[-121.731867,39.929952],[-121.731915,39.929953]]]},"properties":{"capture_dates":"12/6/2018-12/12/2018"}},{"type":"Feature","geometry":{"type":"Polygon","coordinates":[[[-121.731734,39.936863],[-121.731742,39.936903],[-121.731843,39.936891],[-121.731824,39.936802],[-121.731659,39.936823],[-121.731669,39.936871],[-121.731734,39.936863]]]},"properties":{"capture_dates":"12/6/2018-12/12/2018"}},{"type":"Feature","geometry":{"type":"Polygon","coordinates":[[[-121.731589,39.928598],[-121.731691,39.928618],[-121.731745,39.928454],[-121.731643,39.928435],[-121.731589,39.928598]]]},"properties":{"capture_dates":"12/6/2018-12/12/2018"}},{"type":"Feature","geometry":{"type":"Polygon","coordinates":[[[-121.73142,39.92855],[-121.731505,39.928561],[-121.731531,39.92845],[-121.731446,39.928438],[-121.73142,39.92855]]]},"properties":{"capture_dates":"12/6/2018-12/12/2018"}},{"type":"Feature","geometry":{"type":"Polygon","coordinates":[[[-121.731329,39.928939],[-121.731428,39.928985],[-121.731535,39.928848],[-121.731437,39.928803],[-121.731329,39.928939]]]},"properties":{"capture_dates":"12/6/2018-12/12/2018"}},{"type":"Feature","geometry":{"type":"Polygon","coordinates":[[[-121.731008,39.928445],[-121.730976,39.928443],[-121.730987,39.928371],[-121.730933,39.928366],[-121.730911,39.928508],[-121.730997,39.928516],[-121.731008,39.928445]]]},"properties":{"capture_dates":"12/6/2018-12/12/2018"}},{"type":"Feature","geometry":{"type":"Polygon","coordinates":[[[-121.730839,39.93059],[-121.730908,39.930625],[-121.730998,39.930519],[-121.730917,39.930479],[-121.730888,39.930513],[-121.730899,39.930519],[-121.730839,39.93059]]]},"properties":{"capture_dates":"12/6/2018-12/12/2018"}},{"type":"Feature","geometry":{"type":"Polygon","coordinates":[[[-121.730524,39.930782],[-121.730499,39.930836],[-121.730639,39.930875],[-121.730664,39.930821],[-121.730524,39.930782]]]},"properties":{"capture_dates":"12/6/2018-12/12/2018"}},{"type":"Feature","geometry":{"type":"Polygon","coordinates":[[[-121.730261,39.929134],[-121.730223,39.929225],[-121.730357,39.929258],[-121.730396,39.929167],[-121.730261,39.929134]]]},"properties":{"capture_dates":"12/6/2018-12/12/2018"}},{"type":"Feature","geometry":{"type":"Polygon","coordinates":[[[-121.73025,39.930066],[-121.730192,39.930143],[-121.730339,39.930208],[-121.730359,39.930181],[-121.730277,39.930145],[-121.730315,39.930094],[-121.73025,39.930066]]]},"properties":{"capture_dates":"12/6/2018-12/12/2018"}},{"type":"Feature","geometry":{"type":"Polygon","coordinates":[[[-121.730073,39.930265],[-121.729989,39.930358],[-121.730121,39.930428],[-121.730205,39.930336],[-121.730073,39.930265]]]},"properties":{"capture_dates":"12/6/2018-12/12/2018"}},{"type":"Feature","geometry":{"type":"Polygon","coordinates":[[[-121.730034,39.931364],[-121.72996,39.931441],[-121.730092,39.931516],[-121.730166,39.931439],[-121.730034,39.931364]]]},"properties":{"capture_dates":"12/6/2018-12/12/2018"}},{"type":"Feature","geometry":{"type":"Polygon","coordinates":[[[-121.729073,39.930667],[-121.729159,39.930702],[-121.729179,39.930673],[-121.729192,39.930678],[-121.729237,39.930613],[-121.729139,39.930573],[-121.729124,39.930595],[-121.729071,39.930573],[-121.729042,39.930614],[-121.729095,39.930636],[-121.729073,39.930667]]]},"properties":{"capture_dates":"12/6/2018-12/12/2018"}},{"type":"Feature","geometry":{"type":"Polygon","coordinates":[[[-121.729102,39.932492],[-121.728943,39.932448],[-121.728894,39.932551],[-121.729087,39.932604],[-121.729126,39.932519],[-121.729093,39.93251],[-121.729102,39.932492]]]},"properties":{"capture_dates":"12/6/2018-12/12/2018"}},{"type":"Feature","geometry":{"type":"Polygon","coordinates":[[[-121.728757,39.933499],[-121.728838,39.933509],[-121.728853,39.933436],[-121.728771,39.933427],[-121.728757,39.933499]]]},"properties":{"capture_dates":"12/6/2018-12/12/2018"}},{"type":"Feature","geometry":{"type":"Polygon","coordinates":[[[-121.728652,39.933389],[-121.728805,39.933401],[-121.728836,39.933161],[-121.728683,39.933149],[-121.728652,39.933389]]]},"properties":{"capture_dates":"12/6/2018-12/12/2018"}},{"type":"Feature","geometry":{"type":"Polygon","coordinates":[[[-121.728699,39.937314],[-121.72871,39.937204],[-121.72856,39.937195],[-121.72855,39.937306],[-121.728699,39.937314]]]},"properties":{"capture_dates":"12/6/2018-12/12/2018"}},{"type":"Feature","geometry":{"type":"Polygon","coordinates":[[[-121.726862,39.937349],[-121.726857,39.937207],[-121.726755,39.937209],[-121.72676,39.937351],[-121.726862,39.937349]]]},"properties":{"capture_dates":"12/6/2018-12/12/2018"}},{"type":"Feature","geometry":{"type":"Polygon","coordinates":[[[-121.726604,39.937768],[-121.726712,39.93777],[-121.726718,39.937612],[-121.72661,39.93761],[-121.726604,39.937768]]]},"properties":{"capture_dates":"12/6/2018-12/12/2018"}},{"type":"Feature","geometry":{"type":"Polygon","coordinates":[[[-121.725584,39.937288],[-121.725679,39.93729],[-121.725684,39.937139],[-121.725588,39.937137],[-121.725584,39.937288]]]},"properties":{"capture_dates":"12/6/2018-12/12/2018"}},{"type":"Feature","geometry":{"type":"Polygon","coordinates":[[[-121.725547,39.937083],[-121.725436,39.937081],[-121.725433,39.937193],[-121.725544,39.937195],[-121.725547,39.937083]]]},"properties":{"capture_dates":"12/6/2018-12/12/2018"}},{"type":"Feature","geometry":{"type":"Polygon","coordinates":[[[-121.725389,39.938619],[-121.725355,39.938552],[-121.725187,39.938601],[-121.725222,39.938669],[-121.725389,39.938619]]]},"properties":{"capture_dates":"12/6/2018-12/12/2018"}},{"type":"Feature","geometry":{"type":"Polygon","coordinates":[[[-121.725368,39.937081],[-121.725256,39.937079],[-121.725252,39.93719],[-121.725364,39.937192],[-121.725368,39.937081]]]},"properties":{"capture_dates":"12/6/2018-12/12/2018"}},{"type":"Feature","geometry":{"type":"Polygon","coordinates":[[[-121.724999,39.938052],[-121.724992,39.93803],[-121.725073,39.938015],[-121.725052,39.937948],[-121.725004,39.937957],[-121.724995,39.937929],[-121.724849,39.937955],[-121.724878,39.938048],[-121.724932,39.938038],[-121.724939,39.938063],[-121.724999,39.938052]]]},"properties":{"capture_dates":"12/6/2018-12/12/2018"}},{"type":"Feature","geometry":{"type":"Polygon","coordinates":[[[-121.724905,39.937037],[-121.724896,39.93714],[-121.724997,39.937146],[-121.725007,39.937043],[-121.724905,39.937037]]]},"properties":{"capture_dates":"12/6/2018-12/12/2018"}},{"type":"Feature","geometry":{"type":"Polygon","coordinates":[[[-121.727899,39.933672],[-121.72804,39.933722],[-121.728141,39.933556],[-121.727944,39.933486],[-121.727912,39.933539],[-121.727968,39.933558],[-121.727899,39.933672]]]},"properties":{"capture_dates":"12/6/2018-12/12/2018"}},{"type":"Feature","geometry":{"type":"Polygon","coordinates":[[[-121.729442,39.931039],[-121.729312,39.930969],[-121.729313,39.930968],[-121.729288,39.930954],[-121.729207,39.931043],[-121.729362,39.931126],[-121.729442,39.931039]]]},"properties":{"capture_dates":"12/6/2018-12/12/2018"}},{"type":"Feature","geometry":{"type":"Polygon","coordinates":[[[-121.733373,39.93194],[-121.733459,39.931955],[-121.733483,39.931873],[-121.733392,39.931858],[-121.733402,39.931825],[-121.733341,39.931815],[-121.733316,39.931899],[-121.733382,39.93191],[-121.733373,39.93194]]]},"properties":{"capture_dates":"12/6/2018-12/12/2018"}},{"type":"Feature","geometry":{"type":"Polygon","coordinates":[[[-121.73493,39.929734],[-121.734908,39.929647],[-121.734828,39.929659],[-121.73485,39.929746],[-121.73493,39.929734]]]},"properties":{"capture_dates":"12/6/2018-12/12/2018"}},{"type":"Feature","geometry":{"type":"Polygon","coordinates":[[[-121.732949,39.938677],[-121.733088,39.938715],[-121.733137,39.938609],[-121.732998,39.938571],[-121.732949,39.938677]]]},"properties":{"capture_dates":"12/6/2018-12/12/2018"}},{"type":"Feature","geometry":{"type":"Polygon","coordinates":[[[-121.778276,40.343396],[-121.778225,40.343395],[-121.778226,40.343379],[-121.778135,40.343377],[-121.778131,40.343471],[-121.778273,40.343474],[-121.778276,40.343396]]]},"properties":{"capture_dates":"6/8/2019-6/21/2019"}},{"type":"Feature","geometry":{"type":"Polygon","coordinates":[[[-121.7804,40.343388],[-121.780306,40.343387],[-121.780305,40.343434],[-121.780399,40.343435],[-121.7804,40.343388]]]},"properties":{"capture_dates":"6/8/2019-6/21/2019"}},{"type":"Feature","geometry":{"type":"Polygon","coordinates":[[[-121.78057,40.34346],[-121.780749,40.343461],[-121.78075,40.343408],[-121.780528,40.343406],[-121.780527,40.343437],[-121.78057,40.343437],[-121.78057,40.34346]]]},"properties":{"capture_dates":"6/8/2019-6/21/2019"}},{"type":"Feature","geometry":{"type":"Polygon","coordinates":[[[-121.785274,40.343467],[-121.785043,40.343467],[-121.785043,40.343504],[-121.784994,40.343504],[-121.784994,40.343567],[-121.785044,40.343567],[-121.785044,40.343542],[-121.785274,40.343542],[-121.785274,40.343467]]]},"properties":{"capture_dates":"6/8/2019-6/21/2019"}},{"type":"Feature","geometry":{"type":"Polygon","coordinates":[[[-121.782815,40.343565],[-121.78281,40.343633],[-121.782907,40.343637],[-121.782912,40.343569],[-121.782815,40.343565]]]},"properties":{"capture_dates":"6/8/2019-6/21/2019"}},{"type":"Feature","geometry":{"type":"Polygon","coordinates":[[[-121.770804,40.343967],[-121.770727,40.343913],[-121.77056,40.344051],[-121.770638,40.344105],[-121.77068,40.344071],[-121.770714,40.344095],[-121.770809,40.344016],[-121.770774,40.343992],[-121.770804,40.343967]]]},"properties":{"capture_dates":"6/8/2019-6/21/2019"}},{"type":"Feature","geometry":{"type":"Polygon","coordinates":[[[-121.764648,40.3453],[-121.764788,40.345309],[-121.764803,40.345177],[-121.764765,40.345175],[-121.764773,40.345103],[-121.764674,40.345096],[-121.764669,40.345142],[-121.764519,40.345132],[-121.764511,40.345199],[-121.764659,40.345209],[-121.764648,40.3453]]]},"properties":{"capture_dates":"6/8/2019-6/21/2019"}},{"type":"Feature","geometry":{"type":"Polygon","coordinates":[[[-121.740694,40.346438],[-121.740859,40.346458],[-121.740875,40.346383],[-121.74071,40.346363],[-121.740694,40.346438]]]},"properties":{"capture_dates":"6/8/2019-6/21/2019"}},{"type":"Feature","geometry":{"type":"Polygon","coordinates":[[[-121.750308,40.347752],[-121.750438,40.347788],[-121.750461,40.34774],[-121.750331,40.347704],[-121.750308,40.347752]]]},"properties":{"capture_dates":"6/8/2019-6/21/2019"}},{"type":"Feature","geometry":{"type":"Polygon","coordinates":[[[-121.755611,40.347942],[-121.755633,40.34803],[-121.755716,40.348018],[-121.755694,40.34793],[-121.755611,40.347942]]]},"properties":{"capture_dates":"6/8/2019-6/21/2019"}},{"type":"Feature","geometry":{"type":"Polygon","coordinates":[[[-121.784163,40.343615],[-121.783935,40.343609],[-121.783932,40.343681],[-121.78416,40.343686],[-121.784163,40.343615]]]},"properties":{"capture_dates":"6/8/2019-6/21/2019"}},{"type":"Feature","geometry":{"type":"Polygon","coordinates":[[[-121.781122,40.342588],[-121.780945,40.342649],[-121.780984,40.342716],[-121.781162,40.342655],[-121.781122,40.342588]]]},"properties":{"capture_dates":"6/8/2019-6/21/2019"}},{"type":"Feature","geometry":{"type":"Polygon","coordinates":[[[-121.783887,40.34236],[-121.783975,40.342471],[-121.783992,40.342463],[-121.78402,40.342499],[-121.78406,40.342481],[-121.783942,40.342334],[-121.783887,40.34236]]]},"properties":{"capture_dates":"6/8/2019-6/21/2019"}},{"type":"Feature","geometry":{"type":"Polygon","coordinates":[[[-121.781226,40.342854],[-121.781419,40.342819],[-121.781398,40.342753],[-121.781205,40.342788],[-121.781226,40.342854]]]},"properties":{"capture_dates":"6/8/2019-6/21/2019"}},{"type":"Feature","geometry":{"type":"Polygon","coordinates":[[[-121.653407,39.910518],[-121.653409,39.910604],[-121.653495,39.910602],[-121.653492,39.910517],[-121.653407,39.910518]]]},"properties":{"capture_dates":"12/6/2018-12/12/2018"}},{"type":"Feature","geometry":{"type":"Polygon","coordinates":[[[-121.654629,39.915154],[-121.654648,39.915102],[-121.65457,39.915086],[-121.65459,39.91503],[-121.654531,39.915018],[-121.654473,39.915176],[-121.654573,39.915197],[-121.654591,39.915146],[-121.654629,39.915154]]]},"properties":{"capture_dates":"12/6/2018-12/12/2018"}},{"type":"Feature","geometry":{"type":"Polygon","coordinates":[[[-121.654632,39.915314],[-121.654573,39.915271],[-121.654501,39.91533],[-121.65456,39.915372],[-121.654632,39.915314]]]},"properties":{"capture_dates":"12/6/2018-12/12/2018"}},{"type":"Feature","geometry":{"type":"Polygon","coordinates":[[[-121.746608,39.880347],[-121.746729,39.880386],[-121.746769,39.880315],[-121.746648,39.880275],[-121.746608,39.880347]]]},"properties":{"capture_dates":"12/6/2018-12/12/2018"}},{"type":"Feature","geometry":{"type":"Polygon","coordinates":[[[-121.755751,39.882703],[-121.755608,39.882684],[-121.75559,39.882762],[-121.755733,39.882781],[-121.755751,39.882703]]]},"properties":{"capture_dates":"12/6/2018-12/12/2018"}},{"type":"Feature","geometry":{"type":"Polygon","coordinates":[[[-121.754415,39.883269],[-121.75424,39.883273],[-121.754245,39.883384],[-121.754189,39.883386],[-121.754191,39.883458],[-121.754387,39.883453],[-121.754385,39.883393],[-121.75442,39.883392],[-121.754415,39.883269]]]},"properties":{"capture_dates":"12/6/2018-12/12/2018"}},{"type":"Feature","geometry":{"type":"Polygon","coordinates":[[[-121.745849,39.883344],[-121.745631,39.883301],[-121.745577,39.883465],[-121.745795,39.883507],[-121.745849,39.883344]]]},"properties":{"capture_dates":"12/6/2018-12/12/2018"}},{"type":"Feature","geometry":{"type":"Polygon","coordinates":[[[-121.75381,39.883557],[-121.753873,39.883692],[-121.754044,39.883645],[-121.753981,39.883509],[-121.75381,39.883557]]]},"properties":{"capture_dates":"12/6/2018-12/12/2018"}},{"type":"Feature","geometry":{"type":"Polygon","coordinates":[[[-121.753332,39.885353],[-121.753346,39.885349],[-121.753323,39.885293],[-121.753201,39.885322],[-121.753238,39.885412],[-121.753345,39.885386],[-121.753332,39.885353]]]},"properties":{"capture_dates":"12/6/2018-12/12/2018"}},{"type":"Feature","geometry":{"type":"Polygon","coordinates":[[[-121.754465,39.886928],[-121.754469,39.887008],[-121.754691,39.887002],[-121.754687,39.886922],[-121.754465,39.886928]]]},"properties":{"capture_dates":"12/6/2018-12/12/2018"}},{"type":"Feature","geometry":{"type":"Polygon","coordinates":[[[-121.751493,39.887033],[-121.75156,39.887136],[-121.751666,39.887095],[-121.751599,39.886992],[-121.751493,39.887033]]]},"properties":{"capture_dates":"12/6/2018-12/12/2018"}},{"type":"Feature","geometry":{"type":"Polygon","coordinates":[[[-121.75065,39.887215],[-121.750689,39.887214],[-121.750686,39.887138],[-121.750647,39.887139],[-121.75065,39.887215]]]},"properties":{"capture_dates":"12/6/2018-12/12/2018"}},{"type":"Feature","geometry":{"type":"Polygon","coordinates":[[[-121.753602,39.88817],[-121.753668,39.888226],[-121.753804,39.88813],[-121.753737,39.888075],[-121.753602,39.88817]]]},"properties":{"capture_dates":"12/6/2018-12/12/2018"}},{"type":"Feature","geometry":{"type":"Polygon","coordinates":[[[-121.75352,39.888093],[-121.753434,39.888153],[-121.753514,39.88822],[-121.7536,39.88816],[-121.75352,39.888093]]]},"properties":{"capture_dates":"12/6/2018-12/12/2018"}},{"type":"Feature","geometry":{"type":"Polygon","coordinates":[[[-121.742364,39.889931],[-121.742342,39.889919],[-121.742272,39.889997],[-121.742384,39.890056],[-121.742362,39.890081],[-121.742408,39.890105],[-121.742567,39.889927],[-121.742502,39.889893],[-121.742526,39.889866],[-121.742456,39.889829],[-121.742364,39.889931]]]},"properties":{"capture_dates":"12/6/2018-12/12/2018"}},{"type":"Feature","geometry":{"type":"Polygon","coordinates":[[[-121.74792,39.890017],[-121.747844,39.889928],[-121.747613,39.890045],[-121.74769,39.890134],[-121.74792,39.890017]]]},"properties":{"capture_dates":"12/6/2018-12/12/2018"}},{"type":"Feature","geometry":{"type":"Polygon","coordinates":[[[-121.74807,39.891011],[-121.747922,39.891109],[-121.747997,39.891175],[-121.748144,39.891077],[-121.74807,39.891011]]]},"properties":{"capture_dates":"12/6/2018-12/12/2018"}},{"type":"Feature","geometry":{"type":"Polygon","coordinates":[[[-121.745998,39.891033],[-121.745925,39.89104],[-121.745934,39.891096],[-121.746007,39.891089],[-121.745998,39.891033]]]},"properties":{"capture_dates":"12/6/2018-12/12/2018"}},{"type":"Feature","geometry":{"type":"Polygon","coordinates":[[[-121.751184,39.891086],[-121.751182,39.891237],[-121.751294,39.891238],[-121.751297,39.891087],[-121.751184,39.891086]]]},"properties":{"capture_dates":"12/6/2018-12/12/2018"}},{"type":"Feature","geometry":{"type":"Polygon","coordinates":[[[-121.742389,39.891434],[-121.74231,39.891407],[-121.742235,39.891538],[-121.742424,39.891602],[-121.742488,39.891491],[-121.742378,39.891454],[-121.742389,39.891434]]]},"properties":{"capture_dates":"12/6/2018-12/12/2018"}},{"type":"Feature","geometry":{"type":"Polygon","coordinates":[[[-121.742906,39.891876],[-121.742787,39.891832],[-121.742748,39.891894],[-121.742868,39.891938],[-121.742906,39.891876]]]},"properties":{"capture_dates":"12/6/2018-12/12/2018"}},{"type":"Feature","geometry":{"type":"Polygon","coordinates":[[[-121.744781,39.892451],[-121.744841,39.892526],[-121.74496,39.89247],[-121.7449,39.892395],[-121.744781,39.892451]]]},"properties":{"capture_dates":"12/6/2018-12/12/2018"}},{"type":"Feature","geometry":{"type":"Polygon","coordinates":[[[-121.745835,39.892692],[-121.745771,39.8926],[-121.74564,39.892653],[-121.745703,39.892746],[-121.745835,39.892692]]]},"properties":{"capture_dates":"12/6/2018-12/12/2018"}},{"type":"Feature","geometry":{"type":"Polygon","coordinates":[[[-121.746261,39.89297],[-121.746073,39.892951],[-121.74607,39.892974],[-121.745976,39.892965],[-121.745963,39.893044],[-121.746243,39.893072],[-121.746261,39.89297]]]},"properties":{"capture_dates":"12/6/2018-12/12/2018"}},{"type":"Feature","geometry":{"type":"Polygon","coordinates":[[[-121.677726,39.879864],[-121.677592,39.879862],[-121.677591,39.879897],[-121.677412,39.879895],[-121.677408,39.880078],[-121.677589,39.880081],[-121.677592,39.879943],[-121.677724,39.879944],[-121.677726,39.879864]]]},"properties":{"capture_dates":"12/6/2018-12/12/2018"}},{"type":"Feature","geometry":{"type":"Polygon","coordinates":[[[-121.677929,39.88286],[-121.677925,39.882954],[-121.678008,39.882956],[-121.678012,39.882862],[-121.677929,39.88286]]]},"properties":{"capture_dates":"12/6/2018-12/12/2018"}},{"type":"Feature","geometry":{"type":"Polygon","coordinates":[[[-121.678233,39.884759],[-121.67826,39.88487],[-121.678412,39.884848],[-121.678368,39.884669],[-121.678265,39.884684],[-121.678282,39.884752],[-121.678233,39.884759]]]},"properties":{"capture_dates":"12/6/2018-12/12/2018"}},{"type":"Feature","geometry":{"type":"Polygon","coordinates":[[[-121.67471,39.887206],[-121.674815,39.887204],[-121.674813,39.887146],[-121.674708,39.887148],[-121.67471,39.887206]]]},"properties":{"capture_dates":"12/6/2018-12/12/2018"}},{"type":"Feature","geometry":{"type":"Polygon","coordinates":[[[-121.677854,39.89064],[-121.678208,39.890664],[-121.678218,39.890576],[-121.678151,39.890572],[-121.678153,39.890553],[-121.678007,39.890544],[-121.678018,39.890441],[-121.677877,39.890432],[-121.677854,39.89064]]]},"properties":{"capture_dates":"12/6/2018-12/12/2018"}},{"type":"Feature","geometry":{"type":"Polygon","coordinates":[[[-121.672678,39.891706],[-121.672478,39.89169],[-121.672471,39.89174],[-121.67255,39.891746],[-121.672547,39.891772],[-121.672613,39.891777],[-121.672615,39.891761],[-121.67267,39.891765],[-121.672678,39.891706]]]},"properties":{"capture_dates":"12/6/2018-12/12/2018"}},{"type":"Feature","geometry":{"type":"Polygon","coordinates":[[[-121.673991,39.888049],[-121.674025,39.888152],[-121.674265,39.888107],[-121.674231,39.888003],[-121.673991,39.888049]]]},"properties":{"capture_dates":"12/6/2018-12/12/2018"}},{"type":"Feature","geometry":{"type":"Polygon","coordinates":[[[-121.675358,39.887481],[-121.675297,39.887354],[-121.675177,39.887388],[-121.675217,39.887473],[-121.675167,39.887487],[-121.6752,39.887556],[-121.675316,39.887524],[-121.675335,39.887564],[-121.675431,39.887537],[-121.675399,39.88747],[-121.675358,39.887481]]]},"properties":{"capture_dates":"12/6/2018-12/12/2018"}},{"type":"Feature","geometry":{"type":"Polygon","coordinates":[[[-121.677854,39.882173],[-121.677845,39.882035],[-121.677736,39.882039],[-121.677745,39.882177],[-121.677854,39.882173]]]},"properties":{"capture_dates":"12/6/2018-12/12/2018"}},{"type":"Feature","geometry":{"type":"Polygon","coordinates":[[[-121.67087,39.89177],[-121.670655,39.891806],[-121.670684,39.891907],[-121.670822,39.891883],[-121.670832,39.891917],[-121.670908,39.891904],[-121.67087,39.89177]]]},"properties":{"capture_dates":"12/6/2018-12/12/2018"}},{"type":"Feature","geometry":{"type":"Polygon","coordinates":[[[-121.679094,39.890079],[-121.678918,39.890061],[-121.678916,39.890069],[-121.678787,39.890056],[-121.678796,39.890007],[-121.678658,39.889993],[-121.678633,39.890143],[-121.678804,39.89016],[-121.678794,39.890219],[-121.678939,39.890234],[-121.678954,39.890149],[-121.67908,39.890162],[-121.679094,39.890079]]]},"properties":{"capture_dates":"12/6/2018-12/12/2018"}},{"type":"Feature","geometry":{"type":"Polygon","coordinates":[[[-121.678575,39.881157],[-121.678503,39.881217],[-121.678575,39.881268],[-121.678589,39.881255],[-121.678665,39.881308],[-121.678754,39.881233],[-121.67869,39.881188],[-121.678819,39.881079],[-121.678737,39.881021],[-121.678649,39.881095],[-121.678574,39.881043],[-121.6785,39.881104],[-121.678575,39.881157]]]},"properties":{"capture_dates":"12/6/2018-12/12/2018"}},{"type":"Feature","geometry":{"type":"Polygon","coordinates":[[[-121.67639,39.886327],[-121.676386,39.886239],[-121.676414,39.886238],[-121.67641,39.886166],[-121.676314,39.886169],[-121.676316,39.8862],[-121.676168,39.886204],[-121.676175,39.886334],[-121.67639,39.886327]]]},"properties":{"capture_dates":"12/6/2018-12/12/2018"}},{"type":"Feature","geometry":{"type":"Polygon","coordinates":[[[-121.671542,39.891949],[-121.671746,39.891954],[-121.67175,39.891861],[-121.671604,39.891857],[-121.671606,39.891815],[-121.671627,39.891815],[-121.671628,39.891788],[-121.671549,39.891786],[-121.671542,39.891949]]]},"properties":{"capture_dates":"12/6/2018-12/12/2018"}},{"type":"Feature","geometry":{"type":"Polygon","coordinates":[[[-121.78456,39.840251],[-121.784446,39.840244],[-121.78444,39.840306],[-121.784554,39.840312],[-121.78456,39.840251]]]},"properties":{"capture_dates":"12/6/2018-12/12/2018"}},{"type":"Feature","geometry":{"type":"Polygon","coordinates":[[[-121.783527,39.84165],[-121.783494,39.84157],[-121.783268,39.841626],[-121.783301,39.841705],[-121.783527,39.84165]]]},"properties":{"capture_dates":"12/6/2018-12/12/2018"}},{"type":"Feature","geometry":{"type":"Polygon","coordinates":[[[-121.781808,39.865729],[-121.781739,39.865816],[-121.781892,39.865887],[-121.781961,39.8658],[-121.781808,39.865729]]]},"properties":{"capture_dates":"12/6/2018-12/12/2018"}},{"type":"Feature","geometry":{"type":"Polygon","coordinates":[[[-121.781058,39.840205],[-121.781793,39.840264],[-121.781802,39.840194],[-121.780879,39.84012],[-121.780872,39.840175],[-121.780911,39.840178],[-121.780903,39.840244],[-121.780948,39.840247],[-121.780952,39.840217],[-121.781055,39.840225],[-121.781058,39.840205]]]},"properties":{"capture_dates":"12/6/2018-12/12/2018"}},{"type":"Feature","geometry":{"type":"Polygon","coordinates":[[[-121.781031,39.839288],[-121.78103,39.839346],[-121.781183,39.839349],[-121.781184,39.839291],[-121.781031,39.839288]]]},"properties":{"capture_dates":"12/6/2018-12/12/2018"}},{"type":"Feature","geometry":{"type":"Polygon","coordinates":[[[-121.779572,39.839813],[-121.779424,39.839783],[-121.779413,39.839816],[-121.77929,39.839791],[-121.779271,39.839847],[-121.779316,39.839856],[-121.779308,39.839879],[-121.779411,39.8399],[-121.779399,39.839934],[-121.779494,39.839954],[-121.779503,39.839928],[-121.77966,39.839959],[-121.779688,39.839878],[-121.779559,39.839852],[-121.779572,39.839813]]]},"properties":{"capture_dates":"12/6/2018-12/12/2018"}},{"type":"Feature","geometry":{"type":"Polygon","coordinates":[[[-121.779054,39.840578],[-121.779181,39.840574],[-121.779176,39.840484],[-121.779049,39.840488],[-121.779054,39.840578]]]},"properties":{"capture_dates":"12/6/2018-12/12/2018"}},{"type":"Feature","geometry":{"type":"Polygon","coordinates":[[[-121.778744,39.840502],[-121.778592,39.840505],[-121.778594,39.840579],[-121.778657,39.840578],[-121.778658,39.840607],[-121.778712,39.840606],[-121.778711,39.840581],[-121.778747,39.84058],[-121.778744,39.840502]]]},"properties":{"capture_dates":"12/6/2018-12/12/2018"}},{"type":"Feature","geometry":{"type":"Polygon","coordinates":[[[-121.778566,39.839978],[-121.778598,39.839694],[-121.778464,39.839685],[-121.778451,39.839692],[-121.778419,39.83969],[-121.778421,39.839669],[-121.778352,39.839664],[-121.778307,39.839689],[-121.778304,39.839689],[-121.778277,39.839703],[-121.778254,39.839679],[-121.778211,39.839703],[-121.778131,39.839698],[-121.778127,39.839731],[-121.778152,39.839758],[-121.778144,39.839831],[-121.77819,39.839834],[-121.778088,39.839892],[-121.778019,39.839819],[-121.777871,39.839901],[-121.777948,39.839982],[-121.778009,39.839948],[-121.778098,39.840042],[-121.778251,39.839957],[-121.778566,39.839978]]]},"properties":{"capture_dates":"12/6/2018-12/12/2018"}},{"type":"Feature","geometry":{"type":"Polygon","coordinates":[[[-121.778201,39.83887],[-121.778253,39.838954],[-121.778393,39.838903],[-121.778342,39.838819],[-121.778201,39.83887]]]},"properties":{"capture_dates":"12/6/2018-12/12/2018"}},{"type":"Feature","geometry":{"type":"Polygon","coordinates":[[[-121.778287,39.839278],[-121.778292,39.839358],[-121.778388,39.839354],[-121.778383,39.83927],[-121.778335,39.839272],[-121.778335,39.839276],[-121.778287,39.839278]]]},"properties":{"capture_dates":"12/6/2018-12/12/2018"}},{"type":"Feature","geometry":{"type":"Polygon","coordinates":[[[-121.778192,39.839593],[-121.778305,39.83959],[-121.7783,39.839483],[-121.778188,39.839486],[-121.778192,39.839593]]]},"properties":{"capture_dates":"12/6/2018-12/12/2018"}},{"type":"Feature","geometry":{"type":"Polygon","coordinates":[[[-121.778142,39.839279],[-121.778148,39.839396],[-121.77826,39.839392],[-121.778253,39.839275],[-121.778142,39.839279]]]},"properties":{"capture_dates":"12/6/2018-12/12/2018"}},{"type":"Feature","geometry":{"type":"Polygon","coordinates":[[[-121.778148,39.840561],[-121.777986,39.840582],[-121.778011,39.840698],[-121.778082,39.840689],[-121.778071,39.840639],[-121.778162,39.840627],[-121.778148,39.840561]]]},"properties":{"capture_dates":"12/6/2018-12/12/2018"}},{"type":"Feature","geometry":{"type":"Polygon","coordinates":[[[-121.778057,39.839593],[-121.778161,39.839595],[-121.778165,39.839483],[-121.778061,39.839481],[-121.778057,39.839593]]]},"properties":{"capture_dates":"12/6/2018-12/12/2018"}},{"type":"Feature","geometry":{"type":"Polygon","coordinates":[[[-121.777767,39.840481],[-121.777893,39.840482],[-121.777894,39.840434],[-121.77791,39.840434],[-121.77791,39.840299],[-121.77768,39.840298],[-121.777679,39.840397],[-121.777768,39.840397],[-121.777767,39.840481]]]},"properties":{"capture_dates":"12/6/2018-12/12/2018"}},{"type":"Feature","geometry":{"type":"Polygon","coordinates":[[[-121.777901,39.838423],[-121.777821,39.838356],[-121.777733,39.838418],[-121.777831,39.8385],[-121.777875,39.838469],[-121.777857,39.838454],[-121.777901,39.838423]]]},"properties":{"capture_dates":"12/6/2018-12/12/2018"}},{"type":"Feature","geometry":{"type":"Polygon","coordinates":[[[-121.777636,39.839495],[-121.777632,39.839592],[-121.777707,39.839594],[-121.777711,39.839497],[-121.777636,39.839495]]]},"properties":{"capture_dates":"12/6/2018-12/12/2018"}},{"type":"Feature","geometry":{"type":"Polygon","coordinates":[[[-121.777705,39.838561],[-121.777621,39.838476],[-121.777576,39.838502],[-121.77766,39.838588],[-121.777705,39.838561]]]},"properties":{"capture_dates":"12/6/2018-12/12/2018"}},{"type":"Feature","geometry":{"type":"Polygon","coordinates":[[[-121.777636,39.839662],[-121.777634,39.839701],[-121.777698,39.839703],[-121.7777,39.839664],[-121.777636,39.839662]]]},"properties":{"capture_dates":"12/6/2018-12/12/2018"}},{"type":"Feature","geometry":{"type":"Polygon","coordinates":[[[-121.777636,39.838588],[-121.777556,39.83853],[-121.777487,39.838586],[-121.777567,39.838644],[-121.777636,39.838588]]]},"properties":{"capture_dates":"12/6/2018-12/12/2018"}},{"type":"Feature","geometry":{"type":"Polygon","coordinates":[[[-121.777574,39.83957],[-121.77749,39.839569],[-121.777489,39.83961],[-121.777573,39.839611],[-121.777574,39.83957]]]},"properties":{"capture_dates":"12/6/2018-12/12/2018"}},{"type":"Feature","geometry":{"type":"Polygon","coordinates":[[[-121.777492,39.839666],[-121.777572,39.839667],[-121.777573,39.839626],[-121.777492,39.839625],[-121.777492,39.839666]]]},"properties":{"capture_dates":"12/6/2018-12/12/2018"}},{"type":"Feature","geometry":{"type":"Polygon","coordinates":[[[-121.776995,39.839862],[-121.777158,39.839895],[-121.777189,39.839806],[-121.777063,39.839781],[-121.77706,39.83979],[-121.777022,39.839783],[-121.776995,39.839862]]]},"properties":{"capture_dates":"12/6/2018-12/12/2018"}},{"type":"Feature","geometry":{"type":"Polygon","coordinates":[[[-121.777006,39.840019],[-121.776996,39.840101],[-121.777159,39.840113],[-121.777169,39.840031],[-121.777006,39.840019]]]},"properties":{"capture_dates":"12/6/2018-12/12/2018"}},{"type":"Feature","geometry":{"type":"Polygon","coordinates":[[[-121.776544,39.839902],[-121.77662,39.839921],[-121.776658,39.839833],[-121.776582,39.839814],[-121.776544,39.839902]]]},"properties":{"capture_dates":"12/6/2018-12/12/2018"}},{"type":"Feature","geometry":{"type":"Polygon","coordinates":[[[-121.776447,39.838937],[-121.776528,39.838939],[-121.77653,39.838873],[-121.776449,39.838871],[-121.776447,39.838937]]]},"properties":{"capture_dates":"12/6/2018-12/12/2018"}},{"type":"Feature","geometry":{"type":"Polygon","coordinates":[[[-121.776278,39.838842],[-121.776369,39.838845],[-121.776373,39.838777],[-121.776282,39.838774],[-121.776278,39.838842]]]},"properties":{"capture_dates":"12/6/2018-12/12/2018"}},{"type":"Feature","geometry":{"type":"Polygon","coordinates":[[[-121.776118,39.838777],[-121.775896,39.838781],[-121.775898,39.838862],[-121.775981,39.83886],[-121.775982,39.838882],[-121.776027,39.838881],[-121.776027,39.838864],[-121.776121,39.838862],[-121.776118,39.838777]]]},"properties":{"capture_dates":"12/6/2018-12/12/2018"}},{"type":"Feature","geometry":{"type":"Polygon","coordinates":[[[-121.775455,39.838768],[-121.775457,39.838868],[-121.775637,39.838865],[-121.775634,39.838765],[-121.775455,39.838768]]]},"properties":{"capture_dates":"12/6/2018-12/12/2018"}},{"type":"Feature","geometry":{"type":"Polygon","coordinates":[[[-121.774823,39.866906],[-121.77489,39.86696],[-121.775059,39.866838],[-121.774992,39.866783],[-121.774823,39.866906]]]},"properties":{"capture_dates":"12/6/2018-12/12/2018"}},{"type":"Feature","geometry":{"type":"Polygon","coordinates":[[[-121.774334,39.867265],[-121.774263,39.867312],[-121.774349,39.867389],[-121.774386,39.867365],[-121.774407,39.867384],[-121.774517,39.867311],[-121.774407,39.867213],[-121.774387,39.867226],[-121.774338,39.867182],[-121.774282,39.867219],[-121.774334,39.867265]]]},"properties":{"capture_dates":"12/6/2018-12/12/2018"}},{"type":"Feature","geometry":{"type":"Polygon","coordinates":[[[-121.776901,39.839092],[-121.776767,39.83909],[-121.776765,39.83916],[-121.776899,39.839162],[-121.776901,39.839092]]]},"properties":{"capture_dates":"12/6/2018-12/12/2018"}},{"type":"Feature","geometry":{"type":"Polygon","coordinates":[[[-121.779089,39.859809],[-121.779045,39.859711],[-121.778917,39.859746],[-121.778961,39.859843],[-121.779089,39.859809]]]},"properties":{"capture_dates":"12/6/2018-12/12/2018"}},{"type":"Feature","geometry":{"type":"Polygon","coordinates":[[[-121.77694,39.839739],[-121.776784,39.839721],[-121.776772,39.839781],[-121.776928,39.839799],[-121.77694,39.839739]]]},"properties":{"capture_dates":"12/6/2018-12/12/2018"}},{"type":"Feature","geometry":{"type":"Polygon","coordinates":[[[-121.776459,39.838758],[-121.776544,39.838759],[-121.776546,39.838693],[-121.77646,39.838692],[-121.776459,39.838758]]]},"properties":{"capture_dates":"12/6/2018-12/12/2018"}},{"type":"Feature","geometry":{"type":"Polygon","coordinates":[[[-121.776881,39.840039],[-121.776809,39.840038],[-121.776807,39.840104],[-121.776879,39.840105],[-121.776881,39.840039]]]},"properties":{"capture_dates":"12/6/2018-12/12/2018"}},{"type":"Feature","geometry":{"type":"Polygon","coordinates":[[[-121.780893,39.839801],[-121.780481,39.839641],[-121.780376,39.839801],[-121.780789,39.839961],[-121.780893,39.839801]]]},"properties":{"capture_dates":"12/6/2018-12/12/2018"}},{"type":"Feature","geometry":{"type":"Polygon","coordinates":[[[-121.777691,39.840559],[-121.777693,39.840631],[-121.777775,39.840629],[-121.777773,39.840557],[-121.777691,39.840559]]]},"properties":{"capture_dates":"12/6/2018-12/12/2018"}},{"type":"Feature","geometry":{"type":"Polygon","coordinates":[[[-121.781483,39.840299],[-121.781481,39.840406],[-121.78164,39.840408],[-121.781643,39.840301],[-121.781483,39.840299]]]},"properties":{"capture_dates":"12/6/2018-12/12/2018"}},{"type":"Feature","geometry":{"type":"Polygon","coordinates":[[[-121.777663,39.83846],[-121.77775,39.838545],[-121.777809,39.83851],[-121.777722,39.838424],[-121.777663,39.83846]]]},"properties":{"capture_dates":"12/6/2018-12/12/2018"}},{"type":"Feature","geometry":{"type":"Polygon","coordinates":[[[-121.778766,39.840496],[-121.77877,39.840584],[-121.779033,39.840577],[-121.779029,39.840488],[-121.778766,39.840496]]]},"properties":{"capture_dates":"12/6/2018-12/12/2018"}},{"type":"Feature","geometry":{"type":"Polygon","coordinates":[[[-121.780013,39.839877],[-121.779843,39.839839],[-121.779827,39.83988],[-121.779997,39.839919],[-121.780013,39.839877]]]},"properties":{"capture_dates":"12/6/2018-12/12/2018"}},{"type":"Feature","geometry":{"type":"Polygon","coordinates":[[[-121.77607,39.839026],[-121.776169,39.839028],[-121.776171,39.838985],[-121.776203,39.838986],[-121.776204,39.838953],[-121.776073,39.83895],[-121.77607,39.839026]]]},"properties":{"capture_dates":"12/6/2018-12/12/2018"}},{"type":"Feature","geometry":{"type":"Polygon","coordinates":[[[-121.779345,39.840567],[-121.779471,39.840564],[-121.779467,39.840473],[-121.779341,39.840477],[-121.779345,39.840567]]]},"properties":{"capture_dates":"12/6/2018-12/12/2018"}},{"type":"Feature","geometry":{"type":"Polygon","coordinates":[[[-121.7792,39.84057],[-121.779321,39.840569],[-121.779319,39.84048],[-121.779198,39.840482],[-121.7792,39.84057]]]},"properties":{"capture_dates":"12/6/2018-12/12/2018"}},{"type":"Feature","geometry":{"type":"Polygon","coordinates":[[[-121.776284,39.838745],[-121.776381,39.838747],[-121.776384,39.83865],[-121.776287,39.838648],[-121.776284,39.838745]]]},"properties":{"capture_dates":"12/6/2018-12/12/2018"}},{"type":"Feature","geometry":{"type":"Polygon","coordinates":[[[-121.777045,39.838832],[-121.776903,39.838906],[-121.776958,39.838968],[-121.7771,39.838894],[-121.777045,39.838832]]]},"properties":{"capture_dates":"12/6/2018-12/12/2018"}},{"type":"Feature","geometry":{"type":"Polygon","coordinates":[[[-121.775105,39.866886],[-121.775032,39.86687],[-121.775005,39.86694],[-121.77508,39.866957],[-121.775071,39.866981],[-121.775193,39.867008],[-121.775236,39.866895],[-121.775112,39.866867],[-121.775105,39.866886]]]},"properties":{"capture_dates":"12/6/2018-12/12/2018"}},{"type":"Feature","geometry":{"type":"Polygon","coordinates":[[[-121.777908,39.869501],[-121.77788,39.869576],[-121.777991,39.869601],[-121.77798,39.86963],[-121.778196,39.869678],[-121.778235,39.869574],[-121.777908,39.869501]]]},"properties":{"capture_dates":"12/6/2018-12/12/2018"}},{"type":"Feature","geometry":{"type":"Polygon","coordinates":[[[-121.778314,39.839561],[-121.778413,39.839572],[-121.778413,39.839576],[-121.778518,39.839588],[-121.778536,39.839491],[-121.778332,39.839468],[-121.778314,39.839561]]]},"properties":{"capture_dates":"12/6/2018-12/12/2018"}},{"type":"Feature","geometry":{"type":"Polygon","coordinates":[[[-121.683561,39.875551],[-121.683434,39.875563],[-121.683445,39.875635],[-121.683427,39.875637],[-121.683457,39.875826],[-121.683555,39.875817],[-121.683546,39.87576],[-121.683593,39.875756],[-121.683561,39.875551]]]},"properties":{"capture_dates":"12/6/2018-12/12/2018"}},{"type":"Feature","geometry":{"type":"Polygon","coordinates":[[[-121.681096,39.875852],[-121.681193,39.875855],[-121.681198,39.875731],[-121.681102,39.875729],[-121.681096,39.875852]]]},"properties":{"capture_dates":"12/6/2018-12/12/2018"}},{"type":"Feature","geometry":{"type":"Polygon","coordinates":[[[-121.708302,39.87578],[-121.708196,39.875778],[-121.708193,39.87589],[-121.708298,39.875891],[-121.708302,39.87578]]]},"properties":{"capture_dates":"12/6/2018-12/12/2018"}},{"type":"Feature","geometry":{"type":"Polygon","coordinates":[[[-121.708294,39.875918],[-121.708174,39.875921],[-121.708177,39.876022],[-121.708297,39.876019],[-121.708294,39.875918]]]},"properties":{"capture_dates":"12/6/2018-12/12/2018"}},{"type":"Feature","geometry":{"type":"Polygon","coordinates":[[[-121.680272,39.876436],[-121.680283,39.876514],[-121.680498,39.876497],[-121.680477,39.876347],[-121.680363,39.876356],[-121.680373,39.876428],[-121.680272,39.876436]]]},"properties":{"capture_dates":"12/6/2018-12/12/2018"}},{"type":"Feature","geometry":{"type":"Polygon","coordinates":[[[-121.682336,39.876736],[-121.68233,39.876893],[-121.682438,39.876895],[-121.682444,39.876739],[-121.682336,39.876736]]]},"properties":{"capture_dates":"12/6/2018-12/12/2018"}},{"type":"Feature","geometry":{"type":"Polygon","coordinates":[[[-121.681179,39.877211],[-121.681312,39.877225],[-121.681325,39.87715],[-121.681407,39.877159],[-121.681423,39.87707],[-121.681208,39.877047],[-121.681179,39.877211]]]},"properties":{"capture_dates":"12/6/2018-12/12/2018"}},{"type":"Feature","geometry":{"type":"Polygon","coordinates":[[[-121.679422,39.877213],[-121.679412,39.87705],[-121.679307,39.877054],[-121.67931,39.877099],[-121.679284,39.8771],[-121.679292,39.877244],[-121.679368,39.877241],[-121.679367,39.877215],[-121.679422,39.877213]]]},"properties":{"capture_dates":"12/6/2018-12/12/2018"}},{"type":"Feature","geometry":{"type":"Polygon","coordinates":[[[-121.683546,39.877501],[-121.68364,39.877505],[-121.683648,39.87739],[-121.683554,39.877386],[-121.683546,39.877501]]]},"properties":{"capture_dates":"12/6/2018-12/12/2018"}},{"type":"Feature","geometry":{"type":"Polygon","coordinates":[[[-121.702766,39.879111],[-121.702583,39.879239],[-121.702657,39.879302],[-121.70284,39.879174],[-121.702766,39.879111]]]},"properties":{"capture_dates":"12/6/2018-12/12/2018"}},{"type":"Feature","geometry":{"type":"Polygon","coordinates":[[[-121.682173,39.879582],[-121.682107,39.879671],[-121.682289,39.879751],[-121.682355,39.879662],[-121.682173,39.879582]]]},"properties":{"capture_dates":"12/6/2018-12/12/2018"}},{"type":"Feature","geometry":{"type":"Polygon","coordinates":[[[-121.678768,39.879733],[-121.678948,39.87978],[-121.678992,39.879683],[-121.678879,39.879653],[-121.678874,39.879664],[-121.678807,39.879646],[-121.678768,39.879733]]]},"properties":{"capture_dates":"12/6/2018-12/12/2018"}},{"type":"Feature","geometry":{"type":"Polygon","coordinates":[[[-121.681877,39.879815],[-121.681804,39.8799],[-121.681968,39.879983],[-121.68204,39.879897],[-121.681877,39.879815]]]},"properties":{"capture_dates":"12/6/2018-12/12/2018"}},{"type":"Feature","geometry":{"type":"Polygon","coordinates":[[[-121.681706,39.880403],[-121.681755,39.880437],[-121.681593,39.88058],[-121.68168,39.880638],[-121.681771,39.880557],[-121.68182,39.88059],[-121.681898,39.880521],[-121.681854,39.880492],[-121.681931,39.880423],[-121.68179,39.880329],[-121.681706,39.880403]]]},"properties":{"capture_dates":"12/6/2018-12/12/2018"}},{"type":"Feature","geometry":{"type":"Polygon","coordinates":[[[-121.680342,39.880974],[-121.680327,39.880731],[-121.680142,39.880737],[-121.680157,39.880981],[-121.680342,39.880974]]]},"properties":{"capture_dates":"12/6/2018-12/12/2018"}},{"type":"Feature","geometry":{"type":"Polygon","coordinates":[[[-121.682703,39.882586],[-121.682818,39.882617],[-121.682825,39.882602],[-121.682878,39.882616],[-121.682931,39.882499],[-121.682762,39.882454],[-121.682703,39.882586]]]},"properties":{"capture_dates":"12/6/2018-12/12/2018"}},{"type":"Feature","geometry":{"type":"Polygon","coordinates":[[[-121.678598,39.882704],[-121.678603,39.882804],[-121.678513,39.882807],[-121.678519,39.882921],[-121.678591,39.882919],[-121.678589,39.882879],[-121.678704,39.882876],[-121.678702,39.88283],[-121.67875,39.882829],[-121.678744,39.8827],[-121.678598,39.882704]]]},"properties":{"capture_dates":"12/6/2018-12/12/2018"}},{"type":"Feature","geometry":{"type":"Polygon","coordinates":[[[-121.700502,39.883309],[-121.700649,39.883579],[-121.70074,39.88355],[-121.700724,39.883521],[-121.700788,39.883501],[-121.700731,39.883396],[-121.70069,39.883386],[-121.700608,39.883235],[-121.7005,39.883208],[-121.700517,39.883167],[-121.700382,39.883132],[-121.700352,39.883201],[-121.700418,39.883218],[-121.70039,39.883281],[-121.700502,39.883309]]]},"properties":{"capture_dates":"12/6/2018-12/12/2018"}},{"type":"Feature","geometry":{"type":"Polygon","coordinates":[[[-121.68002,39.883629],[-121.680086,39.883764],[-121.680258,39.883715],[-121.680192,39.88358],[-121.68002,39.883629]]]},"properties":{"capture_dates":"12/6/2018-12/12/2018"}},{"type":"Feature","geometry":{"type":"Polygon","coordinates":[[[-121.680255,39.88391],[-121.680217,39.883787],[-121.680112,39.883807],[-121.68015,39.883929],[-121.680255,39.88391]]]},"properties":{"capture_dates":"12/6/2018-12/12/2018"}},{"type":"Feature","geometry":{"type":"Polygon","coordinates":[[[-121.683028,39.885855],[-121.68303,39.885749],[-121.683011,39.88574],[-121.683012,39.885699],[-121.682919,39.885655],[-121.682919,39.885622],[-121.682875,39.885622],[-121.682873,39.885755],[-121.682934,39.885784],[-121.682934,39.885822],[-121.682833,39.885947],[-121.682936,39.885995],[-121.682978,39.885943],[-121.682979,39.885916],[-121.683028,39.885855]]]},"properties":{"capture_dates":"12/6/2018-12/12/2018"}},{"type":"Feature","geometry":{"type":"Polygon","coordinates":[[[-121.679372,39.887275],[-121.679365,39.887169],[-121.67923,39.887174],[-121.679237,39.88728],[-121.679372,39.887275]]]},"properties":{"capture_dates":"12/6/2018-12/12/2018"}},{"type":"Feature","geometry":{"type":"Polygon","coordinates":[[[-121.679257,39.888749],[-121.679393,39.888786],[-121.679431,39.888705],[-121.679295,39.888667],[-121.679257,39.888749]]]},"properties":{"capture_dates":"12/6/2018-12/12/2018"}},{"type":"Feature","geometry":{"type":"Polygon","coordinates":[[[-121.679543,39.888771],[-121.679458,39.888737],[-121.679409,39.888809],[-121.679494,39.888843],[-121.679543,39.888771]]]},"properties":{"capture_dates":"12/6/2018-12/12/2018"}},{"type":"Feature","geometry":{"type":"Polygon","coordinates":[[[-121.679777,39.889412],[-121.679649,39.88944],[-121.679698,39.889574],[-121.679775,39.889557],[-121.679755,39.889503],[-121.679806,39.889492],[-121.679777,39.889412]]]},"properties":{"capture_dates":"12/6/2018-12/12/2018"}},{"type":"Feature","geometry":{"type":"Polygon","coordinates":[[[-121.682215,39.883553],[-121.681989,39.883516],[-121.681995,39.883495],[-121.681923,39.883483],[-121.681897,39.883577],[-121.681982,39.883591],[-121.681974,39.883619],[-121.682043,39.88363],[-121.682044,39.883628],[-121.682188,39.883652],[-121.682215,39.883553]]]},"properties":{"capture_dates":"12/6/2018-12/12/2018"}},{"type":"Feature","geometry":{"type":"Polygon","coordinates":[[[-121.68332,39.878386],[-121.683151,39.87833],[-121.683118,39.878387],[-121.683189,39.87841],[-121.683141,39.878495],[-121.683239,39.878528],[-121.68332,39.878386]]]},"properties":{"capture_dates":"12/6/2018-12/12/2018"}},{"type":"Feature","geometry":{"type":"Polygon","coordinates":[[[-121.706753,39.874573],[-121.706859,39.874587],[-121.706875,39.874512],[-121.70677,39.874499],[-121.706753,39.874573]]]},"properties":{"capture_dates":"12/6/2018-12/12/2018"}},{"type":"Feature","geometry":{"type":"Polygon","coordinates":[[[-121.693197,39.879018],[-121.693217,39.879044],[-121.693213,39.879046],[-121.693242,39.879086],[-121.693325,39.879049],[-121.693276,39.878983],[-121.693197,39.879018]]]},"properties":{"capture_dates":"12/6/2018-12/12/2018"}},{"type":"Feature","geometry":{"type":"Polygon","coordinates":[[[-121.678717,39.884845],[-121.678706,39.884809],[-121.678828,39.884787],[-121.678791,39.88466],[-121.678575,39.884697],[-121.678623,39.884861],[-121.678717,39.884845]]]},"properties":{"capture_dates":"12/6/2018-12/12/2018"}},{"type":"Feature","geometry":{"type":"Polygon","coordinates":[[[-121.679466,39.887172],[-121.679459,39.88726],[-121.679549,39.887264],[-121.679545,39.887318],[-121.679633,39.887322],[-121.679638,39.887249],[-121.679675,39.88725],[-121.679686,39.887097],[-121.679573,39.887092],[-121.679567,39.887176],[-121.679466,39.887172]]]},"properties":{"capture_dates":"12/6/2018-12/12/2018"}},{"type":"Feature","geometry":{"type":"Polygon","coordinates":[[[-121.682246,39.881671],[-121.681939,39.881459],[-121.681856,39.881529],[-121.682163,39.881741],[-121.682246,39.881671]]]},"properties":{"capture_dates":"12/6/2018-12/12/2018"}},{"type":"Feature","geometry":{"type":"Polygon","coordinates":[[[-121.681442,39.882359],[-121.681447,39.882445],[-121.681629,39.882439],[-121.681624,39.882353],[-121.681442,39.882359]]]},"properties":{"capture_dates":"12/6/2018-12/12/2018"}},{"type":"Feature","geometry":{"type":"Polygon","coordinates":[[[-121.6802,39.885165],[-121.680173,39.885112],[-121.680215,39.885099],[-121.680148,39.884969],[-121.680004,39.885013],[-121.680098,39.885196],[-121.6802,39.885165]]]},"properties":{"capture_dates":"12/6/2018-12/12/2018"}},{"type":"Feature","geometry":{"type":"Polygon","coordinates":[[[-121.683777,39.877339],[-121.683771,39.877491],[-121.68391,39.877494],[-121.683917,39.877342],[-121.683777,39.877339]]]},"properties":{"capture_dates":"12/6/2018-12/12/2018"}},{"type":"Feature","geometry":{"type":"Polygon","coordinates":[[[-121.679599,39.8886],[-121.679724,39.888649],[-121.679844,39.888467],[-121.679719,39.888418],[-121.679599,39.8886]]]},"properties":{"capture_dates":"12/6/2018-12/12/2018"}},{"type":"Feature","geometry":{"type":"Polygon","coordinates":[[[-121.68294,39.878168],[-121.683081,39.878244],[-121.683181,39.878136],[-121.68304,39.878059],[-121.68294,39.878168]]]},"properties":{"capture_dates":"12/6/2018-12/12/2018"}},{"type":"Feature","geometry":{"type":"Polygon","coordinates":[[[-121.679194,39.886093],[-121.679196,39.886194],[-121.679365,39.886191],[-121.679361,39.88604],[-121.679321,39.886041],[-121.67932,39.886009],[-121.679168,39.886011],[-121.67917,39.886093],[-121.679194,39.886093]]]},"properties":{"capture_dates":"12/6/2018-12/12/2018"}},{"type":"Feature","geometry":{"type":"Polygon","coordinates":[[[-121.703689,39.878707],[-121.703632,39.878649],[-121.703524,39.878711],[-121.703604,39.878793],[-121.703655,39.878763],[-121.703633,39.87874],[-121.703689,39.878707]]]},"properties":{"capture_dates":"12/6/2018-12/12/2018"}},{"type":"Feature","geometry":{"type":"Polygon","coordinates":[[[-121.707512,39.874509],[-121.707509,39.874441],[-121.70738,39.874444],[-121.707383,39.874512],[-121.707512,39.874509]]]},"properties":{"capture_dates":"12/6/2018-12/12/2018"}},{"type":"Feature","geometry":{"type":"Polygon","coordinates":[[[-121.680322,39.877678],[-121.680374,39.877734],[-121.680446,39.877694],[-121.680395,39.877639],[-121.680322,39.877678]]]},"properties":{"capture_dates":"12/6/2018-12/12/2018"}},{"type":"Feature","geometry":{"type":"Polygon","coordinates":[[[-121.680692,39.877692],[-121.680853,39.87769],[-121.68085,39.87759],[-121.680689,39.877593],[-121.680692,39.877692]]]},"properties":{"capture_dates":"12/6/2018-12/12/2018"}},{"type":"Feature","geometry":{"type":"Polygon","coordinates":[[[-121.681973,39.88443],[-121.681873,39.884467],[-121.681964,39.884613],[-121.681953,39.884617],[-121.682036,39.88475],[-121.682097,39.884727],[-121.682138,39.884793],[-121.682197,39.884772],[-121.682157,39.884708],[-121.682188,39.884697],[-121.682137,39.884616],[-121.682098,39.88463],[-121.681973,39.88443]]]},"properties":{"capture_dates":"12/6/2018-12/12/2018"}},{"type":"Feature","geometry":{"type":"Polygon","coordinates":[[[-121.68221,39.875789],[-121.682232,39.875791],[-121.682304,39.87578],[-121.682309,39.875745],[-121.682271,39.875581],[-121.682199,39.875575],[-121.682181,39.875577],[-121.682153,39.875575],[-121.682086,39.875584],[-121.682085,39.875591],[-121.682098,39.875644],[-121.682174,39.875651],[-121.68221,39.875789]]]},"properties":{"capture_dates":"12/6/2018-12/12/2018"}},{"type":"Feature","geometry":{"type":"Polygon","coordinates":[[[-121.683932,39.877662],[-121.683814,39.877661],[-121.683812,39.877811],[-121.683729,39.877811],[-121.683729,39.877873],[-121.68393,39.877874],[-121.683932,39.877662]]]},"properties":{"capture_dates":"12/6/2018-12/12/2018"}},{"type":"Feature","geometry":{"type":"Polygon","coordinates":[[[-121.707984,39.875964],[-121.708149,39.875965],[-121.708151,39.87577],[-121.707986,39.875768],[-121.707984,39.875964]]]},"properties":{"capture_dates":"12/6/2018-12/12/2018"}},{"type":"Feature","geometry":{"type":"Polygon","coordinates":[[[-121.679154,39.886289],[-121.679014,39.886323],[-121.679053,39.886417],[-121.679193,39.886384],[-121.679154,39.886289]]]},"properties":{"capture_dates":"12/6/2018-12/12/2018"}},{"type":"Feature","geometry":{"type":"Polygon","coordinates":[[[-121.682923,39.878276],[-121.682851,39.878393],[-121.682956,39.87843],[-121.683027,39.878314],[-121.682923,39.878276]]]},"properties":{"capture_dates":"12/6/2018-12/12/2018"}},{"type":"Feature","geometry":{"type":"Polygon","coordinates":[[[-121.683751,39.876307],[-121.683597,39.876305],[-121.683593,39.876449],[-121.683748,39.876451],[-121.683751,39.876307]]]},"properties":{"capture_dates":"12/6/2018-12/12/2018"}},{"type":"Feature","geometry":{"type":"Polygon","coordinates":[[[-121.726954,39.939955],[-121.726951,39.939879],[-121.726813,39.939882],[-121.726816,39.939958],[-121.726743,39.939959],[-121.726745,39.94002],[-121.726886,39.940017],[-121.726883,39.939956],[-121.726954,39.939955]]]},"properties":{"capture_dates":"12/6/2018-12/12/2018"}},{"type":"Feature","geometry":{"type":"Polygon","coordinates":[[[-121.721204,39.940362],[-121.721284,39.94036],[-121.72128,39.940272],[-121.721199,39.940274],[-121.721204,39.940362]]]},"properties":{"capture_dates":"12/6/2018-12/12/2018"}},{"type":"Feature","geometry":{"type":"Polygon","coordinates":[[[-121.725177,39.940555],[-121.725362,39.940586],[-121.725384,39.940507],[-121.725199,39.940476],[-121.725177,39.940555]]]},"properties":{"capture_dates":"12/6/2018-12/12/2018"}},{"type":"Feature","geometry":{"type":"Polygon","coordinates":[[[-121.733736,39.94243],[-121.733533,39.942424],[-121.733528,39.942513],[-121.733732,39.942519],[-121.733736,39.94243]]]},"properties":{"capture_dates":"12/6/2018-12/12/2018"}},{"type":"Feature","geometry":{"type":"Polygon","coordinates":[[[-121.723553,39.943315],[-121.723442,39.943312],[-121.723437,39.943436],[-121.723549,39.943438],[-121.723553,39.943315]]]},"properties":{"capture_dates":"12/6/2018-12/12/2018"}},{"type":"Feature","geometry":{"type":"Polygon","coordinates":[[[-121.722624,39.943441],[-121.722625,39.943487],[-121.72276,39.943485],[-121.722762,39.943569],[-121.722866,39.943567],[-121.722863,39.943438],[-121.722624,39.943441]]]},"properties":{"capture_dates":"12/6/2018-12/12/2018"}},{"type":"Feature","geometry":{"type":"Polygon","coordinates":[[[-121.722932,39.943882],[-121.723071,39.943883],[-121.723073,39.943781],[-121.722934,39.943779],[-121.722932,39.943882]]]},"properties":{"capture_dates":"12/6/2018-12/12/2018"}},{"type":"Feature","geometry":{"type":"Polygon","coordinates":[[[-121.728497,39.944855],[-121.728641,39.944853],[-121.728638,39.944751],[-121.728494,39.944754],[-121.728497,39.944855]]]},"properties":{"capture_dates":"12/6/2018-12/12/2018"}},{"type":"Feature","geometry":{"type":"Polygon","coordinates":[[[-121.724408,39.944766],[-121.724396,39.9448],[-121.72431,39.944783],[-121.72429,39.944838],[-121.724348,39.94485],[-121.724333,39.944893],[-121.724505,39.944929],[-121.724513,39.944908],[-121.72457,39.944919],[-121.724598,39.94484],[-121.724554,39.944831],[-121.724566,39.944798],[-121.724408,39.944766]]]},"properties":{"capture_dates":"12/6/2018-12/12/2018"}},{"type":"Feature","geometry":{"type":"Polygon","coordinates":[[[-121.726662,39.946364],[-121.726568,39.946311],[-121.726509,39.946371],[-121.726602,39.946425],[-121.726662,39.946364]]]},"properties":{"capture_dates":"12/6/2018-12/12/2018"}},{"type":"Feature","geometry":{"type":"Polygon","coordinates":[[[-121.726784,39.946358],[-121.726724,39.946328],[-121.726687,39.946371],[-121.726747,39.946401],[-121.726784,39.946358]]]},"properties":{"capture_dates":"12/6/2018-12/12/2018"}},{"type":"Feature","geometry":{"type":"Polygon","coordinates":[[[-121.720959,39.947845],[-121.720935,39.947925],[-121.721078,39.94795],[-121.721121,39.947805],[-121.721034,39.94779],[-121.721015,39.947855],[-121.720959,39.947845]]]},"properties":{"capture_dates":"12/6/2018-12/12/2018"}},{"type":"Feature","geometry":{"type":"Polygon","coordinates":[[[-121.720618,39.948476],[-121.720752,39.948504],[-121.720775,39.948439],[-121.720641,39.948411],[-121.720618,39.948476]]]},"properties":{"capture_dates":"12/6/2018-12/12/2018"}},{"type":"Feature","geometry":{"type":"Polygon","coordinates":[[[-121.720561,40.024535],[-121.720603,40.024565],[-121.720698,40.024487],[-121.720656,40.024457],[-121.720561,40.024535]]]},"properties":{"capture_dates":"6/8/2019-6/21/2019"}},{"type":"Feature","geometry":{"type":"Polygon","coordinates":[[[-121.728148,40.027189],[-121.728196,40.02731],[-121.728246,40.027299],[-121.728199,40.027177],[-121.728148,40.027189]]]},"properties":{"capture_dates":"6/8/2019-6/21/2019"}},{"type":"Feature","geometry":{"type":"Polygon","coordinates":[[[-121.728089,40.027365],[-121.728086,40.027309],[-121.728,40.027312],[-121.728003,40.027368],[-121.728089,40.027365]]]},"properties":{"capture_dates":"6/8/2019-6/21/2019"}},{"type":"Feature","geometry":{"type":"Polygon","coordinates":[[[-121.728143,40.027377],[-121.728006,40.027382],[-121.728011,40.02746],[-121.728148,40.027455],[-121.728143,40.027377]]]},"properties":{"capture_dates":"6/8/2019-6/21/2019"}},{"type":"Feature","geometry":{"type":"Polygon","coordinates":[[[-121.720573,40.031148],[-121.72057,40.031213],[-121.720685,40.031217],[-121.720688,40.031151],[-121.720573,40.031148]]]},"properties":{"capture_dates":"6/8/2019-6/21/2019"}},{"type":"Feature","geometry":{"type":"Polygon","coordinates":[[[-121.744422,40.032279],[-121.744635,40.032294],[-121.744643,40.032227],[-121.744539,40.03222],[-121.744541,40.032201],[-121.744432,40.032194],[-121.744422,40.032279]]]},"properties":{"capture_dates":"6/8/2019-6/21/2019"}},{"type":"Feature","geometry":{"type":"Polygon","coordinates":[[[-121.7223,40.034158],[-121.7223,40.034203],[-121.72238,40.034203],[-121.72238,40.03424],[-121.722598,40.034238],[-121.722597,40.034156],[-121.7223,40.034158]]]},"properties":{"capture_dates":"6/8/2019-6/21/2019"}},{"type":"Feature","geometry":{"type":"Polygon","coordinates":[[[-121.723775,40.183265],[-121.723945,40.183259],[-121.72394,40.183179],[-121.723977,40.183177],[-121.723974,40.183128],[-121.723796,40.183134],[-121.723799,40.1832],[-121.723771,40.1832],[-121.723775,40.183265]]]},"properties":{"capture_dates":"6/8/2019-6/21/2019"}},{"type":"Feature","geometry":{"type":"Polygon","coordinates":[[[-121.668637,39.892039],[-121.668703,39.892039],[-121.668702,39.891975],[-121.668636,39.891976],[-121.668637,39.892039]]]},"properties":{"capture_dates":"12/6/2018-12/12/2018"}},{"type":"Feature","geometry":{"type":"Polygon","coordinates":[[[-121.669782,39.892126],[-121.66984,39.892138],[-121.669859,39.89208],[-121.669802,39.892069],[-121.669782,39.892126]]]},"properties":{"capture_dates":"12/6/2018-12/12/2018"}},{"type":"Feature","geometry":{"type":"Polygon","coordinates":[[[-121.668391,39.892869],[-121.668394,39.892806],[-121.668116,39.892798],[-121.668111,39.892906],[-121.668315,39.892912],[-121.668317,39.892867],[-121.668391,39.892869]]]},"properties":{"capture_dates":"12/6/2018-12/12/2018"}},{"type":"Feature","geometry":{"type":"Polygon","coordinates":[[[-121.669397,39.893135],[-121.669353,39.893033],[-121.669077,39.893103],[-121.669121,39.893205],[-121.669397,39.893135]]]},"properties":{"capture_dates":"12/6/2018-12/12/2018"}},{"type":"Feature","geometry":{"type":"Polygon","coordinates":[[[-121.669271,39.891984],[-121.669492,39.892056],[-121.669565,39.891923],[-121.669376,39.891862],[-121.669337,39.891933],[-121.669305,39.891923],[-121.669271,39.891984]]]},"properties":{"capture_dates":"12/6/2018-12/12/2018"}},{"type":"Feature","geometry":{"type":"Polygon","coordinates":[[[-121.77979,40.341528],[-121.779876,40.341539],[-121.779892,40.341465],[-121.77968,40.341439],[-121.779664,40.341516],[-121.779716,40.341523],[-121.77971,40.341549],[-121.779783,40.341558],[-121.77979,40.341528]]]},"properties":{"capture_dates":"6/8/2019-6/21/2019"}},{"type":"Feature","geometry":{"type":"Polygon","coordinates":[[[-121.780367,40.341602],[-121.780594,40.341636],[-121.780612,40.341567],[-121.780384,40.341533],[-121.780367,40.341602]]]},"properties":{"capture_dates":"6/8/2019-6/21/2019"}},{"type":"Feature","geometry":{"type":"Polygon","coordinates":[[[-121.781128,40.341698],[-121.781184,40.341698],[-121.781186,40.341599],[-121.781221,40.3416],[-121.781222,40.341556],[-121.781183,40.341555],[-121.781184,40.341531],[-121.781131,40.34153],[-121.781128,40.341698]]]},"properties":{"capture_dates":"6/8/2019-6/21/2019"}},{"type":"Feature","geometry":{"type":"Polygon","coordinates":[[[-121.779077,40.341587],[-121.779073,40.341696],[-121.779246,40.3417],[-121.77925,40.341591],[-121.779077,40.341587]]]},"properties":{"capture_dates":"6/8/2019-6/21/2019"}},{"type":"Feature","geometry":{"type":"Polygon","coordinates":[[[-121.778894,40.341876],[-121.779098,40.341879],[-121.7791,40.341813],[-121.779004,40.341811],[-121.779004,40.341791],[-121.778897,40.341789],[-121.778894,40.341876]]]},"properties":{"capture_dates":"6/8/2019-6/21/2019"}},{"type":"Feature","geometry":{"type":"Polygon","coordinates":[[[-121.778426,40.341942],[-121.778361,40.341944],[-121.77836,40.341928],[-121.778192,40.341934],[-121.778195,40.341991],[-121.778428,40.341983],[-121.778426,40.341942]]]},"properties":{"capture_dates":"6/8/2019-6/21/2019"}},{"type":"Feature","geometry":{"type":"Polygon","coordinates":[[[-121.779295,40.341993],[-121.77923,40.341994],[-121.779232,40.342073],[-121.779296,40.342073],[-121.779295,40.341993]]]},"properties":{"capture_dates":"6/8/2019-6/21/2019"}},{"type":"Feature","geometry":{"type":"Polygon","coordinates":[[[-121.785042,40.342083],[-121.78494,40.342082],[-121.784938,40.342166],[-121.785064,40.342167],[-121.785064,40.342182],[-121.785176,40.342183],[-121.785178,40.342102],[-121.785041,40.3421],[-121.785042,40.342083]]]},"properties":{"capture_dates":"6/8/2019-6/21/2019"}},{"type":"Feature","geometry":{"type":"Polygon","coordinates":[[[-121.780044,40.342178],[-121.780052,40.342254],[-121.7802,40.342244],[-121.780192,40.342169],[-121.780044,40.342178]]]},"properties":{"capture_dates":"6/8/2019-6/21/2019"}},{"type":"Feature","geometry":{"type":"Polygon","coordinates":[[[-121.783843,40.342179],[-121.783842,40.342244],[-121.783937,40.342245],[-121.783938,40.342181],[-121.783843,40.342179]]]},"properties":{"capture_dates":"6/8/2019-6/21/2019"}},{"type":"Feature","geometry":{"type":"Polygon","coordinates":[[[-121.785772,40.342287],[-121.785662,40.342285],[-121.78566,40.342347],[-121.78577,40.342348],[-121.785772,40.342287]]]},"properties":{"capture_dates":"6/8/2019-6/21/2019"}},{"type":"Feature","geometry":{"type":"Polygon","coordinates":[[[-121.783662,40.342416],[-121.783564,40.342359],[-121.783576,40.342347],[-121.783506,40.342307],[-121.783459,40.342354],[-121.783627,40.342451],[-121.783662,40.342416]]]},"properties":{"capture_dates":"6/8/2019-6/21/2019"}},{"type":"Feature","geometry":{"type":"Polygon","coordinates":[[[-121.777713,40.342606],[-121.777476,40.342598],[-121.777474,40.342628],[-121.777435,40.342627],[-121.777433,40.342668],[-121.777709,40.342677],[-121.777713,40.342606]]]},"properties":{"capture_dates":"6/8/2019-6/21/2019"}},{"type":"Feature","geometry":{"type":"Polygon","coordinates":[[[-121.77602,40.342694],[-121.776268,40.342699],[-121.776266,40.342747],[-121.776314,40.342748],[-121.776317,40.342665],[-121.776248,40.342664],[-121.776249,40.342627],[-121.776023,40.342622],[-121.77602,40.342694]]]},"properties":{"capture_dates":"6/8/2019-6/21/2019"}},{"type":"Feature","geometry":{"type":"Polygon","coordinates":[[[-121.780327,40.342772],[-121.780421,40.342773],[-121.780421,40.342751],[-121.78048,40.342752],[-121.780482,40.342651],[-121.780329,40.34265],[-121.780327,40.342772]]]},"properties":{"capture_dates":"6/8/2019-6/21/2019"}},{"type":"Feature","geometry":{"type":"Polygon","coordinates":[[[-121.782911,40.342754],[-121.782912,40.342731],[-121.782782,40.342729],[-121.78278,40.342788],[-121.782998,40.342792],[-121.782999,40.342756],[-121.782911,40.342754]]]},"properties":{"capture_dates":"6/8/2019-6/21/2019"}},{"type":"Feature","geometry":{"type":"Polygon","coordinates":[[[-121.77851,40.34275],[-121.778349,40.342747],[-121.778346,40.342819],[-121.778507,40.342822],[-121.77851,40.34275]]]},"properties":{"capture_dates":"6/8/2019-6/21/2019"}},{"type":"Feature","geometry":{"type":"Polygon","coordinates":[[[-121.785238,40.342843],[-121.785276,40.342854],[-121.785304,40.342795],[-121.785207,40.342768],[-121.7852,40.342783],[-121.785117,40.34276],[-121.78508,40.342837],[-121.785222,40.342877],[-121.785238,40.342843]]]},"properties":{"capture_dates":"6/8/2019-6/21/2019"}},{"type":"Feature","geometry":{"type":"Polygon","coordinates":[[[-121.770288,40.342873],[-121.770265,40.342931],[-121.770343,40.342949],[-121.770366,40.34289],[-121.770288,40.342873]]]},"properties":{"capture_dates":"6/8/2019-6/21/2019"}},{"type":"Feature","geometry":{"type":"Polygon","coordinates":[[[-121.769732,40.342922],[-121.76976,40.342986],[-121.769869,40.342958],[-121.769841,40.342895],[-121.769732,40.342922]]]},"properties":{"capture_dates":"6/8/2019-6/21/2019"}},{"type":"Feature","geometry":{"type":"Polygon","coordinates":[[[-121.785673,40.343055],[-121.78581,40.343058],[-121.785813,40.342985],[-121.785676,40.342981],[-121.785673,40.343055]]]},"properties":{"capture_dates":"6/8/2019-6/21/2019"}},{"type":"Feature","geometry":{"type":"Polygon","coordinates":[[[-121.7709,40.34298],[-121.770887,40.343021],[-121.770829,40.34301],[-121.770808,40.343075],[-121.770964,40.343105],[-121.770999,40.342999],[-121.7709,40.34298]]]},"properties":{"capture_dates":"6/8/2019-6/21/2019"}},{"type":"Feature","geometry":{"type":"Polygon","coordinates":[[[-121.782425,40.343164],[-121.782428,40.343021],[-121.782347,40.34302],[-121.782344,40.343163],[-121.782425,40.343164]]]},"properties":{"capture_dates":"6/8/2019-6/21/2019"}},{"type":"Feature","geometry":{"type":"Polygon","coordinates":[[[-121.785202,40.343095],[-121.785082,40.343085],[-121.785078,40.343109],[-121.785089,40.34311],[-121.785071,40.343233],[-121.785126,40.343238],[-121.785138,40.343161],[-121.785192,40.343166],[-121.785202,40.343095]]]},"properties":{"capture_dates":"6/8/2019-6/21/2019"}},{"type":"Feature","geometry":{"type":"Polygon","coordinates":[[[-121.774941,40.343176],[-121.774831,40.343164],[-121.77484,40.343114],[-121.774706,40.3431],[-121.774695,40.343158],[-121.774717,40.34316],[-121.774701,40.34324],[-121.774804,40.343251],[-121.774806,40.343241],[-121.774927,40.343255],[-121.774941,40.343176]]]},"properties":{"capture_dates":"6/8/2019-6/21/2019"}},{"type":"Feature","geometry":{"type":"Polygon","coordinates":[[[-121.781551,40.343259],[-121.781527,40.343104],[-121.781413,40.343115],[-121.781438,40.343269],[-121.781551,40.343259]]]},"properties":{"capture_dates":"6/8/2019-6/21/2019"}},{"type":"Feature","geometry":{"type":"Polygon","coordinates":[[[-121.779512,40.343177],[-121.77951,40.343117],[-121.779414,40.343119],[-121.779416,40.343179],[-121.779512,40.343177]]]},"properties":{"capture_dates":"6/8/2019-6/21/2019"}},{"type":"Feature","geometry":{"type":"Polygon","coordinates":[[[-121.78584,40.343123],[-121.785687,40.34312],[-121.785683,40.343258],[-121.78577,40.34326],[-121.785772,40.343189],[-121.785838,40.343191],[-121.78584,40.343123]]]},"properties":{"capture_dates":"6/8/2019-6/21/2019"}},{"type":"Feature","geometry":{"type":"Polygon","coordinates":[[[-121.782777,40.343208],[-121.782778,40.343284],[-121.782849,40.343283],[-121.782848,40.343207],[-121.782777,40.343208]]]},"properties":{"capture_dates":"6/8/2019-6/21/2019"}},{"type":"Feature","geometry":{"type":"Polygon","coordinates":[[[-121.77981,40.343316],[-121.779916,40.343319],[-121.779915,40.34335],[-121.77999,40.343352],[-121.779995,40.343235],[-121.779931,40.343233],[-121.779932,40.343211],[-121.779859,40.343209],[-121.779858,40.343238],[-121.779814,40.343237],[-121.77981,40.343316]]]},"properties":{"capture_dates":"6/8/2019-6/21/2019"}},{"type":"Feature","geometry":{"type":"Polygon","coordinates":[[[-121.783123,40.343331],[-121.783129,40.343219],[-121.782935,40.343214],[-121.782929,40.343325],[-121.783123,40.343331]]]},"properties":{"capture_dates":"6/8/2019-6/21/2019"}},{"type":"Feature","geometry":{"type":"Polygon","coordinates":[[[-121.78353,40.343224],[-121.783479,40.343222],[-121.783471,40.34336],[-121.783522,40.343362],[-121.78353,40.343224]]]},"properties":{"capture_dates":"6/8/2019-6/21/2019"}},{"type":"Feature","geometry":{"type":"Polygon","coordinates":[[[-121.782917,40.342841],[-121.782831,40.34284],[-121.782827,40.342995],[-121.782913,40.342997],[-121.782917,40.342841]]]},"properties":{"capture_dates":"6/8/2019-6/21/2019"}},{"type":"Feature","geometry":{"type":"Polygon","coordinates":[[[-121.785814,40.342664],[-121.78566,40.34266],[-121.785656,40.342732],[-121.78581,40.342737],[-121.785814,40.342664]]]},"properties":{"capture_dates":"6/8/2019-6/21/2019"}},{"type":"Feature","geometry":{"type":"Polygon","coordinates":[[[-121.782556,40.342353],[-121.782643,40.342355],[-121.782645,40.342308],[-121.782558,40.342306],[-121.782556,40.342353]]]},"properties":{"capture_dates":"6/8/2019-6/21/2019"}},{"type":"Feature","geometry":{"type":"Polygon","coordinates":[[[-121.783622,40.343119],[-121.783624,40.343062],[-121.783455,40.343058],[-121.783451,40.343156],[-121.783593,40.343159],[-121.783595,40.343118],[-121.783622,40.343119]]]},"properties":{"capture_dates":"6/8/2019-6/21/2019"}},{"type":"Feature","geometry":{"type":"Polygon","coordinates":[[[-121.773214,40.343011],[-121.773241,40.343082],[-121.773377,40.343051],[-121.773375,40.343047],[-121.773464,40.343028],[-121.773439,40.342961],[-121.773214,40.343011]]]},"properties":{"capture_dates":"6/8/2019-6/21/2019"}},{"type":"Feature","geometry":{"type":"Polygon","coordinates":[[[-121.784154,40.342255],[-121.783998,40.342228],[-121.783977,40.342303],[-121.784133,40.342329],[-121.784154,40.342255]]]},"properties":{"capture_dates":"6/8/2019-6/21/2019"}},{"type":"Feature","geometry":{"type":"Polygon","coordinates":[[[-121.784627,40.34332],[-121.784761,40.343321],[-121.784761,40.343298],[-121.784801,40.343298],[-121.784802,40.343254],[-121.784591,40.343252],[-121.784591,40.343301],[-121.784627,40.343301],[-121.784627,40.34332]]]},"properties":{"capture_dates":"6/8/2019-6/21/2019"}},{"type":"Feature","geometry":{"type":"Polygon","coordinates":[[[-121.77841,40.342585],[-121.778252,40.342588],[-121.778256,40.342695],[-121.77835,40.342692],[-121.778349,40.342668],[-121.778413,40.342666],[-121.77841,40.342585]]]},"properties":{"capture_dates":"6/8/2019-6/21/2019"}},{"type":"Feature","geometry":{"type":"Polygon","coordinates":[[[-121.77897,40.342634],[-121.778777,40.34263],[-121.778775,40.342691],[-121.778968,40.342695],[-121.77897,40.342634]]]},"properties":{"capture_dates":"6/8/2019-6/21/2019"}},{"type":"Feature","geometry":{"type":"Polygon","coordinates":[[[-121.779556,40.342381],[-121.77955,40.342339],[-121.779457,40.342347],[-121.779453,40.342317],[-121.779283,40.342332],[-121.779294,40.342405],[-121.779556,40.342381]]]},"properties":{"capture_dates":"6/8/2019-6/21/2019"}},{"type":"Feature","geometry":{"type":"Polygon","coordinates":[[[-121.780546,40.342098],[-121.780539,40.342258],[-121.780619,40.34226],[-121.780621,40.342228],[-121.780693,40.34223],[-121.780692,40.342251],[-121.780805,40.342254],[-121.780807,40.342194],[-121.780764,40.342193],[-121.780766,40.342167],[-121.780677,40.342164],[-121.78068,40.342101],[-121.780546,40.342098]]]},"properties":{"capture_dates":"6/8/2019-6/21/2019"}},{"type":"Feature","geometry":{"type":"Polygon","coordinates":[[[-121.735937,39.91598],[-121.735862,39.915946],[-121.735826,39.915994],[-121.735901,39.916027],[-121.735937,39.91598]]]},"properties":{"capture_dates":"12/6/2018-12/12/2018"}},{"type":"Feature","geometry":{"type":"Polygon","coordinates":[[[-121.735164,39.916202],[-121.73528,39.916295],[-121.735368,39.916231],[-121.735251,39.916138],[-121.735164,39.916202]]]},"properties":{"capture_dates":"12/6/2018-12/12/2018"}},{"type":"Feature","geometry":{"type":"Polygon","coordinates":[[[-121.732106,39.916244],[-121.732147,39.916267],[-121.732104,39.916311],[-121.732179,39.916354],[-121.732313,39.916216],[-121.732231,39.916169],[-121.732175,39.916227],[-121.732142,39.916208],[-121.732106,39.916244]]]},"properties":{"capture_dates":"12/6/2018-12/12/2018"}},{"type":"Feature","geometry":{"type":"Polygon","coordinates":[[[-121.735501,39.916751],[-121.735745,39.916779],[-121.73576,39.916698],[-121.735621,39.916682],[-121.735628,39.91665],[-121.735523,39.916638],[-121.735501,39.916751]]]},"properties":{"capture_dates":"12/6/2018-12/12/2018"}},{"type":"Feature","geometry":{"type":"Polygon","coordinates":[[[-121.732443,39.917209],[-121.732401,39.917168],[-121.732312,39.917222],[-121.732435,39.917343],[-121.732617,39.917234],[-121.732535,39.917154],[-121.732443,39.917209]]]},"properties":{"capture_dates":"12/6/2018-12/12/2018"}},{"type":"Feature","geometry":{"type":"Polygon","coordinates":[[[-121.732434,39.917359],[-121.732277,39.917347],[-121.732268,39.917414],[-121.732425,39.917426],[-121.732434,39.917359]]]},"properties":{"capture_dates":"12/6/2018-12/12/2018"}},{"type":"Feature","geometry":{"type":"Polygon","coordinates":[[[-121.734319,39.918106],[-121.734394,39.918157],[-121.73445,39.918108],[-121.734376,39.918057],[-121.734319,39.918106]]]},"properties":{"capture_dates":"12/6/2018-12/12/2018"}},{"type":"Feature","geometry":{"type":"Polygon","coordinates":[[[-121.729939,39.918307],[-121.729959,39.918272],[-121.72984,39.918233],[-121.729788,39.918326],[-121.729882,39.918357],[-121.729914,39.918299],[-121.729939,39.918307]]]},"properties":{"capture_dates":"12/6/2018-12/12/2018"}},{"type":"Feature","geometry":{"type":"Polygon","coordinates":[[[-121.733796,39.918609],[-121.73397,39.918678],[-121.734041,39.918573],[-121.733963,39.918541],[-121.733994,39.918494],[-121.733923,39.918466],[-121.733864,39.918554],[-121.73384,39.918545],[-121.733796,39.918609]]]},"properties":{"capture_dates":"12/6/2018-12/12/2018"}},{"type":"Feature","geometry":{"type":"Polygon","coordinates":[[[-121.726985,39.918656],[-121.72705,39.918707],[-121.727199,39.918595],[-121.727133,39.918544],[-121.726985,39.918656]]]},"properties":{"capture_dates":"12/6/2018-12/12/2018"}},{"type":"Feature","geometry":{"type":"Polygon","coordinates":[[[-121.727001,39.918849],[-121.72677,39.918822],[-121.726739,39.918979],[-121.726886,39.918996],[-121.726903,39.918908],[-121.726987,39.918918],[-121.727001,39.918849]]]},"properties":{"capture_dates":"12/6/2018-12/12/2018"}},{"type":"Feature","geometry":{"type":"Polygon","coordinates":[[[-121.731743,39.919343],[-121.73184,39.919299],[-121.731781,39.919221],[-121.731826,39.919201],[-121.731779,39.919139],[-121.731636,39.919204],[-121.731743,39.919343]]]},"properties":{"capture_dates":"12/6/2018-12/12/2018"}},{"type":"Feature","geometry":{"type":"Polygon","coordinates":[[[-121.734035,39.91977],[-121.734152,39.919789],[-121.73421,39.91958],[-121.734146,39.91957],[-121.734137,39.9196],[-121.734085,39.919592],[-121.734035,39.91977]]]},"properties":{"capture_dates":"12/6/2018-12/12/2018"}},{"type":"Feature","geometry":{"type":"Polygon","coordinates":[[[-121.733998,39.919921],[-121.733913,39.919862],[-121.733835,39.919927],[-121.733919,39.919986],[-121.733998,39.919921]]]},"properties":{"capture_dates":"12/6/2018-12/12/2018"}},{"type":"Feature","geometry":{"type":"Polygon","coordinates":[[[-121.734153,39.920343],[-121.734195,39.920347],[-121.734189,39.920389],[-121.734319,39.9204],[-121.734335,39.920288],[-121.734163,39.920273],[-121.734153,39.920343]]]},"properties":{"capture_dates":"12/6/2018-12/12/2018"}},{"type":"Feature","geometry":{"type":"Polygon","coordinates":[[[-121.732403,39.920341],[-121.732263,39.920381],[-121.732295,39.920445],[-121.73233,39.920435],[-121.732384,39.920545],[-121.732489,39.920515],[-121.732403,39.920341]]]},"properties":{"capture_dates":"12/6/2018-12/12/2018"}},{"type":"Feature","geometry":{"type":"Polygon","coordinates":[[[-121.735431,39.920968],[-121.735564,39.921043],[-121.735623,39.920981],[-121.73549,39.920907],[-121.735431,39.920968]]]},"properties":{"capture_dates":"12/6/2018-12/12/2018"}},{"type":"Feature","geometry":{"type":"Polygon","coordinates":[[[-121.726935,39.921033],[-121.72682,39.921007],[-121.726738,39.921221],[-121.726852,39.921247],[-121.726935,39.921033]]]},"properties":{"capture_dates":"12/6/2018-12/12/2018"}},{"type":"Feature","geometry":{"type":"Polygon","coordinates":[[[-121.734186,39.921469],[-121.734421,39.921488],[-121.734431,39.921409],[-121.734197,39.92139],[-121.734186,39.921469]]]},"properties":{"capture_dates":"12/6/2018-12/12/2018"}},{"type":"Feature","geometry":{"type":"Polygon","coordinates":[[[-121.732072,39.921393],[-121.732021,39.92143],[-121.732043,39.921448],[-121.732008,39.921473],[-121.732048,39.921506],[-121.732134,39.921443],[-121.732072,39.921393]]]},"properties":{"capture_dates":"12/6/2018-12/12/2018"}},{"type":"Feature","geometry":{"type":"Polygon","coordinates":[[[-121.734961,39.921959],[-121.734958,39.922001],[-121.7351,39.922005],[-121.735103,39.921963],[-121.734961,39.921959]]]},"properties":{"capture_dates":"12/6/2018-12/12/2018"}},{"type":"Feature","geometry":{"type":"Polygon","coordinates":[[[-121.733946,39.922246],[-121.733948,39.922322],[-121.733902,39.922322],[-121.733903,39.922359],[-121.733945,39.922359],[-121.733946,39.922386],[-121.734053,39.922385],[-121.734051,39.922245],[-121.733946,39.922246]]]},"properties":{"capture_dates":"12/6/2018-12/12/2018"}},{"type":"Feature","geometry":{"type":"Polygon","coordinates":[[[-121.734815,39.923118],[-121.734667,39.923096],[-121.734645,39.92318],[-121.734794,39.923203],[-121.734815,39.923118]]]},"properties":{"capture_dates":"12/6/2018-12/12/2018"}},{"type":"Feature","geometry":{"type":"Polygon","coordinates":[[[-121.73491,39.923511],[-121.73495,39.923409],[-121.734794,39.923373],[-121.734742,39.923507],[-121.734863,39.923535],[-121.734875,39.923503],[-121.73491,39.923511]]]},"properties":{"capture_dates":"12/6/2018-12/12/2018"}},{"type":"Feature","geometry":{"type":"Polygon","coordinates":[[[-121.730895,39.923508],[-121.730768,39.923496],[-121.730758,39.923563],[-121.730885,39.923575],[-121.730895,39.923508]]]},"properties":{"capture_dates":"12/6/2018-12/12/2018"}},{"type":"Feature","geometry":{"type":"Polygon","coordinates":[[[-121.731576,39.923591],[-121.731895,39.923637],[-121.731918,39.923543],[-121.731599,39.923497],[-121.731576,39.923591]]]},"properties":{"capture_dates":"12/6/2018-12/12/2018"}},{"type":"Feature","geometry":{"type":"Polygon","coordinates":[[[-121.731697,39.924811],[-121.731849,39.92486],[-121.731905,39.924756],[-121.731722,39.924698],[-121.731706,39.924728],[-121.731737,39.924737],[-121.731697,39.924811]]]},"properties":{"capture_dates":"12/6/2018-12/12/2018"}},{"type":"Feature","geometry":{"type":"Polygon","coordinates":[[[-121.730526,39.925472],[-121.730604,39.92547],[-121.7306,39.9254],[-121.730523,39.925402],[-121.730526,39.925472]]]},"properties":{"capture_dates":"12/6/2018-12/12/2018"}},{"type":"Feature","geometry":{"type":"Polygon","coordinates":[[[-121.730189,39.920217],[-121.730192,39.920139],[-121.730084,39.920136],[-121.730077,39.920282],[-121.730186,39.920284],[-121.730186,39.920272],[-121.730241,39.920274],[-121.730244,39.920218],[-121.730189,39.920217]]]},"properties":{"capture_dates":"12/6/2018-12/12/2018"}},{"type":"Feature","geometry":{"type":"Polygon","coordinates":[[[-121.73318,39.924719],[-121.733283,39.924745],[-121.733357,39.924573],[-121.733199,39.924533],[-121.733163,39.924617],[-121.733218,39.924631],[-121.73318,39.924719]]]},"properties":{"capture_dates":"12/6/2018-12/12/2018"}},{"type":"Feature","geometry":{"type":"Polygon","coordinates":[[[-121.732245,39.923765],[-121.732167,39.923619],[-121.732027,39.923663],[-121.732105,39.923809],[-121.732245,39.923765]]]},"properties":{"capture_dates":"12/6/2018-12/12/2018"}},{"type":"Feature","geometry":{"type":"Polygon","coordinates":[[[-121.734163,39.921449],[-121.734061,39.921446],[-121.734057,39.921525],[-121.734158,39.921528],[-121.734163,39.921449]]]},"properties":{"capture_dates":"12/6/2018-12/12/2018"}},{"type":"Feature","geometry":{"type":"Polygon","coordinates":[[[-121.732872,39.92223],[-121.732789,39.922372],[-121.732864,39.922397],[-121.732947,39.922256],[-121.732872,39.92223]]]},"properties":{"capture_dates":"12/6/2018-12/12/2018"}},{"type":"Feature","geometry":{"type":"Polygon","coordinates":[[[-121.734155,39.921729],[-121.734052,39.921733],[-121.734056,39.921792],[-121.734159,39.921788],[-121.734155,39.921729]]]},"properties":{"capture_dates":"12/6/2018-12/12/2018"}},{"type":"Feature","geometry":{"type":"Polygon","coordinates":[[[-121.714405,39.958148],[-121.71451,39.958197],[-121.714538,39.95816],[-121.714564,39.958172],[-121.714614,39.958108],[-121.71459,39.958097],[-121.714639,39.958036],[-121.714532,39.957987],[-121.714405,39.958148]]]},"properties":{"capture_dates":"12/6/2018-12/12/2018"}},{"type":"Feature","geometry":{"type":"Polygon","coordinates":[[[-121.707728,39.958892],[-121.707913,39.958894],[-121.707914,39.958818],[-121.707729,39.958816],[-121.707728,39.958892]]]},"properties":{"capture_dates":"12/6/2018-12/12/2018"}},{"type":"Feature","geometry":{"type":"Polygon","coordinates":[[[-121.711918,39.960943],[-121.711903,39.960975],[-121.711922,39.960981],[-121.711918,39.961011],[-121.711905,39.96104],[-121.711902,39.961066],[-121.711945,39.961068],[-121.711958,39.96104],[-121.712003,39.961052],[-121.71205,39.961055],[-121.712062,39.96103],[-121.71207,39.960958],[-121.712041,39.96095],[-121.711918,39.960943]]]},"properties":{"capture_dates":"12/6/2018-12/12/2018"}},{"type":"Feature","geometry":{"type":"Polygon","coordinates":[[[-121.707527,39.961019],[-121.707584,39.961094],[-121.70771,39.961038],[-121.707653,39.960963],[-121.707527,39.961019]]]},"properties":{"capture_dates":"12/6/2018-12/12/2018"}},{"type":"Feature","geometry":{"type":"Polygon","coordinates":[[[-121.711767,39.961949],[-121.711935,39.961954],[-121.711948,39.961714],[-121.711779,39.961709],[-121.711767,39.961949]]]},"properties":{"capture_dates":"12/6/2018-12/12/2018"}},{"type":"Feature","geometry":{"type":"Polygon","coordinates":[[[-121.707718,39.962301],[-121.70779,39.96231],[-121.707816,39.962177],[-121.707744,39.962169],[-121.707718,39.962301]]]},"properties":{"capture_dates":"12/6/2018-12/12/2018"}},{"type":"Feature","geometry":{"type":"Polygon","coordinates":[[[-121.719727,39.963418],[-121.71977,39.963474],[-121.719853,39.963436],[-121.71981,39.963381],[-121.719727,39.963418]]]},"properties":{"capture_dates":"12/6/2018-12/12/2018"}},{"type":"Feature","geometry":{"type":"Polygon","coordinates":[[[-121.720412,39.963574],[-121.720298,39.963552],[-121.720237,39.963736],[-121.72035,39.963758],[-121.720412,39.963574]]]},"properties":{"capture_dates":"12/6/2018-12/12/2018"}},{"type":"Feature","geometry":{"type":"Polygon","coordinates":[[[-121.715274,39.965186],[-121.715292,39.965269],[-121.715515,39.965241],[-121.715497,39.965158],[-121.715274,39.965186]]]},"properties":{"capture_dates":"12/6/2018-12/12/2018"}},{"type":"Feature","geometry":{"type":"Polygon","coordinates":[[[-121.732264,40.007983],[-121.732332,40.008011],[-121.732401,40.007913],[-121.732333,40.007885],[-121.732264,40.007983]]]},"properties":{"capture_dates":"6/8/2019-6/21/2019"}},{"type":"Feature","geometry":{"type":"Polygon","coordinates":[[[-121.720345,40.020616],[-121.720453,40.020641],[-121.720476,40.020585],[-121.720368,40.020559],[-121.720345,40.020616]]]},"properties":{"capture_dates":"6/8/2019-6/21/2019"}},{"type":"Feature","geometry":{"type":"Polygon","coordinates":[[[-121.722402,40.022508],[-121.722516,40.022547],[-121.722583,40.022435],[-121.722469,40.022395],[-121.722402,40.022508]]]},"properties":{"capture_dates":"6/8/2019-6/21/2019"}},{"type":"Feature","geometry":{"type":"Polygon","coordinates":[[[-121.729426,40.024041],[-121.729292,40.024073],[-121.729295,40.024081],[-121.729205,40.024102],[-121.729247,40.024207],[-121.729326,40.024188],[-121.729348,40.024243],[-121.729453,40.024218],[-121.729435,40.024173],[-121.729475,40.024163],[-121.729426,40.024041]]]},"properties":{"capture_dates":"6/8/2019-6/21/2019"}},{"type":"Feature","geometry":{"type":"Polygon","coordinates":[[[-121.716315,40.024199],[-121.716385,40.024241],[-121.71645,40.024179],[-121.716381,40.024136],[-121.716315,40.024199]]]},"properties":{"capture_dates":"6/8/2019-6/21/2019"}},{"type":"Feature","geometry":{"type":"Polygon","coordinates":[[[-121.723102,40.024442],[-121.723084,40.024553],[-121.72317,40.024561],[-121.723188,40.02445],[-121.723102,40.024442]]]},"properties":{"capture_dates":"6/8/2019-6/21/2019"}},{"type":"Feature","geometry":{"type":"Polygon","coordinates":[[[-121.720395,40.024801],[-121.720453,40.024851],[-121.720529,40.024799],[-121.720472,40.024749],[-121.720395,40.024801]]]},"properties":{"capture_dates":"6/8/2019-6/21/2019"}},{"type":"Feature","geometry":{"type":"Polygon","coordinates":[[[-121.720399,40.027115],[-121.720511,40.02711],[-121.720507,40.027047],[-121.720394,40.027053],[-121.720399,40.027115]]]},"properties":{"capture_dates":"6/8/2019-6/21/2019"}},{"type":"Feature","geometry":{"type":"Polygon","coordinates":[[[-121.71939,40.02799],[-121.719373,40.02806],[-121.719469,40.028073],[-121.719486,40.028004],[-121.71939,40.02799]]]},"properties":{"capture_dates":"6/8/2019-6/21/2019"}},{"type":"Feature","geometry":{"type":"Polygon","coordinates":[[[-121.730035,40.030121],[-121.729999,40.030021],[-121.730027,40.030015],[-121.729981,40.029886],[-121.729846,40.029914],[-121.729876,40.029999],[-121.72987,40.03],[-121.729921,40.030145],[-121.730035,40.030121]]]},"properties":{"capture_dates":"6/8/2019-6/21/2019"}},{"type":"Feature","geometry":{"type":"Polygon","coordinates":[[[-121.730067,40.030162],[-121.730316,40.030153],[-121.730304,40.029956],[-121.73021,40.029959],[-121.730213,40.030005],[-121.730058,40.03001],[-121.730067,40.030162]]]},"properties":{"capture_dates":"6/8/2019-6/21/2019"}},{"type":"Feature","geometry":{"type":"Polygon","coordinates":[[[-121.715644,39.964391],[-121.715562,39.96432],[-121.715468,39.964384],[-121.715549,39.964455],[-121.715644,39.964391]]]},"properties":{"capture_dates":"12/6/2018-12/12/2018"}},{"type":"Feature","geometry":{"type":"Polygon","coordinates":[[[-121.719926,40.012163],[-121.719856,40.012167],[-121.719863,40.012236],[-121.719932,40.012232],[-121.719926,40.012163]]]},"properties":{"capture_dates":"6/8/2019-6/21/2019"}},{"type":"Feature","geometry":{"type":"Polygon","coordinates":[[[-121.695061,39.858029],[-121.69482,39.85801],[-121.694809,39.858092],[-121.69477,39.858089],[-121.694744,39.858289],[-121.694781,39.858292],[-121.694776,39.858334],[-121.694922,39.858345],[-121.694933,39.858261],[-121.695005,39.858267],[-121.695016,39.858186],[-121.694978,39.858183],[-121.694989,39.858097],[-121.695051,39.858102],[-121.695061,39.858029]]]},"properties":{"capture_dates":"12/6/2018-12/12/2018"}},{"type":"Feature","geometry":{"type":"Polygon","coordinates":[[[-121.69163,39.858056],[-121.691585,39.858114],[-121.691534,39.85809],[-121.691478,39.858162],[-121.69159,39.858213],[-121.691604,39.858195],[-121.691659,39.858221],[-121.691632,39.858255],[-121.691721,39.858295],[-121.691736,39.858276],[-121.691819,39.858314],[-121.691856,39.858266],[-121.691883,39.858278],[-121.691922,39.858227],[-121.691817,39.858179],[-121.691838,39.858151],[-121.69163,39.858056]]]},"properties":{"capture_dates":"12/6/2018-12/12/2018"}},{"type":"Feature","geometry":{"type":"Polygon","coordinates":[[[-121.692413,39.85845],[-121.692394,39.858372],[-121.692257,39.858391],[-121.692276,39.858469],[-121.692413,39.85845]]]},"properties":{"capture_dates":"12/6/2018-12/12/2018"}},{"type":"Feature","geometry":{"type":"Polygon","coordinates":[[[-121.694255,39.858455],[-121.694241,39.858533],[-121.694352,39.858545],[-121.694336,39.858636],[-121.694398,39.858642],[-121.694386,39.858711],[-121.694505,39.858723],[-121.694525,39.85861],[-121.694535,39.858611],[-121.694549,39.858532],[-121.694581,39.858536],[-121.694592,39.858476],[-121.694452,39.858461],[-121.694447,39.85849],[-121.694384,39.858483],[-121.694386,39.858468],[-121.694255,39.858455]]]},"properties":{"capture_dates":"12/6/2018-12/12/2018"}},{"type":"Feature","geometry":{"type":"Polygon","coordinates":[[[-121.691189,39.859089],[-121.691079,39.859074],[-121.691072,39.859104],[-121.691182,39.859119],[-121.691189,39.859089]]]},"properties":{"capture_dates":"12/6/2018-12/12/2018"}},{"type":"Feature","geometry":{"type":"Polygon","coordinates":[[[-121.692174,39.859287],[-121.692021,39.859245],[-121.691986,39.859318],[-121.692139,39.859361],[-121.692174,39.859287]]]},"properties":{"capture_dates":"12/6/2018-12/12/2018"}},{"type":"Feature","geometry":{"type":"Polygon","coordinates":[[[-121.689404,39.860091],[-121.689584,39.860093],[-121.68959,39.859859],[-121.689463,39.859857],[-121.689461,39.859939],[-121.689408,39.859938],[-121.689404,39.860091]]]},"properties":{"capture_dates":"12/6/2018-12/12/2018"}},{"type":"Feature","geometry":{"type":"Polygon","coordinates":[[[-121.690438,39.860414],[-121.690439,39.8605],[-121.690673,39.860498],[-121.690672,39.860412],[-121.690438,39.860414]]]},"properties":{"capture_dates":"12/6/2018-12/12/2018"}},{"type":"Feature","geometry":{"type":"Polygon","coordinates":[[[-121.690418,39.860936],[-121.690534,39.860935],[-121.690531,39.860744],[-121.690427,39.860745],[-121.690428,39.860813],[-121.690366,39.860813],[-121.690367,39.860872],[-121.690418,39.860871],[-121.690418,39.860936]]]},"properties":{"capture_dates":"12/6/2018-12/12/2018"}},{"type":"Feature","geometry":{"type":"Polygon","coordinates":[[[-121.690811,39.861945],[-121.691007,39.861939],[-121.691005,39.8619],[-121.690809,39.861906],[-121.690811,39.861945]]]},"properties":{"capture_dates":"12/6/2018-12/12/2018"}},{"type":"Feature","geometry":{"type":"Polygon","coordinates":[[[-121.689686,39.863325],[-121.689844,39.863343],[-121.689878,39.863159],[-121.689721,39.863142],[-121.689686,39.863325]]]},"properties":{"capture_dates":"12/6/2018-12/12/2018"}},{"type":"Feature","geometry":{"type":"Polygon","coordinates":[[[-121.68859,39.864852],[-121.688441,39.86484],[-121.688434,39.864893],[-121.688583,39.864905],[-121.68859,39.864852]]]},"properties":{"capture_dates":"12/6/2018-12/12/2018"}},{"type":"Feature","geometry":{"type":"Polygon","coordinates":[[[-121.688675,39.865141],[-121.68848,39.865138],[-121.688476,39.865269],[-121.688672,39.865272],[-121.688675,39.865141]]]},"properties":{"capture_dates":"12/6/2018-12/12/2018"}},{"type":"Feature","geometry":{"type":"Polygon","coordinates":[[[-121.692661,39.865766],[-121.692709,39.865766],[-121.692707,39.865908],[-121.692904,39.865909],[-121.692906,39.865743],[-121.692662,39.865742],[-121.692661,39.865766]]]},"properties":{"capture_dates":"12/6/2018-12/12/2018"}},{"type":"Feature","geometry":{"type":"Polygon","coordinates":[[[-121.683051,39.868222],[-121.683149,39.868268],[-121.683236,39.868159],[-121.683138,39.868113],[-121.683051,39.868222]]]},"properties":{"capture_dates":"12/6/2018-12/12/2018"}},{"type":"Feature","geometry":{"type":"Polygon","coordinates":[[[-121.723539,39.932916],[-121.723407,39.932913],[-121.723403,39.93302],[-121.723534,39.933023],[-121.723539,39.932916]]]},"properties":{"capture_dates":"12/6/2018-12/12/2018"}},{"type":"Feature","geometry":{"type":"Polygon","coordinates":[[[-121.723246,39.933704],[-121.723195,39.933815],[-121.723321,39.93385],[-121.723373,39.933738],[-121.723246,39.933704]]]},"properties":{"capture_dates":"12/6/2018-12/12/2018"}},{"type":"Feature","geometry":{"type":"Polygon","coordinates":[[[-121.723276,39.934978],[-121.723269,39.934857],[-121.723168,39.93486],[-121.723175,39.934981],[-121.723276,39.934978]]]},"properties":{"capture_dates":"12/6/2018-12/12/2018"}},{"type":"Feature","geometry":{"type":"Polygon","coordinates":[[[-121.723009,39.939117],[-121.722847,39.939112],[-121.722842,39.939185],[-121.723004,39.939191],[-121.723009,39.939117]]]},"properties":{"capture_dates":"12/6/2018-12/12/2018"}},{"type":"Feature","geometry":{"type":"Polygon","coordinates":[[[-121.722834,39.936191],[-121.722757,39.936171],[-121.722682,39.936333],[-121.722758,39.936354],[-121.722834,39.936191]]]},"properties":{"capture_dates":"12/6/2018-12/12/2018"}},{"type":"Feature","geometry":{"type":"Polygon","coordinates":[[[-121.721555,39.934947],[-121.721682,39.934944],[-121.721683,39.934968],[-121.721853,39.934964],[-121.721851,39.934925],[-121.721916,39.934923],[-121.721912,39.934841],[-121.721765,39.934845],[-121.721762,39.934782],[-121.721675,39.934784],[-121.721678,39.934873],[-121.721552,39.934876],[-121.721555,39.934947]]]},"properties":{"capture_dates":"12/6/2018-12/12/2018"}},{"type":"Feature","geometry":{"type":"Polygon","coordinates":[[[-121.72117,39.93348],[-121.721271,39.933454],[-121.721287,39.933421],[-121.721487,39.933481],[-121.721531,39.933396],[-121.721417,39.933362],[-121.721399,39.933322],[-121.721341,39.933305],[-121.721289,39.933407],[-121.72124,39.933392],[-121.721142,39.933417],[-121.72117,39.93348]]]},"properties":{"capture_dates":"12/6/2018-12/12/2018"}},{"type":"Feature","geometry":{"type":"Polygon","coordinates":[[[-121.721407,39.927129],[-121.721435,39.92722],[-121.721525,39.927204],[-121.721449,39.926954],[-121.721367,39.926969],[-121.721374,39.926994],[-121.721304,39.927006],[-121.721315,39.927042],[-121.721176,39.927066],[-121.721195,39.927127],[-121.721272,39.927113],[-121.721284,39.927151],[-121.721407,39.927129]]]},"properties":{"capture_dates":"12/6/2018-12/12/2018"}},{"type":"Feature","geometry":{"type":"Polygon","coordinates":[[[-121.721338,39.937452],[-121.721159,39.937513],[-121.721189,39.937566],[-121.721212,39.937558],[-121.721252,39.937627],[-121.721408,39.937574],[-121.721338,39.937452]]]},"properties":{"capture_dates":"12/6/2018-12/12/2018"}},{"type":"Feature","geometry":{"type":"Polygon","coordinates":[[[-121.72075,39.937518],[-121.720768,39.937572],[-121.720835,39.937559],[-121.720817,39.937505],[-121.72075,39.937518]]]},"properties":{"capture_dates":"12/6/2018-12/12/2018"}},{"type":"Feature","geometry":{"type":"Polygon","coordinates":[[[-121.71826,39.938138],[-121.718246,39.938207],[-121.718421,39.938229],[-121.718435,39.938161],[-121.71826,39.938138]]]},"properties":{"capture_dates":"12/6/2018-12/12/2018"}},{"type":"Feature","geometry":{"type":"Polygon","coordinates":[[[-121.713492,39.930458],[-121.713437,39.930413],[-121.713419,39.930426],[-121.713374,39.930389],[-121.713293,39.930447],[-121.713393,39.930529],[-121.713492,39.930458]]]},"properties":{"capture_dates":"12/6/2018-12/12/2018"}},{"type":"Feature","geometry":{"type":"Polygon","coordinates":[[[-121.7121,39.931905],[-121.71211,39.931927],[-121.712091,39.931932],[-121.712121,39.931994],[-121.712185,39.931977],[-121.712145,39.931892],[-121.7121,39.931905]]]},"properties":{"capture_dates":"12/6/2018-12/12/2018"}},{"type":"Feature","geometry":{"type":"Polygon","coordinates":[[[-121.706631,39.92276],[-121.706598,39.922871],[-121.70686,39.922917],[-121.706893,39.922806],[-121.706631,39.92276]]]},"properties":{"capture_dates":"12/6/2018-12/12/2018"}},{"type":"Feature","geometry":{"type":"Polygon","coordinates":[[[-121.706029,39.932186],[-121.705939,39.932225],[-121.706021,39.932335],[-121.70611,39.932296],[-121.706029,39.932186]]]},"properties":{"capture_dates":"12/6/2018-12/12/2018"}},{"type":"Feature","geometry":{"type":"Polygon","coordinates":[[[-121.705357,39.929491],[-121.705359,39.929564],[-121.705551,39.929561],[-121.705549,39.929488],[-121.705357,39.929491]]]},"properties":{"capture_dates":"12/6/2018-12/12/2018"}},{"type":"Feature","geometry":{"type":"Polygon","coordinates":[[[-121.690735,39.935252],[-121.690696,39.935205],[-121.690573,39.935265],[-121.690612,39.935312],[-121.690735,39.935252]]]},"properties":{"capture_dates":"12/6/2018-12/12/2018"}},{"type":"Feature","geometry":{"type":"Polygon","coordinates":[[[-121.712268,39.931829],[-121.712213,39.931717],[-121.712075,39.931757],[-121.71213,39.931869],[-121.712268,39.931829]]]},"properties":{"capture_dates":"12/6/2018-12/12/2018"}},{"type":"Feature","geometry":{"type":"Polygon","coordinates":[[[-121.653368,39.916944],[-121.653431,39.91699],[-121.653583,39.916867],[-121.653521,39.916822],[-121.653368,39.916944]]]},"properties":{"capture_dates":"12/6/2018-12/12/2018"}},{"type":"Feature","geometry":{"type":"Polygon","coordinates":[[[-121.653663,39.917409],[-121.653627,39.917255],[-121.653547,39.917266],[-121.653558,39.917316],[-121.653496,39.917325],[-121.653508,39.917379],[-121.65355,39.917373],[-121.653562,39.917423],[-121.653663,39.917409]]]},"properties":{"capture_dates":"12/6/2018-12/12/2018"}},{"type":"Feature","geometry":{"type":"Polygon","coordinates":[[[-121.650406,39.931714],[-121.650552,39.93171],[-121.650547,39.931616],[-121.650401,39.93162],[-121.650406,39.931714]]]},"properties":{"capture_dates":"12/6/2018-12/12/2018"}},{"type":"Feature","geometry":{"type":"Polygon","coordinates":[[[-121.650402,39.931883],[-121.650398,39.931731],[-121.650237,39.931734],[-121.650241,39.931886],[-121.650402,39.931883]]]},"properties":{"capture_dates":"12/6/2018-12/12/2018"}},{"type":"Feature","geometry":{"type":"Polygon","coordinates":[[[-121.745871,39.893866],[-121.745958,39.894043],[-121.746135,39.893992],[-121.746048,39.893815],[-121.745871,39.893866]]]},"properties":{"capture_dates":"12/6/2018-12/12/2018"}},{"type":"Feature","geometry":{"type":"Polygon","coordinates":[[[-121.748726,39.89405],[-121.748762,39.894148],[-121.748913,39.894116],[-121.748905,39.894095],[-121.748877,39.894101],[-121.748848,39.894023],[-121.748726,39.89405]]]},"properties":{"capture_dates":"12/6/2018-12/12/2018"}},{"type":"Feature","geometry":{"type":"Polygon","coordinates":[[[-121.747295,39.894209],[-121.747257,39.894181],[-121.747192,39.894234],[-121.74732,39.894326],[-121.747427,39.894239],[-121.747338,39.894174],[-121.747295,39.894209]]]},"properties":{"capture_dates":"12/6/2018-12/12/2018"}},{"type":"Feature","geometry":{"type":"Polygon","coordinates":[[[-121.740366,39.89494],[-121.740378,39.895013],[-121.740482,39.895003],[-121.740487,39.895034],[-121.740414,39.895042],[-121.740427,39.895123],[-121.740551,39.89511],[-121.740531,39.894989],[-121.740677,39.894974],[-121.740656,39.894849],[-121.740587,39.894856],[-121.740592,39.894882],[-121.740532,39.894888],[-121.740538,39.894923],[-121.740366,39.89494]]]},"properties":{"capture_dates":"12/6/2018-12/12/2018"}},{"type":"Feature","geometry":{"type":"Polygon","coordinates":[[[-121.745599,39.895003],[-121.745429,39.895068],[-121.745467,39.895128],[-121.745538,39.895102],[-121.745568,39.895149],[-121.74563,39.895126],[-121.745607,39.895091],[-121.745646,39.895076],[-121.745599,39.895003]]]},"properties":{"capture_dates":"12/6/2018-12/12/2018"}},{"type":"Feature","geometry":{"type":"Polygon","coordinates":[[[-121.753585,39.895581],[-121.753505,39.895578],[-121.753502,39.895613],[-121.753583,39.895616],[-121.753585,39.895581]]]},"properties":{"capture_dates":"12/6/2018-12/12/2018"}},{"type":"Feature","geometry":{"type":"Polygon","coordinates":[[[-121.753419,39.895876],[-121.75352,39.895891],[-121.753548,39.895771],[-121.753535,39.895769],[-121.753545,39.895728],[-121.753436,39.895712],[-121.753426,39.895756],[-121.753447,39.895759],[-121.753419,39.895876]]]},"properties":{"capture_dates":"12/6/2018-12/12/2018"}},{"type":"Feature","geometry":{"type":"Polygon","coordinates":[[[-121.740024,39.895847],[-121.740021,39.895907],[-121.7402,39.895912],[-121.740203,39.895853],[-121.740024,39.895847]]]},"properties":{"capture_dates":"12/6/2018-12/12/2018"}},{"type":"Feature","geometry":{"type":"Polygon","coordinates":[[[-121.753593,39.89604],[-121.753581,39.896004],[-121.753616,39.895998],[-121.75359,39.895918],[-121.753543,39.895927],[-121.753536,39.895907],[-121.753322,39.895948],[-121.75334,39.896005],[-121.753433,39.895988],[-121.753458,39.896066],[-121.753593,39.89604]]]},"properties":{"capture_dates":"12/6/2018-12/12/2018"}},{"type":"Feature","geometry":{"type":"Polygon","coordinates":[[[-121.753643,39.896129],[-121.753621,39.896074],[-121.753475,39.89611],[-121.753497,39.896164],[-121.753643,39.896129]]]},"properties":{"capture_dates":"12/6/2018-12/12/2018"}},{"type":"Feature","geometry":{"type":"Polygon","coordinates":[[[-121.745777,39.896456],[-121.745943,39.896594],[-121.746073,39.896501],[-121.746033,39.896468],[-121.746072,39.89644],[-121.74599,39.896373],[-121.745947,39.896403],[-121.745903,39.896367],[-121.745777,39.896456]]]},"properties":{"capture_dates":"12/6/2018-12/12/2018"}},{"type":"Feature","geometry":{"type":"Polygon","coordinates":[[[-121.749258,39.896536],[-121.749277,39.896613],[-121.749408,39.896594],[-121.749388,39.896516],[-121.749258,39.896536]]]},"properties":{"capture_dates":"12/6/2018-12/12/2018"}},{"type":"Feature","geometry":{"type":"Polygon","coordinates":[[[-121.74667,39.896555],[-121.746683,39.896647],[-121.746742,39.896642],[-121.746728,39.89655],[-121.74667,39.896555]]]},"properties":{"capture_dates":"12/6/2018-12/12/2018"}},{"type":"Feature","geometry":{"type":"Polygon","coordinates":[[[-121.744314,39.896801],[-121.74442,39.896792],[-121.744393,39.896608],[-121.744287,39.896617],[-121.744314,39.896801]]]},"properties":{"capture_dates":"12/6/2018-12/12/2018"}},{"type":"Feature","geometry":{"type":"Polygon","coordinates":[[[-121.743869,39.896968],[-121.743986,39.896989],[-121.744003,39.896933],[-121.743887,39.896911],[-121.743869,39.896968]]]},"properties":{"capture_dates":"12/6/2018-12/12/2018"}},{"type":"Feature","geometry":{"type":"Polygon","coordinates":[[[-121.747835,39.897059],[-121.747906,39.897111],[-121.748045,39.896999],[-121.747974,39.896947],[-121.747835,39.897059]]]},"properties":{"capture_dates":"12/6/2018-12/12/2018"}},{"type":"Feature","geometry":{"type":"Polygon","coordinates":[[[-121.74435,39.897232],[-121.744456,39.897234],[-121.744463,39.897065],[-121.744357,39.897062],[-121.74435,39.897232]]]},"properties":{"capture_dates":"12/6/2018-12/12/2018"}},{"type":"Feature","geometry":{"type":"Polygon","coordinates":[[[-121.755116,39.897136],[-121.755037,39.897107],[-121.75497,39.897216],[-121.755049,39.897244],[-121.755116,39.897136]]]},"properties":{"capture_dates":"12/6/2018-12/12/2018"}},{"type":"Feature","geometry":{"type":"Polygon","coordinates":[[[-121.741294,39.89716],[-121.741282,39.897218],[-121.741655,39.897265],[-121.741668,39.897207],[-121.741294,39.89716]]]},"properties":{"capture_dates":"12/6/2018-12/12/2018"}},{"type":"Feature","geometry":{"type":"Polygon","coordinates":[[[-121.741305,39.897343],[-121.741655,39.897396],[-121.741676,39.897312],[-121.741326,39.897259],[-121.741305,39.897343]]]},"properties":{"capture_dates":"12/6/2018-12/12/2018"}},{"type":"Feature","geometry":{"type":"Polygon","coordinates":[[[-121.747758,39.897423],[-121.747863,39.897514],[-121.747973,39.897439],[-121.747869,39.897348],[-121.747758,39.897423]]]},"properties":{"capture_dates":"12/6/2018-12/12/2018"}},{"type":"Feature","geometry":{"type":"Polygon","coordinates":[[[-121.741439,39.897685],[-121.741347,39.897679],[-121.741332,39.897809],[-121.741424,39.897816],[-121.741439,39.897685]]]},"properties":{"capture_dates":"12/6/2018-12/12/2018"}},{"type":"Feature","geometry":{"type":"Polygon","coordinates":[[[-121.751279,39.898013],[-121.7512,39.897995],[-121.751157,39.898108],[-121.751236,39.898126],[-121.751279,39.898013]]]},"properties":{"capture_dates":"12/6/2018-12/12/2018"}},{"type":"Feature","geometry":{"type":"Polygon","coordinates":[[[-121.75482,39.898144],[-121.755214,39.898224],[-121.755255,39.898107],[-121.754978,39.898051],[-121.75497,39.898073],[-121.754852,39.898049],[-121.75482,39.898144]]]},"properties":{"capture_dates":"12/6/2018-12/12/2018"}},{"type":"Feature","geometry":{"type":"Polygon","coordinates":[[[-121.743211,39.898746],[-121.743296,39.898886],[-121.743399,39.89885],[-121.743315,39.898709],[-121.743211,39.898746]]]},"properties":{"capture_dates":"12/6/2018-12/12/2018"}},{"type":"Feature","geometry":{"type":"Polygon","coordinates":[[[-121.748851,39.899054],[-121.748812,39.899125],[-121.748994,39.899184],[-121.749091,39.899007],[-121.748996,39.898976],[-121.748938,39.899082],[-121.748851,39.899054]]]},"properties":{"capture_dates":"12/6/2018-12/12/2018"}},{"type":"Feature","geometry":{"type":"Polygon","coordinates":[[[-121.742359,39.899059],[-121.742347,39.899057],[-121.742362,39.898997],[-121.742247,39.89898],[-121.742212,39.899118],[-121.742339,39.899137],[-121.742359,39.899059]]]},"properties":{"capture_dates":"12/6/2018-12/12/2018"}},{"type":"Feature","geometry":{"type":"Polygon","coordinates":[[[-121.743204,39.899202],[-121.743244,39.899206],[-121.743235,39.899252],[-121.743325,39.899262],[-121.743333,39.899215],[-121.74343,39.899225],[-121.743455,39.899086],[-121.743229,39.899062],[-121.743204,39.899202]]]},"properties":{"capture_dates":"12/6/2018-12/12/2018"}},{"type":"Feature","geometry":{"type":"Polygon","coordinates":[[[-121.743332,39.899685],[-121.743413,39.899866],[-121.743498,39.899844],[-121.743417,39.899663],[-121.743332,39.899685]]]},"properties":{"capture_dates":"12/6/2018-12/12/2018"}},{"type":"Feature","geometry":{"type":"Polygon","coordinates":[[[-121.750154,39.900519],[-121.750079,39.900492],[-121.750043,39.90055],[-121.750117,39.900577],[-121.750154,39.900519]]]},"properties":{"capture_dates":"12/6/2018-12/12/2018"}},{"type":"Feature","geometry":{"type":"Polygon","coordinates":[[[-121.750354,39.900571],[-121.750263,39.900531],[-121.750161,39.900668],[-121.750252,39.900708],[-121.750354,39.900571]]]},"properties":{"capture_dates":"12/6/2018-12/12/2018"}},{"type":"Feature","geometry":{"type":"Polygon","coordinates":[[[-121.838439,39.827104],[-121.838405,39.827121],[-121.838118,39.827095],[-121.838083,39.827112],[-121.838078,39.827143],[-121.838037,39.827163],[-121.838013,39.827134],[-121.837963,39.827158],[-121.837914,39.827099],[-121.837824,39.827143],[-121.837879,39.827209],[-121.837923,39.827188],[-121.838004,39.827286],[-121.838084,39.827247],[-121.838093,39.827185],[-121.838118,39.827173],[-121.838145,39.827207],[-121.838329,39.827223],[-121.838333,39.827199],[-121.838444,39.827209],[-121.838502,39.827181],[-121.838439,39.827104]]]},"properties":{"capture_dates":"12/6/2018-12/12/2018"}},{"type":"Feature","geometry":{"type":"Polygon","coordinates":[[[-121.837893,39.829198],[-121.837932,39.82926],[-121.838033,39.829222],[-121.838176,39.829447],[-121.838268,39.829412],[-121.838242,39.829372],[-121.8383,39.829351],[-121.83822,39.829225],[-121.838251,39.829213],[-121.838216,39.829157],[-121.838197,39.829165],[-121.838166,39.829117],[-121.838095,39.829144],[-121.838084,39.829127],[-121.837893,39.829198]]]},"properties":{"capture_dates":"12/6/2018-12/12/2018"}},{"type":"Feature","geometry":{"type":"Polygon","coordinates":[[[-121.837039,39.842325],[-121.837028,39.842368],[-121.837116,39.842381],[-121.837135,39.842305],[-121.836967,39.842279],[-121.836979,39.842236],[-121.836856,39.842217],[-121.836836,39.842295],[-121.837039,39.842325]]]},"properties":{"capture_dates":"12/6/2018-12/12/2018"}},{"type":"Feature","geometry":{"type":"Polygon","coordinates":[[[-121.836883,39.842895],[-121.836964,39.842905],[-121.836972,39.842863],[-121.836891,39.842853],[-121.836883,39.842895]]]},"properties":{"capture_dates":"12/6/2018-12/12/2018"}},{"type":"Feature","geometry":{"type":"Polygon","coordinates":[[[-121.836631,39.829484],[-121.836718,39.829482],[-121.836716,39.829418],[-121.836629,39.82942],[-121.836631,39.829484]]]},"properties":{"capture_dates":"12/6/2018-12/12/2018"}},{"type":"Feature","geometry":{"type":"Polygon","coordinates":[[[-121.836661,39.843096],[-121.836548,39.84305],[-121.836491,39.843135],[-121.836604,39.84318],[-121.836661,39.843096]]]},"properties":{"capture_dates":"12/6/2018-12/12/2018"}},{"type":"Feature","geometry":{"type":"Polygon","coordinates":[[[-121.836075,39.827258],[-121.836075,39.827305],[-121.83611,39.827305],[-121.836111,39.827328],[-121.836188,39.827328],[-121.836148,39.827362],[-121.836149,39.827402],[-121.836184,39.827426],[-121.836256,39.827425],[-121.836256,39.827385],[-121.836374,39.827384],[-121.836374,39.82736],[-121.836426,39.827359],[-121.836457,39.827381],[-121.836457,39.827428],[-121.836558,39.827497],[-121.836612,39.827451],[-121.836652,39.827451],[-121.836482,39.827334],[-121.836549,39.827275],[-121.836473,39.827223],[-121.836398,39.827288],[-121.836353,39.827257],[-121.836075,39.827258]]]},"properties":{"capture_dates":"12/6/2018-12/12/2018"}},{"type":"Feature","geometry":{"type":"Polygon","coordinates":[[[-121.835972,39.844485],[-121.835984,39.844552],[-121.836285,39.844519],[-121.836268,39.844428],[-121.836049,39.844452],[-121.836053,39.844477],[-121.835972,39.844485]]]},"properties":{"capture_dates":"12/6/2018-12/12/2018"}},{"type":"Feature","geometry":{"type":"Polygon","coordinates":[[[-121.835725,39.842228],[-121.835966,39.842372],[-121.836092,39.842249],[-121.835745,39.842041],[-121.835664,39.842121],[-121.835769,39.842184],[-121.835725,39.842228]]]},"properties":{"capture_dates":"12/6/2018-12/12/2018"}},{"type":"Feature","geometry":{"type":"Polygon","coordinates":[[[-121.835423,39.842211],[-121.835306,39.842324],[-121.835667,39.842543],[-121.835706,39.842505],[-121.835739,39.842525],[-121.835817,39.842449],[-121.835423,39.842211]]]},"properties":{"capture_dates":"12/6/2018-12/12/2018"}},{"type":"Feature","geometry":{"type":"Polygon","coordinates":[[[-121.835163,39.843674],[-121.835238,39.843712],[-121.835323,39.843613],[-121.835308,39.843605],[-121.835334,39.843575],[-121.835234,39.843524],[-121.835147,39.843624],[-121.835188,39.843645],[-121.835163,39.843674]]]},"properties":{"capture_dates":"12/6/2018-12/12/2018"}},{"type":"Feature","geometry":{"type":"Polygon","coordinates":[[[-121.835003,39.842891],[-121.834893,39.842818],[-121.834885,39.842825],[-121.834779,39.842754],[-121.834735,39.842792],[-121.834951,39.842937],[-121.835003,39.842891]]]},"properties":{"capture_dates":"12/6/2018-12/12/2018"}},{"type":"Feature","geometry":{"type":"Polygon","coordinates":[[[-121.834396,39.828363],[-121.834292,39.828236],[-121.834139,39.828311],[-121.834244,39.828437],[-121.834396,39.828363]]]},"properties":{"capture_dates":"12/6/2018-12/12/2018"}},{"type":"Feature","geometry":{"type":"Polygon","coordinates":[[[-121.833952,39.844764],[-121.833879,39.844664],[-121.833616,39.844778],[-121.833665,39.844844],[-121.833742,39.84481],[-121.833767,39.844844],[-121.833952,39.844764]]]},"properties":{"capture_dates":"12/6/2018-12/12/2018"}},{"type":"Feature","geometry":{"type":"Polygon","coordinates":[[[-121.833793,39.844088],[-121.833752,39.843976],[-121.833541,39.844021],[-121.833582,39.844133],[-121.833793,39.844088]]]},"properties":{"capture_dates":"12/6/2018-12/12/2018"}},{"type":"Feature","geometry":{"type":"Polygon","coordinates":[[[-121.833159,39.830781],[-121.833156,39.830942],[-121.833283,39.830943],[-121.833295,39.830939],[-121.833295,39.830975],[-121.833364,39.830976],[-121.833365,39.830944],[-121.833433,39.830945],[-121.833502,39.831025],[-121.833621,39.830987],[-121.833527,39.830814],[-121.833449,39.830814],[-121.833433,39.830784],[-121.833159,39.830781]]]},"properties":{"capture_dates":"12/6/2018-12/12/2018"}},{"type":"Feature","geometry":{"type":"Polygon","coordinates":[[[-121.833042,39.824791],[-121.832996,39.82468],[-121.832845,39.824718],[-121.832892,39.824829],[-121.833042,39.824791]]]},"properties":{"capture_dates":"12/6/2018-12/12/2018"}},{"type":"Feature","geometry":{"type":"Polygon","coordinates":[[[-121.832701,39.845445],[-121.832911,39.84539],[-121.832885,39.845332],[-121.832897,39.845329],[-121.832896,39.845325],[-121.832673,39.845383],[-121.832701,39.845445]]]},"properties":{"capture_dates":"12/6/2018-12/12/2018"}},{"type":"Feature","geometry":{"type":"Polygon","coordinates":[[[-121.83212,39.846021],[-121.831896,39.84611],[-121.831879,39.846085],[-121.831797,39.846118],[-121.831878,39.846238],[-121.832185,39.846117],[-121.83212,39.846021]]]},"properties":{"capture_dates":"12/6/2018-12/12/2018"}},{"type":"Feature","geometry":{"type":"Polygon","coordinates":[[[-121.830351,39.846964],[-121.830316,39.84691],[-121.830241,39.846939],[-121.830277,39.846993],[-121.830351,39.846964]]]},"properties":{"capture_dates":"12/6/2018-12/12/2018"}},{"type":"Feature","geometry":{"type":"Polygon","coordinates":[[[-121.830087,39.847095],[-121.830018,39.847058],[-121.829966,39.847116],[-121.82993,39.847096],[-121.829874,39.847159],[-121.829839,39.847141],[-121.829771,39.847216],[-121.829862,39.847265],[-121.829889,39.847235],[-121.829938,39.847261],[-121.830087,39.847095]]]},"properties":{"capture_dates":"12/6/2018-12/12/2018"}},{"type":"Feature","geometry":{"type":"Polygon","coordinates":[[[-121.82938,39.848401],[-121.829284,39.848336],[-121.829079,39.848515],[-121.829175,39.84858],[-121.82938,39.848401]]]},"properties":{"capture_dates":"12/6/2018-12/12/2018"}},{"type":"Feature","geometry":{"type":"Polygon","coordinates":[[[-121.828873,39.848655],[-121.828909,39.848764],[-121.82901,39.848744],[-121.828994,39.848697],[-121.829056,39.848685],[-121.829031,39.84861],[-121.828909,39.848634],[-121.828913,39.848647],[-121.828873,39.848655]]]},"properties":{"capture_dates":"12/6/2018-12/12/2018"}},{"type":"Feature","geometry":{"type":"Polygon","coordinates":[[[-121.828322,39.83105],[-121.828165,39.831012],[-121.828184,39.830968],[-121.828166,39.83095],[-121.827982,39.830905],[-121.827964,39.830948],[-121.827903,39.830933],[-121.827871,39.830952],[-121.827854,39.830993],[-121.827926,39.831011],[-121.827916,39.831033],[-121.827961,39.831044],[-121.827952,39.831066],[-121.82798,39.831094],[-121.828038,39.831109],[-121.828103,39.831071],[-121.828085,39.831115],[-121.8281,39.83113],[-121.828158,39.831144],[-121.828127,39.831219],[-121.828195,39.831287],[-121.82829,39.831232],[-121.828259,39.831202],[-121.828322,39.83105]]]},"properties":{"capture_dates":"12/6/2018-12/12/2018"}},{"type":"Feature","geometry":{"type":"Polygon","coordinates":[[[-121.836827,39.827339],[-121.836734,39.827407],[-121.836814,39.827472],[-121.836907,39.827404],[-121.836827,39.827339]]]},"properties":{"capture_dates":"12/6/2018-12/12/2018"}},{"type":"Feature","geometry":{"type":"Polygon","coordinates":[[[-121.829448,39.848],[-121.829401,39.847955],[-121.829437,39.847933],[-121.829378,39.847878],[-121.829259,39.847951],[-121.82928,39.84797],[-121.829119,39.848069],[-121.829188,39.848135],[-121.82928,39.848078],[-121.829296,39.848094],[-121.829448,39.848]]]},"properties":{"capture_dates":"12/6/2018-12/12/2018"}},{"type":"Feature","geometry":{"type":"Polygon","coordinates":[[[-121.837342,39.840944],[-121.837333,39.840866],[-121.837359,39.840864],[-121.83735,39.840789],[-121.837246,39.840796],[-121.837253,39.840847],[-121.837221,39.840849],[-121.837214,39.84079],[-121.837142,39.840795],[-121.837155,39.840905],[-121.837086,39.84091],[-121.837092,39.840961],[-121.837342,39.840944]]]},"properties":{"capture_dates":"12/6/2018-12/12/2018"}},{"type":"Feature","geometry":{"type":"Polygon","coordinates":[[[-121.834234,39.843934],[-121.834244,39.843956],[-121.834332,39.843933],[-121.834277,39.843812],[-121.834013,39.843882],[-121.834058,39.843981],[-121.834234,39.843934]]]},"properties":{"capture_dates":"12/6/2018-12/12/2018"}},{"type":"Feature","geometry":{"type":"Polygon","coordinates":[[[-121.832221,39.824473],[-121.832259,39.824548],[-121.832371,39.824515],[-121.832333,39.82444],[-121.832221,39.824473]]]},"properties":{"capture_dates":"12/6/2018-12/12/2018"}},{"type":"Feature","geometry":{"type":"Polygon","coordinates":[[[-121.83521,39.843015],[-121.835154,39.843061],[-121.835286,39.843155],[-121.835341,39.84311],[-121.83521,39.843015]]]},"properties":{"capture_dates":"12/6/2018-12/12/2018"}},{"type":"Feature","geometry":{"type":"Polygon","coordinates":[[[-121.831171,39.831607],[-121.831032,39.831602],[-121.831034,39.831564],[-121.830947,39.831561],[-121.830938,39.831703],[-121.831103,39.831709],[-121.831095,39.831829],[-121.831221,39.831833],[-121.831228,39.83173],[-121.831163,39.831727],[-121.831171,39.831607]]]},"properties":{"capture_dates":"12/6/2018-12/12/2018"}},{"type":"Feature","geometry":{"type":"Polygon","coordinates":[[[-121.834526,39.830202],[-121.834418,39.830214],[-121.834425,39.830251],[-121.834369,39.830257],[-121.834366,39.830243],[-121.834271,39.830253],[-121.834275,39.830275],[-121.834169,39.830286],[-121.834186,39.830379],[-121.834225,39.830375],[-121.834233,39.830414],[-121.834285,39.830408],[-121.83429,39.830433],[-121.834563,39.830403],[-121.834526,39.830202]]]},"properties":{"capture_dates":"12/6/2018-12/12/2018"}},{"type":"Feature","geometry":{"type":"Polygon","coordinates":[[[-121.835166,39.842873],[-121.835212,39.842828],[-121.835322,39.842894],[-121.835438,39.842781],[-121.835189,39.84263],[-121.835015,39.842801],[-121.835096,39.84285],[-121.835108,39.842838],[-121.835166,39.842873]]]},"properties":{"capture_dates":"12/6/2018-12/12/2018"}},{"type":"Feature","geometry":{"type":"Polygon","coordinates":[[[-121.83146,39.846437],[-121.83155,39.846481],[-121.831654,39.846358],[-121.831512,39.846288],[-121.831449,39.846362],[-121.831501,39.846388],[-121.83146,39.846437]]]},"properties":{"capture_dates":"12/6/2018-12/12/2018"}},{"type":"Feature","geometry":{"type":"Polygon","coordinates":[[[-121.836795,39.841785],[-121.836802,39.841855],[-121.836896,39.841849],[-121.8369,39.841884],[-121.837049,39.841875],[-121.837038,39.841771],[-121.836795,39.841785]]]},"properties":{"capture_dates":"12/6/2018-12/12/2018"}},{"type":"Feature","geometry":{"type":"Polygon","coordinates":[[[-121.834911,39.843709],[-121.834808,39.843737],[-121.834832,39.843789],[-121.834985,39.843747],[-121.834967,39.843708],[-121.834917,39.843721],[-121.834911,39.843709]]]},"properties":{"capture_dates":"12/6/2018-12/12/2018"}},{"type":"Feature","geometry":{"type":"Polygon","coordinates":[[[-121.828169,39.849666],[-121.828242,39.849637],[-121.828221,39.849606],[-121.828143,39.849637],[-121.828115,39.849597],[-121.827993,39.849646],[-121.828054,39.849737],[-121.828182,39.849685],[-121.828169,39.849666]]]},"properties":{"capture_dates":"12/6/2018-12/12/2018"}},{"type":"Feature","geometry":{"type":"Polygon","coordinates":[[[-121.830142,39.846897],[-121.83022,39.846953],[-121.830334,39.846861],[-121.830256,39.846804],[-121.830142,39.846897]]]},"properties":{"capture_dates":"12/6/2018-12/12/2018"}},{"type":"Feature","geometry":{"type":"Polygon","coordinates":[[[-121.834012,39.828733],[-121.834254,39.828755],[-121.834267,39.828676],[-121.834025,39.828653],[-121.834012,39.828733]]]},"properties":{"capture_dates":"12/6/2018-12/12/2018"}},{"type":"Feature","geometry":{"type":"Polygon","coordinates":[[[-121.835007,39.843598],[-121.834913,39.843622],[-121.834942,39.84369],[-121.835037,39.843666],[-121.835007,39.843598]]]},"properties":{"capture_dates":"12/6/2018-12/12/2018"}},{"type":"Feature","geometry":{"type":"Polygon","coordinates":[[[-121.835798,39.843138],[-121.835846,39.843206],[-121.835793,39.843228],[-121.835838,39.843292],[-121.835885,39.843273],[-121.835923,39.843326],[-121.836017,39.843288],[-121.835888,39.843102],[-121.835798,39.843138]]]},"properties":{"capture_dates":"12/6/2018-12/12/2018"}},{"type":"Feature","geometry":{"type":"Polygon","coordinates":[[[-121.831894,39.831415],[-121.832018,39.831416],[-121.83202,39.83132],[-121.832152,39.831321],[-121.832152,39.831323],[-121.832253,39.831324],[-121.832255,39.831199],[-121.831897,39.831196],[-121.831894,39.831415]]]},"properties":{"capture_dates":"12/6/2018-12/12/2018"}},{"type":"Feature","geometry":{"type":"Polygon","coordinates":[[[-121.836776,39.842072],[-121.836966,39.842075],[-121.836968,39.841983],[-121.836778,39.841981],[-121.836776,39.842072]]]},"properties":{"capture_dates":"12/6/2018-12/12/2018"}},{"type":"Feature","geometry":{"type":"Polygon","coordinates":[[[-121.832276,39.845836],[-121.832367,39.845882],[-121.832435,39.845802],[-121.832478,39.845824],[-121.832521,39.845775],[-121.832437,39.845732],[-121.832476,39.845687],[-121.832392,39.845644],[-121.832302,39.845748],[-121.832337,39.845766],[-121.832276,39.845836]]]},"properties":{"capture_dates":"12/6/2018-12/12/2018"}},{"type":"Feature","geometry":{"type":"Polygon","coordinates":[[[-121.834348,39.84129],[-121.834303,39.841387],[-121.83434,39.841398],[-121.834319,39.841444],[-121.83424,39.841423],[-121.834206,39.841496],[-121.834399,39.84155],[-121.834406,39.841534],[-121.834488,39.841556],[-121.83453,39.841468],[-121.834395,39.841431],[-121.834403,39.841413],[-121.834435,39.841422],[-121.83448,39.841327],[-121.834348,39.84129]]]},"properties":{"capture_dates":"12/6/2018-12/12/2018"}},{"type":"Feature","geometry":{"type":"Polygon","coordinates":[[[-121.835782,39.844692],[-121.835669,39.84474],[-121.835697,39.84478],[-121.83581,39.844732],[-121.835782,39.844692]]]},"properties":{"capture_dates":"12/6/2018-12/12/2018"}},{"type":"Feature","geometry":{"type":"Polygon","coordinates":[[[-121.828331,39.849332],[-121.828403,39.849407],[-121.828425,39.849395],[-121.828618,39.849341],[-121.828572,39.849246],[-121.82851,39.849263],[-121.828437,39.849305],[-121.828411,39.849312],[-121.82838,39.849248],[-121.828357,39.849224],[-121.828267,39.84925],[-121.82819,39.849293],[-121.828204,39.849323],[-121.828239,39.849359],[-121.828331,39.849332]]]},"properties":{"capture_dates":"12/6/2018-12/12/2018"}},{"type":"Feature","geometry":{"type":"Polygon","coordinates":[[[-121.833309,39.828503],[-121.833179,39.828507],[-121.833179,39.828488],[-121.833023,39.828493],[-121.833034,39.828715],[-121.832852,39.82872],[-121.832856,39.828798],[-121.832923,39.828796],[-121.832926,39.828858],[-121.833094,39.828853],[-121.833092,39.828804],[-121.833324,39.828797],[-121.833309,39.828503]]]},"properties":{"capture_dates":"12/6/2018-12/12/2018"}},{"type":"Feature","geometry":{"type":"Polygon","coordinates":[[[-121.873609,39.893868],[-121.873494,39.893737],[-121.873312,39.89383],[-121.873427,39.893962],[-121.873609,39.893868]]]},"properties":{"capture_dates":"12/6/2018-12/12/2018"}},{"type":"Feature","geometry":{"type":"Polygon","coordinates":[[[-121.865943,39.898758],[-121.86607,39.898744],[-121.86605,39.898635],[-121.865923,39.898649],[-121.865943,39.898758]]]},"properties":{"capture_dates":"12/6/2018-12/12/2018"}},{"type":"Feature","geometry":{"type":"Polygon","coordinates":[[[-121.864795,39.89879],[-121.864839,39.898881],[-121.864986,39.89884],[-121.864942,39.898748],[-121.864795,39.89879]]]},"properties":{"capture_dates":"12/6/2018-12/12/2018"}},{"type":"Feature","geometry":{"type":"Polygon","coordinates":[[[-121.863965,39.899013],[-121.864014,39.899092],[-121.86408,39.899067],[-121.864031,39.898989],[-121.863965,39.899013]]]},"properties":{"capture_dates":"12/6/2018-12/12/2018"}},{"type":"Feature","geometry":{"type":"Polygon","coordinates":[[[-121.865651,39.899145],[-121.865509,39.899216],[-121.865592,39.899315],[-121.865734,39.899245],[-121.865651,39.899145]]]},"properties":{"capture_dates":"12/6/2018-12/12/2018"}},{"type":"Feature","geometry":{"type":"Polygon","coordinates":[[[-121.854517,40.341101],[-121.854447,40.340998],[-121.854249,40.341077],[-121.854312,40.34117],[-121.854361,40.341151],[-121.854368,40.341161],[-121.854517,40.341101]]]},"properties":{"capture_dates":"6/8/2019-6/21/2019"}},{"type":"Feature","geometry":{"type":"Polygon","coordinates":[[[-121.855141,40.341267],[-121.855096,40.341138],[-121.855018,40.341153],[-121.855063,40.341282],[-121.855141,40.341267]]]},"properties":{"capture_dates":"6/8/2019-6/21/2019"}},{"type":"Feature","geometry":{"type":"Polygon","coordinates":[[[-121.857896,40.342919],[-121.857701,40.342878],[-121.857653,40.343012],[-121.857758,40.343034],[-121.857757,40.343037],[-121.857822,40.34305],[-121.857846,40.342983],[-121.857871,40.342988],[-121.857896,40.342919]]]},"properties":{"capture_dates":"6/8/2019-6/21/2019"}},{"type":"Feature","geometry":{"type":"Polygon","coordinates":[[[-121.857979,40.342972],[-121.857886,40.342956],[-121.857862,40.343037],[-121.857955,40.343054],[-121.857979,40.342972]]]},"properties":{"capture_dates":"6/8/2019-6/21/2019"}},{"type":"Feature","geometry":{"type":"Polygon","coordinates":[[[-121.871728,40.351865],[-121.871736,40.351922],[-121.871887,40.35191],[-121.871894,40.351959],[-121.871989,40.351951],[-121.871975,40.351846],[-121.871728,40.351865]]]},"properties":{"capture_dates":"6/8/2019-6/21/2019"}},{"type":"Feature","geometry":{"type":"Polygon","coordinates":[[[-121.857567,40.342394],[-121.857485,40.34252],[-121.85759,40.34256],[-121.857705,40.342385],[-121.85763,40.342356],[-121.857597,40.342406],[-121.857567,40.342394]]]},"properties":{"capture_dates":"6/8/2019-6/21/2019"}},{"type":"Feature","geometry":{"type":"Polygon","coordinates":[[[-121.839733,39.833576],[-121.83971,39.833466],[-121.839804,39.833454],[-121.839782,39.833352],[-121.839691,39.833363],[-121.839681,39.833319],[-121.839647,39.833324],[-121.839635,39.833267],[-121.839463,39.833289],[-121.839501,39.833468],[-121.83941,39.833479],[-121.839431,39.833577],[-121.839457,39.833574],[-121.839464,39.83361],[-121.839733,39.833576]]]},"properties":{"capture_dates":"12/6/2018-12/12/2018"}},{"type":"Feature","geometry":{"type":"Polygon","coordinates":[[[-121.844772,39.833775],[-121.845002,39.833773],[-121.845001,39.833699],[-121.844904,39.8337],[-121.844904,39.833684],[-121.844832,39.833684],[-121.844832,39.833701],[-121.84477,39.833701],[-121.844772,39.833775]]]},"properties":{"capture_dates":"12/6/2018-12/12/2018"}},{"type":"Feature","geometry":{"type":"Polygon","coordinates":[[[-121.839811,39.833743],[-121.839715,39.833788],[-121.839757,39.833842],[-121.839725,39.833857],[-121.839827,39.833988],[-121.839865,39.833971],[-121.83984,39.833939],[-121.839931,39.833897],[-121.839811,39.833743]]]},"properties":{"capture_dates":"12/6/2018-12/12/2018"}},{"type":"Feature","geometry":{"type":"Polygon","coordinates":[[[-121.842309,39.834122],[-121.842451,39.834131],[-121.842447,39.834166],[-121.842511,39.834169],[-121.842515,39.834127],[-121.84265,39.834135],[-121.842654,39.834096],[-121.842711,39.834099],[-121.842727,39.833951],[-121.84262,39.833944],[-121.842611,39.834029],[-121.842532,39.834025],[-121.842539,39.833955],[-121.842435,39.833949],[-121.842429,39.834011],[-121.842321,39.834005],[-121.842309,39.834122]]]},"properties":{"capture_dates":"12/6/2018-12/12/2018"}},{"type":"Feature","geometry":{"type":"Polygon","coordinates":[[[-121.84155,39.838498],[-121.841669,39.838449],[-121.841625,39.838387],[-121.841507,39.838435],[-121.84155,39.838498]]]},"properties":{"capture_dates":"12/6/2018-12/12/2018"}},{"type":"Feature","geometry":{"type":"Polygon","coordinates":[[[-121.840126,39.83864],[-121.840205,39.838765],[-121.840161,39.838781],[-121.840206,39.838853],[-121.840509,39.838741],[-121.840449,39.838646],[-121.840382,39.838671],[-121.840341,39.838606],[-121.840274,39.838631],[-121.84025,39.838594],[-121.840126,39.83864]]]},"properties":{"capture_dates":"12/6/2018-12/12/2018"}},{"type":"Feature","geometry":{"type":"Polygon","coordinates":[[[-121.841814,39.839687],[-121.841653,39.839801],[-121.841788,39.839914],[-121.841949,39.8398],[-121.841814,39.839687]]]},"properties":{"capture_dates":"12/6/2018-12/12/2018"}},{"type":"Feature","geometry":{"type":"Polygon","coordinates":[[[-121.84669,40.014335],[-121.846753,40.014395],[-121.846842,40.014341],[-121.846779,40.014281],[-121.84669,40.014335]]]},"properties":{"capture_dates":"6/8/2019-6/21/2019"}},{"type":"Feature","geometry":{"type":"Polygon","coordinates":[[[-121.852232,39.861406],[-121.852321,39.86143],[-121.852382,39.861301],[-121.852293,39.861276],[-121.852232,39.861406]]]},"properties":{"capture_dates":"12/6/2018-12/12/2018"}},{"type":"Feature","geometry":{"type":"Polygon","coordinates":[[[-121.894563,40.312622],[-121.894374,40.312922],[-121.894484,40.312962],[-121.894673,40.312662],[-121.894563,40.312622]]]},"properties":{"capture_dates":"6/8/2019-6/21/2019"}},{"type":"Feature","geometry":{"type":"Polygon","coordinates":[[[-121.893836,40.313091],[-121.893782,40.313256],[-121.893904,40.31328],[-121.893958,40.313114],[-121.893836,40.313091]]]},"properties":{"capture_dates":"6/8/2019-6/21/2019"}},{"type":"Feature","geometry":{"type":"Polygon","coordinates":[[[-121.895014,40.313377],[-121.895037,40.313387],[-121.895085,40.313327],[-121.89491,40.313248],[-121.894823,40.313359],[-121.894974,40.313427],[-121.895014,40.313377]]]},"properties":{"capture_dates":"6/8/2019-6/21/2019"}},{"type":"Feature","geometry":{"type":"Polygon","coordinates":[[[-121.89544,40.313717],[-121.895419,40.313656],[-121.895288,40.313682],[-121.895309,40.313743],[-121.89544,40.313717]]]},"properties":{"capture_dates":"6/8/2019-6/21/2019"}},{"type":"Feature","geometry":{"type":"Polygon","coordinates":[[[-121.895919,40.31384],[-121.895825,40.313698],[-121.895737,40.313732],[-121.895832,40.313874],[-121.895919,40.31384]]]},"properties":{"capture_dates":"6/8/2019-6/21/2019"}},{"type":"Feature","geometry":{"type":"Polygon","coordinates":[[[-121.895983,40.314071],[-121.89594,40.314002],[-121.895916,40.314011],[-121.895834,40.313879],[-121.895731,40.313916],[-121.895855,40.314117],[-121.895983,40.314071]]]},"properties":{"capture_dates":"6/8/2019-6/21/2019"}},{"type":"Feature","geometry":{"type":"Polygon","coordinates":[[[-121.896819,40.314958],[-121.896836,40.315031],[-121.89693,40.315018],[-121.896913,40.314945],[-121.896819,40.314958]]]},"properties":{"capture_dates":"6/8/2019-6/21/2019"}},{"type":"Feature","geometry":{"type":"Polygon","coordinates":[[[-121.899283,40.3345],[-121.899171,40.334503],[-121.899176,40.334619],[-121.899289,40.334616],[-121.899283,40.3345]]]},"properties":{"capture_dates":"6/8/2019-6/21/2019"}},{"type":"Feature","geometry":{"type":"Polygon","coordinates":[[[-121.899446,40.33485],[-121.899434,40.334663],[-121.899245,40.33467],[-121.899257,40.334857],[-121.899446,40.33485]]]},"properties":{"capture_dates":"6/8/2019-6/21/2019"}},{"type":"Feature","geometry":{"type":"Polygon","coordinates":[[[-121.895374,40.337807],[-121.895346,40.337715],[-121.895132,40.337752],[-121.89516,40.337844],[-121.895211,40.337835],[-121.89523,40.337899],[-121.895324,40.337882],[-121.895305,40.337819],[-121.895374,40.337807]]]},"properties":{"capture_dates":"6/8/2019-6/21/2019"}},{"type":"Feature","geometry":{"type":"Polygon","coordinates":[[[-121.895256,40.338205],[-121.895421,40.338179],[-121.895402,40.338109],[-121.895343,40.338118],[-121.895329,40.338066],[-121.895211,40.338085],[-121.895227,40.338146],[-121.895178,40.338154],[-121.895227,40.338334],[-121.895288,40.338324],[-121.895256,40.338205]]]},"properties":{"capture_dates":"6/8/2019-6/21/2019"}},{"type":"Feature","geometry":{"type":"Polygon","coordinates":[[[-121.8848,40.342261],[-121.884736,40.342322],[-121.884913,40.342431],[-121.884977,40.34237],[-121.8848,40.342261]]]},"properties":{"capture_dates":"6/8/2019-6/21/2019"}},{"type":"Feature","geometry":{"type":"Polygon","coordinates":[[[-121.884935,40.342914],[-121.884809,40.343055],[-121.884904,40.343105],[-121.88503,40.342964],[-121.884935,40.342914]]]},"properties":{"capture_dates":"6/8/2019-6/21/2019"}},{"type":"Feature","geometry":{"type":"Polygon","coordinates":[[[-121.885639,40.355108],[-121.885767,40.355118],[-121.885763,40.355148],[-121.885834,40.355154],[-121.885849,40.355046],[-121.88565,40.35503],[-121.885639,40.355108]]]},"properties":{"capture_dates":"6/8/2019-6/21/2019"}},{"type":"Feature","geometry":{"type":"Polygon","coordinates":[[[-121.896189,40.337238],[-121.895951,40.337275],[-121.895995,40.337437],[-121.896232,40.3374],[-121.896189,40.337238]]]},"properties":{"capture_dates":"6/8/2019-6/21/2019"}},{"type":"Feature","geometry":{"type":"Polygon","coordinates":[[[-121.891006,40.312189],[-121.890653,40.312178],[-121.890649,40.312254],[-121.891002,40.312265],[-121.891006,40.312189]]]},"properties":{"capture_dates":"6/8/2019-6/21/2019"}},{"type":"Feature","geometry":{"type":"Polygon","coordinates":[[[-121.893889,40.312258],[-121.893885,40.312276],[-121.894086,40.312299],[-121.894067,40.312391],[-121.894132,40.312399],[-121.894154,40.312289],[-121.893889,40.312258]]]},"properties":{"capture_dates":"6/8/2019-6/21/2019"}},{"type":"Feature","geometry":{"type":"Polygon","coordinates":[[[-121.894054,40.345558],[-121.894036,40.345479],[-121.893884,40.3455],[-121.893873,40.345454],[-121.89393,40.345447],[-121.893913,40.345369],[-121.893759,40.34539],[-121.893806,40.345591],[-121.894054,40.345558]]]},"properties":{"capture_dates":"6/8/2019-6/21/2019"}},{"type":"Feature","geometry":{"type":"Polygon","coordinates":[[[-121.894236,40.313455],[-121.894543,40.313587],[-121.89453,40.313604],[-121.894925,40.313773],[-121.894997,40.313675],[-121.89472,40.313556],[-121.894732,40.31354],[-121.894307,40.313358],[-121.894236,40.313455]]]},"properties":{"capture_dates":"6/8/2019-6/21/2019"}},{"type":"Feature","geometry":{"type":"Polygon","coordinates":[[[-121.894975,40.312667],[-121.895624,40.312749],[-121.895664,40.312566],[-121.895015,40.312483],[-121.894975,40.312667]]]},"properties":{"capture_dates":"6/8/2019-6/21/2019"}},{"type":"Feature","geometry":{"type":"Polygon","coordinates":[[[-121.895916,40.314138],[-121.895847,40.31411],[-121.89581,40.314162],[-121.895991,40.314237],[-121.896058,40.314144],[-121.895945,40.314097],[-121.895916,40.314138]]]},"properties":{"capture_dates":"6/8/2019-6/21/2019"}},{"type":"Feature","geometry":{"type":"Polygon","coordinates":[[[-121.891643,40.312371],[-121.891525,40.312369],[-121.891526,40.31235],[-121.891496,40.312349],[-121.891495,40.312398],[-121.89153,40.312399],[-121.891529,40.312427],[-121.891517,40.312427],[-121.891514,40.312533],[-121.891638,40.312536],[-121.891643,40.312371]]]},"properties":{"capture_dates":"6/8/2019-6/21/2019"}},{"type":"Feature","geometry":{"type":"Polygon","coordinates":[[[-121.900876,40.315956],[-121.900828,40.316082],[-121.900974,40.316114],[-121.900986,40.316083],[-121.901022,40.316091],[-121.901058,40.315997],[-121.900876,40.315956]]]},"properties":{"capture_dates":"6/8/2019-6/21/2019"}},{"type":"Feature","geometry":{"type":"Polygon","coordinates":[[[-121.925811,40.332038],[-121.925739,40.331965],[-121.9257,40.331987],[-121.925664,40.33195],[-121.925766,40.331892],[-121.925695,40.33182],[-121.925459,40.331954],[-121.925534,40.33203],[-121.925557,40.332017],[-121.925661,40.332123],[-121.925811,40.332038]]]},"properties":{"capture_dates":"6/8/2019-6/21/2019"}},{"type":"Feature","geometry":{"type":"Polygon","coordinates":[[[-121.912184,40.331932],[-121.91194,40.331854],[-121.911873,40.331976],[-121.912117,40.332054],[-121.912184,40.331932]]]},"properties":{"capture_dates":"6/8/2019-6/21/2019"}},{"type":"Feature","geometry":{"type":"Polygon","coordinates":[[[-121.923439,40.332154],[-121.923389,40.33209],[-121.923255,40.332152],[-121.923305,40.332216],[-121.923439,40.332154]]]},"properties":{"capture_dates":"6/8/2019-6/21/2019"}},{"type":"Feature","geometry":{"type":"Polygon","coordinates":[[[-121.930812,40.332504],[-121.930824,40.332521],[-121.930946,40.332467],[-121.930889,40.332392],[-121.930724,40.332464],[-121.930768,40.332523],[-121.930812,40.332504]]]},"properties":{"capture_dates":"6/8/2019-6/21/2019"}},{"type":"Feature","geometry":{"type":"Polygon","coordinates":[[[-121.915287,40.332967],[-121.915286,40.333038],[-121.915485,40.333041],[-121.915487,40.332969],[-121.915287,40.332967]]]},"properties":{"capture_dates":"6/8/2019-6/21/2019"}},{"type":"Feature","geometry":{"type":"Polygon","coordinates":[[[-121.915302,40.333993],[-121.915406,40.333995],[-121.915407,40.33396],[-121.915303,40.333958],[-121.915302,40.333993]]]},"properties":{"capture_dates":"6/8/2019-6/21/2019"}},{"type":"Feature","geometry":{"type":"Polygon","coordinates":[[[-121.915374,40.334601],[-121.915375,40.334663],[-121.915493,40.334662],[-121.915492,40.33461],[-121.915516,40.33461],[-121.915515,40.334549],[-121.915425,40.33455],[-121.915426,40.334601],[-121.915374,40.334601]]]},"properties":{"capture_dates":"6/8/2019-6/21/2019"}},{"type":"Feature","geometry":{"type":"Polygon","coordinates":[[[-121.916177,40.33493],[-121.916166,40.334781],[-121.916066,40.334785],[-121.916076,40.334934],[-121.916177,40.33493]]]},"properties":{"capture_dates":"6/8/2019-6/21/2019"}},{"type":"Feature","geometry":{"type":"Polygon","coordinates":[[[-121.916784,40.335474],[-121.916604,40.335476],[-121.916606,40.335545],[-121.916785,40.335543],[-121.916784,40.335474]]]},"properties":{"capture_dates":"6/8/2019-6/21/2019"}},{"type":"Feature","geometry":{"type":"Polygon","coordinates":[[[-121.91322,40.335664],[-121.913454,40.335667],[-121.913455,40.335572],[-121.913222,40.335569],[-121.91322,40.335664]]]},"properties":{"capture_dates":"6/8/2019-6/21/2019"}},{"type":"Feature","geometry":{"type":"Polygon","coordinates":[[[-121.909131,40.340452],[-121.909243,40.340449],[-121.90924,40.340359],[-121.909127,40.340362],[-121.909131,40.340452]]]},"properties":{"capture_dates":"6/8/2019-6/21/2019"}},{"type":"Feature","geometry":{"type":"Polygon","coordinates":[[[-121.909238,40.340501],[-121.909332,40.340497],[-121.909329,40.340452],[-121.909235,40.340456],[-121.909238,40.340501]]]},"properties":{"capture_dates":"6/8/2019-6/21/2019"}},{"type":"Feature","geometry":{"type":"Polygon","coordinates":[[[-121.90148,40.344727],[-121.901532,40.344861],[-121.901724,40.344818],[-121.901673,40.344684],[-121.90148,40.344727]]]},"properties":{"capture_dates":"6/8/2019-6/21/2019"}},{"type":"Feature","geometry":{"type":"Polygon","coordinates":[[[-121.912102,40.34887],[-121.912118,40.348903],[-121.91224,40.348868],[-121.912201,40.348788],[-121.912111,40.348814],[-121.912134,40.34886],[-121.912102,40.34887]]]},"properties":{"capture_dates":"6/8/2019-6/21/2019"}},{"type":"Feature","geometry":{"type":"Polygon","coordinates":[[[-121.923792,40.356676],[-121.923796,40.356709],[-121.923945,40.356697],[-121.923935,40.356627],[-121.923829,40.356636],[-121.923834,40.356673],[-121.923792,40.356676]]]},"properties":{"capture_dates":"6/8/2019-6/21/2019"}},{"type":"Feature","geometry":{"type":"Polygon","coordinates":[[[-121.919182,40.359356],[-121.919142,40.359292],[-121.91905,40.359326],[-121.91909,40.359389],[-121.919182,40.359356]]]},"properties":{"capture_dates":"6/8/2019-6/21/2019"}},{"type":"Feature","geometry":{"type":"Polygon","coordinates":[[[-121.914647,40.334361],[-121.914575,40.334364],[-121.91458,40.334439],[-121.914652,40.334437],[-121.914647,40.334361]]]},"properties":{"capture_dates":"6/8/2019-6/21/2019"}},{"type":"Feature","geometry":{"type":"Polygon","coordinates":[[[-121.925384,40.333819],[-121.925293,40.333666],[-121.925177,40.333706],[-121.925268,40.333859],[-121.925384,40.333819]]]},"properties":{"capture_dates":"6/8/2019-6/21/2019"}},{"type":"Feature","geometry":{"type":"Polygon","coordinates":[[[-121.914734,40.333573],[-121.91474,40.333691],[-121.914841,40.333688],[-121.914835,40.33357],[-121.914734,40.333573]]]},"properties":{"capture_dates":"6/8/2019-6/21/2019"}},{"type":"Feature","geometry":{"type":"Polygon","coordinates":[[[-121.91376,40.335002],[-121.913969,40.335],[-121.913968,40.334917],[-121.913758,40.334919],[-121.91376,40.335002]]]},"properties":{"capture_dates":"6/8/2019-6/21/2019"}},{"type":"Feature","geometry":{"type":"Polygon","coordinates":[[[-121.914238,40.334727],[-121.914291,40.334725],[-121.914293,40.334749],[-121.914395,40.334745],[-121.914387,40.334633],[-121.914232,40.334639],[-121.914238,40.334727]]]},"properties":{"capture_dates":"6/8/2019-6/21/2019"}},{"type":"Feature","geometry":{"type":"Polygon","coordinates":[[[-121.914238,40.334946],[-121.914241,40.335006],[-121.914454,40.334999],[-121.914451,40.334939],[-121.914238,40.334946]]]},"properties":{"capture_dates":"6/8/2019-6/21/2019"}},{"type":"Feature","geometry":{"type":"Polygon","coordinates":[[[-121.911158,40.357875],[-121.911149,40.35793],[-121.91136,40.35795],[-121.911369,40.357896],[-121.911158,40.357875]]]},"properties":{"capture_dates":"6/8/2019-6/21/2019"}},{"type":"Feature","geometry":{"type":"Polygon","coordinates":[[[-121.911636,40.358003],[-121.91163,40.358075],[-121.911801,40.358083],[-121.911807,40.358011],[-121.911636,40.358003]]]},"properties":{"capture_dates":"6/8/2019-6/21/2019"}},{"type":"Feature","geometry":{"type":"Polygon","coordinates":[[[-121.915931,40.335571],[-121.915927,40.335664],[-121.91605,40.335667],[-121.916054,40.335575],[-121.915931,40.335571]]]},"properties":{"capture_dates":"6/8/2019-6/21/2019"}},{"type":"Feature","geometry":{"type":"Polygon","coordinates":[[[-121.92447,40.334172],[-121.924405,40.334048],[-121.92433,40.33407],[-121.924343,40.334097],[-121.924233,40.33413],[-121.924284,40.334228],[-121.92447,40.334172]]]},"properties":{"capture_dates":"6/8/2019-6/21/2019"}},{"type":"Feature","geometry":{"type":"Polygon","coordinates":[[[-121.912245,40.332105],[-121.912458,40.33217],[-121.912554,40.331988],[-121.912341,40.331923],[-121.912245,40.332105]]]},"properties":{"capture_dates":"6/8/2019-6/21/2019"}},{"type":"Feature","geometry":{"type":"Polygon","coordinates":[[[-121.914842,40.334313],[-121.914839,40.334181],[-121.914734,40.334182],[-121.914738,40.334314],[-121.914842,40.334313]]]},"properties":{"capture_dates":"6/8/2019-6/21/2019"}},{"type":"Feature","geometry":{"type":"Polygon","coordinates":[[[-121.905925,39.933202],[-121.906031,39.933256],[-121.9061,39.933176],[-121.905994,39.933122],[-121.905925,39.933202]]]},"properties":{"capture_dates":"12/6/2018-12/12/2018"}},{"type":"Feature","geometry":{"type":"Polygon","coordinates":[[[-121.905581,39.933725],[-121.905745,39.933693],[-121.90576,39.93374],[-121.905894,39.933714],[-121.905878,39.933664],[-121.90591,39.933658],[-121.905938,39.933745],[-121.906068,39.93372],[-121.906037,39.933626],[-121.906103,39.933614],[-121.906073,39.933523],[-121.90602,39.933533],[-121.906007,39.933493],[-121.905535,39.933584],[-121.905581,39.933725]]]},"properties":{"capture_dates":"12/6/2018-12/12/2018"}},{"type":"Feature","geometry":{"type":"Polygon","coordinates":[[[-121.977792,40.042863],[-121.977787,40.043011],[-121.977972,40.043015],[-121.977977,40.042868],[-121.977792,40.042863]]]},"properties":{"capture_dates":"6/8/2019-6/21/2019"}},{"type":"Feature","geometry":{"type":"Polygon","coordinates":[[[-121.977626,40.042914],[-121.977529,40.042911],[-121.977522,40.043032],[-121.977619,40.043035],[-121.977626,40.042914]]]},"properties":{"capture_dates":"6/8/2019-6/21/2019"}},{"type":"Feature","geometry":{"type":"Polygon","coordinates":[[[-121.940034,40.075569],[-121.940137,40.075597],[-121.940185,40.075493],[-121.940082,40.075465],[-121.940034,40.075569]]]},"properties":{"capture_dates":"6/8/2019-6/21/2019"}},{"type":"Feature","geometry":{"type":"Polygon","coordinates":[[[-121.519974,40.326385],[-121.519978,40.326317],[-121.519884,40.326314],[-121.51988,40.326381],[-121.519974,40.326385]]]},"properties":{"capture_dates":"6/8/2019-6/21/2019"}},{"type":"Feature","geometry":{"type":"Polygon","coordinates":[[[-121.517543,40.326916],[-121.51765,40.326898],[-121.517622,40.326804],[-121.517515,40.326822],[-121.517543,40.326916]]]},"properties":{"capture_dates":"6/8/2019-6/21/2019"}},{"type":"Feature","geometry":{"type":"Polygon","coordinates":[[[-121.520754,40.328031],[-121.52067,40.328059],[-121.520706,40.328122],[-121.52079,40.328094],[-121.520754,40.328031]]]},"properties":{"capture_dates":"6/8/2019-6/21/2019"}},{"type":"Feature","geometry":{"type":"Polygon","coordinates":[[[-121.520595,40.326518],[-121.520694,40.326505],[-121.520678,40.326432],[-121.520579,40.326444],[-121.520595,40.326518]]]},"properties":{"capture_dates":"6/8/2019-6/21/2019"}},{"type":"Feature","geometry":{"type":"Polygon","coordinates":[[[-121.528816,40.322267],[-121.528841,40.322332],[-121.529003,40.322296],[-121.528984,40.322246],[-121.528904,40.322264],[-121.528898,40.322249],[-121.528816,40.322267]]]},"properties":{"capture_dates":"6/8/2019-6/21/2019"}},{"type":"Feature","geometry":{"type":"Polygon","coordinates":[[[-121.527776,40.32261],[-121.527818,40.322687],[-121.527969,40.32264],[-121.527916,40.322543],[-121.52785,40.322564],[-121.52786,40.322583],[-121.527776,40.32261]]]},"properties":{"capture_dates":"6/8/2019-6/21/2019"}},{"type":"Feature","geometry":{"type":"Polygon","coordinates":[[[-121.528713,40.322802],[-121.528678,40.322745],[-121.528552,40.32279],[-121.528587,40.322847],[-121.528713,40.322802]]]},"properties":{"capture_dates":"6/8/2019-6/21/2019"}},{"type":"Feature","geometry":{"type":"Polygon","coordinates":[[[-121.528989,40.323052],[-121.529042,40.32312],[-121.529215,40.323042],[-121.529162,40.322974],[-121.528989,40.323052]]]},"properties":{"capture_dates":"6/8/2019-6/21/2019"}},{"type":"Feature","geometry":{"type":"Polygon","coordinates":[[[-121.526655,40.324216],[-121.526596,40.324233],[-121.526606,40.324254],[-121.526568,40.324264],[-121.526611,40.324352],[-121.526707,40.324324],[-121.526655,40.324216]]]},"properties":{"capture_dates":"6/8/2019-6/21/2019"}},{"type":"Feature","geometry":{"type":"Polygon","coordinates":[[[-121.525542,40.325056],[-121.525753,40.325131],[-121.525804,40.325049],[-121.525592,40.324974],[-121.525542,40.325056]]]},"properties":{"capture_dates":"6/8/2019-6/21/2019"}},{"type":"Feature","geometry":{"type":"Polygon","coordinates":[[[-121.524162,40.325136],[-121.524204,40.325175],[-121.524294,40.325119],[-121.524252,40.32508],[-121.524162,40.325136]]]},"properties":{"capture_dates":"6/8/2019-6/21/2019"}},{"type":"Feature","geometry":{"type":"Polygon","coordinates":[[[-121.523401,40.325177],[-121.523307,40.325179],[-121.523311,40.325274],[-121.523405,40.325272],[-121.523401,40.325177]]]},"properties":{"capture_dates":"6/8/2019-6/21/2019"}},{"type":"Feature","geometry":{"type":"Polygon","coordinates":[[[-121.524695,40.325657],[-121.524613,40.325633],[-121.524563,40.325733],[-121.524645,40.325757],[-121.524695,40.325657]]]},"properties":{"capture_dates":"6/8/2019-6/21/2019"}},{"type":"Feature","geometry":{"type":"Polygon","coordinates":[[[-121.523216,40.325972],[-121.52318,40.325989],[-121.523219,40.326039],[-121.523332,40.325987],[-121.523256,40.32589],[-121.523179,40.325925],[-121.523216,40.325972]]]},"properties":{"capture_dates":"6/8/2019-6/21/2019"}},{"type":"Feature","geometry":{"type":"Polygon","coordinates":[[[-121.526389,40.326229],[-121.526413,40.326253],[-121.52649,40.32621],[-121.526466,40.326186],[-121.526389,40.326229]]]},"properties":{"capture_dates":"6/8/2019-6/21/2019"}},{"type":"Feature","geometry":{"type":"Polygon","coordinates":[[[-121.521377,40.327747],[-121.521234,40.327751],[-121.521238,40.327838],[-121.521382,40.327834],[-121.521377,40.327747]]]},"properties":{"capture_dates":"6/8/2019-6/21/2019"}},{"type":"Feature","geometry":{"type":"Polygon","coordinates":[[[-121.522293,40.342152],[-121.522253,40.342226],[-121.522385,40.342267],[-121.522424,40.342192],[-121.522293,40.342152]]]},"properties":{"capture_dates":"6/8/2019-6/21/2019"}},{"type":"Feature","geometry":{"type":"Polygon","coordinates":[[[-121.523846,40.342884],[-121.523826,40.342881],[-121.523837,40.342839],[-121.52372,40.342822],[-121.523673,40.343003],[-121.52381,40.343024],[-121.523846,40.342884]]]},"properties":{"capture_dates":"6/8/2019-6/21/2019"}},{"type":"Feature","geometry":{"type":"Polygon","coordinates":[[[-121.523012,40.34291],[-121.523056,40.343018],[-121.523155,40.342994],[-121.523111,40.342886],[-121.523012,40.34291]]]},"properties":{"capture_dates":"6/8/2019-6/21/2019"}},{"type":"Feature","geometry":{"type":"Polygon","coordinates":[[[-121.522987,40.343233],[-121.523172,40.343203],[-121.523146,40.34311],[-121.522961,40.34314],[-121.522987,40.343233]]]},"properties":{"capture_dates":"6/8/2019-6/21/2019"}},{"type":"Feature","geometry":{"type":"Polygon","coordinates":[[[-121.523167,40.343546],[-121.523016,40.343523],[-121.523002,40.343577],[-121.523153,40.343599],[-121.523167,40.343546]]]},"properties":{"capture_dates":"6/8/2019-6/21/2019"}},{"type":"Feature","geometry":{"type":"Polygon","coordinates":[[[-121.522902,40.343788],[-121.522934,40.343787],[-121.522937,40.343842],[-121.52304,40.343839],[-121.523034,40.343727],[-121.522899,40.343731],[-121.522902,40.343788]]]},"properties":{"capture_dates":"6/8/2019-6/21/2019"}},{"type":"Feature","geometry":{"type":"Polygon","coordinates":[[[-121.521195,40.34735],[-121.5211,40.347305],[-121.520979,40.347456],[-121.521075,40.3475],[-121.521195,40.34735]]]},"properties":{"capture_dates":"6/8/2019-6/21/2019"}},{"type":"Feature","geometry":{"type":"Polygon","coordinates":[[[-121.52259,40.342747],[-121.522533,40.342701],[-121.522438,40.34277],[-121.522495,40.342816],[-121.52259,40.342747]]]},"properties":{"capture_dates":"6/8/2019-6/21/2019"}},{"type":"Feature","geometry":{"type":"Polygon","coordinates":[[[-121.525735,40.323599],[-121.525703,40.323553],[-121.525617,40.323587],[-121.525649,40.323634],[-121.525735,40.323599]]]},"properties":{"capture_dates":"6/8/2019-6/21/2019"}},{"type":"Feature","geometry":{"type":"Polygon","coordinates":[[[-121.523609,40.344306],[-121.523478,40.344303],[-121.523473,40.34442],[-121.523604,40.344424],[-121.523609,40.344306]]]},"properties":{"capture_dates":"6/8/2019-6/21/2019"}},{"type":"Feature","geometry":{"type":"Polygon","coordinates":[[[-121.536388,40.36346],[-121.536313,40.363421],[-121.536249,40.363492],[-121.536324,40.363531],[-121.536388,40.36346]]]},"properties":{"capture_dates":"6/8/2019-6/21/2019"}},{"type":"Feature","geometry":{"type":"Polygon","coordinates":[[[-121.523576,40.344072],[-121.523447,40.344043],[-121.523406,40.344148],[-121.523491,40.344167],[-121.523506,40.344129],[-121.523551,40.344139],[-121.523576,40.344072]]]},"properties":{"capture_dates":"6/8/2019-6/21/2019"}},{"type":"Feature","geometry":{"type":"Polygon","coordinates":[[[-121.527299,40.322753],[-121.527325,40.322801],[-121.527389,40.322781],[-121.527362,40.322732],[-121.527299,40.322753]]]},"properties":{"capture_dates":"6/8/2019-6/21/2019"}},{"type":"Feature","geometry":{"type":"Polygon","coordinates":[[[-121.525744,40.325463],[-121.525624,40.325504],[-121.525651,40.325549],[-121.52577,40.325508],[-121.525744,40.325463]]]},"properties":{"capture_dates":"6/8/2019-6/21/2019"}},{"type":"Feature","geometry":{"type":"Polygon","coordinates":[[[-121.528722,40.323181],[-121.528777,40.323235],[-121.528842,40.323196],[-121.528787,40.323142],[-121.528722,40.323181]]]},"properties":{"capture_dates":"6/8/2019-6/21/2019"}},{"type":"Feature","geometry":{"type":"Polygon","coordinates":[[[-121.521043,40.347685],[-121.520928,40.347645],[-121.520825,40.347817],[-121.520941,40.347857],[-121.521043,40.347685]]]},"properties":{"capture_dates":"6/8/2019-6/21/2019"}},{"type":"Feature","geometry":{"type":"Polygon","coordinates":[[[-121.522213,40.325576],[-121.522241,40.325634],[-121.522331,40.325609],[-121.522304,40.325552],[-121.522213,40.325576]]]},"properties":{"capture_dates":"6/8/2019-6/21/2019"}},{"type":"Feature","geometry":{"type":"Polygon","coordinates":[[[-121.526082,40.326412],[-121.526059,40.32636],[-121.525902,40.326399],[-121.525924,40.326451],[-121.526082,40.326412]]]},"properties":{"capture_dates":"6/8/2019-6/21/2019"}},{"type":"Feature","geometry":{"type":"Polygon","coordinates":[[[-121.527665,40.323764],[-121.527533,40.323802],[-121.527567,40.323873],[-121.5277,40.323835],[-121.527665,40.323764]]]},"properties":{"capture_dates":"6/8/2019-6/21/2019"}},{"type":"Feature","geometry":{"type":"Polygon","coordinates":[[[-121.522951,40.344449],[-121.523064,40.344449],[-121.523064,40.344342],[-121.522951,40.344342],[-121.522951,40.344449]]]},"properties":{"capture_dates":"6/8/2019-6/21/2019"}},{"type":"Feature","geometry":{"type":"Polygon","coordinates":[[[-121.530377,40.322574],[-121.530364,40.322496],[-121.530249,40.322507],[-121.530262,40.322585],[-121.530377,40.322574]]]},"properties":{"capture_dates":"6/8/2019-6/21/2019"}},{"type":"Feature","geometry":{"type":"Polygon","coordinates":[[[-121.524666,40.326011],[-121.524699,40.326059],[-121.524744,40.326041],[-121.524711,40.325993],[-121.524666,40.326011]]]},"properties":{"capture_dates":"6/8/2019-6/21/2019"}},{"type":"Feature","geometry":{"type":"Polygon","coordinates":[[[-121.526842,40.323573],[-121.526877,40.32367],[-121.526948,40.323656],[-121.526913,40.323558],[-121.526842,40.323573]]]},"properties":{"capture_dates":"6/8/2019-6/21/2019"}},{"type":"Feature","geometry":{"type":"Polygon","coordinates":[[[-121.523511,40.343662],[-121.523741,40.34372],[-121.523775,40.343642],[-121.523545,40.343584],[-121.523511,40.343662]]]},"properties":{"capture_dates":"6/8/2019-6/21/2019"}},{"type":"Feature","geometry":{"type":"Polygon","coordinates":[[[-121.526541,40.323568],[-121.526416,40.323605],[-121.526443,40.323658],[-121.52636,40.323683],[-121.52641,40.32378],[-121.526591,40.323727],[-121.526534,40.323615],[-121.526561,40.323607],[-121.526541,40.323568]]]},"properties":{"capture_dates":"6/8/2019-6/21/2019"}},{"type":"Feature","geometry":{"type":"Polygon","coordinates":[[[-121.524731,40.324707],[-121.524734,40.32475],[-121.524721,40.32475],[-121.524727,40.324843],[-121.524825,40.324839],[-121.524815,40.324703],[-121.524731,40.324707]]]},"properties":{"capture_dates":"6/8/2019-6/21/2019"}},{"type":"Feature","geometry":{"type":"Polygon","coordinates":[[[-121.523736,40.325858],[-121.5238,40.325932],[-121.523841,40.325912],[-121.523866,40.325941],[-121.523949,40.3259],[-121.52386,40.325796],[-121.523736,40.325858]]]},"properties":{"capture_dates":"6/8/2019-6/21/2019"}},{"type":"Feature","geometry":{"type":"Polygon","coordinates":[[[-121.528363,40.322676],[-121.528349,40.322672],[-121.528364,40.322641],[-121.528296,40.322621],[-121.528266,40.322682],[-121.528348,40.322706],[-121.528363,40.322676]]]},"properties":{"capture_dates":"6/8/2019-6/21/2019"}},{"type":"Feature","geometry":{"type":"Polygon","coordinates":[[[-121.527385,40.322939],[-121.527238,40.32304],[-121.527307,40.323099],[-121.527454,40.322998],[-121.527385,40.322939]]]},"properties":{"capture_dates":"6/8/2019-6/21/2019"}},{"type":"Feature","geometry":{"type":"Polygon","coordinates":[[[-121.530452,40.322332],[-121.530474,40.322402],[-121.530685,40.322364],[-121.530663,40.322294],[-121.530452,40.322332]]]},"properties":{"capture_dates":"6/8/2019-6/21/2019"}},{"type":"Feature","geometry":{"type":"Polygon","coordinates":[[[-121.523442,40.32418],[-121.523481,40.324316],[-121.523556,40.324303],[-121.523518,40.324167],[-121.523442,40.32418]]]},"properties":{"capture_dates":"6/8/2019-6/21/2019"}},{"type":"Feature","geometry":{"type":"Polygon","coordinates":[[[-121.526466,40.324448],[-121.526418,40.324367],[-121.526326,40.324399],[-121.526373,40.32448],[-121.526466,40.324448]]]},"properties":{"capture_dates":"6/8/2019-6/21/2019"}},{"type":"Feature","geometry":{"type":"Polygon","coordinates":[[[-121.536824,40.363403],[-121.536882,40.363547],[-121.536986,40.363522],[-121.536928,40.363378],[-121.536824,40.363403]]]},"properties":{"capture_dates":"6/8/2019-6/21/2019"}},{"type":"Feature","geometry":{"type":"Polygon","coordinates":[[[-121.52578,40.323252],[-121.525709,40.323186],[-121.52567,40.32321],[-121.525741,40.323276],[-121.52578,40.323252]]]},"properties":{"capture_dates":"6/8/2019-6/21/2019"}},{"type":"Feature","geometry":{"type":"Polygon","coordinates":[[[-121.524349,40.326105],[-121.524322,40.326033],[-121.524339,40.32603],[-121.524324,40.32599],[-121.52421,40.326015],[-121.524252,40.326126],[-121.524349,40.326105]]]},"properties":{"capture_dates":"6/8/2019-6/21/2019"}},{"type":"Feature","geometry":{"type":"Polygon","coordinates":[[[-121.528443,40.322395],[-121.528459,40.322424],[-121.528499,40.322411],[-121.528464,40.32235],[-121.528373,40.32238],[-121.528391,40.322412],[-121.528443,40.322395]]]},"properties":{"capture_dates":"6/8/2019-6/21/2019"}},{"type":"Feature","geometry":{"type":"Polygon","coordinates":[[[-121.527651,40.322856],[-121.527551,40.322893],[-121.527597,40.322965],[-121.527697,40.322928],[-121.527651,40.322856]]]},"properties":{"capture_dates":"6/8/2019-6/21/2019"}},{"type":"Feature","geometry":{"type":"Polygon","coordinates":[[[-121.971928,40.141075],[-121.971823,40.141047],[-121.971754,40.141193],[-121.971858,40.141222],[-121.971928,40.141075]]]},"properties":{"capture_dates":"6/8/2019-6/21/2019"}},{"type":"Feature","geometry":{"type":"Polygon","coordinates":[[[-122.066701,40.312868],[-122.066706,40.313011],[-122.066841,40.313008],[-122.066836,40.312865],[-122.066701,40.312868]]]},"properties":{"capture_dates":"5/8/2019-6/21/2019"}},{"type":"Feature","geometry":{"type":"Polygon","coordinates":[[[-122.018425,40.310248],[-122.018393,40.310359],[-122.018636,40.3104],[-122.018668,40.310289],[-122.018425,40.310248]]]},"properties":{"capture_dates":"5/8/2019-6/21/2019"}},{"type":"Feature","geometry":{"type":"Polygon","coordinates":[[[-122.020376,40.31217],[-122.020343,40.312282],[-122.020528,40.312312],[-122.02056,40.312201],[-122.020376,40.31217]]]},"properties":{"capture_dates":"5/8/2019-6/21/2019"}},{"type":"Feature","geometry":{"type":"Polygon","coordinates":[[[-122.021166,40.312263],[-122.020891,40.312221],[-122.020882,40.312252],[-122.020765,40.312234],[-122.020742,40.312319],[-122.020839,40.312334],[-122.020842,40.312322],[-122.021138,40.312367],[-122.021166,40.312263]]]},"properties":{"capture_dates":"5/8/2019-6/21/2019"}},{"type":"Feature","geometry":{"type":"Polygon","coordinates":[[[-122.049457,40.317495],[-122.049455,40.317776],[-122.049509,40.317776],[-122.049508,40.317839],[-122.049637,40.31784],[-122.049638,40.317784],[-122.04969,40.317785],[-122.049692,40.317496],[-122.049457,40.317495]]]},"properties":{"capture_dates":"5/8/2019-6/21/2019"}},{"type":"Feature","geometry":{"type":"Polygon","coordinates":[[[-121.913942,40.295919],[-121.914049,40.295944],[-121.914115,40.295786],[-121.914007,40.29576],[-121.913942,40.295919]]]},"properties":{"capture_dates":"6/8/2019-6/21/2019"}},{"type":"Feature","geometry":{"type":"Polygon","coordinates":[[[-121.931195,40.33188],[-121.931139,40.331927],[-121.931105,40.331903],[-121.930962,40.332023],[-121.931035,40.332074],[-121.931089,40.332029],[-121.931115,40.332047],[-121.931206,40.331971],[-121.931242,40.331996],[-121.931297,40.331951],[-121.931195,40.33188]]]},"properties":{"capture_dates":"6/8/2019-6/21/2019"}},{"type":"Feature","geometry":{"type":"Polygon","coordinates":[[[-121.923025,40.332367],[-121.923104,40.332412],[-121.923228,40.332286],[-121.92315,40.332241],[-121.923025,40.332367]]]},"properties":{"capture_dates":"6/8/2019-6/21/2019"}},{"type":"Feature","geometry":{"type":"Polygon","coordinates":[[[-121.912381,40.332267],[-121.912385,40.332479],[-121.912566,40.332478],[-121.912562,40.332265],[-121.912381,40.332267]]]},"properties":{"capture_dates":"6/8/2019-6/21/2019"}},{"type":"Feature","geometry":{"type":"Polygon","coordinates":[[[-121.926546,40.332739],[-121.926476,40.332789],[-121.92657,40.332864],[-121.926639,40.332814],[-121.926546,40.332739]]]},"properties":{"capture_dates":"6/8/2019-6/21/2019"}},{"type":"Feature","geometry":{"type":"Polygon","coordinates":[[[-121.91393,40.333384],[-121.913927,40.333316],[-121.913824,40.33332],[-121.913827,40.333387],[-121.91393,40.333384]]]},"properties":{"capture_dates":"6/8/2019-6/21/2019"}},{"type":"Feature","geometry":{"type":"Polygon","coordinates":[[[-121.913538,40.33373],[-121.913532,40.333632],[-121.913469,40.333634],[-121.913465,40.333572],[-121.913267,40.333579],[-121.913271,40.333646],[-121.913345,40.333643],[-121.91335,40.33372],[-121.913425,40.333717],[-121.913426,40.333734],[-121.913538,40.33373]]]},"properties":{"capture_dates":"6/8/2019-6/21/2019"}},{"type":"Feature","geometry":{"type":"Polygon","coordinates":[[[-121.915497,40.334005],[-121.915353,40.334008],[-121.915356,40.3341],[-121.91542,40.334099],[-121.915423,40.33416],[-121.915503,40.334158],[-121.915497,40.334005]]]},"properties":{"capture_dates":"6/8/2019-6/21/2019"}},{"type":"Feature","geometry":{"type":"Polygon","coordinates":[[[-121.914427,40.334174],[-121.914553,40.334172],[-121.914549,40.334027],[-121.914423,40.334028],[-121.914427,40.334174]]]},"properties":{"capture_dates":"6/8/2019-6/21/2019"}},{"type":"Feature","geometry":{"type":"Polygon","coordinates":[[[-121.914413,40.334443],[-121.914298,40.334441],[-121.914296,40.334492],[-121.914411,40.334494],[-121.914413,40.334443]]]},"properties":{"capture_dates":"6/8/2019-6/21/2019"}},{"type":"Feature","geometry":{"type":"Polygon","coordinates":[[[-121.899139,40.334486],[-121.898951,40.33449],[-121.898954,40.334584],[-121.899142,40.33458],[-121.899139,40.334486]]]},"properties":{"capture_dates":"6/8/2019-6/21/2019"}},{"type":"Feature","geometry":{"type":"Polygon","coordinates":[[[-121.911981,40.335197],[-121.911879,40.335199],[-121.911881,40.335272],[-121.911983,40.335271],[-121.911981,40.335197]]]},"properties":{"capture_dates":"6/8/2019-6/21/2019"}},{"type":"Feature","geometry":{"type":"Polygon","coordinates":[[[-121.917193,40.335464],[-121.917303,40.335508],[-121.917368,40.335416],[-121.917259,40.335371],[-121.917193,40.335464]]]},"properties":{"capture_dates":"6/8/2019-6/21/2019"}},{"type":"Feature","geometry":{"type":"Polygon","coordinates":[[[-121.91337,40.335396],[-121.913196,40.335398],[-121.9132,40.335529],[-121.913374,40.335526],[-121.91337,40.335396]]]},"properties":{"capture_dates":"6/8/2019-6/21/2019"}},{"type":"Feature","geometry":{"type":"Polygon","coordinates":[[[-121.916346,40.336003],[-121.916418,40.336],[-121.91642,40.33602],[-121.9165,40.336017],[-121.916494,40.335914],[-121.916431,40.335916],[-121.91643,40.335899],[-121.916369,40.335901],[-121.916371,40.335923],[-121.916256,40.335928],[-121.916263,40.33604],[-121.916348,40.336037],[-121.916346,40.336003]]]},"properties":{"capture_dates":"6/8/2019-6/21/2019"}},{"type":"Feature","geometry":{"type":"Polygon","coordinates":[[[-121.916616,40.335956],[-121.916613,40.335901],[-121.916523,40.335905],[-121.916527,40.335959],[-121.916616,40.335956]]]},"properties":{"capture_dates":"6/8/2019-6/21/2019"}},{"type":"Feature","geometry":{"type":"Polygon","coordinates":[[[-121.897141,40.336652],[-121.897096,40.336504],[-121.896663,40.336581],[-121.896708,40.336729],[-121.897141,40.336652]]]},"properties":{"capture_dates":"6/8/2019-6/21/2019"}},{"type":"Feature","geometry":{"type":"Polygon","coordinates":[[[-121.912292,40.339826],[-121.912311,40.339753],[-121.912223,40.33974],[-121.912207,40.339801],[-121.912163,40.339794],[-121.91215,40.339845],[-121.912248,40.33986],[-121.912258,40.339821],[-121.912292,40.339826]]]},"properties":{"capture_dates":"6/8/2019-6/21/2019"}},{"type":"Feature","geometry":{"type":"Polygon","coordinates":[[[-121.908931,40.339949],[-121.908751,40.339945],[-121.908748,40.340034],[-121.908852,40.340036],[-121.908853,40.340019],[-121.908928,40.340021],[-121.908931,40.339949]]]},"properties":{"capture_dates":"6/8/2019-6/21/2019"}},{"type":"Feature","geometry":{"type":"Polygon","coordinates":[[[-121.912051,40.358041],[-121.911941,40.358038],[-121.911936,40.358155],[-121.912045,40.358158],[-121.912051,40.358041]]]},"properties":{"capture_dates":"6/8/2019-6/21/2019"}},{"type":"Feature","geometry":{"type":"Polygon","coordinates":[[[-121.911914,40.334902],[-121.911828,40.334904],[-121.911834,40.335039],[-121.911919,40.335037],[-121.911914,40.334902]]]},"properties":{"capture_dates":"6/8/2019-6/21/2019"}},{"type":"Feature","geometry":{"type":"Polygon","coordinates":[[[-121.913786,40.3348],[-121.913788,40.33487],[-121.913866,40.334868],[-121.913864,40.334799],[-121.913786,40.3348]]]},"properties":{"capture_dates":"6/8/2019-6/21/2019"}},{"type":"Feature","geometry":{"type":"Polygon","coordinates":[[[-121.913835,40.333546],[-121.913715,40.33355],[-121.91372,40.333651],[-121.913884,40.333646],[-121.913881,40.333578],[-121.913837,40.333579],[-121.913835,40.333546]]]},"properties":{"capture_dates":"6/8/2019-6/21/2019"}},{"type":"Feature","geometry":{"type":"Polygon","coordinates":[[[-121.925024,40.332184],[-121.925228,40.332287],[-121.925311,40.332191],[-121.925251,40.33216],[-121.925242,40.33217],[-121.925099,40.332098],[-121.925024,40.332184]]]},"properties":{"capture_dates":"6/8/2019-6/21/2019"}},{"type":"Feature","geometry":{"type":"Polygon","coordinates":[[[-121.925326,40.332214],[-121.925249,40.332295],[-121.925309,40.332328],[-121.925385,40.332247],[-121.925326,40.332214]]]},"properties":{"capture_dates":"6/8/2019-6/21/2019"}},{"type":"Feature","geometry":{"type":"Polygon","coordinates":[[[-121.913459,40.334802],[-121.913455,40.334707],[-121.913293,40.33471],[-121.913296,40.334805],[-121.913459,40.334802]]]},"properties":{"capture_dates":"6/8/2019-6/21/2019"}},{"type":"Feature","geometry":{"type":"Polygon","coordinates":[[[-121.913702,40.332329],[-121.913661,40.332383],[-121.913792,40.332442],[-121.913833,40.332388],[-121.913702,40.332329]]]},"properties":{"capture_dates":"6/8/2019-6/21/2019"}},{"type":"Feature","geometry":{"type":"Polygon","coordinates":[[[-121.91519,40.335372],[-121.915172,40.335267],[-121.915073,40.335277],[-121.915092,40.335382],[-121.91519,40.335372]]]},"properties":{"capture_dates":"6/8/2019-6/21/2019"}},{"type":"Feature","geometry":{"type":"Polygon","coordinates":[[[-121.895402,40.313997],[-121.895449,40.314017],[-121.895528,40.313904],[-121.895462,40.313877],[-121.895384,40.313988],[-121.895357,40.313977],[-121.895335,40.314009],[-121.89538,40.314028],[-121.895402,40.313997]]]},"properties":{"capture_dates":"6/8/2019-6/21/2019"}},{"type":"Feature","geometry":{"type":"Polygon","coordinates":[[[-121.902188,40.34462],[-121.902207,40.344659],[-121.902381,40.344611],[-121.902328,40.344501],[-121.90212,40.344559],[-121.902154,40.344629],[-121.902188,40.34462]]]},"properties":{"capture_dates":"6/8/2019-6/21/2019"}},{"type":"Feature","geometry":{"type":"Polygon","coordinates":[[[-121.905225,40.366899],[-121.905205,40.366833],[-121.905096,40.366852],[-121.905116,40.366918],[-121.905225,40.366899]]]},"properties":{"capture_dates":"6/8/2019-6/21/2019"}},{"type":"Feature","geometry":{"type":"Polygon","coordinates":[[[-121.914323,40.33365],[-121.914319,40.33358],[-121.914224,40.333584],[-121.914233,40.333734],[-121.914334,40.33373],[-121.914332,40.33369],[-121.914351,40.33369],[-121.914349,40.333649],[-121.914323,40.33365]]]},"properties":{"capture_dates":"6/8/2019-6/21/2019"}},{"type":"Feature","geometry":{"type":"Polygon","coordinates":[[[-121.915448,40.334793],[-121.915271,40.33479],[-121.915272,40.334765],[-121.915206,40.334764],[-121.915205,40.334803],[-121.915225,40.334803],[-121.915222,40.334887],[-121.915329,40.334889],[-121.915327,40.334953],[-121.915443,40.334955],[-121.915448,40.334793]]]},"properties":{"capture_dates":"6/8/2019-6/21/2019"}},{"type":"Feature","geometry":{"type":"Polygon","coordinates":[[[-121.913491,40.334215],[-121.913486,40.33416],[-121.913385,40.334165],[-121.91339,40.33422],[-121.913491,40.334215]]]},"properties":{"capture_dates":"6/8/2019-6/21/2019"}},{"type":"Feature","geometry":{"type":"Polygon","coordinates":[[[-121.915132,40.334403],[-121.915136,40.334493],[-121.915304,40.334488],[-121.915301,40.334399],[-121.915132,40.334403]]]},"properties":{"capture_dates":"6/8/2019-6/21/2019"}},{"type":"Feature","geometry":{"type":"Polygon","coordinates":[[[-121.856584,40.342098],[-121.856564,40.34219],[-121.856709,40.342209],[-121.856729,40.342116],[-121.856584,40.342098]]]},"properties":{"capture_dates":"6/8/2019-6/21/2019"}},{"type":"Feature","geometry":{"type":"Polygon","coordinates":[[[-121.887513,40.365233],[-121.887648,40.365365],[-121.887793,40.365278],[-121.887658,40.365146],[-121.887513,40.365233]]]},"properties":{"capture_dates":"6/8/2019-6/21/2019"}},{"type":"Feature","geometry":{"type":"Polygon","coordinates":[[[-121.883196,40.390737],[-121.88324,40.390781],[-121.883339,40.390724],[-121.883295,40.39068],[-121.883196,40.390737]]]},"properties":{"capture_dates":"6/8/2019-6/21/2019"}},{"type":"Feature","geometry":{"type":"Polygon","coordinates":[[[-121.809114,40.309761],[-121.809238,40.309773],[-121.809258,40.309662],[-121.8092,40.309656],[-121.809196,40.309676],[-121.80913,40.309669],[-121.809114,40.309761]]]},"properties":{"capture_dates":"6/8/2019-6/21/2019"}},{"type":"Feature","geometry":{"type":"Polygon","coordinates":[[[-121.813647,40.31],[-121.813562,40.310033],[-121.813617,40.310114],[-121.813702,40.310081],[-121.813647,40.31]]]},"properties":{"capture_dates":"6/8/2019-6/21/2019"}},{"type":"Feature","geometry":{"type":"Polygon","coordinates":[[[-121.813943,40.31074],[-121.814108,40.310747],[-121.814114,40.310667],[-121.813949,40.31066],[-121.813943,40.31074]]]},"properties":{"capture_dates":"6/8/2019-6/21/2019"}},{"type":"Feature","geometry":{"type":"Polygon","coordinates":[[[-121.819032,40.358671],[-121.818909,40.358642],[-121.8189,40.358664],[-121.818857,40.358654],[-121.818841,40.358694],[-121.818876,40.358702],[-121.81885,40.358765],[-121.818931,40.358785],[-121.818938,40.358768],[-121.818988,40.35878],[-121.819032,40.358671]]]},"properties":{"capture_dates":"6/8/2019-6/21/2019"}},{"type":"Feature","geometry":{"type":"Polygon","coordinates":[[[-121.801546,40.23128],[-121.801487,40.231329],[-121.801541,40.231367],[-121.801428,40.231462],[-121.801607,40.231587],[-121.801681,40.231525],[-121.801587,40.23146],[-121.801632,40.231422],[-121.801669,40.231447],[-121.801722,40.231402],[-121.801546,40.23128]]]},"properties":{"capture_dates":"6/8/2019-6/21/2019"}},{"type":"Feature","geometry":{"type":"Polygon","coordinates":[[[-121.80141,40.231817],[-121.801282,40.231889],[-121.801393,40.232003],[-121.80154,40.231919],[-121.801463,40.23184],[-121.801443,40.231851],[-121.80141,40.231817]]]},"properties":{"capture_dates":"6/8/2019-6/21/2019"}},{"type":"Feature","geometry":{"type":"Polygon","coordinates":[[[-121.768941,40.239379],[-121.768852,40.239398],[-121.768887,40.239495],[-121.768977,40.239476],[-121.768941,40.239379]]]},"properties":{"capture_dates":"6/8/2019-6/21/2019"}},{"type":"Feature","geometry":{"type":"Polygon","coordinates":[[[-121.764871,40.23959],[-121.764982,40.239681],[-121.765056,40.239629],[-121.764945,40.239537],[-121.764871,40.23959]]]},"properties":{"capture_dates":"6/8/2019-6/21/2019"}},{"type":"Feature","geometry":{"type":"Polygon","coordinates":[[[-121.767369,40.241885],[-121.767233,40.241889],[-121.767238,40.241992],[-121.767375,40.241988],[-121.767369,40.241885]]]},"properties":{"capture_dates":"6/8/2019-6/21/2019"}},{"type":"Feature","geometry":{"type":"Polygon","coordinates":[[[-121.768888,40.242711],[-121.768901,40.242709],[-121.768876,40.242632],[-121.768752,40.242655],[-121.768801,40.242807],[-121.768912,40.242786],[-121.768888,40.242711]]]},"properties":{"capture_dates":"6/8/2019-6/21/2019"}},{"type":"Feature","geometry":{"type":"Polygon","coordinates":[[[-121.763937,40.243109],[-121.763985,40.243089],[-121.763917,40.242994],[-121.763785,40.24305],[-121.763872,40.243172],[-121.763957,40.243136],[-121.763937,40.243109]]]},"properties":{"capture_dates":"6/8/2019-6/21/2019"}},{"type":"Feature","geometry":{"type":"Polygon","coordinates":[[[-121.780475,40.307307],[-121.780456,40.307249],[-121.780387,40.307262],[-121.780406,40.307321],[-121.780475,40.307307]]]},"properties":{"capture_dates":"6/8/2019-6/21/2019"}},{"type":"Feature","geometry":{"type":"Polygon","coordinates":[[[-121.778736,40.341616],[-121.77884,40.341641],[-121.778878,40.341545],[-121.778774,40.341521],[-121.778736,40.341616]]]},"properties":{"capture_dates":"6/8/2019-6/21/2019"}},{"type":"Feature","geometry":{"type":"Polygon","coordinates":[[[-121.780127,40.341665],[-121.780104,40.341562],[-121.780007,40.341575],[-121.780031,40.341678],[-121.780127,40.341665]]]},"properties":{"capture_dates":"6/8/2019-6/21/2019"}},{"type":"Feature","geometry":{"type":"Polygon","coordinates":[[[-121.782671,40.341647],[-121.782733,40.341648],[-121.782734,40.34161],[-121.782638,40.341607],[-121.782635,40.341669],[-121.78267,40.341669],[-121.782671,40.341647]]]},"properties":{"capture_dates":"6/8/2019-6/21/2019"}},{"type":"Feature","geometry":{"type":"Polygon","coordinates":[[[-121.783872,40.341655],[-121.783803,40.34165],[-121.783789,40.34175],[-121.783858,40.341755],[-121.783872,40.341655]]]},"properties":{"capture_dates":"6/8/2019-6/21/2019"}},{"type":"Feature","geometry":{"type":"Polygon","coordinates":[[[-121.783003,40.342094],[-121.783069,40.34212],[-121.783115,40.342052],[-121.782935,40.341981],[-121.782876,40.342068],[-121.78299,40.342113],[-121.783003,40.342094]]]},"properties":{"capture_dates":"6/8/2019-6/21/2019"}},{"type":"Feature","geometry":{"type":"Polygon","coordinates":[[[-121.78238,40.342026],[-121.782379,40.342063],[-121.782585,40.342068],[-121.782586,40.342031],[-121.78238,40.342026]]]},"properties":{"capture_dates":"6/8/2019-6/21/2019"}},{"type":"Feature","geometry":{"type":"Polygon","coordinates":[[[-121.782776,40.342031],[-121.782758,40.342104],[-121.782838,40.342116],[-121.782856,40.342043],[-121.782776,40.342031]]]},"properties":{"capture_dates":"6/8/2019-6/21/2019"}},{"type":"Feature","geometry":{"type":"Polygon","coordinates":[[[-121.782381,40.342439],[-121.782557,40.342442],[-121.782559,40.342363],[-121.782384,40.342361],[-121.782381,40.342439]]]},"properties":{"capture_dates":"6/8/2019-6/21/2019"}},{"type":"Feature","geometry":{"type":"Polygon","coordinates":[[[-121.776479,40.342556],[-121.776479,40.342549],[-121.776409,40.34255],[-121.776412,40.342645],[-121.776625,40.342642],[-121.776623,40.342554],[-121.776479,40.342556]]]},"properties":{"capture_dates":"6/8/2019-6/21/2019"}},{"type":"Feature","geometry":{"type":"Polygon","coordinates":[[[-121.776785,40.342654],[-121.776788,40.342731],[-121.776894,40.342728],[-121.776891,40.342651],[-121.776785,40.342654]]]},"properties":{"capture_dates":"6/8/2019-6/21/2019"}},{"type":"Feature","geometry":{"type":"Polygon","coordinates":[[[-121.781983,40.34266],[-121.781766,40.342655],[-121.781765,40.34269],[-121.781874,40.342692],[-121.781873,40.342701],[-121.781982,40.342703],[-121.781983,40.34266]]]},"properties":{"capture_dates":"6/8/2019-6/21/2019"}},{"type":"Feature","geometry":{"type":"Polygon","coordinates":[[[-121.78465,40.342841],[-121.784643,40.342721],[-121.784579,40.342723],[-121.784585,40.342843],[-121.78465,40.342841]]]},"properties":{"capture_dates":"6/8/2019-6/21/2019"}},{"type":"Feature","geometry":{"type":"Polygon","coordinates":[[[-121.776978,40.342809],[-121.776766,40.342802],[-121.776762,40.342871],[-121.776974,40.342878],[-121.776978,40.342809]]]},"properties":{"capture_dates":"6/8/2019-6/21/2019"}},{"type":"Feature","geometry":{"type":"Polygon","coordinates":[[[-121.785655,40.342897],[-121.78576,40.342899],[-121.785761,40.342834],[-121.785657,40.342833],[-121.785655,40.342897]]]},"properties":{"capture_dates":"6/8/2019-6/21/2019"}},{"type":"Feature","geometry":{"type":"Polygon","coordinates":[[[-121.77387,40.342893],[-121.773782,40.342878],[-121.773735,40.343037],[-121.77392,40.343069],[-121.773944,40.342989],[-121.773981,40.342995],[-121.773999,40.342934],[-121.773935,40.342922],[-121.773918,40.342981],[-121.773848,40.342969],[-121.77387,40.342893]]]},"properties":{"capture_dates":"6/8/2019-6/21/2019"}},{"type":"Feature","geometry":{"type":"Polygon","coordinates":[[[-121.781564,40.342916],[-121.78148,40.34294],[-121.781527,40.343039],[-121.781612,40.343016],[-121.781564,40.342916]]]},"properties":{"capture_dates":"6/8/2019-6/21/2019"}},{"type":"Feature","geometry":{"type":"Polygon","coordinates":[[[-121.770698,40.342976],[-121.770683,40.34304],[-121.770793,40.343055],[-121.770809,40.342991],[-121.770698,40.342976]]]},"properties":{"capture_dates":"6/8/2019-6/21/2019"}},{"type":"Feature","geometry":{"type":"Polygon","coordinates":[[[-121.781174,40.343031],[-121.781201,40.343081],[-121.781337,40.343038],[-121.781309,40.342987],[-121.781174,40.343031]]]},"properties":{"capture_dates":"6/8/2019-6/21/2019"}},{"type":"Feature","geometry":{"type":"Polygon","coordinates":[[[-121.769247,40.343064],[-121.769292,40.343067],[-121.769298,40.34301],[-121.769253,40.343007],[-121.769247,40.343064]]]},"properties":{"capture_dates":"6/8/2019-6/21/2019"}},{"type":"Feature","geometry":{"type":"Polygon","coordinates":[[[-121.769139,40.34302],[-121.769123,40.343085],[-121.76923,40.343101],[-121.769246,40.343036],[-121.769139,40.34302]]]},"properties":{"capture_dates":"6/8/2019-6/21/2019"}},{"type":"Feature","geometry":{"type":"Polygon","coordinates":[[[-121.77403,40.343155],[-121.774141,40.34317],[-121.774165,40.343067],[-121.774055,40.343052],[-121.77403,40.343155]]]},"properties":{"capture_dates":"6/8/2019-6/21/2019"}},{"type":"Feature","geometry":{"type":"Polygon","coordinates":[[[-121.780171,40.343199],[-121.780265,40.3432],[-121.780268,40.343066],[-121.780174,40.343065],[-121.780171,40.343199]]]},"properties":{"capture_dates":"6/8/2019-6/21/2019"}},{"type":"Feature","geometry":{"type":"Polygon","coordinates":[[[-121.771867,40.343108],[-121.771829,40.343215],[-121.771934,40.343236],[-121.771961,40.34316],[-121.771984,40.343164],[-121.771994,40.343134],[-121.771867,40.343108]]]},"properties":{"capture_dates":"6/8/2019-6/21/2019"}},{"type":"Feature","geometry":{"type":"Polygon","coordinates":[[[-121.775132,40.343127],[-121.774981,40.343115],[-121.77497,40.34319],[-121.775122,40.343203],[-121.775132,40.343127]]]},"properties":{"capture_dates":"6/8/2019-6/21/2019"}},{"type":"Feature","geometry":{"type":"Polygon","coordinates":[[[-121.780189,40.341317],[-121.780106,40.341305],[-121.780097,40.341342],[-121.780179,40.341354],[-121.780189,40.341317]]]},"properties":{"capture_dates":"6/8/2019-6/21/2019"}},{"type":"Feature","geometry":{"type":"Polygon","coordinates":[[[-121.782609,40.343067],[-121.782705,40.343069],[-121.782707,40.343014],[-121.78261,40.343012],[-121.782609,40.343067]]]},"properties":{"capture_dates":"6/8/2019-6/21/2019"}},{"type":"Feature","geometry":{"type":"Polygon","coordinates":[[[-121.800474,40.298066],[-121.800524,40.298141],[-121.800587,40.298116],[-121.800603,40.29814],[-121.800681,40.298109],[-121.800657,40.298074],[-121.800695,40.298059],[-121.800674,40.298029],[-121.800629,40.298047],[-121.800606,40.298013],[-121.800474,40.298066]]]},"properties":{"capture_dates":"6/8/2019-6/21/2019"}},{"type":"Feature","geometry":{"type":"Polygon","coordinates":[[[-121.779756,40.343293],[-121.779605,40.343289],[-121.779602,40.343377],[-121.779753,40.343381],[-121.779756,40.343293]]]},"properties":{"capture_dates":"6/8/2019-6/21/2019"}},{"type":"Feature","geometry":{"type":"Polygon","coordinates":[[[-121.785257,40.343318],[-121.785049,40.343334],[-121.785059,40.343405],[-121.785266,40.343389],[-121.785257,40.343318]]]},"properties":{"capture_dates":"6/8/2019-6/21/2019"}},{"type":"Feature","geometry":{"type":"Polygon","coordinates":[[[-121.783042,40.343389],[-121.782946,40.343387],[-121.78294,40.34352],[-121.783037,40.343522],[-121.783042,40.343389]]]},"properties":{"capture_dates":"6/8/2019-6/21/2019"}},{"type":"Feature","geometry":{"type":"Polygon","coordinates":[[[-121.777034,40.343489],[-121.77717,40.343487],[-121.777168,40.343415],[-121.777033,40.343417],[-121.777034,40.343489]]]},"properties":{"capture_dates":"6/8/2019-6/21/2019"}},{"type":"Feature","geometry":{"type":"Polygon","coordinates":[[[-121.783692,40.343763],[-121.783466,40.343768],[-121.783469,40.343849],[-121.783695,40.343844],[-121.783692,40.343763]]]},"properties":{"capture_dates":"6/8/2019-6/21/2019"}},{"type":"Feature","geometry":{"type":"Polygon","coordinates":[[[-121.770539,40.344052],[-121.770448,40.34405],[-121.770444,40.344156],[-121.770535,40.344158],[-121.770539,40.344052]]]},"properties":{"capture_dates":"6/8/2019-6/21/2019"}},{"type":"Feature","geometry":{"type":"Polygon","coordinates":[[[-121.784422,40.344266],[-121.784456,40.344339],[-121.784654,40.344285],[-121.784619,40.344212],[-121.784422,40.344266]]]},"properties":{"capture_dates":"6/8/2019-6/21/2019"}},{"type":"Feature","geometry":{"type":"Polygon","coordinates":[[[-121.743229,40.345558],[-121.743083,40.345532],[-121.743061,40.345604],[-121.743207,40.34563],[-121.743229,40.345558]]]},"properties":{"capture_dates":"6/8/2019-6/21/2019"}},{"type":"Feature","geometry":{"type":"Polygon","coordinates":[[[-121.761642,40.346937],[-121.761594,40.347021],[-121.761793,40.347088],[-121.761842,40.347005],[-121.761642,40.346937]]]},"properties":{"capture_dates":"6/8/2019-6/21/2019"}},{"type":"Feature","geometry":{"type":"Polygon","coordinates":[[[-121.759341,40.3472],[-121.75916,40.34722],[-121.75918,40.347331],[-121.759362,40.347312],[-121.759341,40.3472]]]},"properties":{"capture_dates":"6/8/2019-6/21/2019"}},{"type":"Feature","geometry":{"type":"Polygon","coordinates":[[[-121.74353,40.347549],[-121.743501,40.347569],[-121.743545,40.347605],[-121.743624,40.347549],[-121.743527,40.347469],[-121.743477,40.347505],[-121.74353,40.347549]]]},"properties":{"capture_dates":"6/8/2019-6/21/2019"}},{"type":"Feature","geometry":{"type":"Polygon","coordinates":[[[-121.756156,40.347693],[-121.75611,40.347621],[-121.756029,40.347651],[-121.756015,40.34763],[-121.755861,40.347687],[-121.75593,40.347797],[-121.756093,40.347737],[-121.756083,40.34772],[-121.756156,40.347693]]]},"properties":{"capture_dates":"6/8/2019-6/21/2019"}},{"type":"Feature","geometry":{"type":"Polygon","coordinates":[[[-121.766026,40.348525],[-121.765928,40.348489],[-121.765882,40.348562],[-121.765981,40.348598],[-121.766026,40.348525]]]},"properties":{"capture_dates":"6/8/2019-6/21/2019"}},{"type":"Feature","geometry":{"type":"Polygon","coordinates":[[[-121.766855,40.348612],[-121.766811,40.34854],[-121.76669,40.348583],[-121.766734,40.348655],[-121.766855,40.348612]]]},"properties":{"capture_dates":"6/8/2019-6/21/2019"}}]}